Block,BlockGroup,Tract,zipcode,aa_school_id,block_type,pop_total,pop_under18,intptlat,intptlon,aland_m2
60750604001012,60750604001,6075060400,94132.0,862,land - zero population,0,0,37.7121909,-122.4982129,24367.0
60750604001011,60750604001,6075060400,94132.0,862,land - populated,1146,98,37.7142322,-122.4954137,284486.0
60750179021024,60750179021,6075017902,94130.0,872,land - zero population,0,0,37.8250763,-122.365786,27056.0
60750179021028,60750179021,6075017902,94130.0,872,land - zero population,0,0,37.8231268,-122.3648146,22881.0
60750179021013,60750179021,6075017902,94130.0,872,land - zero population,0,0,37.8240575,-122.3654894,11679.0
60750179021047,60750179021,6075017902,94130.0,872,land - zero population,0,0,37.8247122,-122.3675015,11399.0
60750179021046,60750179021,6075017902,94130.0,872,land - zero population,0,0,37.8234832,-122.3674891,36461.0
60750179021029,60750179021,6075017902,94130.0,872,land - zero population,0,0,37.8268222,-122.3689071,25186.0
60750179021019,60750179021,6075017902,94130.0,872,land - zero population,0,0,37.8283473,-122.3698805,24105.0
60750179021025,60750179021,6075017902,94130.0,872,land - populated,52,17,37.8289657,-122.3719945,8271.0
60750179021032,60750179021,6075017902,94130.0,872,land - zero population,0,0,37.8278763,-122.3710714,19078.0
60750179021033,60750179021,6075017902,94130.0,872,land - zero population,0,0,37.8255224,-122.3680948,17613.0
60750179021048,60750179021,6075017902,94130.0,872,land - zero population,0,0,37.8246813,-122.3689787,18840.0
60750179021049,60750179021,6075017902,94130.0,872,land - zero population,0,0,37.8263326,-122.3700572,20456.0
60750179021042,60750179021,6075017902,94130.0,872,land - zero population,0,0,37.8257177,-122.3714599,36675.0
60750179021041,60750179021,6075017902,94130.0,872,land - zero population,0,0,37.8234733,-122.3708462,84815.0
60750179021039,60750179021,6075017902,94130.0,872,land - zero population,0,0,37.8220433,-122.3643763,9068.0
60750179021014,60750179021,6075017902,94130.0,872,land - zero population,0,0,37.8211019,-122.365876,28870.0
60750179021051,60750179021,6075017902,94130.0,872,land - zero population,0,0,37.8222189,-122.3666634,39315.0
60750179021001,60750179021,6075017902,94130.0,823,land - populated,590,112,37.829365,-122.3715811,832721.0
60750179021036,60750179021,6075017902,94130.0,872,land - zero population,0,0,37.8201702,-122.3679191,19311.0
60750179021052,60750179021,6075017902,94130.0,872,land - zero population,0,0,37.820866,-122.3695279,56784.0
60750179021030,60750179021,6075017902,94130.0,823,land - zero population,0,0,37.8194106,-122.3696281,18403.0
60750179021045,60750179021,6075017902,94130.0,872,land - populated,100,3,37.8219161,-122.370224,34535.0
60750179021012,60750179021,6075017902,94130.0,823,land - populated,445,61,37.8195699,-122.3711363,10955.0
60750179021040,60750179021,6075017902,94130.0,823,land - zero population,0,0,37.8184051,-122.3718598,13392.0
60750179021027,60750179021,6075017902,94130.0,872,land - populated,172,32,37.830687,-122.3735984,27487.0
60750179021043,60750179021,6075017902,94130.0,872,land - zero population,0,0,37.827252,-122.3724692,32095.0
60750179021035,60750179021,6075017902,94130.0,872,land - populated,123,40,37.8295259,-122.3742328,18670.0
60750179021026,60750179021,6075017902,94130.0,872,land - populated,68,25,37.8301335,-122.3760291,11899.0
60750179021034,60750179021,6075017902,94130.0,872,land - populated,323,86,37.8282134,-122.3751099,89790.0
60750179021044,60750179021,6075017902,94130.0,872,land - zero population,0,0,37.8251474,-122.3727715,17507.0
60750179021010,60750179021,6075017902,94130.0,823,land - populated,208,16,37.8246898,-122.3746059,69178.0
60750179021017,60750179021,6075017902,94130.0,823,land - populated,262,66,37.8265346,-122.3753788,51907.0
60750179021053,60750179021,6075017902,94130.0,823,land - populated,51,22,37.8256168,-122.3762957,1568.0
60750179021050,60750179021,6075017902,94130.0,823,land - populated,36,10,37.8256366,-122.3767125,2407.0
60750179021037,60750179021,6075017902,94130.0,823,land - populated,226,34,37.8247675,-122.3766998,25213.0
60750179021015,60750179021,6075017902,94130.0,823,land - populated,53,12,37.8256667,-122.3779186,9544.0
60750179021018,60750179021,6075017902,94130.0,823,land - zero population,0,0,37.8211807,-122.373358,139110.0
60750179021023,60750179021,6075017902,94130.0,823,land - zero population,0,0,37.8134037,-122.3610956,8470.0
60750179021008,60750179021,6075017902,94130.0,823,land - zero population,0,0,37.8120892,-122.3612278,55601.0
60750179021038,60750179021,6075017902,94130.0,823,land - zero population,0,0,37.813423,-122.3625855,2503.0
60750179021057,60750179021,6075017902,94130.0,823,land - populated,2,0,37.8111576,-122.3626026,12772.0
60750179021054,60750179021,6075017902,94130.0,823,land - zero population,0,0,37.811844,-122.3632517,2819.0
60750179021056,60750179021,6075017902,94130.0,823,land - zero population,0,0,37.8109275,-122.3630623,5404.0
60750179021058,60750179021,6075017902,94130.0,823,land - zero population,0,0,37.8084204,-122.3636364,71339.0
60750179021016,60750179021,6075017902,94130.0,823,land - zero population,0,0,37.8128925,-122.3652223,3703.0
60750179021055,60750179021,6075017902,94130.0,823,land - zero population,0,0,37.8124952,-122.3649691,1391.0
60750179021060,60750179021,6075017902,94130.0,823,land - zero population,0,0,37.8105139,-122.3641813,23523.0
60750179021031,60750179021,6075017902,94130.0,823,land - populated,40,1,37.81142,-122.365514,68827.0
60750179021059,60750179021,6075017902,94130.0,823,land - zero population,0,0,37.8093223,-122.3644203,36663.0
60750179021061,60750179021,6075017902,94130.0,823,land - zero population,0,0,37.8094715,-122.3658055,716.0
60750179021062,60750179021,6075017902,94130.0,823,land - zero population,0,0,37.8094175,-122.3662611,278.0
60750179021006,60750179021,6075017902,94130.0,823,land - zero population,0,0,37.8082345,-122.3668358,12383.0
60750179021079,60750179021,6075017902,94130.0,823,land - zero population,0,0,37.8091997,-122.3677804,6372.0
60750179021011,60750179021,6075017902,94130.0,823,land - zero population,0,0,37.809138,-122.3674153,2428.0
60750179021021,60750179021,6075017902,94130.0,823,land - populated,85,10,37.8109783,-122.3695305,45052.0
60750179021022,60750179021,6075017902,94130.0,823,land - populated,42,8,37.8115408,-122.3707321,32845.0
60750179021063,60750179021,6075017902,94130.0,823,land - populated,2,0,37.8101057,-122.3680743,13280.0
60750179021020,60750179021,6075017902,94130.0,823,land - zero population,0,0,37.8093488,-122.3693433,3124.0
60750615003007,60750615003,6075061500,94105.0,497,land - zero population,0,0,37.7905301,-122.3858221,1472.0
60750615003014,60750615003,6075061500,94105.0,497,land - zero population,0,0,37.789094,-122.3882107,2822.0
60750615004001,60750615004,6075061500,94105.0,497,land - zero population,0,0,37.7879255,-122.3878763,4645.0
60750615006001,60750615006,6075061500,94105.0,497,land - zero population,0,0,37.7865623,-122.3864521,110135.0
60750615006002,60750615006,6075061500,94107.0,497,land - zero population,0,0,37.7859235,-122.3879392,7046.0
60750615006008,60750615006,6075061500,94107.0,497,land - zero population,0,0,37.7835341,-122.3881368,7289.0
60750615006009,60750615006,6075061500,94107.0,497,land - zero population,0,0,37.7821034,-122.3882243,1456.0
60750607001002,60750607001,6075060700,94107.0,497,land - populated,63,5,37.781319,-122.3883389,2670.0
60750607001001,60750607001,6075060700,94107.0,497,land - zero population,0,0,37.7798454,-122.3878069,97150.0
60750607001019,60750607001,6075060700,94158.0,497,land - zero population,0,0,37.7717079,-122.3872977,10477.0
60750607001020,60750607001,6075060700,94158.0,497,land - populated,65,0,37.7725873,-122.3883508,24861.0
60750607001017,60750607001,6075060700,94158.0,497,land - zero population,0,0,37.7743818,-122.3836455,174534.0
60750607001024,60750607001,6075060700,94158.0,497,land - populated,80,1,37.7681027,-122.3871933,141493.0
60750226001001,60750226001,6075022600,94107.0,497,land - zero population,0,0,37.761524,-122.3800033,2885.0
60750226001003,60750226001,6075022600,94107.0,497,land - populated,31,0,37.7616347,-122.3843363,353708.0
60750226001004,60750226001,6075022600,94107.0,497,land - populated,111,8,37.7637161,-122.3882964,11023.0
60750226001020,60750226001,6075022600,94107.0,497,land - populated,35,5,37.7624306,-122.3881947,11396.0
60750226001021,60750226001,6075022600,94107.0,497,land - zero population,0,0,37.7611614,-122.3880955,11689.0
60750226001030,60750226001,6075022600,94107.0,497,land - populated,1,0,37.7574241,-122.3846405,53613.0
60750226002000,60750226002,6075022600,94107.0,497,land - zero population,0,0,37.7593073,-122.3869548,24414.0
60750226002001,60750226002,6075022600,94107.0,497,land - zero population,0,0,37.7592448,-122.3879081,23448.0
60750226002002,60750226002,6075022600,94107.0,497,land - zero population,0,0,37.759206,-122.3884398,3261.0
60750226001002,60750226001,6075022600,94107.0,497,land - zero population,0,0,37.7562917,-122.3842382,75204.0
60750226001010,60750226001,6075022600,94107.0,497,land - zero population,0,0,37.7546453,-122.3832867,99220.0
60750226002028,60750226002,6075022600,94107.0,497,land - zero population,0,0,37.7536356,-122.3842732,39281.0
60759809001002,60759809001,6075980900,94107.0,830,land - zero population,0,0,37.7506082,-122.3815054,441831.0
60750226002027,60750226002,6075022600,94107.0,497,land - populated,2,0,37.7535573,-122.3863924,12150.0
60750226002014,60750226002,6075022600,94107.0,497,land - populated,3,0,37.7567101,-122.3876392,22509.0
60750226002013,60750226002,6075022600,94107.0,497,land - populated,4,0,37.7566832,-122.3881518,3242.0
60750226002015,60750226002,6075022600,94107.0,497,land - zero population,0,0,37.7547804,-122.3874392,10980.0
60750226002026,60750226002,6075022600,94107.0,497,land - zero population,0,0,37.7535025,-122.3873144,11029.0
60750226002016,60750226002,6075022600,94107.0,838,land - zero population,0,0,37.7547509,-122.38794,1615.0
60750226002017,60750226002,6075022600,94107.0,838,land - zero population,0,0,37.7547195,-122.3884715,11747.0
60750226002025,60750226002,6075022600,94107.0,838,land - zero population,0,0,37.7534772,-122.3878176,1605.0
60750226002024,60750226002,6075022600,94107.0,838,land - zero population,0,0,37.7534429,-122.388348,11716.0
60759809001003,60759809001,6075980900,94107.0,830,land - zero population,0,0,37.749724,-122.386021,11618.0
60759809001004,60759809001,6075980900,94107.0,830,land - zero population,0,0,37.7515642,-122.3871359,22719.0
60759809001006,60759809001,6075980900,94107.0,838,land - zero population,0,0,37.7521962,-122.3876948,1619.0
60759809001007,60759809001,6075980900,94107.0,838,land - zero population,0,0,37.7521675,-122.3882262,11717.0
60759809001005,60759809001,6075980900,94107.0,830,land - zero population,0,0,37.7509122,-122.3876062,1584.0
60759809001032,60759809001,6075980900,94107.0,838,land - zero population,0,0,37.7508891,-122.3881192,11458.0
60759809001034,60759809001,6075980900,94107.0,830,land - zero population,0,0,37.7496654,-122.3870048,12776.0
60750105002003,60750105002,6075010500,94111.0,872,land - zero population,0,0,37.7979395,-122.3965189,8155.0
60750105001001,60750105001,6075010500,94111.0,872,land - zero population,0,0,37.8026841,-122.3990586,116249.0
60750105001003,60750105001,6075010500,94111.0,562,land - zero population,0,0,37.8024244,-122.4005006,9667.0
60750105001002,60750105001,6075010500,94111.0,872,land - zero population,0,0,37.8000605,-122.3983903,5382.0
60750105001020,60750105001,6075010500,94111.0,872,land - zero population,0,0,37.7993672,-122.3984074,6806.0
60750105002004,60750105002,6075010500,94111.0,872,land - populated,145,7,37.7985315,-122.3979315,11972.0
60750105001019,60750105001,6075010500,94111.0,872,land - populated,1,0,37.8002098,-122.3994551,12919.0
60750105001013,60750105001,6075010500,94111.0,872,land - zero population,0,0,37.8010894,-122.399932,7523.0
60750105001018,60750105001,6075010500,94111.0,872,land - zero population,0,0,37.8000697,-122.4007463,10927.0
60750105001021,60750105001,6075010500,94111.0,872,land - zero population,0,0,37.7992803,-122.39938,11237.0
60750105002005,60750105002,6075010500,94111.0,872,land - populated,57,3,37.7983589,-122.3992013,10508.0
60750105001022,60750105001,6075010500,94111.0,872,land - populated,257,58,37.79913,-122.4005573,11217.0
60750105001025,60750105001,6075010500,94111.0,872,land - populated,147,16,37.7981925,-122.4003688,10914.0
60750105001004,60750105001,6075010500,94111.0,562,land - zero population,0,0,37.8046378,-122.4027039,3782.0
60750105001009,60750105001,6075010500,94111.0,562,land - populated,1,1,37.8029589,-122.4015452,10025.0
60750105001008,60750105001,6075010500,94111.0,562,land - zero population,0,0,37.8036136,-122.4026636,10521.0
60750105001010,60750105001,6075010500,94111.0,562,land - zero population,0,0,37.8027039,-122.4024774,10983.0
60750101001025,60750101001,6075010100,94111.0,562,land - zero population,0,0,37.8051793,-122.4033813,395.0
60750105001005,60750105001,6075010500,94111.0,562,land - populated,1,0,37.8043851,-122.40298,6289.0
60750101002019,60750101002,6075010100,94111.0,562,land - zero population,0,0,37.8059282,-122.4045527,5495.0
60750101002000,60750101002,6075010100,94111.0,562,land - populated,1,0,37.8055122,-122.4048101,16034.0
60750105001006,60750105001,6075010500,94111.0,562,land - populated,262,14,37.8044345,-122.404235,16544.0
60750105001007,60750105001,6075010500,94111.0,562,land - populated,242,3,37.8034656,-122.4040733,15277.0
60750104003006,60750104003,6075010400,94133.0,562,land - populated,110,7,37.8025317,-122.4038863,15338.0
60750105001012,60750105001,6075010500,94111.0,562,land - populated,1,0,37.8019089,-122.4010074,12774.0
60750105001014,60750105001,6075010500,94111.0,872,land - zero population,0,0,37.8012231,-122.4009798,5427.0
60750105001027,60750105001,6075010500,94111.0,872,land - zero population,0,0,37.8007633,-122.4008853,5438.0
60750105001011,60750105001,6075010500,94133.0,562,land - zero population,0,0,37.8017757,-122.402293,10927.0
60750105001015,60750105001,6075010500,94111.0,872,land - zero population,0,0,37.8008835,-122.401815,5438.0
60750105001016,60750105001,6075010500,94111.0,872,land - zero population,0,0,37.8008111,-122.402403,5494.0
60750105001023,60750105001,6075010500,94111.0,872,land - zero population,0,0,37.7989812,-122.4017355,11257.0
60750105001024,60750105001,6075010500,94111.0,872,land - populated,32,0,37.7980422,-122.4015459,10929.0
60750105001017,60750105001,6075010500,94111.0,872,land - zero population,0,0,37.79992,-122.4019229,10944.0
60750106002008,60750106002,6075010600,94111.0,872,land - zero population,0,0,37.7979136,-122.4025582,7862.0
60750104003007,60750104003,6075010400,94133.0,562,land - populated,69,0,37.801836,-122.4037466,7453.0
60750104003014,60750104003,6075010400,94133.0,562,land - populated,62,7,37.801375,-122.4036541,7660.0
60750104004000,60750104004,6075010400,94133.0,872,land - populated,75,5,37.8006728,-122.4035159,15382.0
60750104004001,60750104004,6075010400,94133.0,872,land - populated,114,5,37.8005192,-122.4047402,7587.0
60750104004004,60750104004,6075010400,94133.0,872,land - populated,151,8,37.7997402,-122.4033305,15188.0
60750106002000,60750106002,6075010600,94111.0,872,land - populated,98,9,37.798823,-122.4029642,12188.0
60750106002001,60750106002,6075010600,94133.0,872,land - populated,98,5,37.7987246,-122.4037825,3358.0
60750106002002,60750106002,6075010600,94133.0,872,land - populated,352,15,37.7985958,-122.4047534,15138.0
60750615003001,60750615003,6075061500,94105.0,497,land - zero population,0,0,37.7900168,-122.3873469,35719.0
60750615003003,60750615003,6075061500,94105.0,497,land - zero population,0,0,37.7901973,-122.3892442,4692.0
60750615003006,60750615003,6075061500,94105.0,497,land - populated,76,4,37.7897909,-122.3897748,20390.0
60750615001001,60750615001,6075061500,94105.0,497,land - zero population,0,0,37.7933149,-122.3916676,4456.0
60750615001002,60750615001,6075061500,94105.0,497,land - zero population,0,0,37.7931006,-122.391761,3747.0
60750615001003,60750615001,6075061500,94105.0,497,land - populated,2,1,37.7928532,-122.3921557,13202.0
60750615003004,60750615003,6075061500,94105.0,497,land - zero population,0,0,37.7916152,-122.3906177,7162.0
60750615003005,60750615003,6075061500,94105.0,497,land - populated,3,0,37.7911469,-122.3913018,24107.0
60750615003009,60750615003,6075061500,94105.0,497,land - populated,7,3,37.7903403,-122.3921899,21364.0
60750105002001,60750105002,6075010500,94111.0,872,land - zero population,0,0,37.797027,-122.394433,77490.0
60750105002002,60750105002,6075010500,94105.0,872,land - zero population,0,0,37.7952412,-122.3941215,13828.0
60750105002010,60750105002,6075010500,94111.0,872,land - populated,1,0,37.7962622,-122.396094,7786.0
60750105002018,60750105002,6075010500,94111.0,872,land - populated,6,1,37.7943663,-122.3951319,21808.0
60750615001006,60750615001,6075061500,94111.0,872,land - zero population,0,0,37.7938695,-122.395523,1947.0
60750105002017,60750105002,6075010500,94111.0,872,land - zero population,0,0,37.7957896,-122.395859,9129.0
60750105002016,60750105002,6075010500,94111.0,872,land - populated,2,0,37.7951557,-122.3956618,16644.0
60750105002021,60750105002,6075010500,94105.0,497,land - zero population,0,0,37.7937788,-122.393231,7134.0
60750615001004,60750615001,6075061500,94105.0,497,land - populated,366,8,37.7922708,-122.3928529,20941.0
60750615001005,60750615001,6075061500,94105.0,497,land - populated,2,0,37.7934926,-122.3943828,20777.0
60750615001008,60750615001,6075061500,94105.0,497,land - populated,6,0,37.7915753,-122.3937328,21020.0
60750615001009,60750615001,6075061500,94105.0,497,land - populated,11,1,37.790884,-122.3946099,20769.0
60750615001007,60750615001,6075061500,94105.0,497,land - zero population,0,0,37.7928034,-122.3952741,21048.0
60750105002019,60750105002,6075010500,94111.0,872,land - zero population,0,0,37.7935874,-122.396138,1234.0
60750615001010,60750615001,6075061500,94111.0,497,land - populated,2,0,37.7921095,-122.3961414,20783.0
60750615001019,60750615001,6075061500,94105.0,497,land - populated,242,23,37.7901939,-122.3954829,20910.0
60750615001021,60750615001,6075061500,94105.0,497,land - populated,9,0,37.7897117,-122.39663,13771.0
60750615003015,60750615003,6075061500,94105.0,497,land - populated,7,2,37.7888094,-122.3887102,8674.0
60750615004011,60750615004,6075061500,94105.0,497,land - populated,278,19,37.788123,-122.389433,12388.0
60750615004002,60750615004,6075061500,94105.0,497,land - populated,97,6,37.787589,-122.3885167,12104.0
60750615004000,60750615004,6075061500,94105.0,497,land - zero population,0,0,37.7876274,-122.3891174,583.0
60750615004003,60750615004,6075061500,94105.0,497,land - zero population,0,0,37.7867915,-122.3894757,7387.0
60750615004010,60750615004,6075061500,94105.0,497,land - populated,331,13,37.7874021,-122.3902696,12975.0
60750615003008,60750615003,6075061500,94105.0,497,land - populated,845,50,37.7891027,-122.3906438,21283.0
60750615003011,60750615003,6075061500,94105.0,497,land - zero population,0,0,37.7884118,-122.3915206,20669.0
60750615003012,60750615003,6075061500,94105.0,497,land - populated,488,27,37.7877258,-122.3923886,20933.0
60750615004004,60750615004,6075061500,94107.0,497,land - populated,1,0,37.7856507,-122.3907799,11801.0
60750615004009,60750615004,6075061500,94105.0,497,land - populated,380,30,37.7865869,-122.3911425,16780.0
60750615004005,60750615004,6075061500,94105.0,497,land - zero population,0,0,37.7866264,-122.3901867,893.0
60750615004014,60750615004,6075061500,94105.0,497,land - populated,420,15,37.7859627,-122.3921594,13308.0
60750615006003,60750615006,6075061500,94107.0,497,land - populated,810,45,37.7853724,-122.3890741,45244.0
60750615006007,60750615006,6075061500,94107.0,497,land - zero population,0,0,37.783636,-122.3887995,19049.0
60750615006004,60750615006,6075061500,94107.0,497,land - populated,624,33,37.7850484,-122.3903611,13121.0
60750615006010,60750615006,6075061500,94107.0,497,land - populated,1012,30,37.7826424,-122.3892966,16628.0
60750615006011,60750615006,6075061500,94107.0,497,land - populated,561,48,37.7821813,-122.3901312,20090.0
60750615006005,60750615006,6075061500,94107.0,497,land - populated,91,5,37.7846704,-122.3911867,8209.0
60750615004006,60750615004,6075061500,94105.0,497,land - zero population,0,0,37.7849153,-122.3920098,8635.0
60750615006012,60750615006,6075061500,94107.0,497,land - populated,1,0,37.7815312,-122.3909155,18592.0
60750615006006,60750615006,6075061500,94107.0,497,land - populated,537,71,37.783209,-122.3917617,46983.0
60750615003010,60750615003,6075061500,94105.0,497,land - populated,9,0,37.7896493,-122.393067,20907.0
60750615002000,60750615002,6075061500,94105.0,497,land - populated,4,1,37.7889609,-122.3939371,21088.0
60750615002005,60750615002,6075061500,94105.0,497,land - populated,5,2,37.7879117,-122.394364,9004.0
60750615003013,60750615003,6075061500,94105.0,497,land - populated,476,33,37.7870318,-122.3932671,21166.0
60750615002015,60750615002,6075061500,94105.0,497,land - populated,283,24,37.7863002,-122.3941318,6690.0
60750615002014,60750615002,6075061500,94105.0,497,land - populated,95,4,37.786761,-122.3949683,21177.0
60750615002001,60750615002,6075061500,94105.0,497,land - zero population,0,0,37.7885258,-122.3951471,12307.0
60750615001020,60750615001,6075061500,94105.0,497,land - populated,8,1,37.7890982,-122.3958608,7337.0
60750615002004,60750615002,6075061500,94105.0,497,land - zero population,0,0,37.787459,-122.3954622,1510.0
60750615002006,60750615002,6075061500,94105.0,497,land - populated,76,5,37.7870301,-122.3953316,9720.0
60750615002003,60750615002,6075061500,94105.0,497,land - zero population,0,0,37.786984,-122.3964483,14691.0
60750615002012,60750615002,6075061500,94105.0,497,land - populated,34,2,37.7861731,-122.3964588,8512.0
60750615004007,60750615004,6075061500,94105.0,497,land - zero population,0,0,37.7853465,-122.3931118,10676.0
60750615004008,60750615004,6075061500,94107.0,497,land - zero population,0,0,37.7842442,-122.3928501,7811.0
60750615004012,60750615004,6075061500,94107.0,497,land - populated,148,1,37.7845181,-122.3940049,16014.0
60750615004013,60750615004,6075061500,94107.0,497,land - populated,174,6,37.7837025,-122.3936098,9419.0
60750615005006,60750615005,6075061500,94107.0,497,land - populated,88,8,37.7817044,-122.3929493,11772.0
60750615005005,60750615005,6075061500,94107.0,497,land - populated,83,8,37.782268,-122.3936087,6446.0
60750615005004,60750615005,6075061500,94107.0,497,land - populated,21,2,37.7825099,-122.3940135,5563.0
60750615005007,60750615005,6075061500,94107.0,497,land - zero population,0,0,37.7815794,-122.3939521,5650.0
60750615002013,60750615002,6075061500,94105.0,497,land - zero population,0,0,37.7853449,-122.3954022,25411.0
60750615002016,60750615002,6075061500,94107.0,497,land - populated,148,5,37.7841688,-122.396079,12576.0
60750615005001,60750615005,6075061500,94107.0,497,land - zero population,0,0,37.7833462,-122.3948351,206.0
60750615005002,60750615005,6075061500,94107.0,497,land - zero population,0,0,37.78286,-122.3951708,6246.0
60750615005003,60750615005,6075061500,94107.0,497,land - populated,59,6,37.7824122,-122.3949994,18491.0
60750615005009,60750615005,6075061500,94107.0,497,land - populated,7,0,37.7816309,-122.395125,5597.0
60750615005000,60750615005,6075061500,94107.0,497,land - populated,269,3,37.7831224,-122.3958927,26558.0
60750615005015,60750615005,6075061500,94107.0,497,land - zero population,0,0,37.7822365,-122.3961128,1821.0
60750105002007,60750105002,6075010500,94111.0,872,land - populated,2,0,37.7973589,-122.3970914,27714.0
60750105002008,60750105002,6075010500,94111.0,872,land - populated,461,12,37.7968107,-122.3976123,4426.0
60750105002009,60750105002,6075010500,94111.0,872,land - populated,21,6,37.7970802,-122.397741,1998.0
60750105002011,60750105002,6075010500,94111.0,872,land - populated,2,0,37.7958275,-122.397463,10549.0
60750105002015,60750105002,6075010500,94111.0,872,land - populated,3,1,37.7949498,-122.3972822,10634.0
60750117001000,60750117001,6075011700,94111.0,872,land - populated,4,1,37.7940482,-122.3970949,11262.0
60750105002014,60750105002,6075010500,94111.0,872,land - populated,1,0,37.7947985,-122.3984724,10349.0
60750117001001,60750117001,6075011700,94111.0,872,land - populated,2,0,37.7938965,-122.3982889,10889.0
60750105002006,60750105002,6075010500,94111.0,872,land - zero population,0,0,37.7974629,-122.3990066,10697.0
60750105002012,60750105002,6075010500,94111.0,872,land - populated,1037,50,37.7964768,-122.3991074,25553.0
60750105001026,60750105001,6075010500,94111.0,872,land - zero population,0,0,37.7972913,-122.4001839,10367.0
60750105002013,60750105002,6075010500,94111.0,872,land - populated,1,0,37.7955964,-122.3992336,20402.0
60750105002020,60750105002,6075010500,94111.0,872,land - populated,2,0,37.7946486,-122.3996491,10399.0
60750117001002,60750117001,6075011700,94111.0,872,land - zero population,0,0,37.793989,-122.3995143,5202.0
60750117001003,60750117001,6075011700,94111.0,872,land - populated,6,0,37.7938396,-122.4006874,5166.0
60750117001016,60750117001,6075011700,94111.0,872,land - populated,2,0,37.7931941,-122.3970173,8646.0
60750615001011,60750615001,6075061500,94111.0,872,land - zero population,0,0,37.7927519,-122.3969428,1052.0
60750117001015,60750117001,6075011700,94111.0,872,land - populated,3,0,37.7929544,-122.3980921,11301.0
60750615001013,60750615001,6075061500,94111.0,497,land - zero population,0,0,37.7920606,-122.3978214,1037.0
60750117001031,60750117001,6075011700,94111.0,872,land - populated,37,0,37.7922155,-122.3980993,4826.0
60750615001012,60750615001,6075061500,94111.0,497,land - zero population,0,0,37.7914184,-122.3970181,20860.0
60750615001014,60750615001,6075061500,94111.0,497,land - zero population,0,0,37.7907233,-122.3978996,21058.0
60750615001015,60750615001,6075061500,94111.0,497,land - zero population,0,0,37.7913643,-122.3987057,1052.0
60750615001024,60750615001,6075061500,94105.0,497,land - zero population,0,0,37.7898408,-122.3984256,2627.0
60750117001013,60750117001,6075011700,94111.0,872,land - populated,3,0,37.7935265,-122.3994198,5727.0
60750117001014,60750117001,6075011700,94111.0,872,land - populated,1,0,37.7928086,-122.3992731,11219.0
60750117001030,60750117001,6075011700,94111.0,872,land - populated,6,0,37.7918088,-122.3990861,12236.0
60750117001012,60750117001,6075011700,94111.0,872,land - zero population,0,0,37.7933768,-122.4005918,5672.0
60750117001029,60750117001,6075011700,94111.0,872,land - zero population,0,0,37.7926585,-122.4004453,11154.0
60750117002000,60750117002,6075011700,94111.0,872,land - zero population,0,0,37.7910801,-122.3994255,1091.0
60750615001018,60750615001,6075061500,94105.0,497,land - zero population,0,0,37.7901007,-122.3987545,5053.0
60750117001028,60750117001,6075011700,94111.0,872,land - zero population,0,0,37.7917174,-122.4002529,10937.0
60750117002001,60750117002,6075011700,94111.0,872,land - zero population,0,0,37.7908312,-122.4001457,9135.0
60750615001016,60750615001,6075061500,94105.0,497,land - zero population,0,0,37.7898997,-122.3999642,18004.0
60750615001017,60750615001,6075061500,94105.0,497,land - zero population,0,0,37.7901486,-122.400252,2691.0
60750611001000,60750611001,6075061100,94111.0,872,land - populated,15,2,37.7971408,-122.40136,10359.0
60750611001011,60750611001,6075061100,94111.0,872,land - zero population,0,0,37.7962844,-122.4008925,5612.0
60750611001010,60750611001,6075061100,94111.0,872,land - zero population,0,0,37.796208,-122.4014831,5111.0
60750611001001,60750611001,6075061100,94111.0,872,land - zero population,0,0,37.797087,-122.4027926,10305.0
60750611001008,60750611001,6075061100,94111.0,872,land - zero population,0,0,37.7967161,-122.4021565,1393.0
60750611001009,60750611001,6075061100,94111.0,872,land - zero population,0,0,37.7961083,-122.4022958,9586.0
60750611001012,60750611001,6075061100,94111.0,872,land - zero population,0,0,37.795588,-122.4010368,4963.0
60750611001020,60750611001,6075061100,94111.0,872,land - zero population,0,0,37.7951428,-122.4009537,5468.0
60750611001019,60750611001,6075061100,94111.0,872,land - populated,1,0,37.7947052,-122.4008621,4766.0
60750611001021,60750611001,6075061100,94111.0,872,land - zero population,0,0,37.7942808,-122.4007765,5148.0
60750611001022,60750611001,6075061100,94111.0,872,land - populated,1,0,37.7941532,-122.4017858,3756.0
60750611001013,60750611001,6075061100,94111.0,872,land - zero population,0,0,37.7951953,-122.4024022,14197.0
60750611001018,60750611001,6075061100,94111.0,872,land - zero population,0,0,37.7945881,-122.4018904,3786.0
60750611001017,60750611001,6075061100,94111.0,872,land - populated,1,0,37.7944916,-122.4027051,3522.0
60750611001023,60750611001,6075061100,94111.0,872,land - populated,1,0,37.7940474,-122.4026068,3460.0
60750106002007,60750106002,6075010600,94133.0,872,land - populated,176,15,37.7978103,-122.4033754,7325.0
60750611001007,60750611001,6075061100,94111.0,872,land - zero population,0,0,37.7966123,-122.4029778,2773.0
60750611001006,60750611001,6075061100,94111.0,872,land - zero population,0,0,37.79601,-122.4031183,5133.0
60750611001005,60750611001,6075061100,94108.0,872,land - zero population,0,0,37.7960843,-122.403741,4038.0
60750106002006,60750106002,6075010600,94133.0,872,land - populated,139,16,37.7976557,-122.4045888,15175.0
60750611001002,60750611001,6075061100,94133.0,872,land - populated,16,0,37.7968167,-122.4043105,12152.0
60750611001024,60750611001,6075061100,94111.0,872,land - populated,42,2,37.7938957,-122.4038383,7398.0
60750611001014,60750611001,6075061100,94111.0,872,land - populated,23,0,37.7951959,-122.4040924,7691.0
60750611001004,60750611001,6075061100,94108.0,872,land - populated,292,23,37.7957905,-122.4044153,10530.0
60750611001015,60750611001,6075061100,94111.0,872,land - populated,192,3,37.7947609,-122.4040102,6698.0
60750611001016,60750611001,6075061100,94111.0,872,land - populated,391,30,37.7943396,-122.4039175,7335.0
60750117001004,60750117001,6075011700,94111.0,872,land - zero population,0,0,37.7937123,-122.401691,3742.0
60750117001011,60750117001,6075011700,94111.0,872,land - zero population,0,0,37.793249,-122.401593,4053.0
60750117001010,60750117001,6075011700,94104.0,872,land - populated,62,3,37.7925323,-122.401443,7892.0
60750117001005,60750117001,6075011700,94111.0,872,land - zero population,0,0,37.7933651,-122.4024603,7477.0
60750117001009,60750117001,6075011700,94104.0,872,land - zero population,0,0,37.7924261,-122.4022624,7763.0
60750117001026,60750117001,6075011700,94104.0,872,land - zero population,0,0,37.7915085,-122.4016131,13260.0
60750117002002,60750117002,6075011700,94104.0,872,land - zero population,0,0,37.7906079,-122.4014672,15252.0
60750117002014,60750117002,6075011700,94105.0,872,land - populated,4,1,37.7897315,-122.4014302,12061.0
60750117001027,60750117001,6075011700,94104.0,872,land - zero population,0,0,37.7917331,-122.401945,2023.0
60750117002003,60750117002,6075011700,94104.0,872,land - zero population,0,0,37.7904825,-122.4024568,3203.0
60750117001006,60750117001,6075011700,94111.0,872,land - populated,1,0,37.7932484,-122.4033919,9874.0
60750117001008,60750117001,6075011700,94104.0,872,land - populated,5,0,37.7922707,-122.4034937,15749.0
60750117001007,60750117001,6075011700,94108.0,872,land - zero population,0,0,37.7931427,-122.4042188,5530.0
60750117001025,60750117001,6075011700,94104.0,872,land - populated,10,1,37.7913523,-122.4031231,12087.0
60750117002004,60750117002,6075011700,94104.0,872,land - populated,84,1,37.7903773,-122.4032825,12194.0
60750117001024,60750117001,6075011700,94104.0,872,land - populated,207,37,37.791246,-122.4039476,3313.0
60750117001023,60750117001,6075011700,94104.0,490,land - populated,5,0,37.791207,-122.4042774,2833.0
60750117002005,60750117002,6075011700,94104.0,490,land - populated,2,0,37.790272,-122.4041202,3434.0
60750117002006,60750117002,6075011700,94104.0,490,land - populated,45,5,37.7900615,-122.4047768,7251.0
60750615001045,60750615001,6075061500,94105.0,497,land - populated,11,0,37.7878709,-122.3974161,18550.0
60750615001025,60750615001,6075061500,94105.0,497,land - zero population,0,0,37.7896132,-122.3981261,4167.0
60750615001028,60750615001,6075061500,94105.0,497,land - zero population,0,0,37.7891586,-122.3977986,8253.0
60750615001044,60750615001,6075061500,94105.0,497,land - populated,3,0,37.7882718,-122.397914,15970.0
60750615002002,60750615002,6075061500,94105.0,497,land - zero population,0,0,37.7875654,-122.3967052,16347.0
60750615002007,60750615002,6075061500,94105.0,497,land - zero population,0,0,37.7866872,-122.3978185,2782.0
60750615002008,60750615002,6075061500,94105.0,497,land - zero population,0,0,37.7860857,-122.3985385,10174.0
60750615001027,60750615001,6075061500,94105.0,497,land - zero population,0,0,37.7889959,-122.3991333,9427.0
60750615001043,60750615001,6075061500,94105.0,497,land - zero population,0,0,37.7882804,-122.3989097,10322.0
60750615001026,60750615001,6075061500,94105.0,497,land - zero population,0,0,37.7889876,-122.3998673,13723.0
60750615001038,60750615001,6075061500,94105.0,497,land - populated,3,1,37.7879469,-122.4004217,5947.0
60750615001046,60750615001,6075061500,94105.0,497,land - populated,235,10,37.7867044,-122.3988796,5876.0
60750615001047,60750615001,6075061500,94105.0,497,land - zero population,0,0,37.7871055,-122.3993787,5284.0
60750615001042,60750615001,6075061500,94105.0,497,land - zero population,0,0,37.7875111,-122.3998818,5965.0
60750615001048,60750615001,6075061500,94105.0,497,land - zero population,0,0,37.7860199,-122.4002293,23435.0
60750615002017,60750615002,6075061500,94107.0,497,land - populated,99,3,37.7847824,-122.3968537,13883.0
60750615002018,60750615002,6075061500,94107.0,497,land - populated,534,18,37.7836112,-122.3975968,26844.0
60750615002011,60750615002,6075061500,94105.0,497,land - populated,137,8,37.7854992,-122.3977282,16567.0
60750615002010,60750615002,6075061500,94107.0,497,land - zero population,0,0,37.7846984,-122.3993516,5305.0
60750615002009,60750615002,6075061500,94107.0,497,land - zero population,0,0,37.7843133,-122.3984758,21366.0
60750178012000,60750178012,6075017801,94107.0,497,land - populated,571,18,37.7827657,-122.3988218,27033.0
60750178012001,60750178012,6075017801,94107.0,497,land - populated,213,1,37.7820471,-122.399574,6669.0
60750178012002,60750178012,6075017801,94107.0,497,land - zero population,0,0,37.7820199,-122.4004581,8197.0
60750615001022,60750615001,6075061500,94105.0,497,land - populated,8,2,37.7887529,-122.4014226,5656.0
60750615001023,60750615001,6075061500,94105.0,497,land - zero population,0,0,37.7890011,-122.4017057,715.0
60750615001039,60750615001,6075061500,94105.0,497,land - zero population,0,0,37.7883535,-122.4009274,5077.0
60750615001029,60750615001,6075061500,94105.0,497,land - populated,11,0,37.7879748,-122.4019382,12397.0
60750615001030,60750615001,6075061500,94105.0,497,land - zero population,0,0,37.7881822,-122.4027473,1565.0
60750615001049,60750615001,6075061500,94105.0,497,land - zero population,0,0,37.7872748,-122.4010362,3640.0
60750615001041,60750615001,6075061500,94105.0,497,land - populated,92,7,37.7866368,-122.4009969,12569.0
60750615001037,60750615001,6075061500,94105.0,497,land - populated,147,3,37.7874926,-122.4013085,2809.0
60750615001036,60750615001,6075061500,94105.0,497,land - populated,630,22,37.7867657,-122.4019179,6469.0
60750615001035,60750615001,6075061500,94105.0,497,land - zero population,0,0,37.7871461,-122.4024326,5132.0
60750117002013,60750117002,6075011700,94104.0,872,land - populated,1,0,37.789466,-122.4029208,15532.0
60750117002015,60750117002,6075011700,94105.0,872,land - populated,4,0,37.7886242,-122.4029094,10836.0
60750117002016,60750117002,6075011700,94105.0,872,land - zero population,0,0,37.7880792,-122.4031254,458.0
60750117002023,60750117002,6075011700,94105.0,872,land - populated,28,6,37.7879022,-122.4033,689.0
60750117002012,60750117002,6075011700,94104.0,490,land - populated,4,0,37.7892625,-122.4045293,14628.0
60750117002021,60750117002,6075011700,94102.0,490,land - populated,81,0,37.7880963,-122.4043113,7211.0
60750117002017,60750117002,6075011700,94104.0,490,land - populated,10,0,37.7885617,-122.4043978,7249.0
60750615001031,60750615001,6075061500,94105.0,497,land - zero population,0,0,37.7875431,-122.4029113,6054.0
60750615001034,60750615001,6075061500,94102.0,497,land - zero population,0,0,37.7871856,-122.4040075,1317.0
60750117002022,60750117002,6075011700,94102.0,790,land - zero population,0,0,37.7874611,-122.4043344,10757.0
60750615001032,60750615001,6075061500,94102.0,497,land - populated,104,2,37.786203,-122.4040617,37802.0
60750615001040,60750615001,6075061500,94105.0,497,land - populated,6,1,37.7847536,-122.4023675,53674.0
60750178011000,60750178011,6075017801,94107.0,497,land - zero population,0,0,37.7835253,-122.4008169,53722.0
60750615001050,60750615001,6075061500,94102.0,497,land - populated,4,0,37.7854514,-122.4035526,15647.0
60750176011003,60750176011,6075017601,94102.0,497,land - zero population,0,0,37.7845537,-122.4047088,2937.0
60750178011002,60750178011,6075017801,94103.0,497,land - populated,1041,4,37.7821759,-122.4032229,26867.0
60750176011005,60750176011,6075017601,94103.0,497,land - populated,2,0,37.7827739,-122.4043215,34330.0
60750101001002,60750101001,6075010100,94133.0,562,land - zero population,0,0,37.8069845,-122.4064576,3062.0
60750101001018,60750101001,6075010100,94133.0,562,land - populated,1,0,37.8067691,-122.4067651,5644.0
60750101001003,60750101001,6075010100,94133.0,562,land - zero population,0,0,37.8077583,-122.4081486,1323.0
60750101001016,60750101001,6075010100,94133.0,562,land - zero population,0,0,37.8075536,-122.4084469,7513.0
60750101001017,60750101001,6075010100,94133.0,562,land - populated,200,1,37.8066956,-122.4088191,29670.0
60750101001001,60750101001,6075010100,94133.0,562,land - populated,44,1,37.8085222,-122.4095588,243533.0
60750101001008,60750101001,6075010100,94133.0,562,land - zero population,0,0,37.8083348,-122.4106548,2875.0
60750101001015,60750101001,6075010100,94133.0,562,land - zero population,0,0,37.80753,-122.4097872,14999.0
60750101001009,60750101001,6075010100,94133.0,562,land - populated,1,0,37.8081094,-122.4113482,13671.0
60750101001014,60750101001,6075010100,94133.0,562,land - zero population,0,0,37.8073258,-122.411414,15326.0
60750101001019,60750101001,6075010100,94133.0,562,land - populated,389,5,37.8063937,-122.4112248,15358.0
60750101001020,60750101001,6075010100,94133.0,562,land - populated,93,1,37.8061885,-122.4128709,15454.0
60750104003000,60750104003,6075010400,94111.0,562,land - populated,302,8,37.8042325,-122.4054642,7499.0
60750101002001,60750101002,6075010100,94133.0,562,land - zero population,0,0,37.8060276,-122.4063478,12962.0
60750101002016,60750101002,6075010100,94133.0,562,land - zero population,0,0,37.805162,-122.4060274,13882.0
60750104003001,60750104003,6075010400,94111.0,562,land - populated,69,7,37.8041316,-122.4062552,7430.0
60750104003003,60750104003,6075010400,94133.0,562,land - populated,3,1,37.8032439,-122.4056559,13839.0
60750104003005,60750104003,6075010400,94133.0,562,land - populated,67,3,37.8024076,-122.4051026,7307.0
60750104003008,60750104003,6075010400,94133.0,562,land - zero population,0,0,37.8023009,-122.4058763,7258.0
60750104003004,60750104003,6075010400,94133.0,562,land - zero population,0,0,37.8034803,-122.4064266,779.0
60750104003009,60750104003,6075010400,94133.0,562,land - populated,24,1,37.8029592,-122.4065614,1164.0
60750101002002,60750101002,6075010100,94133.0,562,land - populated,410,18,37.805423,-122.4079305,38168.0
60750101002014,60750101002,6075010100,94133.0,562,land - populated,85,4,37.8045392,-122.4088763,4660.0
60750104003010,60750104003,6075010400,94133.0,562,land - populated,93,8,37.8031227,-122.407071,8519.0
60750104003002,60750104003,6075010400,94133.0,562,land - populated,141,14,37.8039836,-122.407471,14185.0
60750104003012,60750104003,6075010400,94133.0,562,land - populated,189,21,37.8021239,-122.4070582,14893.0
60750104003011,60750104003,6075010400,94133.0,562,land - populated,88,7,37.8029977,-122.4077888,4863.0
60750104002007,60750104002,6075010400,94133.0,562,land - populated,27,0,37.8023423,-122.4080803,876.0
60750104002003,60750104002,6075010400,94133.0,562,land - populated,255,18,37.8028689,-122.4088538,14971.0
60750104002005,60750104002,6075010400,94133.0,562,land - populated,176,13,37.8019835,-122.408741,10656.0
60750104003013,60750104003,6075010400,94133.0,562,land - populated,232,15,37.8014028,-122.405321,14941.0
60750104004002,60750104004,6075010400,94133.0,872,land - populated,164,4,37.8004177,-122.4055373,7334.0
60750106001000,60750106001,6075010600,94133.0,562,land - populated,78,5,37.8012841,-122.4062753,2968.0
60750106001001,60750106001,6075010600,94133.0,562,land - populated,98,5,37.8012351,-122.4066636,4343.0
60750106001005,60750106001,6075010600,94133.0,872,land - populated,120,12,37.8003433,-122.4061212,3602.0
60750106001004,60750106001,6075010600,94133.0,872,land - populated,157,23,37.8002945,-122.40651,3679.0
60750104004003,60750104004,6075010400,94133.0,872,land - populated,310,19,37.7995366,-122.404943,14885.0
60750106001007,60750106001,6075010600,94133.0,872,land - populated,73,8,37.7993217,-122.4058833,2440.0
60750106001006,60750106001,6075010600,94133.0,872,land - populated,315,28,37.7993409,-122.4066476,12107.0
60750106002003,60750106002,6075010600,94133.0,872,land - populated,75,7,37.7987795,-122.4060095,2220.0
60750106002004,60750106002,6075010600,94133.0,872,land - populated,178,16,37.7983049,-122.4059112,5248.0
60750106003009,60750106003,6075010600,94133.0,872,land - populated,40,5,37.7986818,-122.4067902,2214.0
60750106003010,60750106003,6075010600,94133.0,872,land - populated,179,25,37.7982364,-122.4066638,4663.0
60750106001002,60750106001,6075010600,94133.0,562,land - populated,225,25,37.8011549,-122.4072855,7335.0
60750106001003,60750106001,6075010600,94133.0,562,land - populated,199,25,37.8002205,-122.407098,7333.0
60750106003006,60750106003,6075010600,94133.0,562,land - populated,70,3,37.8001541,-122.4076444,2894.0
60750106003000,60750106003,6075010600,94133.0,562,land - populated,236,34,37.8010574,-122.4080661,7254.0
60750104002006,60750104002,6075010400,94133.0,562,land - populated,130,11,37.8016923,-122.4085738,3447.0
60750106003005,60750106003,6075010600,94133.0,562,land - populated,209,24,37.8001006,-122.4080309,4395.0
60750106003001,60750106003,6075010600,94133.0,562,land - populated,143,10,37.8009574,-122.4088669,7650.0
60750106003004,60750106003,6075010600,94133.0,562,land - populated,158,21,37.8000188,-122.4086833,7967.0
60750106003007,60750106003,6075010600,94133.0,872,land - populated,162,13,37.7992274,-122.4079166,10549.0
60750106003008,60750106003,6075010600,94133.0,872,land - populated,89,18,37.7985416,-122.4073858,2071.0
60750107003000,60750107003,6075010700,94133.0,638,land - zero population,0,0,37.7979463,-122.4069223,575.0
60750107002000,60750107002,6075010700,94133.0,801,land - populated,34,5,37.7989194,-122.4085637,4343.0
60750107004000,60750107004,6075010700,94133.0,638,land - populated,727,64,37.7981476,-122.4079935,13196.0
60750101002003,60750101002,6075010100,94133.0,562,land - populated,158,13,37.8056156,-122.4098055,7675.0
60750101002013,60750101002,6075010100,94133.0,562,land - populated,93,7,37.8050046,-122.4089834,4755.0
60750101002012,60750101002,6075010100,94133.0,562,land - populated,43,4,37.8049032,-122.4097843,2732.0
60750101002015,60750101002,6075010100,94133.0,562,land - populated,44,5,37.8044384,-122.4096776,2852.0
60750101002011,60750101002,6075010100,94133.0,562,land - populated,61,2,37.8045315,-122.410852,15349.0
60750104002000,60750104002,6075010400,94133.0,562,land - populated,262,29,37.8038011,-122.4090405,14969.0
60750104002001,60750104002,6075010400,94133.0,562,land - populated,280,29,37.8036008,-122.4106638,15310.0
60750104002002,60750104002,6075010400,94133.0,562,land - populated,311,42,37.8026686,-122.4104752,15346.0
60750101002004,60750101002,6075010100,94133.0,562,land - populated,264,13,37.8054621,-122.4110377,15257.0
60750101002005,60750101002,6075010100,94133.0,562,land - populated,79,2,37.8054888,-122.4127324,7710.0
60750101002010,60750101002,6075010100,94133.0,562,land - populated,281,13,37.8043273,-122.4124969,15347.0
60750101002018,60750101002,6075010100,94133.0,562,land - populated,131,10,37.805023,-122.4126429,7756.0
60750104001000,60750104001,6075010400,94133.0,562,land - populated,292,43,37.8033964,-122.4123074,15331.0
60750104001003,60750104001,6075010400,94133.0,562,land - zero population,0,0,37.8024774,-122.4120999,14971.0
60750107001000,60750107001,6075010700,94133.0,801,land - zero population,0,0,37.8020027,-122.412766,449.0
60750106003011,60750106003,6075010600,94133.0,562,land - populated,80,3,37.8000833,-122.4094703,4860.0
60750104002004,60750104002,6075010400,94133.0,562,land - populated,211,17,37.8017358,-122.4102879,15352.0
60750106003002,60750106003,6075010600,94133.0,562,land - zero population,0,0,37.8008532,-122.4100267,13475.0
60750107001004,60750107001,6075010700,94133.0,801,land - populated,1,0,37.8004623,-122.410665,1865.0
60750107002001,60750107002,6075010700,94133.0,801,land - populated,398,53,37.7989331,-122.4097315,15186.0
60750107004001,60750107004,6075010700,94133.0,638,land - populated,768,70,37.7980335,-122.4092492,10145.0
60750107001005,60750107001,6075010700,94133.0,801,land - populated,205,4,37.7997719,-122.4101232,10601.0
60750107004002,60750107004,6075010700,94133.0,638,land - populated,279,47,37.7979321,-122.4100722,5487.0
60750104001005,60750104001,6075010400,94133.0,562,land - populated,107,18,37.801615,-122.4113075,3647.0
60750106003003,60750106003,6075010600,94133.0,562,land - populated,2,0,37.8010427,-122.4111163,602.0
60750104001004,60750104001,6075010400,94133.0,562,land - populated,49,12,37.8017086,-122.4118503,4253.0
60750107001003,60750107001,6075010700,94133.0,801,land - populated,208,31,37.8005834,-122.4117727,14693.0
60750107001002,60750107001,6075010700,94133.0,801,land - populated,61,0,37.8013475,-122.4120611,4171.0
60750107001001,60750107001,6075010700,94133.0,801,land - populated,66,6,37.8014446,-122.4125792,3227.0
60750107001006,60750107001,6075010700,94133.0,801,land - populated,164,21,37.7997205,-122.4111356,7448.0
60750107001007,60750107001,6075010700,94133.0,801,land - populated,166,12,37.7996174,-122.4119547,7929.0
60750107002002,60750107002,6075010700,94133.0,801,land - populated,448,60,37.798734,-122.4113699,15290.0
60750108001000,60750108001,6075010800,94133.0,801,land - populated,157,2,37.7985272,-122.4130137,15359.0
60750101001004,60750101001,6075010100,94133.0,562,land - populated,1,0,37.8086451,-122.4145147,15453.0
60750101001010,60750101001,6075010100,94133.0,562,land - populated,1,0,37.8080544,-122.4132485,15419.0
60750101001013,60750101001,6075010100,94133.0,562,land - zero population,0,0,37.8071216,-122.4130577,15335.0
60750101001011,60750101001,6075010100,94133.0,562,land - populated,1,0,37.8078484,-122.4148892,15411.0
60750101001012,60750101001,6075010100,94133.0,562,land - zero population,0,0,37.8069139,-122.4147031,15324.0
60750101001006,60750101001,6075010100,94133.0,801,land - populated,2,0,37.8076439,-122.4165315,15459.0
60750101001023,60750101001,6075010100,94133.0,801,land - populated,1,0,37.8067083,-122.4163464,15358.0
60750101001005,60750101001,6075010100,94109.0,801,land - zero population,0,0,37.8083548,-122.4185635,11450.0
60750101001007,60750101001,6075010100,94133.0,801,land - zero population,0,0,37.8074377,-122.4181751,15473.0
60750101001024,60750101001,6075010100,94133.0,801,land - zero population,0,0,37.806519,-122.4179687,14816.0
60750102001009,60750102001,6075010200,94109.0,801,land - zero population,0,0,37.806628,-122.419089,2085.0
60750102001007,60750102001,6075010200,94109.0,801,land - populated,1,1,37.8080609,-122.4200507,12012.0
60750102001006,60750102001,6075010200,94109.0,801,land - populated,2,0,37.8072289,-122.4198232,15505.0
60750102001008,60750102001,6075010200,94109.0,801,land - populated,103,7,37.8062409,-122.4197258,13384.0
60750101001021,60750101001,6075010100,94133.0,562,land - populated,24,0,37.8059839,-122.4145147,15319.0
60750101002006,60750101002,6075010100,94133.0,562,land - populated,599,194,37.8050506,-122.4143322,15263.0
60750101002009,60750101002,6075010100,94133.0,562,land - populated,38,2,37.8044442,-122.4142086,4532.0
60750104001001,60750104001,6075010400,94133.0,562,land - populated,182,21,37.8032786,-122.4137591,10896.0
60750104001002,60750104001,6075010400,94133.0,562,land - zero population,0,0,37.802585,-122.4132204,2209.0
60750103001010,60750103001,6075010300,94133.0,801,land - populated,114,10,37.8021994,-122.4134079,5506.0
60750101002017,60750101002,6075010100,94133.0,562,land - populated,244,21,37.8039777,-122.414118,10814.0
60750103001008,60750103001,6075010300,94133.0,801,land - populated,111,9,37.8029687,-122.4144257,4447.0
60750103001011,60750103001,6075010300,94133.0,801,land - populated,230,13,37.8022065,-122.4141761,7674.0
60750101002008,60750101002,6075010100,94133.0,801,land - populated,19,1,37.8041265,-122.4153267,4687.0
60750101002007,60750101002,6075010100,94133.0,801,land - populated,430,112,37.8048965,-122.4158875,13447.0
60750101001022,60750101001,6075010100,94133.0,801,land - zero population,0,0,37.8057781,-122.4161599,15300.0
60750103001002,60750103001,6075010300,94133.0,801,land - zero population,0,0,37.8050897,-122.4169773,551.0
60750103001004,60750103001,6075010300,94133.0,801,land - populated,52,7,37.8040762,-122.4161753,4230.0
60750103001005,60750103001,6075010300,94133.0,801,land - zero population,0,0,37.8045067,-122.4165217,1970.0
60750103001009,60750103001,6075010300,94133.0,801,land - populated,49,4,37.8036469,-122.4158574,6384.0
60750103001007,60750103001,6075010300,94133.0,801,land - populated,214,16,37.8029797,-122.4156003,15257.0
60750103001012,60750103001,6075010300,94133.0,801,land - populated,296,39,37.8020507,-122.4154073,15331.0
60750103002004,60750103002,6075010300,94133.0,801,land - populated,168,15,37.8010944,-122.4135294,7677.0
60750103002000,60750103002,6075010300,94133.0,801,land - populated,195,18,37.8015592,-122.4136235,7636.0
60750103002005,60750103002,6075010300,94133.0,801,land - populated,311,33,37.8003944,-122.4133891,15410.0
60750103002001,60750103002,6075010300,94133.0,801,land - populated,146,17,37.8010035,-122.4150622,9804.0
60750103003003,60750103003,6075010300,94133.0,801,land - populated,36,4,37.8004937,-122.4145444,2605.0
60750103003000,60750103003,6075010300,94133.0,801,land - populated,287,20,37.7994601,-122.4132014,15464.0
60750103003001,60750103003,6075010300,94133.0,801,land - populated,111,6,37.7994895,-122.4148971,7598.0
60750103003004,60750103003,6075010300,94133.0,801,land - populated,42,1,37.7990217,-122.4147974,7822.0
60750103002002,60750103002,6075010300,94133.0,801,land - populated,129,13,37.8013224,-122.4154944,5541.0
60750103003002,60750103003,6075010300,94133.0,801,land - populated,198,20,37.8001234,-122.4151322,12700.0
60750103001013,60750103001,6075010300,94133.0,801,land - populated,202,14,37.8018389,-122.4170553,15436.0
60750103002003,60750103002,6075010300,94109.0,801,land - populated,197,10,37.8009102,-122.4168649,15457.0
60750103003007,60750103003,6075010300,94133.0,801,land - populated,194,9,37.7999805,-122.4166694,15223.0
60750103003006,60750103003,6075010300,94133.0,801,land - populated,133,12,37.7992797,-122.4165373,7687.0
60750103003005,60750103003,6075010300,94133.0,801,land - populated,168,3,37.7988113,-122.4164421,7759.0
60750108001002,60750108001,6075010800,94133.0,801,land - populated,153,18,37.7981107,-122.416301,15357.0
60750101001027,60750101001,6075010100,94133.0,801,land - populated,1,0,37.8057102,-122.4174589,7642.0
60750103001000,60750103001,6075010300,94133.0,801,land - populated,29,1,37.8054341,-122.418148,7690.0
60750103001001,60750103001,6075010300,94133.0,801,land - populated,99,4,37.8046235,-122.4176358,14844.0
60750101001026,60750101001,6075010100,94133.0,801,land - zero population,0,0,37.80605,-122.418627,523.0
60750103001003,60750103001,6075010300,94133.0,801,land - populated,62,6,37.8037058,-122.4174156,15173.0
60750103001006,60750103001,6075010300,94133.0,801,land - populated,79,10,37.8027737,-122.4172375,15390.0
60750102001016,60750102001,6075010200,94133.0,801,land - populated,112,13,37.8035039,-122.419088,15553.0
60750102001017,60750102001,6075010200,94133.0,801,land - populated,105,7,37.8025623,-122.418881,15427.0
60750102001012,60750102001,6075010200,94109.0,801,land - populated,161,12,37.8053605,-122.4194487,15404.0
60750102001013,60750102001,6075010200,94133.0,801,land - populated,98,5,37.8044253,-122.4192301,15394.0
60750102001011,60750102001,6075010200,94109.0,801,land - populated,173,16,37.805143,-122.4210927,15320.0
60750102001014,60750102001,6075010200,94109.0,801,land - zero population,0,0,37.8043991,-122.4209429,9171.0
60750102001015,60750102001,6075010200,94109.0,801,land - populated,199,9,37.8033502,-122.4207491,17001.0
60750102001018,60750102001,6075010200,94109.0,801,land - populated,100,10,37.8023534,-122.4205302,15285.0
60750102001020,60750102001,6075010200,94133.0,801,land - populated,217,27,37.8016321,-122.4187014,15257.0
60750102002000,60750102002,6075010200,94109.0,801,land - populated,185,16,37.8007002,-122.4185107,15236.0
60750109001004,60750109001,6075010900,94109.0,801,land - populated,244,15,37.798837,-122.4181319,15427.0
60750109002000,60750109002,6075010900,94109.0,801,land - populated,294,23,37.7979029,-122.4179451,15323.0
60750109001000,60750109001,6075010900,94109.0,801,land - populated,252,10,37.7997706,-122.4183145,15469.0
60750102002001,60750102002,6075010200,94109.0,801,land - populated,202,12,37.8004935,-122.4201539,15394.0
60750102001019,60750102001,6075010200,94133.0,801,land - zero population,0,0,37.8014264,-122.4203426,15384.0
60750109001007,60750109001,6075010900,94109.0,801,land - populated,41,2,37.799275,-122.4195948,2932.0
60750109001001,60750109001,6075010900,94109.0,801,land - populated,248,14,37.7996297,-122.4200522,12493.0
60750109001005,60750109001,6075010900,94109.0,801,land - populated,85,9,37.7984303,-122.4194228,4777.0
60750109001003,60750109001,6075010900,94109.0,801,land - populated,50,2,37.7988975,-122.4195189,4904.0
60750109001002,60750109001,6075010900,94109.0,801,land - populated,29,1,37.798881,-122.4203571,1815.0
60750109001006,60750109001,6075010900,94109.0,801,land - populated,59,0,37.7984124,-122.4202637,3927.0
60750106002005,60750106002,6075010600,94133.0,872,land - populated,145,12,37.7976115,-122.405829,6307.0
60750611001003,60750611001,6075061100,94133.0,872,land - populated,18,0,37.796474,-122.4049477,2558.0
60750611003000,60750611003,6075061100,94133.0,638,land - populated,430,64,37.7965685,-122.4058444,10444.0
60750107003002,60750107003,6075010700,94133.0,638,land - populated,209,17,37.7972242,-122.406358,5757.0
60750107003001,60750107003,6075010700,94133.0,638,land - populated,38,3,37.7976596,-122.406699,1885.0
60750611003001,60750611003,6075061100,94133.0,638,land - populated,29,4,37.7964835,-122.4065894,2656.0
60750611002004,60750611002,6075061100,94108.0,490,land - populated,8,3,37.7948386,-122.4053176,7677.0
60750611002000,60750611002,6075061100,94108.0,490,land - populated,317,28,37.7957035,-122.4055919,9579.0
60750118001000,60750118001,6075011800,94108.0,490,land - populated,296,37,37.7941426,-122.4055081,6534.0
60750611002001,60750611002,6075061100,94108.0,490,land - populated,88,13,37.7956105,-122.4063492,3783.0
60750611002005,60750611002,6075061100,94108.0,490,land - populated,171,32,37.7947426,-122.4060722,5603.0
60750611002006,60750611002,6075061100,94108.0,490,land - populated,171,30,37.794672,-122.406651,4589.0
60750107003003,60750107003,6075010700,94133.0,638,land - populated,363,46,37.7972638,-122.4077244,14807.0
60750611003002,60750611003,6075061100,94133.0,638,land - populated,661,105,37.7963636,-122.4075415,14102.0
60750113001000,60750113001,6075011300,94133.0,638,land - populated,265,36,37.7962114,-122.4087526,7241.0
60750611002002,60750611002,6075061100,94108.0,490,land - populated,232,29,37.7955339,-122.4069565,6944.0
60750611002003,60750611002,6075061100,94108.0,490,land - populated,765,116,37.7954347,-122.407758,7217.0
60750611002007,60750611002,6075061100,94108.0,490,land - populated,128,12,37.794609,-122.4071506,4220.0
60750611002008,60750611002,6075061100,94108.0,490,land - populated,314,31,37.794537,-122.4076899,5310.0
60750113002000,60750113002,6075011300,94108.0,490,land - populated,252,39,37.7953317,-122.4085769,7257.0
60750113002001,60750113002,6075011300,94108.0,490,land - populated,200,15,37.7943978,-122.408812,14534.0
60750118001005,60750118001,6075011800,94108.0,490,land - populated,86,10,37.7930087,-122.4052748,14110.0
60750118001006,60750118001,6075011800,94108.0,490,land - populated,257,29,37.7936995,-122.4054169,6886.0
60750117001017,60750117001,6075011700,94108.0,490,land - zero population,0,0,37.7920876,-122.4049378,11791.0
60750117001018,60750117001,6075011700,94108.0,490,land - populated,30,3,37.7919915,-122.4056977,2721.0
60750118001001,60750118001,6075011800,94108.0,490,land - populated,58,5,37.7937895,-122.4064748,4557.0
60750118001004,60750118001,6075011800,94108.0,490,land - populated,401,44,37.7928144,-122.4068326,14896.0
60750117001019,60750117001,6075011700,94108.0,490,land - populated,215,17,37.7918746,-122.4066277,15058.0
60750117001022,60750117001,6075011700,94104.0,490,land - zero population,0,0,37.7911094,-122.405038,11367.0
60750117002007,60750117002,6075011700,94104.0,490,land - populated,4,0,37.7903793,-122.4051336,3902.0
60750117001021,60750117001,6075011700,94108.0,490,land - populated,208,5,37.7909332,-122.406436,14704.0
60750117002008,60750117002,6075011700,94108.0,490,land - populated,79,2,37.7899984,-122.4062759,14521.0
60750118001002,60750118001,6075011800,94108.0,490,land - populated,216,21,37.7937201,-122.4069807,4417.0
60750118001003,60750118001,6075011800,94108.0,490,land - populated,186,18,37.7936601,-122.4075236,5164.0
60750113002002,60750113002,6075011300,94108.0,490,land - populated,267,42,37.7935669,-122.4082237,7227.0
60750113002005,60750113002,6075011300,94108.0,490,land - populated,440,10,37.7926611,-122.4080409,7627.0
60750113002004,60750113002,6075011300,94108.0,490,land - populated,111,6,37.7925576,-122.4088575,7609.0
60750117001020,60750117001,6075011700,94108.0,490,land - zero population,0,0,37.7913475,-122.4073396,408.0
60750119022000,60750119022,6075011902,94108.0,490,land - populated,289,13,37.7917197,-122.4078527,7924.0
60750119021000,60750119021,6075011902,94108.0,490,land - populated,356,9,37.7907856,-122.4076046,6716.0
60750117002009,60750117002,6075011700,94108.0,490,land - populated,461,36,37.7897964,-122.4078719,15325.0
60750119022001,60750119022,6075011902,94108.0,490,land - populated,96,9,37.7916159,-122.4086707,7690.0
60750119021001,60750119021,6075011902,94108.0,490,land - populated,369,29,37.7906824,-122.4084229,8542.0
60750107003004,60750107003,6075010700,94133.0,638,land - populated,510,70,37.7970336,-122.4092288,12813.0
60750107003005,60750107003,6075010700,94133.0,638,land - populated,92,5,37.7972058,-122.4099686,2456.0
60750113001001,60750113001,6075011300,94133.0,638,land - populated,361,61,37.7961073,-122.4095754,7252.0
60750107003006,60750107003,6075010700,94133.0,638,land - populated,200,19,37.7968362,-122.410556,6373.0
60750113001002,60750113001,6075011300,94133.0,638,land - populated,235,24,37.796174,-122.4108545,7229.0
60750113001006,60750113001,6075011300,94108.0,490,land - zero population,0,0,37.7952643,-122.4091213,2343.0
60750113001005,60750113001,6075011300,94108.0,490,land - populated,100,18,37.7952113,-122.4095322,4906.0
60750112001000,60750112001,6075011200,94108.0,490,land - populated,204,22,37.7942695,-122.4098088,3153.0
60750113001003,60750113001,6075011300,94133.0,638,land - populated,301,51,37.7957335,-122.4107648,7275.0
60750113001004,60750113001,6075011300,94133.0,490,land - populated,348,29,37.7950717,-122.410632,14520.0
60750112001001,60750112001,6075011200,94108.0,490,land - populated,149,10,37.7942205,-122.4102169,4067.0
60750112001002,60750112001,6075011200,94108.0,490,land - populated,278,34,37.7941368,-122.4108611,7351.0
60750107002003,60750107002,6075010700,94133.0,638,land - populated,395,30,37.797808,-122.4111798,15155.0
60750107003007,60750107003,6075010700,94133.0,638,land - zero population,0,0,37.7971766,-122.4110787,1434.0
60750107003008,60750107003,6075010700,94133.0,638,land - populated,36,3,37.7972719,-122.4112015,1946.0
60750107003009,60750107003,6075010700,94133.0,638,land - populated,224,22,37.7967012,-122.4113824,5934.0
60750108002000,60750108002,6075010800,94133.0,801,land - zero population,0,0,37.7971524,-122.4121552,689.0
60750108001005,60750108001,6075010800,94133.0,801,land - populated,318,36,37.7976135,-122.412825,14837.0
60750108002001,60750108002,6075010800,94133.0,801,land - zero population,0,0,37.7970938,-122.4126696,1023.0
60750108002006,60750108002,6075010800,94133.0,801,land - populated,385,55,37.7966307,-122.4123401,8809.0
60750108003000,60750108003,6075010800,94133.0,490,land - populated,244,29,37.7957986,-122.412025,6993.0
60750108003004,60750108003,6075010800,94133.0,490,land - populated,237,23,37.7948638,-122.4122756,14509.0
60750108003001,60750108003,6075010800,94133.0,490,land - populated,212,7,37.7956959,-122.4128488,7600.0
60750112001003,60750112001,6075011200,94108.0,490,land - populated,292,21,37.793981,-122.4120989,14611.0
60750113002003,60750113002,6075011300,94108.0,490,land - populated,263,6,37.793464,-122.4090445,7277.0
60750112003000,60750112003,6075011200,94108.0,490,land - populated,281,24,37.7933063,-122.4102762,14489.0
60750112003001,60750112003,6075011200,94108.0,490,land - zero population,0,0,37.7924029,-122.410089,15320.0
60750119022002,60750119022,6075011902,94108.0,490,land - populated,1,0,37.791462,-122.409897,15758.0
60750119021002,60750119021,6075011902,94108.0,490,land - populated,553,23,37.7905202,-122.4097048,15353.0
60750112002000,60750112002,6075011200,94108.0,490,land - populated,155,16,37.7931436,-122.411558,8156.0
60750112003002,60750112003,6075011200,94108.0,490,land - zero population,0,0,37.7922416,-122.4113591,8302.0
60750112002001,60750112002,6075011200,94108.0,490,land - populated,170,4,37.7930385,-122.4123794,6355.0
60750112003003,60750112003,6075011200,94108.0,490,land - zero population,0,0,37.7921376,-122.4121807,6960.0
60750119022003,60750119022,6075011902,94108.0,790,land - populated,265,20,37.7912539,-122.411542,15725.0
60750119021003,60750119021,6075011902,94108.0,790,land - populated,669,28,37.790311,-122.41135,15345.0
60750119012000,60750119012,6075011901,94109.0,790,land - populated,762,25,37.7901012,-122.4129965,15457.0
60750117002020,60750117002,6075011700,94102.0,490,land - populated,2,0,37.7878991,-122.4058614,7225.0
60750117002011,60750117002,6075011700,94108.0,490,land - populated,37,0,37.7893055,-122.4061223,7137.0
60750117002019,60750117002,6075011700,94108.0,490,land - populated,3,0,37.7888351,-122.4060502,7440.0
60750117002018,60750117002,6075011700,94102.0,490,land - populated,6,0,37.7883639,-122.405952,7222.0
60750117002024,60750117002,6075011700,94102.0,790,land - zero population,0,0,37.7871867,-122.4057124,14925.0
60750615001033,60750615001,6075061500,94102.0,790,land - zero population,0,0,37.7862382,-122.4052059,1430.0
60750117002028,60750117002,6075011700,94102.0,790,land - populated,11,1,37.7863768,-122.4056578,9143.0
60750117002010,60750117002,6075011700,94108.0,490,land - zero population,0,0,37.7888634,-122.4076805,15321.0
60750117002026,60750117002,6075011700,94102.0,490,land - zero population,0,0,37.7879293,-122.4074984,15246.0
60750117002025,60750117002,6075011700,94102.0,790,land - populated,57,0,37.7869881,-122.4073124,15607.0
60750117002027,60750117002,6075011700,94102.0,790,land - populated,50,3,37.7860473,-122.4070761,15893.0
60750123011000,60750123011,6075012301,94102.0,790,land - populated,73,0,37.7868179,-122.4088858,14034.0
60750123011006,60750123011,6075012301,94102.0,790,land - populated,159,6,37.7859032,-122.4083855,8084.0
60750176011000,60750176011,6075017601,94102.0,497,land - zero population,0,0,37.7851478,-122.4065896,1735.0
60750176011001,60750176011,6075017601,94102.0,497,land - populated,21,0,37.7842653,-122.4062069,47534.0
60750176011004,60750176011,6075017601,94103.0,497,land - zero population,0,0,37.7833882,-122.4050959,18838.0
60750176011006,60750176011,6075017601,94103.0,497,land - zero population,0,0,37.7830716,-122.4065878,2659.0
60750176011009,60750176011,6075017601,94103.0,497,land - zero population,0,0,37.7818015,-122.406089,5646.0
60750176011008,60750176011,6075017601,94103.0,497,land - zero population,0,0,37.7822066,-122.4065938,6609.0
60750117002029,60750117002,6075011700,94102.0,790,land - populated,3,0,37.7852304,-122.4071186,10274.0
60750176011002,60750176011,6075017601,94102.0,497,land - zero population,0,0,37.7842774,-122.4076968,790.0
60750125012000,60750125012,6075012501,94102.0,790,land - populated,2,0,37.7849807,-122.4081803,7484.0
60750125012005,60750125012,6075012501,94102.0,790,land - populated,50,0,37.7843752,-122.407984,3306.0
60750176015000,60750176015,6075017601,94102.0,497,land - zero population,0,0,37.7837309,-122.4083894,693.0
60750125012004,60750125012,6075012501,94102.0,790,land - populated,116,7,37.7839671,-122.4087921,7705.0
60750176011007,60750176011,6075017601,94103.0,497,land - zero population,0,0,37.7827415,-122.4071749,7492.0
60750176015009,60750176015,6075017601,94102.0,790,land - zero population,0,0,37.7834067,-122.4088057,274.0
60750176015003,60750176015,6075017601,94103.0,497,land - populated,35,4,37.7832431,-122.408935,494.0
60750176015001,60750176015,6075017601,94103.0,497,land - populated,5,2,37.7828588,-122.4088542,18561.0
60750176015005,60750176015,6075017601,94103.0,497,land - populated,87,2,37.7817919,-122.4082048,12769.0
60750176015004,60750176015,6075017601,94103.0,497,land - populated,276,8,37.7824022,-122.4084669,14068.0
60750121002000,60750121002,6075012100,94108.0,490,land - populated,304,11,37.7895882,-122.4095141,15439.0
60750121002003,60750121002,6075012100,94108.0,490,land - populated,123,7,37.7886539,-122.4093239,15457.0
60750123022000,60750123022,6075012302,94108.0,490,land - zero population,0,0,37.787721,-122.4091406,15446.0
60750121002002,60750121002,6075012100,94102.0,790,land - populated,143,2,37.7884446,-122.4109706,15382.0
60750123011002,60750123011,6075012301,94102.0,790,land - populated,128,0,37.7857823,-122.4092041,7083.0
60750123011003,60750123011,6075012301,94102.0,790,land - populated,15,1,37.7864529,-122.4095522,1616.0
60750123022001,60750123022,6075012302,94102.0,790,land - populated,139,5,37.7875107,-122.4107876,15348.0
60750123011004,60750123011,6075012301,94102.0,790,land - populated,4,0,37.7856393,-122.4104119,15158.0
60750123011001,60750123011,6075012301,94102.0,790,land - zero population,0,0,37.786572,-122.4105994,15563.0
60750121002001,60750121002,6075012100,94108.0,790,land - populated,538,17,37.7893787,-122.4111588,15392.0
60750121001000,60750121001,6075012100,94109.0,790,land - populated,510,8,37.7891686,-122.4128075,15448.0
60750121001004,60750121001,6075012100,94102.0,790,land - populated,46,8,37.7879797,-122.4120509,1927.0
60750121001003,60750121001,6075012100,94109.0,790,land - populated,365,21,37.7883833,-122.412649,10615.0
60750121001005,60750121001,6075012100,94102.0,790,land - populated,87,0,37.7879139,-122.4125704,1165.0
60750123022002,60750123022,6075012302,94102.0,790,land - populated,448,12,37.7873539,-122.4120224,7724.0
60750123022005,60750123022,6075012302,94102.0,790,land - populated,141,4,37.7864162,-122.4118324,7782.0
60750123022003,60750123022,6075012302,94102.0,790,land - populated,191,1,37.787249,-122.4128465,7684.0
60750123022004,60750123022,6075012302,94102.0,790,land - populated,391,18,37.786312,-122.4126546,7753.0
60750125012001,60750125012,6075012501,94102.0,790,land - populated,121,5,37.7848695,-122.4089921,7708.0
60750125012002,60750125012,6075012501,94102.0,790,land - populated,571,81,37.7847117,-122.4102247,15390.0
60750125012003,60750125012,6075012501,94102.0,790,land - populated,687,15,37.7837774,-122.4100269,15417.0
60750176015002,60750176015,6075017601,94103.0,790,land - zero population,0,0,37.7827786,-122.4095971,1052.0
60750125011000,60750125011,6075012501,94102.0,790,land - populated,2,0,37.7829287,-122.410051,10485.0
60750176015010,60750176015,6075017601,94102.0,497,land - zero population,0,0,37.782265,-122.4101523,498.0
60750125021000,60750125021,6075012502,94102.0,790,land - populated,745,13,37.7845036,-122.4118669,15365.0
60750125022000,60750125022,6075012502,94102.0,790,land - populated,980,79,37.7835728,-122.4116811,15306.0
60750123011005,60750123011,6075012301,94102.0,790,land - populated,1142,60,37.7854316,-122.4120549,15204.0
60750125011001,60750125011,6075012501,94102.0,790,land - populated,596,49,37.7826404,-122.4114856,15501.0
60750125011004,60750125011,6075012501,94103.0,790,land - populated,58,1,37.7817954,-122.4114878,10657.0
60750108002002,60750108002,6075010800,94133.0,801,land - populated,18,1,37.7970201,-122.4132591,935.0
60750108002005,60750108002,6075010800,94133.0,801,land - populated,115,10,37.7965291,-122.4131639,4679.0
60750108001001,60750108001,6075010800,94133.0,801,land - populated,293,29,37.7978455,-122.4145624,30852.0
60750108002004,60750108002,6075010800,94133.0,801,land - populated,109,4,37.7966104,-122.4143144,6290.0
60750108002003,60750108002,6075010800,94133.0,801,land - populated,68,1,37.7968558,-122.414354,1729.0
60750108002010,60750108002,6075010800,94133.0,801,land - populated,188,13,37.7961997,-122.4142303,7206.0
60750108003003,60750108003,6075010800,94133.0,490,land - populated,332,16,37.7946542,-122.4139183,14412.0
60750108003002,60750108003,6075010800,94133.0,490,land - populated,388,25,37.7955366,-122.4140968,14582.0
60750108001004,60750108001,6075010800,94109.0,801,land - populated,155,19,37.7969409,-122.4160638,7929.0
60750108002007,60750108002,6075010800,94109.0,801,land - populated,71,4,37.7966514,-122.4159963,1659.0
60750108002008,60750108002,6075010800,94109.0,801,land - populated,122,17,37.7964066,-122.415958,6380.0
60750108002009,60750108002,6075010800,94109.0,801,land - populated,168,14,37.7959935,-122.4158732,7265.0
60750108001003,60750108001,6075010800,94109.0,801,land - populated,123,15,37.7974131,-122.4161612,7664.0
60750110001000,60750110001,6075011000,94109.0,801,land - populated,3,1,37.7965275,-122.4170048,349.0
60750108002011,60750108002,6075010800,94109.0,834,land - populated,345,30,37.7953279,-122.4157399,14717.0
60750108003005,60750108003,6075010800,94109.0,834,land - populated,377,26,37.7944404,-122.4155604,14599.0
60750112001004,60750112001,6075011200,94108.0,490,land - populated,385,19,37.7937713,-122.413739,14597.0
60750112002002,60750112002,6075011200,94108.0,490,land - populated,180,9,37.7931077,-122.4136046,7234.0
60750112002005,60750112002,6075011200,94108.0,490,land - populated,135,10,37.7926677,-122.4135163,7257.0
60750112003004,60750112003,6075011200,94108.0,490,land - populated,4,0,37.7919843,-122.413378,15272.0
60750112001005,60750112001,6075011200,94109.0,834,land - populated,122,0,37.7936274,-122.4148444,5072.0
60750112003005,60750112003,6075011200,94109.0,834,land - populated,419,21,37.7917745,-122.4150216,15275.0
60750119011000,60750119011,6075011901,94109.0,790,land - populated,367,9,37.7910446,-122.4131873,15759.0
60750119011001,60750119011,6075011901,94109.0,790,land - populated,531,21,37.7908348,-122.4148328,15690.0
60750119012001,60750119012,6075011901,94109.0,790,land - populated,748,12,37.7898916,-122.4146438,15388.0
60750112002004,60750112002,6075011200,94109.0,834,land - populated,164,18,37.7935219,-122.415667,9437.0
60750112002003,60750112002,6075011200,94109.0,834,land - populated,348,12,37.7926783,-122.4152032,14506.0
60750110003000,60750110003,6075011000,94109.0,834,land - populated,508,29,37.7933484,-122.4170253,14499.0
60750111001000,60750111001,6075011100,94109.0,834,land - populated,415,12,37.7924686,-122.4168477,14541.0
60750111002000,60750111002,6075011100,94109.0,834,land - populated,447,15,37.7915583,-122.4166682,15490.0
60750111002003,60750111002,6075011100,94109.0,790,land - populated,424,28,37.7906198,-122.4164727,15511.0
60750109002005,60750109002,6075010900,94109.0,801,land - populated,290,25,37.7969703,-122.4177571,15375.0
60750110001003,60750110001,6075011000,94109.0,801,land - populated,151,0,37.7960684,-122.4175476,7958.0
60750110001001,60750110001,6075011000,94109.0,801,land - populated,21,0,37.7964349,-122.4178079,1399.0
60750110001002,60750110001,6075011000,94109.0,801,land - populated,5,0,37.7963187,-122.4177734,1545.0
60750110001011,60750110001,6075011000,94109.0,801,land - populated,77,3,37.7956941,-122.4174973,4171.0
60750110002000,60750110002,6075011000,94109.0,834,land - populated,557,53,37.7951196,-122.4173835,14712.0
60750110002006,60750110002,6075011000,94109.0,834,land - populated,395,27,37.79423,-122.4172028,14554.0
60750110001004,60750110001,6075011000,94109.0,801,land - populated,137,10,37.7957762,-122.418773,5962.0
60750110002001,60750110002,6075011000,94109.0,834,land - populated,301,23,37.79491,-122.4190248,14822.0
60750110002005,60750110002,6075011000,94109.0,834,land - populated,279,22,37.7940178,-122.4188455,14572.0
60750109002001,60750109002,6075010900,94109.0,801,land - populated,279,19,37.7976922,-122.4195906,15426.0
60750109002004,60750109002,6075010900,94109.0,801,land - populated,246,17,37.796771,-122.4193959,15027.0
60750110001006,60750110001,6075011000,94109.0,801,land - populated,14,0,37.7962547,-122.4193241,1973.0
60750109002002,60750109002,6075010900,94109.0,801,land - populated,309,9,37.7974669,-122.4212319,15248.0
60750109002003,60750109002,6075010900,94109.0,801,land - populated,228,15,37.7965361,-122.4210349,15480.0
60750110001008,60750110001,6075011000,94109.0,801,land - zero population,0,0,37.7960368,-122.4209314,1031.0
60750110001005,60750110001,6075011000,94109.0,801,land - populated,115,9,37.7957777,-122.4195317,7836.0
60750110001007,60750110001,6075011000,94109.0,801,land - populated,173,9,37.7955669,-122.420858,14383.0
60750110002002,60750110002,6075011000,94109.0,834,land - populated,250,22,37.7946906,-122.4206687,14615.0
60750110003003,60750110003,6075011000,94109.0,834,land - populated,442,45,37.7938058,-122.4204914,14665.0
60750110003001,60750110003,6075011000,94109.0,834,land - populated,394,11,37.7931373,-122.4186681,14454.0
60750111001001,60750111001,6075011100,94109.0,834,land - populated,490,35,37.792256,-122.4184928,14580.0
60750111002002,60750111002,6075011100,94109.0,790,land - populated,364,11,37.7904085,-122.418123,15506.0
60750111002001,60750111002,6075011100,94109.0,834,land - populated,525,32,37.7913477,-122.4183028,15354.0
60750111001002,60750111001,6075011100,94109.0,834,land - populated,417,15,37.792044,-122.4201373,14699.0
60750110003002,60750110003,6075011000,94109.0,834,land - populated,340,33,37.7929252,-122.4203162,14477.0
60750111001005,60750111001,6075011100,94109.0,834,land - populated,353,15,37.7911414,-122.4199548,15181.0
60750111002004,60750111002,6075011100,94109.0,790,land - populated,239,6,37.790204,-122.4197648,15856.0
60750121001006,60750121001,6075012100,94102.0,790,land - populated,113,6,37.78785,-122.4130746,1825.0
60750121001001,60750121001,6075012100,94109.0,790,land - populated,766,29,37.7889588,-122.4144567,15358.0
60750121001002,60750121001,6075012100,94109.0,790,land - populated,838,25,37.7880261,-122.4142689,15385.0
60750123021000,60750123021,6075012302,94109.0,790,land - populated,942,44,37.7870917,-122.4140788,15408.0
60750123021001,60750123021,6075012302,94102.0,790,land - populated,821,26,37.7861553,-122.4138884,15503.0
60750120001000,60750120001,6075012000,94109.0,790,land - populated,718,30,37.7887491,-122.4161003,15365.0
60750120002000,60750120002,6075012000,94109.0,790,land - populated,656,31,37.7878161,-122.4159114,15381.0
60750111003000,60750111003,6075011100,94109.0,790,land - populated,258,17,37.7896822,-122.4162884,15415.0
60750122011000,60750122011,6075012201,94109.0,790,land - populated,963,85,37.7868823,-122.4157227,15398.0
60750122011003,60750122011,6075012201,94109.0,859,land - populated,845,77,37.7859473,-122.4155327,15410.0
60750123012000,60750123012,6075012301,94102.0,790,land - populated,1213,162,37.7852195,-122.4136991,15405.0
60750125021001,60750125021,6075012502,94102.0,790,land - populated,1215,81,37.784291,-122.413511,15280.0
60750125022001,60750125022,6075012502,94102.0,859,land - populated,881,93,37.7833638,-122.413326,15327.0
60750125011002,60750125011,6075012501,94102.0,859,land - populated,1047,264,37.7824333,-122.4131382,15346.0
60750124012001,60750124012,6075012401,94102.0,859,land - populated,1498,234,37.7831549,-122.4149683,15312.0
60750124012002,60750124012,6075012401,94102.0,859,land - populated,673,71,37.7822241,-122.4147798,15308.0
60750122012000,60750122012,6075012201,94109.0,859,land - populated,932,63,37.7850162,-122.4153451,15255.0
60750124012000,60750124012,6075012401,94109.0,859,land - populated,959,119,37.7840867,-122.4151567,15358.0
60750122012001,60750122012,6075012201,94109.0,859,land - populated,936,97,37.7848071,-122.4169858,15273.0
60750124011000,60750124011,6075012401,94109.0,859,land - populated,441,47,37.7838777,-122.4167963,15276.0
60750124011001,60750124011,6075012401,94102.0,859,land - populated,767,96,37.7829469,-122.4166115,15398.0
60750124011002,60750124011,6075012401,94102.0,859,land - populated,737,71,37.7820157,-122.4164208,15317.0
60750111003001,60750111003,6075011100,94109.0,790,land - populated,186,10,37.789474,-122.417928,15234.0
60750120001001,60750120001,6075012000,94109.0,790,land - populated,737,41,37.7885408,-122.4177429,15402.0
60750120002001,60750120002,6075012000,94109.0,790,land - populated,676,47,37.7876074,-122.4175502,15264.0
60750122011001,60750122011,6075012201,94109.0,790,land - populated,329,16,37.7866733,-122.4173619,15350.0
60750122011002,60750122011,6075012201,94109.0,859,land - populated,562,49,37.7857384,-122.4171744,15360.0
60750120002006,60750120002,6075012000,94109.0,790,land - populated,476,42,37.7871581,-122.4191468,7483.0
60750122021000,60750122021,6075012202,94109.0,790,land - populated,296,29,37.7866979,-122.419052,7806.0
60750122021003,60750122021,6075012202,94109.0,790,land - populated,266,12,37.7862298,-122.4189602,7708.0
60750122021004,60750122021,6075012202,94109.0,859,land - populated,655,45,37.7857674,-122.4188661,7595.0
60750111003002,60750111003,6075011100,94109.0,790,land - populated,71,2,37.7894977,-122.419622,7524.0
60750111003006,60750111003,6075011100,94109.0,790,land - populated,163,1,37.7890375,-122.4195285,7716.0
60750120001002,60750120001,6075012000,94109.0,790,land - populated,55,0,37.7885661,-122.4194324,7899.0
60750120001006,60750120001,6075012000,94109.0,790,land - populated,352,7,37.7880945,-122.4193375,7714.0
60750111003003,60750111003,6075011100,94109.0,790,land - populated,71,14,37.7892954,-122.4212227,7079.0
60750111003005,60750111003,6075011100,94109.0,790,land - populated,165,5,37.788832,-122.4211286,7239.0
60750120001003,60750120001,6075012000,94109.0,790,land - populated,106,5,37.7883637,-122.4210337,7398.0
60750120001005,60750120001,6075012000,94109.0,790,land - populated,15,2,37.78789,-122.4209378,7242.0
60750120002002,60750120002,6075012000,94109.0,790,land - populated,12,0,37.7876225,-122.4192408,7924.0
60750120002003,60750120002,6075012000,94109.0,790,land - populated,2,0,37.787422,-122.4208426,7389.0
60750120002005,60750120002,6075012000,94109.0,790,land - populated,28,0,37.7869549,-122.4207492,7044.0
60750122021001,60750122021,6075012202,94109.0,790,land - populated,129,16,37.7864971,-122.4206559,7273.0
60750122021002,60750122021,6075012202,94109.0,790,land - populated,437,5,37.7860273,-122.4205616,7245.0
60750122021009,60750122021,6075012202,94109.0,859,land - populated,171,7,37.7848344,-122.418678,7571.0
60750122021008,60750122021,6075012202,94109.0,859,land - populated,522,46,37.7853005,-122.4187703,7813.0
60750122021013,60750122021,6075012202,94109.0,859,land - populated,37,0,37.7843689,-122.4185821,7838.0
60750124023000,60750124023,6075012402,94109.0,859,land - populated,256,42,37.7839027,-122.4184918,7620.0
60750124022000,60750124022,6075012402,94102.0,859,land - zero population,0,0,37.7818074,-122.4180714,15506.0
60750124023004,60750124023,6075012402,94109.0,859,land - populated,631,138,37.7834393,-122.4184009,7742.0
60750124023005,60750124023,6075012402,94102.0,859,land - populated,138,18,37.7827398,-122.4182605,15447.0
60750122021012,60750122021,6075012202,94109.0,859,land - populated,103,4,37.7841648,-122.4201965,7425.0
60750124023001,60750124023,6075012402,94109.0,859,land - populated,194,10,37.7837008,-122.4201053,7284.0
60750122021007,60750122021,6075012202,94109.0,859,land - populated,67,2,37.785096,-122.4203824,7467.0
60750122021005,60750122021,6075012202,94109.0,859,land - populated,209,27,37.785564,-122.4204843,7360.0
60750122021010,60750122021,6075012202,94109.0,859,land - populated,94,6,37.7846322,-122.4202911,7272.0
60750122021011,60750122021,6075012202,94109.0,786,land - zero population,0,0,37.7842874,-122.4210967,1221.0
60750124023003,60750124023,6075012402,94109.0,859,land - populated,141,5,37.7832341,-122.4200097,7323.0
60750124023006,60750124023,6075012402,94109.0,859,land - populated,573,24,37.7825357,-122.41987,14625.0
60750124022001,60750124022,6075012402,94102.0,859,land - populated,4,2,37.7818399,-122.4197275,7249.0
60750124023002,60750124023,6075012402,94109.0,859,land - zero population,0,0,37.7833549,-122.4209037,1208.0
60750124023007,60750124023,6075012402,94109.0,859,land - zero population,0,0,37.7824252,-122.4207265,1383.0
60750607003000,60750607003,6075060700,94107.0,497,land - populated,503,44,37.7808927,-122.3893852,19145.0
60750607003005,60750607003,6075060700,94107.0,497,land - zero population,0,0,37.7804257,-122.3889299,4395.0
60750607003004,60750607003,6075060700,94107.0,497,land - zero population,0,0,37.7799526,-122.388682,9394.0
60750607003003,60750607003,6075060700,94107.0,497,land - zero population,0,0,37.7786612,-122.3902749,19925.0
60750615005011,60750615005,6075061500,94107.0,497,land - populated,35,2,37.7810141,-122.39157,12932.0
60750615005010,60750615005,6075061500,94107.0,497,land - populated,20,2,37.7803499,-122.3923761,26681.0
60750607003002,60750607003,6075060700,94107.0,497,land - zero population,0,0,37.7789602,-122.3906944,7599.0
60750607003001,60750607003,6075060700,94107.0,497,land - populated,367,16,37.7793934,-122.3912159,29095.0
60750607001018,60750607001,6075060700,94158.0,497,land - zero population,0,0,37.7747019,-122.3887726,72597.0
60750607001021,60750607001,6075060700,94158.0,497,land - zero population,0,0,37.7754375,-122.3909366,34228.0
60750607001003,60750607001,6075060700,94107.0,497,land - zero population,0,0,37.77642,-122.3918619,23823.0
60750607001004,60750607001,6075060700,94107.0,497,land - populated,795,126,37.7769032,-122.3925296,20224.0
60750607001028,60750607001,6075060700,94158.0,497,land - populated,3,1,37.7737627,-122.3905988,27714.0
60750615005014,60750615005,6075061500,94107.0,497,land - populated,20,1,37.779729,-122.3932685,13927.0
60750615005012,60750615005,6075061500,94107.0,497,land - populated,50,2,37.7806615,-122.3939095,5714.0
60750615005013,60750615005,6075061500,94107.0,497,land - populated,8,1,37.7808966,-122.3943111,6085.0
60750607001006,60750607001,6075060700,94107.0,497,land - populated,980,76,37.7776327,-122.3934444,29243.0
60750180001011,60750180001,6075018000,94107.0,497,land - populated,53,1,37.7792585,-122.3937949,12976.0
60750180001012,60750180001,6075018000,94107.0,497,land - zero population,0,0,37.7786342,-122.3937934,2952.0
60750180001013,60750180001,6075018000,94107.0,497,land - populated,15,1,37.7784049,-122.3940731,3749.0
60750615005008,60750615005,6075061500,94107.0,497,land - populated,149,6,37.7813093,-122.394821,6421.0
60750180001005,60750180001,6075018000,94107.0,497,land - populated,238,45,37.780492,-122.3953411,12937.0
60750180001006,60750180001,6075018000,94107.0,497,land - populated,49,1,37.7800952,-122.395843,11113.0
60750180001010,60750180001,6075018000,94107.0,497,land - populated,154,7,37.7783508,-122.3950985,34050.0
60750180001009,60750180001,6075018000,94107.0,497,land - zero population,0,0,37.7790239,-122.3961829,10127.0
60750607001005,60750607001,6075060700,94107.0,497,land - zero population,0,0,37.7772179,-122.392918,6979.0
60750607001029,60750607001,6075060700,94158.0,497,land - zero population,0,0,37.773484,-122.3926772,28029.0
60750607001033,60750607001,6075060700,94158.0,497,land - zero population,0,0,37.7742829,-122.3934871,3901.0
60750607001007,60750607001,6075060700,94158.0,497,land - populated,515,34,37.7746618,-122.3941392,22026.0
60750607001009,60750607001,6075060700,94158.0,497,land - zero population,0,0,37.7754494,-122.3951517,6684.0
60750607001014,60750607001,6075060700,94158.0,497,land - zero population,0,0,37.775694,-122.3954508,14251.0
60750180001033,60750180001,6075018000,94158.0,497,land - populated,326,11,37.776515,-122.396475,26358.0
60750607001013,60750607001,6075060700,94158.0,497,land - populated,15,0,37.7760371,-122.3958725,15138.0
60750607001008,60750607001,6075060700,94158.0,497,land - populated,938,41,37.7751443,-122.3947565,20183.0
60750607001025,60750607001,6075060700,94158.0,497,land - populated,75,4,37.7715816,-122.3886904,16084.0
60750607001027,60750607001,6075060700,94158.0,497,land - populated,290,14,37.7724142,-122.3904583,14155.0
60750607001026,60750607001,6075060700,94158.0,497,land - zero population,0,0,37.7715195,-122.3903829,14333.0
60750607001055,60750607001,6075060700,94158.0,497,land - zero population,0,0,37.7709064,-122.3886959,5879.0
60750607001056,60750607001,6075060700,94158.0,497,land - zero population,0,0,37.769782,-122.3884858,32958.0
60750607001054,60750607001,6075060700,94158.0,497,land - zero population,0,0,37.7708489,-122.3903287,6694.0
60750607001057,60750607001,6075060700,94158.0,497,land - populated,421,22,37.7701525,-122.3902933,16252.0
60750607001058,60750607001,6075060700,94158.0,497,land - populated,665,32,37.7692015,-122.3902535,16773.0
60750607001059,60750607001,6075060700,94158.0,497,land - zero population,0,0,37.7682744,-122.3901298,15932.0
60750607001062,60750607001,6075060700,94158.0,497,land - populated,220,26,37.7673371,-122.3900546,17342.0
60750226001005,60750226001,6075022600,94107.0,497,land - zero population,0,0,37.7656447,-122.3884819,22372.0
60750226001006,60750226001,6075022600,94107.0,497,land - zero population,0,0,37.7656052,-122.3889754,2728.0
60750607001061,60750607001,6075060700,94158.0,497,land - zero population,0,0,37.7672143,-122.3920301,20462.0
60750607001060,60750607001,6075060700,94158.0,497,land - zero population,0,0,37.7680351,-122.3925732,25104.0
60750226001007,60750226001,6075022600,94107.0,497,land - zero population,0,0,37.765537,-122.391222,110450.0
60750607001053,60750607001,6075060700,94158.0,497,land - populated,63,6,37.770631,-122.3926914,133164.0
60750607001036,60750607001,6075060700,94158.0,497,land - populated,509,29,37.7729093,-122.3963734,21390.0
60750607001048,60750607001,6075060700,94158.0,497,land - zero population,0,0,37.7719565,-122.3963615,4164.0
60750607001031,60750607001,6075060700,94158.0,497,land - zero population,0,0,37.7710537,-122.3948088,38460.0
60750607001032,60750607001,6075060700,94158.0,497,land - zero population,0,0,37.7697649,-122.395589,34640.0
60750607001052,60750607001,6075060700,94107.0,497,land - zero population,0,0,37.7673649,-122.3943824,25147.0
60750607001064,60750607001,6075060700,94107.0,497,land - zero population,0,0,37.7664249,-122.3941171,1307.0
60750607001063,60750607001,6075060700,94107.0,497,land - zero population,0,0,37.7662057,-122.3942665,2569.0
60750607001049,60750607001,6075060700,94107.0,497,land - zero population,0,0,37.7699044,-122.397855,15400.0
60750607001070,60750607001,6075060700,94107.0,497,land - populated,30,0,37.7657825,-122.3944852,8816.0
60750607001051,60750607001,6075060700,94107.0,497,land - zero population,0,0,37.7675506,-122.3961938,1434.0
60750607001067,60750607001,6075060700,94107.0,497,land - zero population,0,0,37.7668927,-122.3953681,1578.0
60750607001068,60750607001,6075060700,94107.0,497,land - zero population,0,0,37.7667135,-122.3958901,5593.0
60750607001071,60750607001,6075060700,94107.0,497,land - populated,67,13,37.765838,-122.3958647,24804.0
60750180001001,60750180001,6075018000,94107.0,497,land - populated,2,0,37.7813185,-122.3976733,5911.0
60750180001004,60750180001,6075018000,94107.0,497,land - populated,61,4,37.7806569,-122.3972177,18408.0
60750180001003,60750180001,6075018000,94107.0,497,land - zero population,0,0,37.7809349,-122.3974733,2462.0
60750180001007,60750180001,6075018000,94107.0,497,land - zero population,0,0,37.7798312,-122.397186,10170.0
60750180001002,60750180001,6075018000,94107.0,497,land - zero population,0,0,37.7808796,-122.397857,7949.0
60750180001000,60750180001,6075018000,94107.0,497,land - populated,1,0,37.7814592,-122.3982277,18726.0
60750180001008,60750180001,6075018000,94107.0,497,land - populated,433,15,37.7794238,-122.3966869,9028.0
60750180001014,60750180001,6075018000,94107.0,497,land - populated,586,16,37.778064,-122.3984137,53346.0
60750178012005,60750178012,6075017801,94107.0,497,land - populated,261,1,37.7815021,-122.399314,11558.0
60750180001018,60750180001,6075018000,94107.0,497,land - populated,2,0,37.7797733,-122.3997862,1058.0
60750180001023,60750180001,6075018000,94107.0,497,land - populated,3,0,37.7797011,-122.4004605,18416.0
60750180001016,60750180001,6075018000,94107.0,497,land - populated,2,0,37.7794529,-122.3990881,5423.0
60750180001015,60750180001,6075018000,94107.0,497,land - zero population,0,0,37.7787161,-122.3995979,14454.0
60750180001017,60750180001,6075018000,94107.0,497,land - zero population,0,0,37.7792624,-122.4000099,14107.0
60750180001032,60750180001,6075018000,94107.0,497,land - populated,6,0,37.7771338,-122.3972494,27180.0
60750607001010,60750607001,6075060700,94107.0,497,land - populated,414,13,37.7734934,-122.3967922,17042.0
60750607001065,60750607001,6075060700,94107.0,497,land - populated,185,16,37.7747572,-122.3987089,26664.0
60750607001012,60750607001,6075060700,94107.0,497,land - populated,7,3,37.774108,-122.3978516,31094.0
60750607001066,60750607001,6075060700,94107.0,497,land - populated,515,6,37.7753812,-122.3994755,26887.0
60750180001019,60750180001,6075018000,94107.0,497,land - populated,46,1,37.7763036,-122.4006395,53328.0
60750180002020,60750180002,6075018000,94107.0,497,land - zero population,0,0,37.7739077,-122.3999225,1083.0
60750180002019,60750180002,6075018000,94103.0,497,land - zero population,0,0,37.7740546,-122.4002631,2961.0
60750178012003,60750178012,6075017801,94107.0,497,land - populated,557,18,37.7805235,-122.4014956,16033.0
60750178012006,60750178012,6075017801,94107.0,497,land - populated,17,2,37.780125,-122.4009966,18486.0
60750178012004,60750178012,6075017801,94107.0,497,land - populated,423,26,37.7809267,-122.4020001,18884.0
60750178011001,60750178011,6075017801,94103.0,497,land - populated,122,2,37.78136,-122.402542,18615.0
60750180001020,60750180001,6075018000,94107.0,497,land - populated,20,5,37.7775933,-122.4012095,11107.0
60750180001021,60750180001,6075018000,94107.0,497,land - zero population,0,0,37.7782258,-122.4013538,3503.0
60750180001022,60750180001,6075018000,94107.0,497,land - populated,4,0,37.7786018,-122.4018426,4563.0
60750180001026,60750180001,6075018000,94107.0,497,land - zero population,0,0,37.7778358,-122.4019669,2854.0
60750180001027,60750180001,6075018000,94107.0,497,land - populated,4,0,37.7781676,-122.4024052,4730.0
60750180001025,60750180001,6075018000,94107.0,497,land - zero population,0,0,37.7774517,-122.4026166,2098.0
60750178011003,60750178011,6075017801,94103.0,497,land - populated,294,4,37.7813132,-122.4036256,7988.0
60750178021003,60750178021,6075017802,94107.0,497,land - populated,41,5,37.7796348,-122.4036356,8851.0
60750178021002,60750178021,6075017802,94103.0,497,land - populated,36,0,37.7796005,-122.4047748,18831.0
60750178021004,60750178021,6075017802,94107.0,497,land - populated,127,8,37.7787645,-122.4037226,16016.0
60750178021005,60750178021,6075017802,94107.0,497,land - populated,193,5,37.7783658,-122.4032244,18501.0
60750180001028,60750180001,6075018000,94107.0,497,land - populated,4,0,37.7777333,-122.4029952,4322.0
60750178021018,60750178021,6075017802,94107.0,497,land - populated,71,4,37.7787548,-122.4047494,10050.0
60750180001024,60750180001,6075018000,94107.0,497,land - populated,1,0,37.7770155,-122.402113,7244.0
60750180001031,60750180001,6075018000,94107.0,497,land - populated,1,0,37.7766227,-122.4027237,7883.0
60750180002011,60750180002,6075018000,94103.0,497,land - populated,91,6,37.7752122,-122.4020229,12880.0
60750180002012,60750180002,6075018000,94103.0,497,land - populated,98,2,37.7747679,-122.4025769,13855.0
60750180001030,60750180001,6075018000,94107.0,497,land - zero population,0,0,37.7770761,-122.4032685,1532.0
60750180001029,60750180001,6075018000,94107.0,497,land - populated,8,0,37.7773201,-122.4035767,3619.0
60750180002004,60750180002,6075018000,94103.0,497,land - zero population,0,0,37.7765688,-122.4037643,1395.0
60750180002005,60750180002,6075018000,94103.0,497,land - populated,25,1,37.7761656,-122.4032342,7407.0
60750180002000,60750180002,6075018000,94103.0,497,land - zero population,0,0,37.7769202,-122.4041505,3053.0
60750180002003,60750180002,6075018000,94103.0,497,land - zero population,0,0,37.7767127,-122.4038943,1296.0
60750180002006,60750180002,6075018000,94103.0,497,land - populated,1216,1,37.7753748,-122.4044182,27214.0
60750180002013,60750180002,6075018000,94103.0,497,land - populated,15,1,37.7743169,-122.403158,13741.0
60750180002014,60750180002,6075018000,94103.0,497,land - populated,8,2,37.7738774,-122.4037097,12801.0
60750180002015,60750180002,6075018000,94103.0,497,land - populated,36,1,37.7734606,-122.4042471,12706.0
60750607001011,60750607001,6075060700,94107.0,497,land - zero population,0,0,37.7732825,-122.3976739,8286.0
60750607001037,60750607001,6075060700,94107.0,497,land - zero population,0,0,37.77182,-122.3976505,3428.0
60750607001038,60750607001,6075060700,94107.0,497,land - zero population,0,0,37.772527,-122.3982302,1269.0
60750607001039,60750607001,6075060700,94107.0,497,land - zero population,0,0,37.7723507,-122.3983424,2492.0
60750607001044,60750607001,6075060700,94107.0,497,land - zero population,0,0,37.7715938,-122.39802,2858.0
60750607001030,60750607001,6075060700,94107.0,497,land - populated,40,2,37.7686409,-122.3967188,65664.0
60750607001045,60750607001,6075060700,94107.0,497,land - zero population,0,0,37.7702424,-122.3986154,31396.0
60750607001022,60750607001,6075060700,94107.0,497,land - zero population,0,0,37.7731888,-122.3990442,1172.0
60750607001023,60750607001,6075060700,94107.0,497,land - zero population,0,0,37.7731115,-122.3991645,1720.0
60750607001040,60750607001,6075060700,94107.0,497,land - populated,463,82,37.7715882,-122.3994657,23135.0
60750607001041,60750607001,6075060700,94107.0,497,land - zero population,0,0,37.7722686,-122.4002295,26504.0
60750607001050,60750607001,6075060700,94107.0,497,land - zero population,0,0,37.7682096,-122.3969937,1670.0
60750607002010,60750607002,6075060700,94107.0,497,land - zero population,0,0,37.7672801,-122.3981329,25894.0
60750607001069,60750607001,6075060700,94107.0,497,land - zero population,0,0,37.7669576,-122.3970205,17995.0
60750607001072,60750607001,6075060700,94107.0,497,land - zero population,0,0,37.7657503,-122.3973168,12341.0
60750607001073,60750607001,6075060700,94103.0,497,land - zero population,0,0,37.7656906,-122.3982817,12287.0
60750607002008,60750607002,6075060700,94107.0,497,land - zero population,0,0,37.7685211,-122.3996877,29106.0
60750607002009,60750607002,6075060700,94107.0,497,land - zero population,0,0,37.76786,-122.3989163,26181.0
60750607002007,60750607002,6075060700,94107.0,497,land - zero population,0,0,37.7690084,-122.4007653,40258.0
60750607002020,60750607002,6075060700,94103.0,497,land - zero population,0,0,37.7664258,-122.3995586,1560.0
60750607002021,60750607002,6075060700,94103.0,497,land - zero population,0,0,37.7656322,-122.3992451,12254.0
60750607002019,60750607002,6075060700,94103.0,497,land - zero population,0,0,37.7667457,-122.4003699,9897.0
60750607002022,60750607002,6075060700,94103.0,497,land - zero population,0,0,37.7655727,-122.4002103,12295.0
60750180002018,60750180002,6075018000,94103.0,497,land - populated,197,5,37.7732552,-122.401413,49403.0
60750607001042,60750607001,6075060700,94107.0,497,land - populated,513,91,37.7701517,-122.4012274,20008.0
60750607002000,60750607002,6075060700,94107.0,497,land - populated,243,14,37.7706875,-122.4022737,26849.0
60750607002024,60750607002,6075060700,94107.0,497,land - zero population,0,0,37.769267,-122.4025003,11198.0
60750180002026,60750180002,6075018000,94103.0,497,land - populated,11,0,37.7715567,-122.4035411,53325.0
60750607002002,60750607002,6075060700,94103.0,497,land - zero population,0,0,37.7698742,-122.4039164,1379.0
60750607002006,60750607002,6075060700,94107.0,497,land - zero population,0,0,37.7680395,-122.4023848,12092.0
60750607002018,60750607002,6075060700,94103.0,497,land - zero population,0,0,37.7668105,-122.401299,12330.0
60750607002023,60750607002,6075060700,94103.0,497,land - zero population,0,0,37.765515,-122.4011771,12284.0
60750607002017,60750607002,6075060700,94103.0,497,land - zero population,0,0,37.7667531,-122.4022639,12303.0
60750607002016,60750607002,6075060700,94103.0,497,land - populated,35,2,37.7654571,-122.402142,12270.0
60750607002001,60750607002,6075060700,94107.0,497,land - zero population,0,0,37.7692096,-122.4034693,11308.0
60750607002005,60750607002,6075060700,94107.0,497,land - zero population,0,0,37.7679812,-122.403342,11912.0
60750607002003,60750607002,6075060700,94103.0,497,land - populated,3,0,37.7691521,-122.4044443,11367.0
60750607002004,60750607002,6075060700,94107.0,497,land - populated,1,0,37.7679249,-122.4043149,12476.0
60750607002011,60750607002,6075060700,94103.0,497,land - zero population,0,0,37.7669753,-122.4030313,4401.0
60750607002012,60750607002,6075060700,94103.0,497,land - zero population,0,0,37.7665362,-122.4033322,7800.0
60750607002015,60750607002,6075060700,94103.0,497,land - zero population,0,0,37.7653983,-122.4031044,12229.0
60750607002013,60750607002,6075060700,94110.0,497,land - zero population,0,0,37.7666381,-122.4041941,12583.0
60750177001021,60750177001,6075017700,94110.0,497,land - populated,2,0,37.766601,-122.404793,2722.0
60750607002014,60750607002,6075060700,94110.0,497,land - zero population,0,0,37.7653416,-122.4040726,12408.0
60750177001057,60750177001,6075017700,94110.0,497,land - zero population,0,0,37.7656078,-122.4048531,657.0
60750177001058,60750177001,6075017700,94110.0,497,land - zero population,0,0,37.7652429,-122.4046838,3207.0
60750226001029,60750226001,6075022600,94107.0,497,land - zero population,0,0,37.7636842,-122.3887912,1379.0
60750226001011,60750226001,6075022600,94107.0,497,land - populated,244,14,37.7636518,-122.3893194,11854.0
60750226001012,60750226001,6075022600,94107.0,497,land - populated,15,0,37.7635932,-122.3902751,12097.0
60750226001019,60750226001,6075022600,94107.0,497,land - zero population,0,0,37.7624061,-122.3887032,1398.0
60750226001018,60750226001,6075022600,94107.0,497,land - populated,23,2,37.7623868,-122.3892153,11442.0
60750226001022,60750226001,6075022600,94107.0,497,land - zero population,0,0,37.7611244,-122.3886218,1531.0
60750226001023,60750226001,6075022600,94107.0,497,land - zero population,0,0,37.7610981,-122.3891149,10840.0
60750226001017,60750226001,6075022600,94107.0,497,land - populated,77,5,37.7623188,-122.3901529,12101.0
60750226001024,60750226001,6075022600,94107.0,497,land - populated,93,9,37.7610631,-122.3900293,11737.0
60750226001013,60750226001,6075022600,94107.0,497,land - zero population,0,0,37.7635348,-122.3912388,12057.0
60750226001014,60750226001,6075022600,94107.0,497,land - populated,1,0,37.7634874,-122.392166,11109.0
60750226001016,60750226001,6075022600,94107.0,497,land - zero population,0,0,37.7622601,-122.3911173,12083.0
60750227022000,60750227022,6075022702,94107.0,497,land - zero population,0,0,37.7621888,-122.3925611,2934.0
60750226001015,60750226001,6075022600,94107.0,497,land - zero population,0,0,37.7615668,-122.391956,21157.0
60750227022012,60750227022,6075022702,94107.0,497,land - zero population,0,0,37.761059,-122.3924596,2056.0
60750226002003,60750226002,6075022600,94107.0,497,land - populated,80,5,37.7591848,-122.3889361,21615.0
60750226001027,60750226001,6075022600,94107.0,497,land - zero population,0,0,37.7604072,-122.39,669.0
60750226002004,60750226002,6075022600,94107.0,497,land - populated,163,17,37.7591147,-122.3898469,23853.0
60750226002011,60750226002,6075022600,94107.0,497,land - populated,66,5,37.7570613,-122.39014,28964.0
60750226001025,60750226001,6075022600,94107.0,497,land - zero population,0,0,37.7610078,-122.3909961,11678.0
60750226001026,60750226001,6075022600,94107.0,497,land - zero population,0,0,37.7603588,-122.3909154,659.0
60750226002005,60750226002,6075022600,94107.0,497,land - populated,221,11,37.75906,-122.3908111,23953.0
60750226001028,60750226001,6075022600,94107.0,497,land - zero population,0,0,37.7605248,-122.3923552,956.0
60750226002007,60750226002,6075022600,94107.0,497,land - zero population,0,0,37.7589839,-122.3923227,5914.0
60750226002006,60750226002,6075022600,94107.0,497,land - zero population,0,0,37.758963,-122.3917467,22723.0
60750226001008,60750226001,6075022600,94107.0,497,land - zero population,0,0,37.7650083,-122.3933128,5210.0
60750226001009,60750226001,6075022600,94107.0,497,land - zero population,0,0,37.7646218,-122.3935114,6968.0
60750227021011,60750227021,6075022702,94107.0,497,land - zero population,0,0,37.7634473,-122.3927384,3202.0
60750227021010,60750227021,6075022702,94107.0,497,land - zero population,0,0,37.7634014,-122.3932671,10040.0
60750227021000,60750227021,6075022702,94107.0,497,land - populated,33,2,37.7646352,-122.3942789,12383.0
60750227021009,60750227021,6075022702,94107.0,497,land - populated,172,20,37.7633589,-122.3941619,12211.0
60750227022001,60750227022,6075022702,94107.0,497,land - populated,117,14,37.7614981,-122.3930491,22066.0
60750227022002,60750227022,6075022702,94107.0,497,land - populated,123,19,37.7620858,-122.3940424,12385.0
60750227021001,60750227021,6075022702,94107.0,497,land - populated,47,0,37.7645776,-122.3952567,12310.0
60750227021008,60750227021,6075022702,94107.0,497,land - populated,114,18,37.763302,-122.3951369,12094.0
60750227021002,60750227021,6075022702,94107.0,497,land - populated,46,3,37.7645194,-122.3962261,12137.0
60750227021007,60750227021,6075022702,94107.0,497,land - populated,129,11,37.7632436,-122.3961038,12046.0
60750227022003,60750227022,6075022702,94107.0,497,land - populated,101,6,37.7620277,-122.395017,12140.0
60750227022004,60750227022,6075022702,94107.0,497,land - populated,106,8,37.7619691,-122.3959828,12165.0
60750614002000,60750614002,6075061400,94107.0,497,land - populated,178,10,37.7589983,-122.3928457,20098.0
60750227022011,60750227022,6075022702,94107.0,497,land - populated,132,29,37.7608091,-122.3939198,12368.0
60750614002001,60750614002,6075061400,94107.0,497,land - populated,238,24,37.7588974,-122.3937368,24725.0
60750227022010,60750227022,6075022702,94107.0,497,land - populated,87,14,37.7607506,-122.3948948,12084.0
60750227022009,60750227022,6075022702,94107.0,497,land - populated,29,2,37.760692,-122.3958604,12136.0
60750614002003,60750614002,6075061400,94107.0,497,land - populated,102,11,37.75919,-122.3957016,15969.0
60750614002002,60750614002,6075061400,94107.0,497,land - populated,125,11,37.7588906,-122.3947007,23101.0
60750614002004,60750614002,6075061400,94107.0,838,land - populated,267,40,37.7587236,-122.3966291,24939.0
60750226002012,60750226002,6075022600,94107.0,497,land - populated,144,11,37.7566178,-122.388669,22935.0
60750226002019,60750226002,6075022600,94107.0,497,land - zero population,0,0,37.7557843,-122.390014,19390.0
60750226002018,60750226002,6075022600,94107.0,838,land - zero population,0,0,37.7546639,-122.3894314,12345.0
60750226002023,60750226002,6075022600,94107.0,838,land - zero population,0,0,37.7533886,-122.3893053,12309.0
60750226002020,60750226002,6075022600,94107.0,838,land - populated,211,7,37.7539757,-122.390324,23249.0
60750226002010,60750226002,6075022600,94107.0,838,land - zero population,0,0,37.7564578,-122.3915342,24273.0
60750226002008,60750226002,6075022600,94107.0,838,land - zero population,0,0,37.7565509,-122.392302,5090.0
60750226002009,60750226002,6075022600,94107.0,838,land - populated,4,0,37.7562737,-122.3920965,4366.0
60750226002021,60750226002,6075022600,94107.0,838,land - populated,5,0,37.7542931,-122.3911154,11447.0
60750226002022,60750226002,6075022600,94107.0,838,land - zero population,0,0,37.7536676,-122.3912984,7125.0
60750614002015,60750614002,6075061400,94107.0,838,land - zero population,0,0,37.7535196,-122.3915228,4463.0
60750614002014,60750614002,6075061400,94107.0,838,land - zero population,0,0,37.7548534,-122.3919349,825.0
60750614002013,60750614002,6075061400,94107.0,838,land - zero population,0,0,37.7546289,-122.3919819,1060.0
60750614002018,60750614002,6075061400,94107.0,838,land - zero population,0,0,37.7541447,-122.3925024,10963.0
60750614002016,60750614002,6075061400,94107.0,838,land - zero population,0,0,37.7533302,-122.3916391,1251.0
60750614002017,60750614002,6075061400,94107.0,838,land - zero population,0,0,37.7531496,-122.3916802,616.0
60750614002012,60750614002,6075061400,94107.0,838,land - zero population,0,0,37.7534374,-122.392104,11827.0
60759809001008,60759809001,6075980900,94107.0,838,land - populated,1,0,37.7521122,-122.3891792,12201.0
60759809001031,60759809001,6075980900,94107.0,838,land - zero population,0,0,37.7508248,-122.3890541,12396.0
60759809001009,60759809001,6075980900,94107.0,838,land - populated,31,0,37.7520538,-122.3901441,12010.0
60759809001137,60759809001,6075980900,94107.0,838,land - zero population,0,0,37.7495009,-122.3893971,24973.0
60759809001030,60759809001,6075980900,94107.0,838,land - zero population,0,0,37.7507761,-122.3900171,12126.0
60759809001010,60759809001,6075980900,94107.0,838,land - zero population,0,0,37.7519755,-122.3909277,7622.0
60759809001012,60759809001,6075980900,94107.0,838,land - zero population,0,0,37.7522907,-122.3915746,526.0
60759809001014,60759809001,6075980900,94107.0,838,land - zero population,0,0,37.7520478,-122.3920491,8938.0
60759809001011,60759809001,6075980900,94107.0,838,land - zero population,0,0,37.7512455,-122.3915803,9582.0
60759809001015,60759809001,6075980900,94107.0,838,land - zero population,0,0,37.7511287,-122.3922576,7502.0
60759809001029,60759809001,6075980900,94107.0,838,land - populated,49,0,37.7506946,-122.3909906,11874.0
60759809001013,60759809001,6075980900,94107.0,838,land - zero population,0,0,37.7504359,-122.3921191,1816.0
60750614002008,60750614002,6075061400,94107.0,838,land - populated,30,0,37.7563933,-122.392698,15319.0
60750614002007,60750614002,6075061400,94107.0,838,land - populated,217,54,37.756604,-122.3943073,63105.0
60750614002009,60750614002,6075061400,94107.0,838,land - populated,232,18,37.7537598,-122.3937309,48667.0
60750614002010,60750614002,6075061400,94107.0,838,land - populated,213,103,37.7558453,-122.3952664,12414.0
60750614002011,60750614002,6075061400,94107.0,838,land - populated,169,62,37.7542046,-122.3954107,25150.0
60759809001016,60759809001,6075980900,94107.0,838,land - zero population,0,0,37.7511721,-122.3928439,16877.0
60759809001017,60759809001,6075980900,94107.0,838,land - zero population,0,0,37.7518593,-122.3943693,25810.0
60759809001021,60759809001,6075980900,94107.0,838,land - zero population,0,0,37.749315,-122.3930184,9083.0
60759809001019,60759809001,6075980900,94107.0,838,land - zero population,0,0,37.7487673,-122.3926324,11479.0
60759809001020,60759809001,6075980900,94107.0,838,land - zero population,0,0,37.7488257,-122.3928726,2442.0
60759809001026,60759809001,6075980900,94107.0,838,land - zero population,0,0,37.7506034,-122.3942542,30892.0
60759809001018,60759809001,6075980900,94107.0,838,land - populated,1,0,37.7510573,-122.3959109,24363.0
60759809001025,60759809001,6075980900,94107.0,838,land - zero population,0,0,37.7491577,-122.3951755,48102.0
60750227021003,60750227021,6075022702,94107.0,497,land - populated,72,10,37.7644615,-122.3971914,12161.0
60750227021006,60750227021,6075022702,94107.0,497,land - populated,137,21,37.7631865,-122.3970701,12109.0
60750227021004,60750227021,6075022702,94107.0,497,land - populated,130,11,37.7644039,-122.3981582,12150.0
60750227021005,60750227021,6075022702,94107.0,497,land - populated,133,9,37.7631286,-122.3980373,12100.0
60750227022005,60750227022,6075022702,94107.0,497,land - populated,75,16,37.7619109,-122.3969497,12177.0
60750227022006,60750227022,6075022702,94107.0,497,land - populated,105,13,37.7618525,-122.3979165,12153.0
60750227041000,60750227041,6075022704,94107.0,497,land - zero population,0,0,37.7643164,-122.3996076,24291.0
60750227041013,60750227041,6075022704,94107.0,497,land - populated,2,0,37.7630412,-122.3994861,24184.0
60750227041014,60750227041,6075022704,94107.0,497,land - populated,154,14,37.7617371,-122.3998306,35991.0
60750227022008,60750227022,6075022702,94107.0,497,land - populated,110,18,37.760634,-122.3968276,12111.0
60750227022007,60750227022,6075022702,94107.0,497,land - populated,62,5,37.7605754,-122.3977938,12122.0
60750614002005,60750614002,6075061400,94107.0,838,land - populated,148,26,37.758663,-122.3976095,24257.0
60750227042016,60750227042,6075022704,94107.0,838,land - populated,163,23,37.7586044,-122.3985767,24268.0
60750227042000,60750227042,6075022704,94107.0,497,land - populated,107,7,37.7605174,-122.3987598,12108.0
60750227042001,60750227042,6075022704,94107.0,497,land - populated,161,12,37.7604596,-122.3997237,12074.0
60750227042002,60750227042,6075022704,94107.0,497,land - populated,85,7,37.7604011,-122.400672,11732.0
60750227042015,60750227042,6075022704,94107.0,838,land - populated,156,13,37.7585472,-122.3995401,24055.0
60750227042014,60750227042,6075022704,94107.0,838,land - populated,110,16,37.7588119,-122.400509,18021.0
60750227042018,60750227042,6075022704,94107.0,838,land - populated,57,6,37.7575665,-122.4004948,6331.0
60750227041001,60750227041,6075022704,94103.0,497,land - populated,1,0,37.7642294,-122.4010562,12141.0
60750227041002,60750227041,6075022704,94107.0,497,land - zero population,0,0,37.764171,-122.402021,12117.0
60750227041012,60750227041,6075022704,94107.0,497,land - populated,10,0,37.762955,-122.4009193,11715.0
60750227041015,60750227041,6075022704,94107.0,497,land - populated,124,10,37.7616234,-122.4017636,12554.0
60750227041011,60750227041,6075022704,94107.0,497,land - populated,30,5,37.7628947,-122.4018859,12500.0
60750227041016,60750227041,6075022704,94107.0,497,land - populated,113,4,37.7615604,-122.4027483,12155.0
60750227041003,60750227041,6075022704,94107.0,497,land - populated,235,17,37.7641125,-122.4029862,12147.0
60750227041004,60750227041,6075022704,94107.0,497,land - populated,111,13,37.7640545,-122.4039524,12152.0
60750227041005,60750227041,6075022704,94110.0,497,land - populated,12,1,37.7639375,-122.4046719,5946.0
60750227041010,60750227041,6075022704,94107.0,497,land - populated,81,14,37.7628388,-122.4028531,11726.0
60750227041009,60750227041,6075022704,94107.0,497,land - populated,91,9,37.7627776,-122.4038177,12440.0
60750227041017,60750227041,6075022704,94107.0,497,land - populated,19,3,37.7615029,-122.4037141,12141.0
60750227041008,60750227041,6075022704,94107.0,497,land - populated,68,4,37.7626865,-122.4047667,11195.0
60750227041018,60750227041,6075022704,94107.0,497,land - populated,122,17,37.761445,-122.4046768,12084.0
60750227042003,60750227042,6075022704,94107.0,497,land - populated,86,11,37.7603471,-122.401641,12635.0
60750227042013,60750227042,6075022704,94107.0,838,land - populated,102,11,37.7589843,-122.4015085,13666.0
60750227042004,60750227042,6075022704,94107.0,497,land - populated,116,7,37.7602838,-122.4026254,12146.0
60750227042019,60750227042,6075022704,94107.0,838,land - populated,100,18,37.757713,-122.4014295,10574.0
60750227042012,60750227042,6075022704,94107.0,838,land - populated,221,25,37.7583699,-122.4024408,24315.0
60750227042005,60750227042,6075022704,94107.0,497,land - populated,88,9,37.7602255,-122.403591,12078.0
60750227042006,60750227042,6075022704,94107.0,497,land - populated,108,16,37.7601683,-122.4045535,12061.0
60750227042011,60750227042,6075022704,94107.0,838,land - populated,200,32,37.7584833,-122.403378,20297.0
60750227042017,60750227042,6075022704,94107.0,838,land - zero population,0,0,37.7571664,-122.4036617,619.0
60750227042008,60750227042,6075022704,94107.0,838,land - zero population,0,0,37.7597273,-122.4062821,6083.0
60750227042010,60750227042,6075022704,94107.0,838,land - zero population,0,0,37.7577352,-122.4038708,6704.0
60750227042009,60750227042,6075022704,94107.0,838,land - zero population,0,0,37.7577257,-122.4042918,2443.0
60750228022010,60750228022,6075022802,94107.0,456,land - populated,22,2,37.7573506,-122.4043976,6161.0
60750614002006,60750614002,6075061400,94107.0,838,land - populated,77,33,37.7561604,-122.3967902,53461.0
60750614003000,60750614003,6075061400,94107.0,838,land - populated,121,14,37.7565997,-122.3983847,13928.0
60750614003008,60750614003,6075061400,94107.0,838,land - populated,133,21,37.7553323,-122.3982644,10238.0
60750614001000,60750614001,6075061400,94107.0,838,land - populated,446,184,37.753667,-122.3966744,45877.0
60750614001018,60750614001,6075061400,94107.0,838,land - populated,379,111,37.7530048,-122.3976408,27790.0
60750614003001,60750614003,6075061400,94107.0,838,land - populated,172,16,37.7559994,-122.3992625,22401.0
60750614003002,60750614003,6075061400,94107.0,838,land - zero population,0,0,37.7559409,-122.3997817,3842.0
60750614003003,60750614003,6075061400,94107.0,838,land - populated,227,48,37.7559342,-122.4003042,22318.0
60750614001001,60750614001,6075061400,94107.0,838,land - populated,58,6,37.7542797,-122.3990951,7834.0
60750614003009,60750614003,6075061400,94107.0,838,land - zero population,0,0,37.7545607,-122.399647,389.0
60750614001002,60750614001,6075061400,94107.0,838,land - zero population,0,0,37.7531719,-122.3990147,11971.0
60750614001005,60750614001,6075061400,94107.0,838,land - zero population,0,0,37.7534011,-122.3996648,2376.0
60750614001003,60750614001,6075061400,94107.0,838,land - populated,131,25,37.7531706,-122.3998631,27826.0
60750614001017,60750614001,6075061400,94107.0,838,land - populated,240,99,37.751685,-122.3974293,21625.0
60750614001015,60750614001,6075061400,94107.0,838,land - populated,45,2,37.7518935,-122.3996611,3749.0
60750614001028,60750614001,6075061400,94107.0,838,land - populated,40,5,37.7511432,-122.3991656,4640.0
60750614001016,60750614001,6075061400,94107.0,838,land - populated,130,15,37.7515039,-122.3994005,12217.0
60750614001004,60750614001,6075061400,94107.0,838,land - populated,9,1,37.752582,-122.4004435,1218.0
60759809001057,60759809001,6075980900,94107.0,838,land - populated,115,6,37.7502261,-122.3994037,83317.0
60750614003004,60750614003,6075061400,94107.0,838,land - populated,230,34,37.7558766,-122.4012293,24192.0
60750614003005,60750614003,6075061400,94107.0,838,land - populated,224,32,37.7558181,-122.402196,24344.0
60750614001006,60750614001,6075061400,94107.0,838,land - populated,116,20,37.7539645,-122.40105,12033.0
60750614001007,60750614001,6075061400,94107.0,838,land - populated,204,10,37.7539034,-122.4020127,12162.0
60750614001008,60750614001,6075061400,94107.0,838,land - zero population,0,0,37.7538612,-122.4026778,4544.0
60750228022011,60750228022,6075022802,94107.0,456,land - zero population,0,0,37.7563218,-122.403552,4093.0
60750614003006,60750614003,6075061400,94107.0,838,land - zero population,0,0,37.7558866,-122.402899,10100.0
60750614003007,60750614003,6075061400,94107.0,838,land - zero population,0,0,37.7557716,-122.4031914,5346.0
60750228022012,60750228022,6075022802,94107.0,456,land - zero population,0,0,37.7551078,-122.4033851,5017.0
60750614001009,60750614001,6075061400,94107.0,838,land - zero population,0,0,37.753846,-122.402964,2635.0
60750229032000,60750229032,6075022903,94107.0,456,land - zero population,0,0,37.7538283,-122.4032668,4964.0
60750229032001,60750229032,6075022903,94110.0,456,land - populated,151,20,37.7537877,-122.403944,12031.0
60750614001013,60750614001,6075061400,94107.0,838,land - populated,138,14,37.7526771,-122.4009714,11131.0
60750614001014,60750614001,6075061400,94107.0,838,land - populated,87,11,37.7513495,-122.4008154,13156.0
60750614001024,60750614001,6075061400,94107.0,838,land - populated,101,9,37.751298,-122.4017734,12941.0
60750614001012,60750614001,6075061400,94107.0,838,land - populated,132,12,37.7526291,-122.4018959,12034.0
60750614001011,60750614001,6075061400,94107.0,838,land - zero population,0,0,37.7525398,-122.4025933,5488.0
60750614001023,60750614001,6075061400,94107.0,838,land - populated,33,3,37.7511761,-122.4026393,10407.0
60759809001058,60759809001,6075980900,94110.0,838,land - zero population,0,0,37.7494216,-122.4025086,663.0
60759809001056,60759809001,6075980900,94110.0,838,land - zero population,0,0,37.7487476,-122.4027352,16977.0
60750614001010,60750614001,6075061400,94110.0,838,land - zero population,0,0,37.7525667,-122.4029119,2476.0
60750229032007,60750229032,6075022903,94110.0,456,land - populated,1,0,37.7526449,-122.4031864,3942.0
60750614001025,60750614001,6075061400,94110.0,456,land - zero population,0,0,37.7520903,-122.403079,278.0
60750229032006,60750229032,6075022903,94110.0,456,land - populated,167,24,37.7525117,-122.4038245,11999.0
60750614001022,60750614001,6075061400,94110.0,456,land - zero population,0,0,37.7516116,-122.4031698,742.0
60750614001021,60750614001,6075061400,94110.0,456,land - zero population,0,0,37.7512151,-122.403298,706.0
60750229032008,60750229032,6075022903,94110.0,456,land - populated,58,12,37.7509794,-122.4037598,15037.0
60750229032005,60750229032,6075022903,94110.0,456,land - populated,135,11,37.7524545,-122.4047861,12142.0
60750614001019,60750614001,6075061400,94110.0,838,land - zero population,0,0,37.7506726,-122.4032925,4729.0
60750614001026,60750614001,6075061400,94110.0,838,land - zero population,0,0,37.7501012,-122.4029516,2923.0
60750614001020,60750614001,6075061400,94110.0,838,land - populated,3,0,37.7499397,-122.4032792,2708.0
60759809001112,60759809001,6075980900,94110.0,838,land - zero population,0,0,37.7494713,-122.4030703,419.0
60750614001027,60750614001,6075061400,94110.0,838,land - zero population,0,0,37.749657,-122.4031157,254.0
60759809001111,60759809001,6075980900,94110.0,838,land - zero population,0,0,37.749439,-122.4034071,463.0
60750251003000,60750251003,6075025100,94110.0,838,land - zero population,0,0,37.7493861,-122.4036977,272.0
60759809001110,60759809001,6075980900,94110.0,838,land - zero population,0,0,37.7487877,-122.4035809,3854.0
60750251003001,60750251003,6075025100,94110.0,680,land - zero population,0,0,37.7492669,-122.4042949,1129.0
60750251003005,60750251003,6075025100,94110.0,838,land - zero population,0,0,37.7489106,-122.4038439,1605.0
60750251003004,60750251003,6075025100,94110.0,680,land - populated,6,0,37.7490099,-122.4042054,2891.0
60750251003003,60750251003,6075025100,94110.0,680,land - zero population,0,0,37.7487782,-122.4044002,1284.0
60750251003007,60750251003,6075025100,94110.0,680,land - zero population,0,0,37.7488771,-122.4046701,533.0
60750251003008,60750251003,6075025100,94110.0,680,land - zero population,0,0,37.7488752,-122.40484,1221.0
60750176011010,60750176011,6075017601,94103.0,497,land - populated,16,2,37.7814021,-122.4055913,6491.0
60750178021001,60750178021,6075017802,94103.0,497,land - populated,369,24,37.7800124,-122.4052739,16340.0
60750178021000,60750178021,6075017802,94103.0,497,land - populated,200,17,37.7804073,-122.4057816,18340.0
60750176015008,60750176015,6075017601,94103.0,497,land - populated,350,36,37.7805217,-122.406704,11918.0
60750178021006,60750178021,6075017802,94103.0,497,land - populated,72,2,37.7777139,-122.405065,10619.0
60750178021007,60750178021,6075017802,94103.0,497,land - populated,139,2,37.7789105,-122.4066531,12809.0
60750176015007,60750176015,6075017601,94103.0,497,land - populated,152,2,37.7809203,-122.4072036,10503.0
60750176015006,60750176015,6075017601,94103.0,497,land - populated,460,67,37.7813263,-122.4077091,12332.0
60750176012005,60750176012,6075017601,94103.0,497,land - populated,468,51,37.7795151,-122.4079814,9190.0
60750176012004,60750176012,6075017601,94103.0,497,land - populated,268,50,37.7799132,-122.4084854,8060.0
60750178021008,60750178021,6075017802,94103.0,497,land - populated,233,20,37.7784736,-122.4072107,13838.0
60750178021009,60750178021,6075017802,94103.0,497,land - populated,205,12,37.77802,-122.4077791,13578.0
60750178021010,60750178021,6075017802,94103.0,497,land - populated,124,2,37.7775808,-122.4083406,13222.0
60750178021017,60750178021,6075017802,94103.0,497,land - populated,215,65,37.777387,-122.4054726,9125.0
60750180002001,60750180002,6075018000,94103.0,497,land - populated,6,0,37.7761542,-122.4052415,6128.0
60750180002002,60750180002,6075018000,94103.0,497,land - zero population,0,0,37.7757689,-122.4052372,6923.0
60750178021016,60750178021,6075017802,94103.0,497,land - populated,152,39,37.7770096,-122.4059551,13885.0
60750178021021,60750178021,6075017802,94103.0,497,land - zero population,0,0,37.7762373,-122.4063834,12737.0
60750180002007,60750180002,6075018000,94103.0,497,land - zero population,0,0,37.7745421,-122.4055524,5085.0
60750180002016,60750180002,6075018000,94103.0,497,land - populated,4,2,37.7738153,-122.4058581,11112.0
60750180002008,60750180002,6075018000,94103.0,497,land - zero population,0,0,37.7749403,-122.4061272,3830.0
60750180002009,60750180002,6075018000,94103.0,497,land - populated,10,0,37.7752103,-122.4064655,1767.0
60750180002017,60750180002,6075018000,94103.0,497,land - zero population,0,0,37.774367,-122.4064802,4328.0
60750180002023,60750180002,6075018000,94103.0,497,land - zero population,0,0,37.7734367,-122.4067072,5467.0
60750178021015,60750178021,6075017802,94103.0,497,land - populated,14,0,37.7768534,-122.4071553,7038.0
60750178021014,60750178021,6075017802,94103.0,497,land - populated,61,0,37.7759187,-122.4073388,12880.0
60750178021011,60750178021,6075017802,94103.0,497,land - populated,132,14,37.7771466,-122.4088823,12945.0
60750180002010,60750180002,6075018000,94103.0,497,land - zero population,0,0,37.7746688,-122.4069493,3501.0
60750180002022,60750180002,6075018000,94103.0,497,land - zero population,0,0,37.7734086,-122.4072601,10204.0
60750180002021,60750180002,6075018000,94103.0,497,land - populated,5,0,37.7739792,-122.4077577,8048.0
60750178021019,60750178021,6075017802,94103.0,497,land - populated,160,5,37.7751824,-122.4084548,34067.0
60750178021020,60750178021,6075017802,94103.0,497,land - populated,7,1,37.7742733,-122.4084144,6340.0
60750176012003,60750176012,6075017601,94103.0,497,land - populated,680,63,37.7798788,-122.4095479,18729.0
60750176012002,60750176012,6075017601,94103.0,497,land - populated,818,5,37.7804898,-122.4103217,34505.0
60750176012006,60750176012,6075017601,94103.0,497,land - populated,282,37,37.7786376,-122.4091003,9519.0
60750176012007,60750176012,6075017601,94103.0,497,land - populated,91,7,37.7790385,-122.4096068,8039.0
60750176012001,60750176012,6075017601,94103.0,497,land - populated,194,3,37.7811056,-122.4110964,18935.0
60750176012000,60750176012,6075017601,94103.0,497,land - zero population,0,0,37.7813592,-122.4113973,2408.0
60750125011005,60750125011,6075012501,94103.0,790,land - zero population,0,0,37.7810883,-122.411903,299.0
60750125011006,60750125011,6075012501,94102.0,859,land - populated,2,0,37.7808755,-122.412511,3694.0
60750125011003,60750125011,6075012501,94102.0,859,land - populated,1994,156,37.7814995,-122.4129465,15488.0
60750176013002,60750176013,6075017601,94103.0,497,land - populated,15,0,37.7784148,-122.411406,12294.0
60750176013003,60750176013,6075017601,94103.0,497,land - populated,428,102,37.7777234,-122.4112767,15880.0
60750176013001,60750176013,6075017601,94103.0,497,land - populated,1059,58,37.778952,-122.4128209,53397.0
60750176013010,60750176013,6075017601,94103.0,497,land - populated,67,2,37.7775364,-122.4125145,6255.0
60750178021012,60750178021,6075017802,94103.0,497,land - populated,94,2,37.7767123,-122.4094446,13726.0
60750176013004,60750176013,6075017601,94103.0,497,land - populated,540,75,37.7773186,-122.4107727,18999.0
60750178021013,60750178021,6075017802,94103.0,497,land - populated,300,12,37.7760366,-122.4099949,17226.0
60750178021022,60750178021,6075017802,94103.0,497,land - populated,270,5,37.7760554,-122.4108028,9324.0
60750178022004,60750178022,6075017802,94103.0,497,land - zero population,0,0,37.7735423,-122.4097953,24159.0
60750178022003,60750178022,6075017802,94103.0,497,land - populated,71,6,37.7741623,-122.4105649,13096.0
60750178022000,60750178022,6075017802,94103.0,497,land - populated,144,10,37.7753933,-122.4121154,12934.0
60750176013005,60750176013,6075017601,94103.0,497,land - populated,187,6,37.7758267,-122.4126621,13389.0
60750178022002,60750178022,6075017802,94103.0,497,land - populated,59,2,37.7745969,-122.4111145,13222.0
60750178022001,60750178022,6075017802,94103.0,497,land - populated,148,14,37.774997,-122.4116189,11066.0
60750178022006,60750178022,6075017802,94103.0,497,land - populated,196,12,37.7741382,-122.4126918,14524.0
60750180002025,60750180002,6075018000,94103.0,497,land - populated,27,5,37.7725816,-122.405293,38803.0
60750180002028,60750180002,6075018000,94103.0,497,land - zero population,0,0,37.771468,-122.4058855,2894.0
60750180002024,60750180002,6075018000,94103.0,497,land - zero population,0,0,37.7724858,-122.4066074,1325.0
60750180002043,60750180002,6075018000,94103.0,497,land - zero population,0,0,37.7724908,-122.4068169,364.0
60750180002029,60750180002,6075018000,94103.0,497,land - zero population,0,0,37.7714945,-122.4062131,3098.0
60750180002027,60750180002,6075018000,94103.0,497,land - populated,36,1,37.770383,-122.4049147,14033.0
60750180002039,60750180002,6075018000,94103.0,497,land - zero population,0,0,37.7703018,-122.405598,4826.0
60750180002038,60750180002,6075018000,94103.0,497,land - populated,3,0,37.7700828,-122.406219,9711.0
60750180002031,60750180002,6075018000,94103.0,497,land - populated,19,2,37.7729158,-122.4079503,11799.0
60750180002033,60750180002,6075018000,94103.0,497,land - populated,4,0,37.7719099,-122.4082951,8695.0
60750180002030,60750180002,6075018000,94103.0,497,land - populated,3,0,37.7712536,-122.4071557,31607.0
60750177001004,60750177001,6075017700,94103.0,497,land - populated,2,1,37.7695888,-122.406953,5875.0
60750177001005,60750177001,6075017700,94103.0,497,land - zero population,0,0,37.7693595,-122.407635,1072.0
60750180002040,60750180002,6075018000,94103.0,497,land - populated,1,0,37.7704389,-122.4080662,14231.0
60750180002042,60750180002,6075018000,94103.0,497,land - zero population,0,0,37.7695942,-122.4083165,5015.0
60750180002041,60750180002,6075018000,94103.0,497,land - populated,4,0,37.7702028,-122.4088681,9014.0
60750177001000,60750177001,6075017700,94103.0,497,land - zero population,0,0,37.769117,-122.4050388,2475.0
60750177001001,60750177001,6075017700,94103.0,497,land - zero population,0,0,37.7691063,-122.4053264,4208.0
60750177001002,60750177001,6075017700,94103.0,497,land - populated,1,0,37.7690686,-122.4056936,4397.0
60750177001008,60750177001,6075017700,94103.0,497,land - zero population,0,0,37.7682283,-122.4055842,1847.0
60750177001020,60750177001,6075017700,94107.0,497,land - populated,3,0,37.767887,-122.4049187,2663.0
60750177001019,60750177001,6075017700,94107.0,497,land - zero population,0,0,37.7679367,-122.4051919,3867.0
60750177001024,60750177001,6075017700,94110.0,497,land - zero population,0,0,37.7674402,-122.405277,603.0
60750177001025,60750177001,6075017700,94110.0,497,land - zero population,0,0,37.7677209,-122.4055251,1612.0
60750177001026,60750177001,6075017700,94110.0,723,land - zero population,0,0,37.7674853,-122.4056209,1379.0
60750177001003,60750177001,6075017700,94103.0,497,land - zero population,0,0,37.7690077,-122.4062737,7598.0
60750177001009,60750177001,6075017700,94103.0,497,land - zero population,0,0,37.7683653,-122.4059347,517.0
60750177001010,60750177001,6075017700,94103.0,497,land - zero population,0,0,37.7682649,-122.4060815,1053.0
60750177001011,60750177001,6075017700,94103.0,497,land - zero population,0,0,37.7686342,-122.4065536,1142.0
60750177001012,60750177001,6075017700,94103.0,497,land - zero population,0,0,37.7686022,-122.406727,359.0
60750177001027,60750177001,6075017700,94110.0,723,land - populated,6,1,37.7677349,-122.4062858,10573.0
60750177001055,60750177001,6075017700,94110.0,497,land - zero population,0,0,37.7668247,-122.4053185,609.0
60750177001022,60750177001,6075017700,94110.0,497,land - zero population,0,0,37.7666432,-122.404984,1985.0
60750177001023,60750177001,6075017700,94110.0,497,land - zero population,0,0,37.7665364,-122.4051516,2613.0
60750177001054,60750177001,6075017700,94110.0,723,land - zero population,0,0,37.7665248,-122.4054717,4342.0
60750177001059,60750177001,6075017700,94110.0,497,land - zero population,0,0,37.7652743,-122.4050028,3583.0
60750177001060,60750177001,6075017700,94110.0,723,land - zero population,0,0,37.7652677,-122.4053348,4824.0
60750177001053,60750177001,6075017700,94110.0,723,land - zero population,0,0,37.7665211,-122.4061308,12383.0
60750177001061,60750177001,6075017700,94110.0,723,land - zero population,0,0,37.7652242,-122.4060075,12307.0
60750177001007,60750177001,6075017700,94103.0,497,land - populated,4,0,37.769178,-122.406998,646.0
60750177001013,60750177001,6075017700,94103.0,497,land - zero population,0,0,37.7688106,-122.40728,2670.0
60750177001028,60750177001,6075017700,94103.0,723,land - populated,6,1,37.7685366,-122.4073622,3141.0
60750177001006,60750177001,6075017700,94103.0,497,land - zero population,0,0,37.7691014,-122.4074648,2686.0
60750177001037,60750177001,6075017700,94110.0,723,land - populated,4,0,37.7677489,-122.4072435,12655.0
60750177001016,60750177001,6075017700,94103.0,497,land - zero population,0,0,37.7691092,-122.408311,1310.0
60750177001038,60750177001,6075017700,94103.0,723,land - populated,25,4,37.7676879,-122.4082209,11814.0
60750177001052,60750177001,6075017700,94110.0,723,land - populated,146,4,37.7664652,-122.4071126,12719.0
60750177001051,60750177001,6075017700,94110.0,723,land - populated,78,5,37.7651641,-122.4069839,12552.0
60750180002032,60750180002,6075018000,94103.0,497,land - populated,285,34,37.7725699,-122.4090358,17042.0
60750180002034,60750180002,6075018000,94103.0,497,land - populated,39,3,37.7716725,-122.4096051,14400.0
60750178022011,60750178022,6075017802,94103.0,497,land - populated,53,9,37.7723011,-122.410986,11570.0
60750177001017,60750177001,6075017700,94103.0,497,land - zero population,0,0,37.769416,-122.4092042,5021.0
60750177001056,60750177001,6075017700,94103.0,497,land - zero population,0,0,37.7692193,-122.4091052,1433.0
60750177001018,60750177001,6075017700,94103.0,497,land - populated,4,1,37.7697667,-122.4098903,8839.0
60750180002035,60750180002,6075018000,94103.0,497,land - populated,59,1,37.7712001,-122.4102065,14357.0
60750177001015,60750177001,6075017700,94103.0,723,land - zero population,0,0,37.7692304,-122.4102397,260.0
60750180002037,60750180002,6075018000,94103.0,497,land - zero population,0,0,37.769438,-122.4109351,20.0
60750178022005,60750178022,6075017802,94103.0,497,land - populated,180,16,37.7729202,-122.4117564,17389.0
60750178022010,60750178022,6075017802,94103.0,497,land - populated,70,3,37.771967,-122.4123515,14159.0
60750178022012,60750178022,6075017802,94103.0,497,land - populated,35,2,37.7714846,-122.4129424,14693.0
60750180002036,60750180002,6075018000,94103.0,497,land - zero population,0,0,37.7704941,-122.4111075,28595.0
60750177001033,60750177001,6075017700,94103.0,723,land - zero population,0,0,37.7694226,-122.4119826,773.0
60750177001036,60750177001,6075017700,94103.0,497,land - zero population,0,0,37.7699106,-122.4123116,12907.0
60750177001035,60750177001,6075017700,94103.0,723,land - zero population,0,0,37.7695049,-122.4122607,1600.0
60750177001034,60750177001,6075017700,94103.0,723,land - zero population,0,0,37.7694562,-122.4121425,428.0
60750177001014,60750177001,6075017700,94103.0,497,land - zero population,0,0,37.7690623,-122.4090399,3712.0
60750177001029,60750177001,6075017700,94103.0,723,land - populated,3,0,37.7686373,-122.4094835,20909.0
60750177001030,60750177001,6075017700,94103.0,723,land - zero population,0,0,37.7691665,-122.4104363,1510.0
60750177001039,60750177001,6075017700,94110.0,723,land - zero population,0,0,37.7668431,-122.4093182,62327.0
60750177001032,60750177001,6075017700,94110.0,723,land - zero population,0,0,37.7683107,-122.4119858,2438.0
60750177001040,60750177001,6075017700,94110.0,723,land - zero population,0,0,37.7678868,-122.411181,19349.0
60750177001031,60750177001,6075017700,94103.0,723,land - populated,5,1,37.7688649,-122.4124243,23930.0
60750177001042,60750177001,6075017700,94110.0,723,land - zero population,0,0,37.7674798,-122.4129525,8237.0
60750177001049,60750177001,6075017700,94110.0,723,land - populated,1,0,37.7662248,-122.4110328,12345.0
60750177001041,60750177001,6075017700,94110.0,723,land - populated,1,0,37.7667743,-122.4120457,23624.0
60750177001043,60750177001,6075017700,94110.0,723,land - zero population,0,0,37.7670197,-122.4126597,1103.0
60750177001045,60750177001,6075017700,94110.0,723,land - zero population,0,0,37.7660296,-122.4127403,6492.0
60750125011007,60750125011,6075012501,94102.0,859,land - populated,89,8,37.7804985,-122.4131991,7145.0
60750176013000,60750176013,6075017601,94103.0,497,land - zero population,0,0,37.7795931,-122.4136337,2407.0
60750124021000,60750124021,6075012402,94102.0,859,land - populated,508,28,37.7812907,-122.4145906,15389.0
60750124021003,60750124021,6075012402,94102.0,859,land - populated,1,0,37.7803568,-122.4144008,15329.0
60750124021004,60750124021,6075012402,94103.0,859,land - populated,105,0,37.7794908,-122.4144073,10897.0
60750176013008,60750176013,6075017601,94103.0,497,land - populated,179,5,37.7774603,-122.4147068,37213.0
60750124021002,60750124021,6075012402,94102.0,859,land - populated,3,0,37.7801502,-122.4160397,15247.0
60750124021001,60750124021,6075012402,94102.0,859,land - populated,283,32,37.7810818,-122.4162324,15423.0
60750124021005,60750124021,6075012402,94102.0,859,land - populated,5,0,37.7792232,-122.4158517,15248.0
60750176013009,60750176013,6075017601,94102.0,497,land - zero population,0,0,37.7781034,-122.4155168,1704.0
60750124021006,60750124021,6075012402,94102.0,859,land - populated,155,1,37.7783722,-122.4158435,10994.0
60750124021007,60750124021,6075012402,94102.0,859,land - zero population,0,0,37.7776716,-122.4162417,400.0
60750176013007,60750176013,6075017601,94103.0,497,land - populated,37,3,37.7766292,-122.4136643,13010.0
60750176013006,60750176013,6075017601,94103.0,497,land - populated,231,24,37.7762318,-122.4131657,11025.0
60750176014005,60750176014,6075017601,94103.0,497,land - populated,70,0,37.7754437,-122.4141469,10172.0
60750178022007,60750178022,6075017802,94103.0,497,land - populated,275,1,37.773664,-122.4132966,14357.0
60750176014006,60750176014,6075017601,94103.0,497,land - populated,71,3,37.7751339,-122.4145362,8551.0
60750176014007,60750176014,6075017601,94103.0,497,land - zero population,0,0,37.774825,-122.4149262,10133.0
60750178022008,60750178022,6075017802,94103.0,497,land - populated,18,0,37.7733481,-122.4146712,10633.0
60750176014004,60750176014,6075017601,94103.0,497,land - populated,458,170,37.7759947,-122.415616,11524.0
60750176014001,60750176014,6075017601,94103.0,497,land - zero population,0,0,37.7766138,-122.4163906,17506.0
60750176014000,60750176014,6075017601,94103.0,497,land - zero population,0,0,37.7770138,-122.4168939,1323.0
60750176014011,60750176014,6075017601,94103.0,497,land - populated,12,2,37.7737882,-122.4152357,10044.0
60750176014010,60750176014,6075017601,94103.0,497,land - populated,51,6,37.7741876,-122.4157392,8577.0
60750176014008,60750176014,6075017601,94103.0,497,land - populated,20,0,37.7745858,-122.4162375,9943.0
60750176014009,60750176014,6075017601,94103.0,497,land - zero population,0,0,37.7750185,-122.416726,9158.0
60750177002010,60750177002,6075017700,94103.0,497,land - populated,65,0,37.7733495,-122.4167644,6518.0
60750124022005,60750124022,6075012402,94102.0,859,land - populated,1,1,37.7808538,-122.4178755,16236.0
60750124022009,60750124022,6075012402,94102.0,859,land - populated,5,0,37.7794793,-122.4175897,29285.0
60750124022010,60750124022,6075012402,94102.0,859,land - populated,2,0,37.7781037,-122.4173187,16046.0
60750124022011,60750124022,6075012402,94102.0,859,land - populated,2,0,37.7781298,-122.4189772,8219.0
60750124022013,60750124022,6075012402,94102.0,859,land - populated,39,2,37.7776391,-122.4188822,7299.0
60750124022003,60750124022,6075012402,94102.0,859,land - populated,2,0,37.7813681,-122.4196366,7419.0
60750124022004,60750124022,6075012402,94102.0,859,land - populated,1,0,37.7809047,-122.4195355,7180.0
60750124022006,60750124022,6075012402,94102.0,859,land - populated,21,0,37.7804168,-122.4194312,7993.0
60750124022002,60750124022,6075012402,94102.0,786,land - zero population,0,0,37.7814964,-122.4205364,1417.0
60750124022007,60750124022,6075012402,94102.0,859,land - zero population,0,0,37.7805572,-122.4203356,1375.0
60750160001015,60750160001,6075016000,94102.0,786,land - populated,101,3,37.7804545,-122.4211991,14819.0
60750124022008,60750124022,6075012402,94102.0,859,land - populated,3,0,37.779274,-122.4192019,28060.0
60750124022019,60750124022,6075012402,94102.0,786,land - zero population,0,0,37.7791638,-122.420066,2805.0
60750124022012,60750124022,6075012402,94102.0,650,land - zero population,0,0,37.777769,-122.4197878,1258.0
60750162001000,60750162001,6075016200,94102.0,786,land - populated,3,0,37.7790538,-122.4209256,29249.0
60750162001006,60750162001,6075016200,94102.0,650,land - populated,1,1,37.7776582,-122.4206386,14709.0
60750124022015,60750124022,6075012402,94102.0,859,land - populated,512,6,37.7772326,-122.4172943,10880.0
60750176014002,60750176014,6075017601,94103.0,497,land - zero population,0,0,37.7756019,-122.4175414,19732.0
60750176014003,60750176014,6075017601,94103.0,859,land - zero population,0,0,37.7760527,-122.4181102,1362.0
60750124022014,60750124022,6075012402,94102.0,859,land - populated,280,24,37.7769327,-122.4187077,15324.0
60750124022017,60750124022,6075012402,94102.0,859,land - populated,109,1,37.7760734,-122.4187254,10841.0
60750177002000,60750177002,6075017700,94103.0,859,land - zero population,0,0,37.7753918,-122.4189457,633.0
60750177002011,60750177002,6075017700,94103.0,497,land - populated,31,0,37.7737132,-122.417294,7740.0
60750177002002,60750177002,6075017700,94103.0,497,land - zero population,0,0,37.7735929,-122.4179822,1814.0
60750177002001,60750177002,6075017700,94103.0,497,land - zero population,0,0,37.7744298,-122.4183135,23831.0
60750177002003,60750177002,6075017700,94103.0,816,land - zero population,0,0,37.7741013,-122.4189451,2675.0
60750124022016,60750124022,6075012402,94102.0,650,land - zero population,0,0,37.7768335,-122.4195998,1279.0
60750124022018,60750124022,6075012402,94102.0,650,land - zero population,0,0,37.7757582,-122.4193826,1786.0
60750162002007,60750162002,6075016200,94102.0,650,land - zero population,0,0,37.7755602,-122.4202235,7343.0
60750162002000,60750162002,6075016200,94102.0,650,land - populated,2,1,37.7767253,-122.4204526,14649.0
60750162002006,60750162002,6075016200,94102.0,650,land - populated,224,8,37.7760284,-122.4203152,7317.0
60750201001000,60750201001,6075020100,94103.0,650,land - zero population,0,0,37.7747502,-122.4197576,1125.0
60750201001001,60750201001,6075020100,94103.0,816,land - zero population,0,0,37.7741602,-122.419404,10639.0
60750168021000,60750168021,6075016802,94102.0,650,land - populated,78,1,37.7749272,-122.420232,10942.0
60750201001004,60750201001,6075020100,94102.0,816,land - zero population,0,0,37.7741798,-122.4204781,456.0
60750168021008,60750168021,6075016802,94102.0,650,land - zero population,0,0,37.7742323,-122.4206009,509.0
60750201001003,60750201001,6075020100,94102.0,816,land - populated,166,0,37.773606,-122.420409,11066.0
60750178022009,60750178022,6075017802,94103.0,497,land - populated,52,8,37.7727221,-122.4139134,18044.0
60750177002007,60750177002,6075017700,94103.0,497,land - populated,79,11,37.771725,-122.4150843,18527.0
60750177002046,60750177002,6075017700,94103.0,497,land - populated,28,0,37.7711305,-122.4135321,9901.0
60750177002006,60750177002,6075017700,94103.0,497,land - populated,21,2,37.7707152,-122.4138953,11285.0
60750177002005,60750177002,6075017700,94103.0,497,land - populated,8,0,37.7699068,-122.4135986,4877.0
60750177002004,60750177002,6075017700,94103.0,723,land - zero population,0,0,37.7695544,-122.4137256,477.0
60750177002026,60750177002,6075017700,94103.0,723,land - zero population,0,0,37.7694949,-122.4139685,470.0
60750177002018,60750177002,6075017700,94103.0,497,land - populated,78,3,37.770049,-122.4142798,6169.0
60750177002019,60750177002,6075017700,94103.0,723,land - zero population,0,0,37.7695764,-122.4144506,377.0
60750177002025,60750177002,6075017700,94103.0,723,land - zero population,0,0,37.769544,-122.4145247,316.0
60750177002017,60750177002,6075017700,94103.0,497,land - populated,119,16,37.7701984,-122.4149647,8832.0
60750177002027,60750177002,6075017700,94103.0,723,land - zero population,0,0,37.7695283,-122.415058,586.0
60750177002008,60750177002,6075017700,94103.0,497,land - populated,28,4,37.772241,-122.415944,13480.0
60750177002009,60750177002,6075017700,94103.0,497,land - populated,56,4,37.7729804,-122.4162242,6835.0
60750177002020,60750177002,6075017700,94103.0,723,land - zero population,0,0,37.7695987,-122.4151742,335.0
60750177002016,60750177002,6075017700,94103.0,497,land - populated,50,0,37.7705711,-122.4163857,34773.0
60750177002021,60750177002,6075017700,94103.0,723,land - zero population,0,0,37.7697179,-122.4166683,631.0
60750177002047,60750177002,6075017700,94103.0,723,land - zero population,0,0,37.7696877,-122.4167601,1021.0
60750177002028,60750177002,6075017700,94103.0,723,land - zero population,0,0,37.7696268,-122.4168072,1632.0
60750177002031,60750177002,6075017700,94103.0,723,land - zero population,0,0,37.7694205,-122.4168484,6542.0
60750177002033,60750177002,6075017700,94103.0,723,land - zero population,0,0,37.7690518,-122.4139783,9133.0
60750177002032,60750177002,6075017700,94103.0,723,land - populated,28,3,37.7690374,-122.4150778,9878.0
60750177002034,60750177002,6075017700,94103.0,723,land - populated,16,1,37.7678047,-122.4144331,34779.0
60750177001044,60750177001,6075017700,94110.0,723,land - zero population,0,0,37.7663433,-122.4130633,2175.0
60750177002040,60750177002,6075017700,94110.0,723,land - zero population,0,0,37.7661923,-122.4142837,35142.0
60750177002035,60750177002,6075017700,94103.0,723,land - populated,25,5,37.7677047,-122.4160831,17155.0
60750177002036,60750177002,6075017700,94103.0,723,land - populated,23,0,37.7688696,-122.4166925,16867.0
60750177002039,60750177002,6075017700,94103.0,723,land - populated,178,35,37.7660939,-122.4159269,17289.0
60750177002038,60750177002,6075017700,94103.0,723,land - populated,194,18,37.7660267,-122.4170171,17509.0
60750177002012,60750177002,6075017700,94103.0,497,land - populated,162,10,37.7725767,-122.4175103,20121.0
60750177002014,60750177002,6075017700,94103.0,497,land - populated,34,5,37.7714725,-122.4176237,11436.0
60750177002015,60750177002,6075017700,94103.0,497,land - zero population,0,0,37.7712892,-122.4180517,3118.0
60750177002013,60750177002,6075017700,94103.0,497,land - zero population,0,0,37.7726128,-122.418477,1100.0
60750201001018,60750201001,6075020100,94103.0,497,land - populated,354,13,37.7716081,-122.4187844,16254.0
60750177002024,60750177002,6075017700,94103.0,723,land - zero population,0,0,37.7698335,-122.4171968,939.0
60750177002023,60750177002,6075017700,94103.0,497,land - zero population,0,0,37.7701798,-122.4176756,593.0
60750177002022,60750177002,6075017700,94103.0,497,land - zero population,0,0,37.7699118,-122.4177296,112.0
60750177002029,60750177002,6075017700,94103.0,723,land - zero population,0,0,37.7697227,-122.4177655,83.0
60750201001019,60750201001,6075020100,94103.0,497,land - populated,2,0,37.7705146,-122.4187338,14816.0
60750201001020,60750201001,6075020100,94103.0,497,land - populated,1,0,37.77007,-122.4186837,1429.0
60750201001025,60750201001,6075020100,94103.0,723,land - zero population,0,0,37.7693217,-122.4183927,7579.0
60750201001022,60750201001,6075020100,94103.0,723,land - zero population,0,0,37.7699479,-122.4187172,1743.0
60750201001021,60750201001,6075020100,94103.0,723,land - zero population,0,0,37.770064,-122.4190649,1073.0
60750201001002,60750201001,6075020100,94103.0,816,land - populated,24,2,37.7730762,-122.4195695,13249.0
60750201001013,60750201001,6075020100,94103.0,816,land - zero population,0,0,37.7716376,-122.4196763,16943.0
60750201001008,60750201001,6075020100,94103.0,816,land - populated,55,2,37.7723217,-122.4203707,7509.0
60750201001007,60750201001,6075020100,94102.0,816,land - populated,2,0,37.7727549,-122.4209209,3845.0
60750201001014,60750201001,6075020100,94103.0,497,land - zero population,0,0,37.7703315,-122.4197711,797.0
60750201001023,60750201001,6075020100,94103.0,723,land - populated,11,2,37.769584,-122.4193088,11222.0
60750201002001,60750201002,6075020100,94103.0,816,land - zero population,0,0,37.7696109,-122.4200418,1717.0
60750201001012,60750201001,6075020100,94103.0,816,land - populated,203,23,37.770929,-122.420934,21405.0
60750201001015,60750201001,6075020100,94103.0,816,land - zero population,0,0,37.7700023,-122.4207084,1963.0
60750201001016,60750201001,6075020100,94103.0,816,land - populated,3,1,37.7701125,-122.4212318,1746.0
60750177002030,60750177002,6075017700,94103.0,723,land - zero population,0,0,37.7690826,-122.4178067,821.0
60750177002037,60750177002,6075017700,94103.0,723,land - populated,319,70,37.7676379,-122.4171757,17243.0
60750201003000,60750201003,6075020100,94103.0,723,land - populated,287,40,37.7675818,-122.4181014,11897.0
60750201001024,60750201001,6075020100,94103.0,723,land - populated,15,0,37.7686886,-122.4189884,14618.0
60750201003001,60750201003,6075020100,94103.0,723,land - populated,307,49,37.7675393,-122.418814,10532.0
60750201003004,60750201003,6075020100,94103.0,723,land - populated,271,30,37.7662455,-122.4181388,11300.0
60750201003005,60750201003,6075020100,94103.0,723,land - populated,52,9,37.7654345,-122.4180605,6112.0
60750201003002,60750201003,6075020100,94103.0,723,land - populated,221,12,37.7674972,-122.4195261,11882.0
60750201002000,60750201002,6075020100,94103.0,816,land - populated,404,60,37.7690849,-122.4204641,12991.0
60750201002005,60750201002,6075020100,94103.0,816,land - zero population,0,0,37.7674363,-122.4205185,19360.0
60750201003003,60750201003,6075020100,94103.0,723,land - populated,344,61,37.7658955,-122.419202,17398.0
60750201002007,60750201002,6075020100,94103.0,816,land - populated,129,9,37.765838,-122.4201535,12979.0
60750201002006,60750201002,6075020100,94103.0,816,land - populated,275,20,37.7658008,-122.4207695,6688.0
60750201004004,60750201004,6075020100,94103.0,816,land - populated,84,10,37.7657719,-122.4212175,7619.0
60750227041006,60750227041,6075022704,94110.0,497,land - zero population,0,0,37.7639916,-122.4050118,2692.0
60750228021000,60750228021,6075022802,94110.0,723,land - zero population,0,0,37.7640172,-122.4052741,4014.0
60750227041007,60750227041,6075022704,94107.0,497,land - zero population,0,0,37.7631346,-122.4052114,750.0
60750228021001,60750228021,6075022802,94110.0,723,land - populated,108,7,37.7639482,-122.4059017,11842.0
60750228021002,60750228021,6075022802,94110.0,723,land - populated,94,3,37.7638686,-122.4068653,12694.0
60750227041021,60750227041,6075022704,94107.0,497,land - zero population,0,0,37.7624712,-122.4055535,1840.0
60750227041020,60750227041,6075022704,94107.0,497,land - zero population,0,0,37.7622831,-122.405395,1598.0
60750227041019,60750227041,6075022704,94110.0,497,land - populated,49,8,37.7613335,-122.4055797,10233.0
60750228021006,60750228021,6075022802,94110.0,723,land - populated,115,10,37.762595,-122.4067106,11532.0
60750227041022,60750227041,6075022704,94110.0,497,land - zero population,0,0,37.7617302,-122.4059658,1258.0
60750228021007,60750228021,6075022802,94110.0,723,land - populated,35,3,37.761992,-122.4062225,18551.0
60750227041023,60750227041,6075022704,94110.0,497,land - zero population,0,0,37.7611088,-122.4062661,1541.0
60750228021003,60750228021,6075022802,94110.0,723,land - populated,12,0,37.7638068,-122.4078634,12824.0
60750177001050,60750177001,6075017700,94110.0,723,land - populated,1,0,37.7650472,-122.4089515,37570.0
60750228021005,60750228021,6075022802,94110.0,723,land - zero population,0,0,37.7625637,-122.4072394,1524.0
60750228021004,60750228021,6075022802,94110.0,723,land - populated,174,46,37.7625285,-122.4077728,11592.0
60750228021008,60750228021,6075022802,94110.0,723,land - populated,1,0,37.7612984,-122.4071241,1447.0
60750228021009,60750228021,6075022802,94110.0,723,land - populated,37,3,37.7612671,-122.4076537,11834.0
60750228011015,60750228011,6075022801,94110.0,723,land - populated,71,8,37.7624802,-122.4087329,12114.0
60750228011016,60750228011,6075022801,94110.0,723,land - populated,173,32,37.7612094,-122.4086102,12155.0
60750227042007,60750227042,6075022704,94107.0,838,land - populated,40,3,37.759461,-122.4051386,34521.0
60750227041024,60750227041,6075022704,94110.0,497,land - zero population,0,0,37.7609153,-122.4061433,486.0
60750228022000,60750228022,6075022802,94110.0,456,land - populated,200,16,37.7582642,-122.4060454,43883.0
60750228022001,60750228022,6075022802,94110.0,456,land - zero population,0,0,37.7585647,-122.4068645,2058.0
60750228022006,60750228022,6075022802,94110.0,456,land - populated,2,0,37.7573026,-122.4067455,938.0
60750228022002,60750228022,6075022802,94110.0,456,land - zero population,0,0,37.7600111,-122.4070044,1461.0
60750228022003,60750228022,6075022802,94110.0,723,land - populated,167,15,37.7599819,-122.407532,11983.0
60750228012000,60750228012,6075022801,94110.0,723,land - populated,125,17,37.7599246,-122.4084853,12323.0
60750228022004,60750228022,6075022802,94110.0,456,land - populated,258,55,37.7585345,-122.4073806,14201.0
60750228022005,60750228022,6075022802,94110.0,456,land - populated,245,30,37.7569324,-122.4072196,14383.0
60750228012009,60750228012,6075022801,94110.0,456,land - populated,221,41,37.7584797,-122.40828,14146.0
60750228011000,60750228011,6075022801,94110.0,723,land - zero population,0,0,37.7637272,-122.4093333,24477.0
60750177001048,60750177001,6075017700,94110.0,723,land - populated,56,7,37.7649292,-122.410909,12327.0
60750228011001,60750228011,6075022801,94110.0,723,land - populated,76,3,37.7636414,-122.4107862,12142.0
60750228011014,60750228011,6075022801,94110.0,723,land - zero population,0,0,37.7624231,-122.4096999,12020.0
60750228011017,60750228011,6075022801,94110.0,723,land - populated,25,0,37.7611507,-122.4095762,12062.0
60750228011013,60750228011,6075022801,94110.0,723,land - populated,26,1,37.7623645,-122.4106647,12094.0
60750228011018,60750228011,6075022801,94110.0,723,land - populated,43,9,37.7610938,-122.4105419,12138.0
60750177001047,60750177001,6075017700,94110.0,723,land - zero population,0,0,37.7648705,-122.4118735,12269.0
60750228011002,60750228011,6075022801,94110.0,723,land - populated,84,8,37.7635832,-122.4117506,12124.0
60750177001046,60750177001,6075017700,94110.0,723,land - populated,127,13,37.7648131,-122.4127062,8993.0
60750228011003,60750228011,6075022801,94110.0,723,land - zero population,0,0,37.7635285,-122.4125913,9004.0
60750228011012,60750228011,6075022801,94110.0,723,land - zero population,0,0,37.7623089,-122.4116301,12052.0
60750228011019,60750228011,6075022801,94110.0,723,land - populated,451,179,37.7610347,-122.4115071,12059.0
60750228011011,60750228011,6075022801,94110.0,723,land - populated,66,1,37.7622568,-122.4124768,9155.0
60750228012001,60750228012,6075022801,94110.0,723,land - populated,128,9,37.7598731,-122.4094481,12206.0
60750228012002,60750228012,6075022801,94110.0,723,land - populated,115,5,37.7598017,-122.4104102,12399.0
60750228012008,60750228012,6075022801,94110.0,456,land - populated,279,49,37.7584279,-122.4091903,14531.0
60750228012007,60750228012,6075022801,94110.0,456,land - populated,434,82,37.7583642,-122.4101283,15032.0
60750228012003,60750228012,6075022801,94110.0,723,land - populated,43,0,37.7597541,-122.4112697,9530.0
60750228011020,60750228011,6075022801,94110.0,723,land - populated,4,1,37.7609853,-122.4123515,9095.0
60750228012004,60750228012,6075022801,94110.0,723,land - populated,42,1,37.7597066,-122.4121065,11841.0
60750228012006,60750228012,6075022801,94110.0,456,land - populated,260,31,37.7583102,-122.4110538,14097.0
60750228012005,60750228012,6075022801,94110.0,723,land - populated,316,49,37.7582563,-122.4119632,14507.0
60750228013007,60750228013,6075022801,94110.0,723,land - populated,265,39,37.7581957,-122.4129741,17282.0
60750228022008,60750228022,6075022802,94110.0,456,land - populated,269,0,37.7556401,-122.4050893,72069.0
60750228022007,60750228022,6075022802,94110.0,456,land - zero population,0,0,37.7565002,-122.406665,628.0
60750228022009,60750228022,6075022802,94110.0,456,land - populated,6,1,37.755378,-122.4065571,1717.0
60750229032002,60750229032,6075022903,94110.0,456,land - zero population,0,0,37.7537298,-122.4049079,12146.0
60750229031000,60750229031,6075022903,94110.0,456,land - zero population,0,0,37.7544248,-122.4064687,262.0
60750229032003,60750229032,6075022903,94110.0,456,land - populated,147,24,37.7536699,-122.4058934,12547.0
60750229031001,60750229031,6075022903,94110.0,456,land - populated,209,25,37.7537324,-122.4068928,14996.0
60750228022013,60750228022,6075022802,94110.0,456,land - populated,354,73,37.7553339,-122.4070678,14431.0
60750228032000,60750228032,6075022803,94110.0,456,land - populated,291,58,37.75688,-122.4081265,14083.0
60750228033000,60750228033,6075022803,94110.0,456,land - populated,283,51,37.7552812,-122.4079733,14117.0
60750228033001,60750228033,6075022803,94110.0,456,land - populated,274,51,37.7552275,-122.4088905,14792.0
60750229031002,60750229031,6075022903,94110.0,456,land - populated,260,42,37.7536789,-122.407818,14105.0
60750229031003,60750229031,6075022903,94110.0,456,land - populated,259,34,37.753622,-122.4087344,14759.0
60750229032004,60750229032,6075022903,94110.0,456,land - populated,243,40,37.7523946,-122.4057735,12667.0
60750229031006,60750229031,6075022903,94110.0,456,land - populated,338,78,37.75214,-122.4067365,15049.0
60750229032009,60750229032,6075022903,94110.0,456,land - populated,9,0,37.7505959,-122.4049995,44941.0
60750229032010,60750229032,6075022903,94110.0,456,land - zero population,0,0,37.7493657,-122.4053226,442.0
60750251003002,60750251003,6075025100,94110.0,680,land - zero population,0,0,37.7491419,-122.4049292,251.0
60750251003010,60750251003,6075025100,94110.0,680,land - zero population,0,0,37.7489696,-122.4052868,348.0
60750229033004,60750229033,6075022903,94110.0,456,land - populated,186,24,37.749155,-122.4072826,11756.0
60750229033000,60750229033,6075022903,94110.0,456,land - populated,111,16,37.7501241,-122.4064021,24021.0
60750251003009,60750251003,6075025100,94110.0,680,land - zero population,0,0,37.7489478,-122.4059735,1249.0
60750229031005,60750229031,6075022903,94110.0,456,land - populated,209,31,37.7520815,-122.4076639,14099.0
60750229031004,60750229031,6075022903,94110.0,456,land - populated,260,34,37.7520265,-122.4085835,14764.0
60750229033001,60750229033,6075022903,94110.0,456,land - populated,252,43,37.7504794,-122.4075082,14213.0
60750229033002,60750229033,6075022903,94110.0,456,land - populated,191,18,37.750429,-122.408431,14811.0
60750229033003,60750229033,6075022903,94110.0,456,land - populated,185,29,37.7490186,-122.4082976,11293.0
60750228032001,60750228032,6075022803,94110.0,456,land - populated,256,41,37.7568216,-122.4090489,14892.0
60750228033002,60750228033,6075022803,94110.0,456,land - populated,323,51,37.7551668,-122.4098277,14757.0
60750228032002,60750228032,6075022803,94110.0,456,land - populated,260,35,37.7567712,-122.4099869,14560.0
60750228032003,60750228032,6075022803,94110.0,456,land - populated,291,55,37.7567131,-122.4108992,14115.0
60750228033003,60750228033,6075022803,94110.0,456,land - populated,254,51,37.7551145,-122.4107465,14174.0
60750229021000,60750229021,6075022902,94110.0,456,land - populated,207,42,37.7535706,-122.4096735,14800.0
60750229021001,60750229021,6075022902,94110.0,456,land - populated,268,40,37.7535134,-122.4105923,14161.0
60750228032004,60750228032,6075022803,94110.0,723,land - populated,199,43,37.7566589,-122.4118107,14522.0
60750228033004,60750228033,6075022803,94110.0,603,land - populated,300,75,37.7550592,-122.4116596,14593.0
60750228031000,60750228031,6075022803,94110.0,723,land - populated,98,10,37.7565984,-122.4128218,17242.0
60750228031007,60750228031,6075022803,94110.0,603,land - populated,136,7,37.7549988,-122.4126699,17256.0
60750229021002,60750229021,6075022902,94110.0,603,land - populated,250,44,37.7534563,-122.4115073,14683.0
60750229011000,60750229011,6075022901,94110.0,603,land - populated,273,39,37.7533995,-122.4125203,17174.0
60750229021005,60750229021,6075022902,94110.0,456,land - populated,232,29,37.7519703,-122.409522,14682.0
60750229021004,60750229021,6075022902,94110.0,456,land - populated,130,16,37.7519153,-122.4104385,14061.0
60750229022000,60750229022,6075022902,94110.0,456,land - populated,189,31,37.7503726,-122.4093698,14746.0
60750229022005,60750229022,6075022902,94110.0,456,land - populated,181,43,37.7489789,-122.4092338,10943.0
60750229022001,60750229022,6075022902,94110.0,456,land - populated,251,39,37.7503179,-122.4102863,14124.0
60750229022004,60750229022,6075022902,94110.0,456,land - populated,193,35,37.7489421,-122.4101527,10138.0
60750229021003,60750229021,6075022902,94110.0,603,land - populated,240,41,37.7518602,-122.4113551,14679.0
60750229012000,60750229012,6075022901,94110.0,603,land - populated,191,26,37.7518152,-122.4121058,8885.0
60750229012001,60750229012,6075022901,94110.0,603,land - populated,180,26,37.7517867,-122.412653,8332.0
60750229022002,60750229022,6075022902,94110.0,603,land - populated,304,45,37.7502631,-122.4112018,14717.0
60750229022003,60750229022,6075022902,94110.0,603,land - populated,172,31,37.7489051,-122.4110701,10257.0
60750229012006,60750229012,6075022901,94110.0,603,land - zero population,0,0,37.7502019,-122.4122162,17192.0
60750229012005,60750229012,6075022901,94110.0,603,land - populated,134,10,37.750153,-122.413026,8270.0
60750229012007,60750229012,6075022901,94110.0,603,land - populated,81,31,37.7491599,-122.4121079,5220.0
60750177002044,60750177002,6075017700,94110.0,723,land - zero population,0,0,37.7644845,-122.4132387,4391.0
60750177002041,60750177002,6075017700,94110.0,723,land - populated,84,0,37.765006,-122.4141764,14856.0
60750177002045,60750177002,6075017700,94110.0,723,land - populated,24,4,37.7642027,-122.4144234,14704.0
60750228011004,60750228011,6075022801,94110.0,723,land - populated,71,6,37.7629736,-122.4133619,15053.0
60750228011010,60750228011,6075022801,94110.0,723,land - zero population,0,0,37.7613637,-122.4138415,33981.0
60750228011005,60750228011,6075022801,94110.0,723,land - populated,31,6,37.7629988,-122.4144399,19831.0
60750177002042,60750177002,6075017700,94110.0,723,land - zero population,0,0,37.7644751,-122.4157695,17101.0
60750177002043,60750177002,6075017700,94110.0,723,land - populated,3,0,37.7644091,-122.4168582,17478.0
60750228011006,60750228011,6075022801,94110.0,723,land - populated,178,28,37.7628653,-122.4156148,16919.0
60750228011009,60750228011,6075022801,94110.0,723,land - zero population,0,0,37.7612653,-122.4154619,17050.0
60750228011007,60750228011,6075022801,94110.0,723,land - populated,148,16,37.7628027,-122.4167042,17382.0
60750228011008,60750228011,6075022801,94110.0,723,land - populated,35,4,37.761201,-122.4165531,17306.0
60750228013000,60750228013,6075022801,94110.0,723,land - zero population,0,0,37.7603109,-122.4131873,6070.0
60750228013008,60750228013,6075022801,94110.0,723,land - zero population,0,0,37.7595105,-122.4131031,11134.0
60750228013001,60750228013,6075022801,94110.0,723,land - populated,194,41,37.7597299,-122.4142225,17136.0
60750228013006,60750228013,6075022801,94110.0,723,land - populated,268,28,37.7581293,-122.4140694,17169.0
60750228013002,60750228013,6075022801,94110.0,723,land - populated,82,12,37.7596643,-122.41531,17155.0
60750228013003,60750228013,6075022801,94110.0,723,land - populated,312,43,37.759599,-122.4164016,17266.0
60750228013005,60750228013,6075022801,94110.0,723,land - populated,304,27,37.7580645,-122.4151591,17087.0
60750228013004,60750228013,6075022801,94110.0,723,land - populated,208,18,37.7579981,-122.4162492,17183.0
60750201004000,60750201004,6075020100,94110.0,723,land - populated,680,47,37.7643401,-122.418015,19218.0
60750201004001,60750201004,6075020100,94110.0,723,land - populated,293,21,37.7642695,-122.4191053,15486.0
60750208001000,60750208001,6075020800,94110.0,723,land - populated,249,43,37.7627368,-122.4178023,17234.0
60750208002000,60750208002,6075020800,94110.0,723,land - populated,382,34,37.7611345,-122.4176485,17197.0
60750208001001,60750208001,6075020800,94110.0,723,land - populated,339,55,37.7626655,-122.4188924,17055.0
60750208002001,60750208002,6075020800,94110.0,723,land - populated,422,65,37.7610685,-122.4187385,17135.0
60750201004002,60750201004,6075020100,94110.0,816,land - populated,341,21,37.7642119,-122.4200488,14602.0
60750201004003,60750201004,6075020100,94110.0,816,land - populated,175,23,37.7641682,-122.4208348,10436.0
60750208001002,60750208001,6075020800,94110.0,816,land - populated,213,20,37.7631742,-122.4206064,8311.0
60750208001006,60750208001,6075020800,94110.0,816,land - populated,98,4,37.7622511,-122.4197863,6639.0
60750208001003,60750208001,6075020800,94110.0,816,land - populated,157,17,37.762815,-122.4205691,7379.0
60750208001005,60750208001,6075020800,94110.0,816,land - populated,220,32,37.7622069,-122.4205141,5923.0
60750208001004,60750208001,6075020800,94110.0,816,land - populated,124,12,37.7621626,-122.4212384,6591.0
60750208002005,60750208002,6075020800,94110.0,723,land - populated,243,26,37.7595324,-122.4174952,17227.0
60750208003000,60750208003,6075020800,94110.0,723,land - populated,194,16,37.7594668,-122.4185854,17150.0
60750208004000,60750208004,6075020800,94110.0,723,land - populated,408,59,37.7579326,-122.4173423,17163.0
60750208004001,60750208004,6075020800,94110.0,723,land - populated,471,58,37.7578666,-122.4184328,17105.0
60750208002002,60750208002,6075020800,94110.0,816,land - populated,343,36,37.7610123,-122.419667,12107.0
60750208003001,60750208003,6075020800,94110.0,505,land - populated,229,35,37.7594072,-122.4195185,12271.0
60750208002003,60750208002,6075020800,94110.0,816,land - populated,343,33,37.7609683,-122.420394,10778.0
60750208002004,60750208002,6075020800,94110.0,816,land - populated,204,23,37.7609242,-122.421119,12037.0
60750208003002,60750208003,6075020800,94110.0,505,land - populated,224,18,37.7593705,-122.4202461,10651.0
60750208003003,60750208003,6075020800,94110.0,505,land - populated,183,25,37.7593233,-122.4209659,12057.0
60750208004002,60750208004,6075020800,94110.0,505,land - populated,150,24,37.7578103,-122.419371,12383.0
60750208003005,60750208003,6075020800,94110.0,505,land - populated,195,16,37.7577703,-122.4200941,10328.0
60750208003004,60750208003,6075020800,94110.0,505,land - populated,249,25,37.7577212,-122.4208082,12128.0
60750228031001,60750228031,6075022803,94110.0,723,land - populated,259,40,37.7565315,-122.4139176,17198.0
60750228031006,60750228031,6075022803,94110.0,603,land - populated,175,23,37.7549324,-122.4137642,17218.0
60750228031002,60750228031,6075022803,94110.0,723,land - populated,242,41,37.7564658,-122.4150069,17062.0
60750229011001,60750229011,6075022901,94110.0,603,land - populated,226,23,37.7533352,-122.413614,17121.0
60750228031005,60750228031,6075022803,94110.0,603,land - populated,240,36,37.7548664,-122.4148537,17085.0
60750229011002,60750229011,6075022901,94110.0,603,land - populated,360,64,37.7532697,-122.4147031,17022.0
60750228031003,60750228031,6075022803,94110.0,723,land - populated,374,42,37.7564002,-122.4160966,17202.0
60750228031004,60750228031,6075022803,94110.0,603,land - populated,340,39,37.7548011,-122.4159433,17212.0
60750229011003,60750229011,6075022901,94110.0,603,land - populated,244,36,37.7532036,-122.4157928,17150.0
60750209001000,60750209001,6075020900,94110.0,603,land - populated,355,42,37.7547349,-122.4170362,17196.0
60750209001003,60750209001,6075020900,94110.0,603,land - populated,361,49,37.7531369,-122.4168858,17154.0
60750229012002,60750229012,6075022901,94110.0,603,land - populated,234,31,37.7517528,-122.4131788,8269.0
60750229012003,60750229012,6075022901,94110.0,603,land - populated,249,40,37.7517226,-122.4137237,8906.0
60750229011005,60750229011,6075022901,94110.0,603,land - populated,346,50,37.7516713,-122.4145495,17145.0
60750229012004,60750229012,6075022901,94110.0,603,land - populated,230,40,37.7501209,-122.4135688,8799.0
60750229012008,60750229012,6075022901,94110.0,603,land - populated,114,44,37.7491011,-122.4131979,5062.0
60750229013000,60750229013,6075022901,94110.0,603,land - populated,110,10,37.7500863,-122.4141307,8881.0
60750229013001,60750229013,6075022901,94110.0,603,land - populated,126,20,37.7500532,-122.4146752,8252.0
60750229013005,60750229013,6075022901,94110.0,603,land - populated,651,192,37.7487589,-122.4143077,11473.0
60750229011004,60750229011,6075022901,94110.0,603,land - populated,323,36,37.7516052,-122.4156399,17252.0
60750209001004,60750209001,6075020900,94110.0,603,land - populated,153,15,37.7515536,-122.4164678,8854.0
60750209001005,60750209001,6075020900,94110.0,603,land - populated,239,24,37.751522,-122.4170144,8353.0
60750229013002,60750229013,6075022901,94110.0,603,land - populated,94,15,37.7500215,-122.4152015,8306.0
60750229013003,60750229013,6075022901,94110.0,603,land - populated,193,19,37.7499885,-122.4157485,8904.0
60750229013004,60750229013,6075022901,94110.0,603,land - zero population,0,0,37.7487481,-122.4154023,9359.0
60750209002000,60750209002,6075020900,94110.0,603,land - populated,206,27,37.7499545,-122.4163135,8872.0
60750209002001,60750209002,6075020900,94110.0,603,land - populated,121,15,37.7499215,-122.4168602,8326.0
60750208004005,60750208004,6075020800,94110.0,723,land - populated,415,57,37.7563345,-122.4171895,17177.0
60750208004004,60750208004,6075020800,94110.0,723,land - populated,174,14,37.7562688,-122.4182799,17124.0
60750209001001,60750209001,6075020900,94110.0,603,land - populated,239,31,37.7546696,-122.4181268,17132.0
60750209001002,60750209001,6075020900,94110.0,603,land - populated,226,23,37.7530703,-122.4179758,17099.0
60750209004003,60750209004,6075020900,94110.0,603,land - populated,203,23,37.7530041,-122.4190753,17477.0
60750208004003,60750208004,6075020800,94110.0,505,land - populated,101,15,37.7562016,-122.4193798,17478.0
60750208004006,60750208004,6075020800,94110.0,505,land - populated,247,31,37.756133,-122.4204879,17470.0
60750209004000,60750209004,6075020900,94110.0,505,land - populated,121,7,37.7546024,-122.419226,17461.0
60750209004002,60750209004,6075020900,94110.0,603,land - populated,89,13,37.7529369,-122.4201847,17419.0
60750209004001,60750209004,6075020900,94110.0,505,land - populated,163,17,37.7545334,-122.4203345,17354.0
60750210001000,60750210001,6075021000,94110.0,505,land - populated,110,5,37.7544283,-122.4211813,9226.0
60750210002000,60750210002,6075021000,94110.0,603,land - populated,170,15,37.7528358,-122.421142,12710.0
60750209001006,60750209001,6075020900,94110.0,603,land - populated,137,15,37.7514876,-122.4175402,8214.0
60750209001007,60750209001,6075020900,94110.0,603,land - populated,74,9,37.7514574,-122.4180842,8881.0
60750209004007,60750209004,6075020900,94110.0,603,land - populated,63,9,37.751422,-122.418653,9016.0
60750209002002,60750209002,6075020900,94110.0,603,land - populated,196,19,37.7498917,-122.4173862,8210.0
60750209002003,60750209002,6075020900,94110.0,603,land - populated,62,6,37.7498563,-122.4179291,8881.0
60750209002004,60750209002,6075020900,94110.0,603,land - populated,147,12,37.7487509,-122.4176409,6470.0
60750209003000,60750209003,6075020900,94110.0,420,land - populated,83,15,37.7498225,-122.4184985,9030.0
60750209003001,60750209003,6075020900,94110.0,420,land - populated,80,7,37.74979,-122.4190545,8462.0
60750209004006,60750209004,6075020900,94110.0,603,land - populated,154,0,37.7513883,-122.419209,8478.0
60750209004005,60750209004,6075020900,94110.0,603,land - populated,178,30,37.751354,-122.4197436,8344.0
60750209004004,60750209004,6075020900,94110.0,603,land - populated,79,9,37.7513241,-122.4202977,9074.0
60750210003000,60750210003,6075021000,94110.0,603,land - populated,115,8,37.7512903,-122.420825,7515.0
60750209003002,60750209003,6075020900,94110.0,420,land - populated,189,24,37.749757,-122.4195905,8402.0
60750209003003,60750209003,6075020900,94110.0,420,land - populated,55,2,37.7497235,-122.420144,9013.0
60750210004000,60750210004,6075021000,94110.0,420,land - populated,131,13,37.749692,-122.4206695,7520.0
60750210004001,60750210004,6075021000,94110.0,420,land - populated,138,20,37.749664,-122.4211348,7121.0
60750102001001,60750102001,6075010200,94109.0,801,land - zero population,0,0,37.8082415,-122.4213054,12142.0
60750102001005,60750102001,6075010200,94109.0,801,land - zero population,0,0,37.8068821,-122.4220812,26063.0
60750102001004,60750102001,6075010200,94109.0,801,land - zero population,0,0,37.8066715,-122.4250569,9970.0
60750102001003,60750102001,6075010200,94109.0,801,land - zero population,0,0,37.8106454,-122.4245951,5212.0
60750126022001,60750126022,6075012602,94123.0,823,land - zero population,0,0,37.8063886,-122.4277173,7418.0
60750126022000,60750126022,6075012602,94123.0,823,land - populated,197,9,37.8060882,-122.4292278,244381.0
60750102001010,60750102001,6075010200,94109.0,801,land - populated,83,9,37.8060776,-122.4212831,15430.0
60750102003000,60750102003,6075010200,94109.0,801,land - zero population,0,0,37.8058607,-122.4229252,15491.0
60750102003003,60750102003,6075010200,94109.0,801,land - populated,277,9,37.8049258,-122.4227357,15419.0
60750102002004,60750102002,6075010200,94109.0,801,land - populated,203,3,37.802125,-122.4221746,15366.0
60750102003004,60750102003,6075010200,94109.0,801,land - populated,143,12,37.8039921,-122.4225651,15249.0
60750102003007,60750102003,6075010200,94109.0,801,land - populated,101,12,37.8030475,-122.4223579,15151.0
60750102003001,60750102003,6075010200,94109.0,801,land - populated,99,1,37.805844,-122.4247841,19215.0
60750102003002,60750102003,6075010200,94109.0,801,land - zero population,0,0,37.8047224,-122.4243363,14496.0
60750102003010,60750102003,6075010200,94109.0,823,land - zero population,0,0,37.804612,-122.425204,1725.0
60750102003005,60750102003,6075010200,94109.0,801,land - zero population,0,0,37.8037858,-122.4241465,14644.0
60750102003008,60750102003,6075010200,94109.0,801,land - populated,216,20,37.8028532,-122.4239575,14369.0
60750102003006,60750102003,6075010200,94109.0,823,land - zero population,0,0,37.8036758,-122.4250142,1727.0
60750102003009,60750102003,6075010200,94109.0,823,land - populated,14,2,37.8027452,-122.4248256,1717.0
60750102002003,60750102002,6075010200,94109.0,801,land - populated,211,18,37.8011929,-122.4219852,15338.0
60750102002002,60750102002,6075010200,94109.0,801,land - populated,236,7,37.8002639,-122.4217959,15356.0
60750109003000,60750109003,6075010900,94109.0,801,land - populated,262,13,37.799332,-122.4216084,15368.0
60750109003004,60750109003,6075010900,94109.0,801,land - populated,269,5,37.7983978,-122.4214186,15484.0
60750109003001,60750109003,6075010900,94123.0,801,land - populated,218,2,37.7991292,-122.4232078,14520.0
60750109003003,60750109003,6075010900,94109.0,801,land - populated,312,10,37.7981949,-122.4230188,14572.0
60750102002005,60750102002,6075010200,94109.0,801,land - populated,299,7,37.8019232,-122.4237726,14549.0
60750102002007,60750102002,6075010200,94109.0,801,land - populated,191,12,37.8009912,-122.4235835,14515.0
60750102002009,60750102002,6075010200,94109.0,801,land - populated,412,9,37.8000603,-122.4233958,14483.0
60750102002010,60750102002,6075010200,94123.0,823,land - zero population,0,0,37.7999507,-122.4242649,1723.0
60750102002006,60750102002,6075010200,94109.0,823,land - zero population,0,0,37.8018023,-122.4246368,1771.0
60750102002008,60750102002,6075010200,94123.0,823,land - zero population,0,0,37.8008602,-122.4244488,1639.0
60750129011006,60750129011,6075012901,94123.0,823,land - populated,231,14,37.8007194,-122.4253111,12898.0
60750109003002,60750109003,6075010900,94123.0,801,land - populated,17,0,37.7990181,-122.4240762,1729.0
60750109003005,60750109003,6075010900,94123.0,823,land - zero population,0,0,37.7980845,-122.4238875,1731.0
60750129021000,60750129021,6075012902,94123.0,823,land - populated,326,11,37.7998396,-122.4251321,14456.0
60750130001003,60750130001,6075013000,94123.0,823,land - populated,160,6,37.797974,-122.4247555,14558.0
60750130001000,60750130001,6075013000,94123.0,823,land - populated,203,9,37.7989083,-122.4249439,14507.0
60750126022006,60750126022,6075012602,94109.0,823,land - populated,7,0,37.8049931,-122.4261596,8067.0
60750126022016,60750126022,6075012602,94123.0,823,land - zero population,0,0,37.8047913,-122.4262798,1540.0
60750126022002,60750126022,6075012602,94123.0,823,land - populated,8,0,37.8046436,-122.4265172,3137.0
60750126022004,60750126022,6075012602,94123.0,823,land - populated,14,3,37.804869,-122.4270922,1801.0
60750126022003,60750126022,6075012602,94123.0,823,land - zero population,0,0,37.8042105,-122.428402,11327.0
60750129012000,60750129012,6075012901,94123.0,823,land - populated,230,17,37.803566,-122.4258827,14640.0
60750129012005,60750129012,6075012901,94123.0,823,land - populated,238,10,37.8026332,-122.4256942,14418.0
60750129012004,60750129012,6075012901,94123.0,823,land - populated,169,16,37.8024309,-122.4272938,15288.0
60750126022005,60750126022,6075012602,94123.0,823,land - populated,2,0,37.8052322,-122.4276841,2569.0
60750126022015,60750126022,6075012602,94123.0,823,land - zero population,0,0,37.8043194,-122.4276871,3530.0
60750129012001,60750129012,6075012901,94123.0,823,land - populated,212,17,37.8033631,-122.4274825,15452.0
60750129012002,60750129012,6075012901,94123.0,823,land - populated,279,18,37.8031548,-122.4291274,15430.0
60750129012003,60750129012,6075012901,94123.0,823,land - populated,179,20,37.8022227,-122.4289386,15313.0
60750129011000,60750129011,6075012901,94123.0,823,land - populated,243,4,37.8017111,-122.4255089,14284.0
60750129011007,60750129011,6075012901,94123.0,823,land - zero population,0,0,37.8011965,-122.4253833,1838.0
60750129011001,60750129011,6075012901,94123.0,823,land - populated,201,7,37.8015081,-122.4271068,15148.0
60750129011008,60750129011,6075012901,94123.0,823,land - zero population,0,0,37.8009914,-122.4270012,1905.0
60750129011005,60750129011,6075012901,94123.0,823,land - populated,114,7,37.8005175,-122.4269072,13716.0
60750129021001,60750129021,6075012902,94123.0,823,land - populated,258,13,37.7996365,-122.4267293,15324.0
60750130001001,60750130001,6075013000,94123.0,823,land - populated,207,11,37.7987055,-122.4265415,15352.0
60750129011002,60750129011,6075012901,94123.0,823,land - populated,244,6,37.8012991,-122.428752,15153.0
60750129011003,60750129011,6075012901,94123.0,823,land - zero population,0,0,37.8007824,-122.4286475,1898.0
60750129011004,60750129011,6075012901,94123.0,823,land - populated,217,12,37.8003088,-122.428552,13734.0
60750129021002,60750129021,6075012902,94123.0,823,land - populated,221,8,37.7994275,-122.4283735,15339.0
60750130002000,60750130002,6075013000,94123.0,823,land - populated,190,7,37.7984962,-122.4281856,15380.0
60750126021001,60750126021,6075012602,94123.0,823,land - zero population,0,0,37.806476,-122.4356807,58933.0
60750126021003,60750126021,6075012602,94123.0,823,land - populated,3,0,37.806474,-122.4370075,1781.0
60750129022000,60750129022,6075012902,94123.0,823,land - populated,203,6,37.8029369,-122.4307627,15038.0
60750129022001,60750129022,6075012902,94123.0,823,land - populated,239,18,37.8020144,-122.430583,15322.0
60750126022007,60750126022,6075012602,94123.0,823,land - zero population,0,0,37.8046269,-122.4327994,16165.0
60750126022013,60750126022,6075012602,94123.0,823,land - populated,282,6,37.8036506,-122.4326013,16161.0
60750129022002,60750129022,6075012902,94123.0,823,land - populated,293,14,37.8010902,-122.4303969,15139.0
60750129022005,60750129022,6075012902,94123.0,823,land - zero population,0,0,37.8005735,-122.430293,1899.0
60750129022006,60750129022,6075012902,94123.0,823,land - populated,164,9,37.8000997,-122.4301969,13726.0
60750129021003,60750129021,6075012902,94123.0,823,land - populated,176,20,37.7992182,-122.4300187,15350.0
60750130002001,60750130002,6075013000,94123.0,823,land - populated,187,10,37.7982868,-122.4298304,15380.0
60750130003000,60750130003,6075013000,94123.0,823,land - populated,114,5,37.7980775,-122.4314758,15379.0
60750129022003,60750129022,6075012902,94123.0,823,land - populated,156,4,37.8011095,-122.4320887,7624.0
60750129022004,60750129022,6075012902,94123.0,823,land - populated,100,11,37.8006502,-122.4319947,7529.0
60750129021006,60750129021,6075012902,94123.0,823,land - zero population,0,0,37.8003646,-122.4319375,1899.0
60750129021005,60750129021,6075012902,94123.0,823,land - populated,153,6,37.7998908,-122.431842,13734.0
60750129021004,60750129021,6075012902,94123.0,823,land - populated,184,28,37.799009,-122.431664,15362.0
60750129023007,60750129023,6075012902,94123.0,823,land - populated,71,7,37.7999155,-122.4335341,6025.0
60750129023010,60750129023,6075012902,94123.0,823,land - populated,79,2,37.799499,-122.4334498,7696.0
60750129023011,60750129023,6075012902,94123.0,823,land - populated,60,3,37.799033,-122.4333555,7660.0
60750129023014,60750129023,6075012902,94123.0,823,land - populated,113,13,37.7985675,-122.4332615,7676.0
60750126022008,60750126022,6075012602,94123.0,823,land - populated,149,26,37.8043991,-122.4344361,15501.0
60750126021004,60750126021,6075012602,94123.0,823,land - populated,1,0,37.805583,-122.4347027,2218.0
60750126021005,60750126021,6075012602,94123.0,823,land - populated,74,14,37.805275,-122.4349374,10444.0
60750126022012,60750126022,6075012602,94123.0,823,land - populated,206,18,37.8034402,-122.4342486,16083.0
60750129023000,60750129023,6075012902,94123.0,823,land - zero population,0,0,37.802046,-122.4339467,89552.0
60750126021006,60750126021,6075012602,94123.0,823,land - populated,103,18,37.8059867,-122.4365176,13266.0
60750126021015,60750126021,6075012602,94123.0,823,land - populated,192,10,37.8051163,-122.4362754,15434.0
60750126022009,60750126022,6075012602,94123.0,823,land - populated,217,34,37.8041835,-122.4360832,15349.0
60750126021013,60750126021,6075012602,94123.0,823,land - zero population,0,0,37.8058613,-122.4373504,1229.0
60750126021014,60750126021,6075012602,94123.0,823,land - zero population,0,0,37.8049177,-122.4371594,1809.0
60750126022011,60750126022,6075012602,94123.0,823,land - populated,257,20,37.8032308,-122.4358914,16038.0
60750126022010,60750126022,6075012602,94123.0,823,land - zero population,0,0,37.803981,-122.4369685,1187.0
60750126022014,60750126022,6075012602,94123.0,823,land - zero population,0,0,37.8031233,-122.4367926,1551.0
60750129023002,60750129023,6075012902,94123.0,823,land - populated,110,3,37.8008994,-122.4337336,7650.0
60750129023003,60750129023,6075012902,94123.0,823,land - populated,70,2,37.8004407,-122.4336394,7478.0
60750129023008,60750129023,6075012902,94123.0,823,land - zero population,0,0,37.800156,-122.4335825,1914.0
60750129023004,60750129023,6075012902,94123.0,823,land - populated,198,6,37.800464,-122.435331,15116.0
60750129023005,60750129023,6075012902,94123.0,823,land - zero population,0,0,37.7999474,-122.4352247,1903.0
60750129023006,60750129023,6075012902,94123.0,823,land - zero population,0,0,37.7997067,-122.4351773,6024.0
60750129023009,60750129023,6075012902,94123.0,823,land - populated,5,0,37.79929,-122.4350925,7690.0
60750129023012,60750129023,6075012902,94123.0,823,land - populated,112,10,37.798824,-122.434998,7656.0
60750129023013,60750129023,6075012902,94123.0,823,land - populated,85,9,37.7983585,-122.434904,7672.0
60750129023001,60750129023,6075012902,94123.0,823,land - zero population,0,0,37.8017222,-122.4364835,3093.0
60750126011009,60750126011,6075012601,94123.0,823,land - populated,418,25,37.8018572,-122.4370971,20845.0
60750128001000,60750128001,6075012800,94123.0,823,land - populated,43,0,37.800254,-122.436975,15129.0
60750128001012,60750128001,6075012800,94123.0,823,land - populated,92,7,37.7981492,-122.4365493,7708.0
60750128001006,60750128001,6075012800,94123.0,823,land - populated,25,1,37.7994976,-122.4368225,6064.0
60750128001007,60750128001,6075012800,94123.0,823,land - zero population,0,0,37.7997385,-122.4368705,1904.0
60750128001011,60750128001,6075012800,94123.0,823,land - populated,75,2,37.7990805,-122.4367375,7718.0
60750128001010,60750128001,6075012800,94123.0,823,land - populated,80,3,37.7986148,-122.4366427,7676.0
60750109003006,60750109003,6075010900,94109.0,801,land - populated,206,18,37.7972641,-122.422831,14409.0
60750109003008,60750109003,6075010900,94109.0,801,land - populated,318,6,37.7963237,-122.4226412,14864.0
60750110002003,60750110002,6075011000,94109.0,834,land - populated,148,4,37.7944866,-122.42227,13742.0
60750110001009,60750110001,6075011000,94109.0,801,land - populated,171,7,37.7953876,-122.4224529,14315.0
60750110002004,60750110002,6075011000,94109.0,834,land - zero population,0,0,37.794376,-122.423138,1622.0
60750109003007,60750109003,6075010900,94109.0,823,land - populated,64,11,37.7971525,-122.423699,1718.0
60750109003009,60750109003,6075010900,94109.0,823,land - zero population,0,0,37.7962171,-122.4235103,1745.0
60750130001004,60750130001,6075013000,94123.0,823,land - populated,292,12,37.7970427,-122.4245674,14423.0
60750131011000,60750131011,6075013101,94109.0,823,land - populated,292,8,37.7961026,-122.4243768,14843.0
60750110001010,60750110001,6075011000,94109.0,801,land - zero population,0,0,37.7952722,-122.423319,1677.0
60750131011003,60750131011,6075013101,94109.0,823,land - populated,134,6,37.7951664,-122.4241875,14332.0
60750131011004,60750131011,6075013101,94109.0,823,land - populated,194,13,37.7942654,-122.424006,13729.0
60750110003004,60750110003,6075011000,94109.0,834,land - populated,148,5,37.7936028,-122.4220928,13768.0
60750111001003,60750111001,6075011100,94109.0,834,land - populated,349,61,37.7918415,-122.421738,13777.0
60750110003006,60750110003,6075011000,94109.0,834,land - populated,198,13,37.7927222,-122.4219166,13597.0
60750110003005,60750110003,6075011000,94109.0,823,land - zero population,0,0,37.7934921,-122.4229602,1632.0
60750110003007,60750110003,6075011000,94109.0,823,land - zero population,0,0,37.7926125,-122.422783,1607.0
60750111001006,60750111001,6075011100,94109.0,834,land - populated,142,4,37.7909386,-122.4215559,14286.0
60750111002005,60750111002,6075011100,94109.0,790,land - populated,85,0,37.790001,-122.4213657,14899.0
60750111002006,60750111002,6075011100,94109.0,823,land - zero population,0,0,37.7898855,-122.4222312,1754.0
60750111001004,60750111001,6075011100,94109.0,834,land - zero population,0,0,37.7917318,-122.4226045,1629.0
60750111001007,60750111001,6075011100,94109.0,823,land - zero population,0,0,37.7908347,-122.4224233,1675.0
60750131021005,60750131021,6075013102,94109.0,823,land - populated,162,10,37.7907189,-122.4232905,14345.0
60750151001000,60750151001,6075015100,94109.0,823,land - zero population,0,0,37.7897808,-122.4231005,14926.0
60750131012000,60750131012,6075013101,94109.0,823,land - populated,490,23,37.7933821,-122.4238288,13785.0
60750131012003,60750131012,6075013101,94109.0,823,land - populated,231,8,37.7925019,-122.4236519,13652.0
60750131012002,60750131012,6075013101,94109.0,823,land - populated,274,27,37.7922992,-122.4252492,14403.0
60750131012004,60750131012,6075013101,94109.0,823,land - populated,449,22,37.7916218,-122.4234732,13797.0
60750131012005,60750131012,6075013101,94109.0,823,land - populated,419,24,37.7914192,-122.4250708,14528.0
60750131021004,60750131021,6075013102,94109.0,823,land - populated,172,7,37.7905167,-122.4248886,15161.0
60750130001002,60750130001,6075013000,94123.0,823,land - populated,87,0,37.7977718,-122.4263529,15410.0
60750130001005,60750130001,6075013000,94123.0,823,land - populated,183,15,37.7968402,-122.4261651,15278.0
60750131011001,60750131011,6075013101,94109.0,823,land - populated,327,16,37.7958989,-122.4259751,15732.0
60750131011002,60750131011,6075013101,94109.0,823,land - populated,349,23,37.7949621,-122.4257855,15137.0
60750131011005,60750131011,6075013101,94109.0,823,land - populated,329,34,37.794062,-122.4256038,14502.0
60750131022004,60750131022,6075013102,94109.0,823,land - populated,149,17,37.7938522,-122.4272475,14538.0
60750130002003,60750130002,6075013000,94123.0,823,land - populated,89,4,37.7975631,-122.4279967,15406.0
60750130002004,60750130002,6075013000,94123.0,823,land - populated,166,18,37.7966317,-122.4278091,15315.0
60750131022000,60750131022,6075013102,94123.0,823,land - populated,294,20,37.7956888,-122.4276188,15788.0
60750131022003,60750131022,6075013102,94109.0,823,land - populated,191,13,37.7947513,-122.4274292,15133.0
60750131022001,60750131022,6075013102,94123.0,823,land - populated,233,25,37.7954792,-122.4292637,15794.0
60750131022002,60750131022,6075013102,94123.0,823,land - populated,319,20,37.7945413,-122.4290739,15151.0
60750131012001,60750131012,6075013101,94109.0,823,land - populated,323,17,37.7931796,-122.4254258,14533.0
60750131021000,60750131021,6075013102,94109.0,823,land - populated,78,8,37.7929708,-122.4270696,14579.0
60750131021003,60750131021,6075013102,94109.0,823,land - populated,395,26,37.790309,-122.4265318,15224.0
60750131022005,60750131022,6075013102,94115.0,823,land - populated,84,15,37.7936424,-122.4288927,14494.0
60750131021001,60750131021,6075013102,94115.0,823,land - populated,197,13,37.7927617,-122.4287146,14518.0
60750131021002,60750131021,6075013102,94109.0,823,land - populated,26,2,37.7915461,-122.4276243,58010.0
60750131021006,60750131021,6075013102,94109.0,823,land - populated,325,21,37.7901007,-122.4281764,15246.0
60750111003004,60750111003,6075011100,94109.0,823,land - zero population,0,0,37.788951,-122.4220418,1704.0
60750120001004,60750120001,6075012000,94109.0,823,land - zero population,0,0,37.788019,-122.4218532,1745.0
60750151001003,60750151001,6075015100,94109.0,823,land - populated,294,0,37.7890747,-122.4229581,7113.0
60750151001007,60750151001,6075015100,94109.0,823,land - populated,4,0,37.7881428,-122.4227693,7406.0
60750151001008,60750151001,6075015100,94109.0,823,land - populated,63,1,37.7876693,-122.4226737,7260.0
60750151001004,60750151001,6075015100,94109.0,823,land - populated,77,2,37.7886108,-122.422864,7258.0
60750120002004,60750120002,6075012000,94109.0,790,land - zero population,0,0,37.787081,-122.4216637,1728.0
60750151002004,60750151002,6075015100,94109.0,823,land - zero population,0,0,37.7861507,-122.4214756,1714.0
60750151002000,60750151002,6075015100,94109.0,823,land - zero population,0,0,37.7872031,-122.422579,7351.0
60750151002002,60750151002,6075015100,94109.0,823,land - populated,280,8,37.7867335,-122.4224873,7180.0
60750151002003,60750151002,6075015100,94109.0,823,land - populated,1,0,37.7860422,-122.422343,14415.0
60750151001001,60750151001,6075015100,94109.0,823,land - populated,398,6,37.7895775,-122.4246987,15752.0
60750151001002,60750151001,6075015100,94109.0,823,land - populated,261,0,37.7888699,-122.4245563,7544.0
60750151001005,60750151001,6075015100,94109.0,823,land - populated,47,4,37.788408,-122.4244625,7678.0
60750151001006,60750151001,6075015100,94109.0,823,land - populated,157,5,37.7879381,-122.4243669,7810.0
60750151001009,60750151001,6075015100,94109.0,823,land - populated,318,1,37.7874677,-122.4242728,7685.0
60750151002001,60750151002,6075015100,94109.0,823,land - populated,312,2,37.7867668,-122.4241302,15419.0
60750151002005,60750151002,6075015100,94109.0,823,land - populated,4,1,37.7857635,-122.423639,8298.0
60750151002006,60750151002,6075015100,94109.0,823,land - populated,159,18,37.785972,-122.4243022,6412.0
60750122021006,60750122021,6075012202,94109.0,859,land - zero population,0,0,37.785222,-122.421288,1190.0
60750151002007,60750151002,6075015100,94109.0,786,land - populated,111,3,37.7853479,-122.422194,7366.0
60750151002008,60750151002,6075015100,94109.0,786,land - populated,7,0,37.7848796,-122.4220912,7458.0
60750160001000,60750160001,6075016000,94109.0,786,land - populated,104,4,37.784416,-122.4220012,7327.0
60750160001005,60750160001,6075016000,94109.0,786,land - populated,67,5,37.7839499,-122.421907,7393.0
60750160001007,60750160001,6075016000,94109.0,786,land - populated,46,3,37.783018,-122.4217168,7422.0
60750160001008,60750160001,6075016000,94109.0,786,land - populated,142,13,37.7825529,-122.4216318,7336.0
60750160001004,60750160001,6075016000,94109.0,786,land - populated,132,2,37.7834857,-122.4218124,7423.0
60750160001010,60750160001,6075016000,94102.0,786,land - populated,147,2,37.7820844,-122.4215388,7323.0
60750160001009,60750160001,6075016000,94102.0,786,land - populated,166,9,37.7821088,-122.4231921,15433.0
60750151002009,60750151002,6075015100,94109.0,786,land - zero population,0,0,37.7850765,-122.4234941,8270.0
60750160001002,60750160001,6075016000,94109.0,786,land - populated,159,3,37.784749,-122.42406,7901.0
60750160001001,60750160001,6075016000,94109.0,786,land - populated,320,7,37.783968,-122.4235729,15155.0
60750160001003,60750160001,6075016000,94102.0,786,land - populated,7,0,37.7832784,-122.423424,7634.0
60750160001006,60750160001,6075016000,94102.0,786,land - populated,86,5,37.782812,-122.4233304,7741.0
60750152001000,60750152001,6075015200,94109.0,823,land - populated,293,14,37.7893696,-122.4263398,15741.0
60750152001004,60750152001,6075015200,94109.0,823,land - populated,246,5,37.7881991,-122.4260992,7621.0
60750152001003,60750152001,6075015200,94109.0,823,land - populated,122,6,37.7886616,-122.4261945,7527.0
60750152001005,60750152001,6075015200,94109.0,823,land - populated,363,4,37.7874972,-122.4259537,15295.0
60750155001000,60750155001,6075015500,94109.0,823,land - populated,757,41,37.786456,-122.4265956,30726.0
60750155001005,60750155001,6075015500,94109.0,823,land - populated,563,9,37.785621,-122.4264274,24338.0
60750152001001,60750152001,6075015200,94109.0,823,land - populated,305,10,37.7891599,-122.4279842,15818.0
60750152001002,60750152001,6075015200,94109.0,823,land - populated,128,10,37.7882189,-122.4277904,15378.0
60750152002005,60750152002,6075015200,94115.0,823,land - populated,199,21,37.7880093,-122.4294404,15271.0
60750152001006,60750152001,6075015200,94109.0,823,land - populated,281,12,37.7872873,-122.4275981,15657.0
60750152002006,60750152002,6075015200,94109.0,823,land - populated,195,22,37.7870773,-122.4292519,15447.0
60750155001001,60750155001,6075015500,94115.0,823,land - populated,44,0,37.7861413,-122.4290631,15381.0
60750159001000,60750159001,6075015900,94109.0,786,land - zero population,0,0,37.7851624,-122.4263659,5766.0
60750159001002,60750159001,6075015900,94109.0,786,land - populated,132,9,37.7840258,-122.4258334,47648.0
60750159001001,60750159001,6075015900,94109.0,786,land - populated,248,16,37.7844938,-122.4271078,14579.0
60750159001011,60750159001,6075015900,94109.0,786,land - populated,676,28,37.7827297,-122.4258476,30537.0
60750161001000,60750161001,6075016100,94109.0,786,land - populated,1,0,37.7817969,-122.4256559,31004.0
60750159001007,60750159001,6075015900,94109.0,786,land - zero population,0,0,37.7840449,-122.4282102,433.0
60750159001008,60750159001,6075015900,94109.0,823,land - zero population,0,0,37.784863,-122.4287626,2391.0
60750159001010,60750159001,6075015900,94115.0,786,land - populated,224,66,37.782185,-122.4282644,7680.0
60750161004000,60750161004,6075016100,94115.0,786,land - populated,187,68,37.7817426,-122.4281784,6903.0
60750159001003,60750159001,6075015900,94115.0,786,land - populated,777,70,37.7833968,-122.4292663,74980.0
60750130002002,60750130002,6075013000,94123.0,823,land - populated,150,13,37.797354,-122.4296422,15393.0
60750130002005,60750130002,6075013000,94123.0,823,land - populated,237,26,37.7964228,-122.4294541,15335.0
60750130003003,60750130003,6075013000,94123.0,823,land - populated,159,16,37.7971451,-122.4312873,15379.0
60750130003004,60750130003,6075013000,94123.0,823,land - populated,267,20,37.7962138,-122.4310998,15336.0
60750132001000,60750132001,6075013200,94123.0,823,land - populated,367,13,37.7952692,-122.4309085,15831.0
60750132001005,60750132001,6075013200,94115.0,823,land - populated,240,15,37.7943308,-122.4307189,15135.0
60750130003002,60750130003,6075013000,94123.0,823,land - populated,151,6,37.7969368,-122.4329311,15341.0
60750130003001,60750130003,6075013000,94123.0,823,land - populated,134,11,37.7978685,-122.43312,15355.0
60750130003005,60750130003,6075013000,94123.0,823,land - populated,146,28,37.7960053,-122.4327429,15332.0
60750132001004,60750132001,6075013200,94115.0,823,land - populated,258,16,37.7941207,-122.4323611,15067.0
60750132001001,60750132001,6075013200,94115.0,823,land - populated,98,10,37.7950592,-122.4325513,15802.0
60750135001000,60750135001,6075013500,94115.0,823,land - populated,149,20,37.7925527,-122.4303566,14494.0
60750132001006,60750132001,6075013200,94115.0,823,land - populated,270,30,37.7934331,-122.4305352,14470.0
60750135001006,60750135001,6075013500,94115.0,823,land - populated,229,28,37.7916735,-122.4301808,14478.0
60750135002000,60750135002,6075013500,94115.0,823,land - populated,273,30,37.790795,-122.4300029,14493.0
60750135002007,60750135002,6075013500,94115.0,823,land - populated,294,29,37.7898921,-122.4298217,15285.0
60750132001007,60750132001,6075013200,94115.0,823,land - populated,265,35,37.793223,-122.4321782,14490.0
60750135001001,60750135001,6075013500,94115.0,823,land - populated,192,22,37.7923446,-122.4320033,14572.0
60750135002001,60750135002,6075013500,94115.0,823,land - populated,72,5,37.791026,-122.4317384,29017.0
60750135001005,60750135001,6075013500,94115.0,823,land - populated,97,16,37.7912557,-122.4334714,14483.0
60750135002002,60750135002,6075013500,94115.0,823,land - populated,17,1,37.7903781,-122.4332939,14396.0
60750130004000,60750130004,6075013000,94123.0,823,land - populated,90,10,37.7976595,-122.4347627,15350.0
60750130004003,60750130004,6075013000,94123.0,823,land - populated,182,3,37.796728,-122.4345742,15343.0
60750130004004,60750130004,6075013000,94123.0,823,land - populated,154,13,37.7957965,-122.4343855,15365.0
60750132001002,60750132001,6075013200,94115.0,823,land - populated,69,2,37.7948503,-122.4341934,15841.0
60750132001003,60750132001,6075013200,94115.0,823,land - populated,344,29,37.7939111,-122.4340042,15139.0
60750130004001,60750130004,6075013000,94123.0,823,land - populated,151,6,37.79745,-122.436408,15400.0
60750130004002,60750130004,6075013000,94123.0,823,land - populated,183,17,37.7965188,-122.4362199,15376.0
60750130004005,60750130004,6075013000,94123.0,823,land - populated,162,21,37.7955872,-122.4360316,15410.0
60750132002000,60750132002,6075013200,94115.0,823,land - populated,70,21,37.7946415,-122.4358398,15847.0
60750132002001,60750132002,6075013200,94123.0,525,land - populated,100,14,37.7944328,-122.4374845,15756.0
60750132001008,60750132001,6075013200,94115.0,823,land - populated,157,13,37.7930147,-122.4338235,14446.0
60750135001002,60750135001,6075013500,94115.0,823,land - populated,248,14,37.792136,-122.433649,14471.0
60750132002006,60750132002,6075013200,94115.0,823,land - populated,85,22,37.7928048,-122.4354691,14438.0
60750135001003,60750135001,6075013500,94115.0,823,land - populated,217,13,37.7919275,-122.435292,14524.0
60750135001004,60750135001,6075013500,94115.0,823,land - populated,115,12,37.791047,-122.4351145,14539.0
60750135002003,60750135002,6075013500,94115.0,823,land - populated,160,14,37.7901698,-122.4349378,14415.0
60750132002003,60750132002,6075013200,94115.0,823,land - populated,152,17,37.793702,-122.4356506,15196.0
60750132002004,60750132002,6075013200,94115.0,525,land - populated,42,5,37.793493,-122.4372951,15177.0
60750132002005,60750132002,6075013200,94115.0,525,land - populated,70,17,37.7925952,-122.4371131,14379.0
60750134001002,60750134001,6075013400,94115.0,525,land - populated,125,15,37.7899614,-122.4365833,14379.0
60750152002000,60750152002,6075015200,94115.0,823,land - populated,201,21,37.7889509,-122.4296309,15780.0
60750135002006,60750135002,6075013500,94115.0,823,land - populated,86,3,37.7896838,-122.4314677,15332.0
60750152002001,60750152002,6075015200,94115.0,823,land - populated,229,15,37.7887415,-122.4312767,15786.0
60750152002004,60750152002,6075015200,94115.0,823,land - populated,244,9,37.7877998,-122.4310856,15320.0
60750152002007,60750152002,6075015200,94115.0,823,land - populated,133,7,37.7868798,-122.4308289,14171.0
60750155001002,60750155001,6075015500,94115.0,823,land - populated,247,33,37.7859404,-122.4306302,14081.0
60750155001003,60750155001,6075015500,94115.0,823,land - zero population,0,0,37.7858461,-122.43146,1425.0
60750152002002,60750152002,6075015200,94115.0,823,land - populated,82,2,37.7885849,-122.4325112,7884.0
60750135002005,60750135002,6075013500,94115.0,823,land - populated,217,2,37.7894757,-122.4331126,15315.0
60750152003000,60750152003,6075015200,94115.0,823,land - populated,72,7,37.7878225,-122.4327795,7653.0
60750152002003,60750152002,6075015200,94115.0,823,land - populated,106,8,37.7884805,-122.433333,7872.0
60750152002008,60750152002,6075015200,94115.0,823,land - zero population,0,0,37.7867488,-122.4316557,1512.0
60750152003005,60750152003,6075015200,94115.0,823,land - populated,98,6,37.7867173,-122.4320539,5847.0
60750155002000,60750155002,6075015500,94115.0,823,land - populated,202,29,37.7857229,-122.4323565,15360.0
60750152003003,60750152003,6075015200,94115.0,823,land - populated,97,9,37.7873582,-122.4326829,7670.0
60750152003004,60750152003,6075015200,94115.0,823,land - populated,126,13,37.7866164,-122.4328659,9386.0
60750155001004,60750155001,6075015500,94115.0,823,land - zero population,0,0,37.7852119,-122.4296419,23081.0
60750159001005,60750159001,6075015900,94115.0,823,land - zero population,0,0,37.7846804,-122.4303022,2502.0
60750155001006,60750155001,6075015500,94115.0,823,land - zero population,0,0,37.7850073,-122.4312914,1059.0
60750159001009,60750159001,6075015900,94115.0,786,land - zero population,0,0,37.7840092,-122.4310906,1307.0
60750159001004,60750159001,6075015900,94115.0,786,land - populated,24,1,37.783092,-122.4304871,6362.0
60750159001012,60750159001,6075015900,94115.0,786,land - zero population,0,0,37.7830316,-122.4308956,1316.0
60750159001006,60750159001,6075015900,94115.0,786,land - zero population,0,0,37.782105,-122.4307034,1363.0
60750155002007,60750155002,6075015500,94115.0,823,land - zero population,0,0,37.7849324,-122.4321916,10689.0
60750159002002,60750159002,6075015900,94115.0,786,land - populated,366,21,37.7838537,-122.431971,15134.0
60750155002008,60750155002,6075015500,94115.0,823,land - zero population,0,0,37.7845696,-122.4320905,1577.0
60750159002000,60750159002,6075015900,94115.0,823,land - zero population,0,0,37.7844601,-122.4320954,1849.0
60750159002001,60750159002,6075015900,94115.0,786,land - zero population,0,0,37.784358,-122.4320479,1554.0
60750155002006,60750155002,6075015500,94115.0,823,land - zero population,0,0,37.7847773,-122.4334203,5323.0
60750159002006,60750159002,6075015900,94115.0,786,land - zero population,0,0,37.7832029,-122.4318357,6440.0
60750159002008,60750159002,6075015900,94115.0,786,land - zero population,0,0,37.7827276,-122.4317559,9087.0
60750159002009,60750159002,6075015900,94115.0,786,land - populated,458,80,37.7819931,-122.4315991,15204.0
60750159002007,60750159002,6075015900,94115.0,786,land - populated,1222,63,37.7822556,-122.4333394,30759.0
60750135002004,60750135002,6075013500,94115.0,823,land - populated,190,17,37.7892672,-122.4347566,15370.0
60750152003002,60750152003,6075015200,94115.0,823,land - populated,87,8,37.7883235,-122.4345665,15779.0
60750152003001,60750152003,6075015200,94115.0,823,land - populated,36,3,37.7876125,-122.434423,7691.0
60750152003006,60750152003,6075015200,94115.0,823,land - populated,63,4,37.7871477,-122.4343298,7649.0
60750152003007,60750152003,6075015200,94115.0,823,land - populated,228,27,37.7864483,-122.4341889,15440.0
60750134001003,60750134001,6075013400,94115.0,525,land - populated,118,14,37.7892962,-122.4364505,7563.0
60750134001005,60750134001,6075013400,94115.0,525,land - populated,46,7,37.7888298,-122.436355,7820.0
60750153001000,60750153001,6075015300,94115.0,525,land - populated,116,12,37.7881148,-122.4362106,15738.0
60750153001004,60750153001,6075015300,94115.0,525,land - populated,11,0,37.7871715,-122.4360205,15326.0
60750153001008,60750153001,6075015300,94115.0,525,land - populated,228,21,37.7862391,-122.4358318,15362.0
60750153002000,60750153002,6075015300,94115.0,525,land - populated,42,4,37.7860299,-122.4374759,15419.0
60750155002001,60750155002,6075015500,94115.0,823,land - populated,331,14,37.7855141,-122.4340005,15400.0
60750155002005,60750155002,6075015500,94115.0,823,land - populated,36,0,37.7846721,-122.4342561,5328.0
60750155002009,60750155002,6075015500,94115.0,823,land - zero population,0,0,37.7843607,-122.4337675,1554.0
60750159002005,60750159002,6075015900,94115.0,786,land - zero population,0,0,37.7842558,-122.433722,1837.0
60750159002004,60750159002,6075015900,94115.0,786,land - zero population,0,0,37.7841487,-122.4337315,1405.0
60750159002003,60750159002,6075015900,94115.0,786,land - populated,223,15,37.7836511,-122.4336195,15255.0
60750158011003,60750158011,6075015801,94115.0,786,land - populated,212,40,37.7815802,-122.4348914,15403.0
60750155002002,60750155002,6075015500,94115.0,525,land - populated,420,15,37.785306,-122.4356433,15314.0
60750155002004,60750155002,6075015500,94115.0,525,land - populated,4,0,37.7843651,-122.4362987,24497.0
60750158011000,60750158011,6075015801,94115.0,786,land - zero population,0,0,37.7839198,-122.4362286,4673.0
60750155002003,60750155002,6075015500,94115.0,525,land - populated,340,1,37.7850985,-122.4372871,15387.0
60750158011001,60750158011,6075015801,94115.0,786,land - zero population,0,0,37.7830879,-122.4357616,47745.0
60750158011002,60750158011,6075015801,94115.0,786,land - populated,187,18,37.7822996,-122.4367253,15271.0
60750126021002,60750126021,6075012602,94123.0,823,land - zero population,0,0,37.8065964,-122.439024,41994.0
60750126021008,60750126021,6075012602,94123.0,823,land - zero population,0,0,37.8062421,-122.4387112,2866.0
60750127001005,60750127001,6075012700,94123.0,823,land - zero population,0,0,37.8062945,-122.4422117,921.0
60750126021007,60750126021,6075012602,94123.0,823,land - populated,112,20,37.8058683,-122.4385107,12363.0
60750126021012,60750126021,6075012602,94123.0,823,land - populated,277,28,37.8050469,-122.4376796,12877.0
60750126021011,60750126021,6075012602,94123.0,823,land - populated,129,18,37.8053612,-122.4392732,12481.0
60750126021019,60750126021,6075012602,94123.0,823,land - populated,248,34,37.8046943,-122.439376,19280.0
60750126011000,60750126011,6075012601,94123.0,823,land - populated,274,7,37.803728,-122.4377256,17023.0
60750126011001,60750126011,6075012601,94123.0,823,land - populated,214,26,37.803282,-122.4384969,13065.0
60750126011002,60750126011,6075012601,94123.0,823,land - populated,187,18,37.8033567,-122.4396018,11110.0
60750126011007,60750126011,6075012601,94123.0,823,land - populated,204,7,37.8023424,-122.4391262,14578.0
60750126021018,60750126021,6075012602,94123.0,823,land - populated,124,11,37.8042867,-122.4404452,10037.0
60750126021009,60750126021,6075012602,94123.0,823,land - zero population,0,0,37.8059402,-122.4410685,2486.0
60750126021010,60750126021,6075012602,94123.0,823,land - populated,57,19,37.8055577,-122.4409909,11570.0
60750126021020,60750126021,6075012602,94123.0,823,land - zero population,0,0,37.8047846,-122.4408002,553.0
60750126021016,60750126021,6075012602,94123.0,823,land - populated,151,6,37.8050331,-122.4416821,8648.0
60750126021017,60750126021,6075012602,94123.0,823,land - populated,99,8,37.8042065,-122.4415501,7100.0
60750126011003,60750126011,6075012601,94123.0,823,land - populated,126,25,37.8032911,-122.4404878,10389.0
60750126011006,60750126011,6075012601,94123.0,823,land - populated,146,3,37.8020385,-122.4402424,10576.0
60750126011004,60750126011,6075012601,94123.0,823,land - populated,102,14,37.8031825,-122.4413433,10854.0
60750126011008,60750126011,6075012601,94123.0,823,land - populated,267,29,37.8017084,-122.4385314,17212.0
60750126011010,60750126011,6075012601,94123.0,823,land - populated,111,11,37.8009336,-122.4383664,15980.0
60750128001001,60750128001,6075012800,94123.0,823,land - populated,106,2,37.8000455,-122.4386182,15085.0
60750128001013,60750128001,6075012800,94123.0,823,land - zero population,0,0,37.7995295,-122.4385166,1903.0
60750128001005,60750128001,6075012800,94123.0,525,land - populated,99,13,37.7990548,-122.4384198,13737.0
60750128001009,60750128001,6075012800,94123.0,525,land - populated,191,22,37.7981723,-122.4382408,15320.0
60750126011011,60750126011,6075012601,94123.0,823,land - populated,44,7,37.8008844,-122.4399904,8825.0
60750126011005,60750126011,6075012601,94123.0,823,land - populated,149,24,37.8018818,-122.4410804,11935.0
60750126011012,60750126011,6075012601,94123.0,823,land - populated,87,10,37.8007227,-122.4408366,8291.0
60750128001003,60750128001,6075012800,94123.0,823,land - zero population,0,0,37.7993212,-122.4401565,1903.0
60750128001002,60750128001,6075012800,94123.0,823,land - populated,64,4,37.7998373,-122.4402618,15109.0
60750128001004,60750128001,6075012800,94123.0,525,land - populated,99,6,37.7988459,-122.4400617,13741.0
60750128001008,60750128001,6075012800,94123.0,525,land - populated,126,9,37.7979635,-122.439883,15312.0
60750128004007,60750128004,6075012800,94123.0,525,land - populated,167,19,37.7986395,-122.4417179,14111.0
60750127001004,60750127001,6075012700,94123.0,525,land - zero population,0,0,37.8056907,-122.4431218,904.0
60750127001013,60750127001,6075012700,94123.0,525,land - populated,187,15,37.805206,-122.4430463,15435.0
60750127001014,60750127001,6075012700,94123.0,525,land - populated,132,14,37.8042777,-122.4428652,15570.0
60750127001020,60750127001,6075012700,94123.0,525,land - populated,77,7,37.8033454,-122.4426776,15518.0
60750127002000,60750127002,6075012700,94123.0,525,land - populated,209,22,37.8024115,-122.4424875,15597.0
60750127001012,60750127001,6075012700,94123.0,525,land - populated,147,21,37.8049898,-122.4447181,15298.0
60750127001015,60750127001,6075012700,94123.0,525,land - populated,271,20,37.8040655,-122.444531,15594.0
60750127001003,60750127001,6075012700,94123.0,525,land - zero population,0,0,37.8054727,-122.4448162,846.0
60750127001019,60750127001,6075012700,94123.0,525,land - populated,248,30,37.8031335,-122.4443422,15565.0
60750127002001,60750127002,6075012700,94123.0,525,land - populated,224,20,37.8021999,-122.4441529,15664.0
60750127002002,60750127002,6075012700,94123.0,525,land - populated,136,16,37.8019898,-122.4458079,15395.0
60750127002005,60750127002,6075012700,94123.0,525,land - populated,213,20,37.8014802,-122.442297,15490.0
60750127003000,60750127003,6075012700,94123.0,525,land - populated,229,11,37.8005506,-122.4421056,15612.0
60750127003001,60750127003,6075012700,94123.0,525,land - populated,220,18,37.8003367,-122.4437754,15577.0
60750128004000,60750128004,6075012800,94123.0,525,land - populated,128,3,37.7996196,-122.4419171,15547.0
60750128004006,60750128004,6075012800,94123.0,525,land - zero population,0,0,37.7991073,-122.4418193,1584.0
60750128004001,60750128004,6075012800,94123.0,525,land - populated,188,10,37.7994082,-122.4435869,15517.0
60750128003003,60750128003,6075012800,94123.0,525,land - zero population,0,0,37.7988968,-122.4434856,1610.0
60750128003002,60750128003,6075012800,94123.0,525,land - populated,118,14,37.7984272,-122.4433888,14126.0
60750127002004,60750127002,6075012700,94123.0,525,land - populated,215,21,37.801267,-122.4439638,15568.0
60750127002003,60750127002,6075012700,94123.0,525,land - populated,185,22,37.8010561,-122.4456188,15308.0
60750127003002,60750127003,6075012700,94123.0,525,land - populated,163,17,37.8001363,-122.4454169,15000.0
60750128003006,60750128003,6075012800,94123.0,525,land - zero population,0,0,37.7987948,-122.4445714,485.0
60750128004002,60750128004,6075012800,94123.0,525,land - populated,79,8,37.799338,-122.4449314,7986.0
60750128004003,60750128004,6075012800,94123.0,525,land - zero population,0,0,37.7991835,-122.4453963,1594.0
60750128004004,60750128004,6075012800,94123.0,525,land - populated,39,3,37.7990099,-122.4456789,5511.0
60750128003005,60750128003,6075012800,94123.0,525,land - populated,161,18,37.7982546,-122.4450662,15219.0
60750127001002,60750127001,6075012700,94123.0,525,land - zero population,0,0,37.8054606,-122.4455955,44318.0
60750127001006,60750127001,6075012700,94123.0,525,land - zero population,0,0,37.8069699,-122.4464719,8750.0
60750127001001,60750127001,6075012700,94123.0,525,land - zero population,0,0,37.8069403,-122.4477145,3845.0
60750127001021,60750127001,6075012700,94123.0,525,land - zero population,0,0,37.8052626,-122.446481,894.0
60750127001011,60750127001,6075012700,94123.0,525,land - populated,101,14,37.8047792,-122.4463701,15034.0
60750127001010,60750127001,6075012700,94123.0,525,land - populated,51,14,37.8045708,-122.44768,8815.0
60750127001016,60750127001,6075012700,94123.0,525,land - populated,125,19,37.803855,-122.4461842,15337.0
60750127001018,60750127001,6075012700,94123.0,525,land - populated,195,34,37.802923,-122.4459962,15312.0
60750127001007,60750127001,6075012700,94123.0,525,land - zero population,0,0,37.8057189,-122.4479751,10875.0
60750127001008,60750127001,6075012700,94123.0,525,land - zero population,0,0,37.8049845,-122.4478933,898.0
60750127001009,60750127001,6075012700,94123.0,525,land - zero population,0,0,37.8049793,-122.4481685,459.0
60750601001059,60750601001,6075060100,94123.0,848,land - zero population,0,0,37.8045535,-122.4497736,10750.0
60750127001017,60750127001,6075012700,94123.0,525,land - populated,9,0,37.8028832,-122.4482592,46643.0
60750601001061,60750601001,6075060100,94123.0,848,land - zero population,0,0,37.8031247,-122.4497404,26196.0
60750127003003,60750127003,6075012700,94123.0,525,land - populated,22,12,37.8002341,-122.4465416,2380.0
60750127003006,60750127003,6075012700,94123.0,525,land - populated,3,0,37.7999882,-122.4465527,1358.0
60750127003004,60750127003,6075012700,94123.0,525,land - populated,88,21,37.8011032,-122.4470618,14802.0
60750127003005,60750127003,6075012700,94123.0,525,land - zero population,0,0,37.8005819,-122.4474178,646.0
60750127003008,60750127003,6075012700,94123.0,525,land - populated,2,0,37.8004576,-122.4474892,710.0
60750128004005,60750128004,6075012800,94123.0,525,land - populated,174,12,37.7990048,-122.4467306,12362.0
60750128003007,60750128003,6075012800,94123.0,525,land - populated,133,11,37.7980699,-122.4465548,12693.0
60750127003007,60750127003,6075012700,94123.0,525,land - populated,40,11,37.7998351,-122.4470176,8580.0
60750601001066,60750601001,6075060100,94123.0,848,land - zero population,0,0,37.7989882,-122.4482804,33446.0
60750601001067,60750601001,6075060100,94123.0,848,land - zero population,0,0,37.7998463,-122.448693,6875.0
60750601001004,60750601001,6075060100,94123.0,848,land - zero population,0,0,37.8058701,-122.450046,3022.0
60750601001058,60750601001,6075060100,94123.0,848,land - zero population,0,0,37.8040874,-122.4503471,3579.0
60750601001005,60750601001,6075060100,94123.0,848,land - zero population,0,0,37.8057135,-122.4511874,5654.0
60750601001060,60750601001,6075060100,94123.0,848,land - zero population,0,0,37.8043431,-122.4512619,3919.0
60750601001009,60750601001,6075060100,94123.0,848,land - zero population,0,0,37.8040255,-122.4517945,12555.0
60750601001063,60750601001,6075060100,94123.0,848,land - zero population,0,0,37.8023198,-122.450407,34011.0
60750601001006,60750601001,6075060100,94123.0,848,land - zero population,0,0,37.8055636,-122.4521275,2143.0
60750601001003,60750601001,6075060100,94123.0,848,land - zero population,0,0,37.8040971,-122.453839,5213.0
60750601001062,60750601001,6075060100,94123.0,848,land - zero population,0,0,37.80333,-122.4508599,6925.0
60750601001056,60750601001,6075060100,94123.0,848,land - zero population,0,0,37.8035668,-122.4534129,1197.0
60750601001057,60750601001,6075060100,94123.0,848,land - zero population,0,0,37.8035167,-122.45324,903.0
60750601001055,60750601001,6075060100,94123.0,848,land - zero population,0,0,37.8037829,-122.4535627,6004.0
60750601001065,60750601001,6075060100,94123.0,848,land - zero population,0,0,37.8033965,-122.4535583,1777.0
60750601001072,60750601001,6075060100,94123.0,848,land - zero population,0,0,37.8019967,-122.4530797,42007.0
60750601001073,60750601001,6075060100,94123.0,848,land - zero population,0,0,37.8028125,-122.4537718,13789.0
60750601001064,60750601001,6075060100,94123.0,848,land - zero population,0,0,37.8015542,-122.4501651,5873.0
60750601001071,60750601001,6075060100,94123.0,848,land - zero population,0,0,37.801259,-122.4502792,3605.0
60750601001075,60750601001,6075060100,94123.0,848,land - zero population,0,0,37.8018023,-122.4509703,2704.0
60750601001074,60750601001,6075060100,94123.0,848,land - zero population,0,0,37.8014853,-122.4511107,3391.0
60750601001069,60750601001,6075060100,94123.0,848,land - zero population,0,0,37.8004006,-122.4509663,9927.0
60750601001068,60750601001,6075060100,94123.0,848,land - zero population,0,0,37.799582,-122.4502344,64805.0
60750601001070,60750601001,6075060100,94123.0,848,land - zero population,0,0,37.798366,-122.4505093,1339.0
60750601001076,60750601001,6075060100,94123.0,848,land - zero population,0,0,37.7982163,-122.4508897,21901.0
60750601001184,60750601001,6075060100,94123.0,848,land - populated,49,4,37.8008637,-122.452377,37597.0
60750128001015,60750128001,6075012800,94123.0,525,land - populated,234,13,37.7972408,-122.4380529,15348.0
60750128001016,60750128001,6075012800,94123.0,525,land - populated,71,2,37.7963098,-122.4378644,15294.0
60750128001017,60750128001,6075012800,94123.0,525,land - populated,166,14,37.7961013,-122.4395064,15296.0
60750132002002,60750132002,6075013200,94123.0,525,land - populated,164,26,37.7953782,-122.4376761,15360.0
60750132003000,60750132003,6075013200,94123.0,525,land - populated,68,9,37.7951697,-122.4393181,15395.0
60750132003009,60750132003,6075013200,94115.0,525,land - populated,67,15,37.7942259,-122.439126,15706.0
60750128001014,60750128001,6075012800,94123.0,525,land - populated,102,13,37.797032,-122.4396947,15366.0
60750128003000,60750128003,6075012800,94123.0,525,land - populated,101,11,37.7977528,-122.4415389,15577.0
60750128002007,60750128002,6075012800,94123.0,525,land - populated,85,20,37.795891,-122.441162,15521.0
60750128002000,60750128002,6075012800,94123.0,525,land - populated,98,17,37.7968213,-122.4413501,15601.0
60750132003008,60750132003,6075013200,94115.0,525,land - populated,33,4,37.7940707,-122.4403605,7843.0
60750132003001,60750132003,6075013200,94123.0,525,land - populated,73,23,37.7949594,-122.4409735,15641.0
60750132003007,60750132003,6075013200,94115.0,525,land - populated,27,5,37.7939652,-122.4411945,8029.0
60750132003010,60750132003,6075013200,94115.0,525,land - populated,65,18,37.7932869,-122.4389378,15221.0
60750132003019,60750132003,6075013200,94115.0,525,land - populated,65,17,37.7923866,-122.4387566,14438.0
60750134001000,60750134001,6075013400,94115.0,525,land - zero population,0,0,37.7911727,-122.4376681,58000.0
60750134001001,60750134001,6075013400,94115.0,525,land - populated,227,33,37.7897506,-122.4382277,14350.0
60750132003011,60750132003,6075013200,94115.0,525,land - populated,35,8,37.7930798,-122.4405932,15472.0
60750132003018,60750132003,6075013200,94115.0,525,land - populated,64,19,37.792177,-122.4404105,14710.0
60750134003000,60750134003,6075013400,94115.0,525,land - populated,166,23,37.7912998,-122.4402345,14637.0
60750134003007,60750134003,6075013400,94115.0,525,land - populated,146,23,37.7904204,-122.4400577,14869.0
60750128003001,60750128003,6075012800,94123.0,525,land - populated,146,17,37.7975402,-122.4432086,15587.0
60750128002001,60750128002,6075012800,94123.0,525,land - populated,119,35,37.7966087,-122.4430201,15625.0
60750132003002,60750132003,6075013200,94115.0,525,land - populated,78,25,37.794747,-122.442643,15667.0
60750132003006,60750132003,6075013200,94115.0,525,land - populated,75,9,37.793805,-122.4424521,15909.0
60750128002006,60750128002,6075012800,94123.0,525,land - populated,98,22,37.7956785,-122.4428315,15551.0
60750128002002,60750128002,6075012800,94123.0,525,land - populated,127,22,37.7963977,-122.4446796,15413.0
60750128003004,60750128003,6075012800,94123.0,525,land - populated,124,19,37.7973292,-122.444868,15372.0
60750128002005,60750128002,6075012800,94123.0,525,land - populated,107,22,37.7954671,-122.4444921,15360.0
60750132003003,60750132003,6075013200,94115.0,525,land - populated,87,13,37.7945355,-122.444304,15479.0
60750132003012,60750132003,6075013200,94115.0,525,land - populated,48,18,37.7928674,-122.4422625,15527.0
60750132003017,60750132003,6075013200,94115.0,525,land - populated,123,22,37.7919644,-122.44208,14753.0
60750132003016,60750132003,6075013200,94115.0,525,land - populated,160,18,37.791753,-122.4437415,14569.0
60750134003001,60750134003,6075013400,94115.0,525,land - populated,162,22,37.7910857,-122.4419055,14696.0
60750134003006,60750134003,6075013400,94115.0,525,land - populated,232,21,37.7902075,-122.4417289,14729.0
60750134003002,60750134003,6075013400,94115.0,525,land - populated,199,44,37.7908732,-122.4435652,14544.0
60750134003005,60750134003,6075013400,94115.0,525,land - populated,160,28,37.7899968,-122.4433864,14402.0
60750132003013,60750132003,6075013200,94115.0,525,land - populated,49,13,37.7926562,-122.4439241,15337.0
60750132003005,60750132003,6075013200,94115.0,525,land - populated,72,12,37.7934923,-122.4449018,30700.0
60750132003014,60750132003,6075013200,94115.0,525,land - populated,40,12,37.7924463,-122.4455609,15089.0
60750132003015,60750132003,6075013200,94115.0,525,land - populated,139,24,37.7915437,-122.4453879,14491.0
60750134003003,60750134003,6075013400,94115.0,525,land - populated,169,31,37.7906635,-122.4452072,14455.0
60750134003004,60750134003,6075013400,94115.0,525,land - populated,163,26,37.7897875,-122.4450278,14291.0
60750134001004,60750134001,6075013400,94115.0,525,land - populated,261,15,37.788849,-122.4380445,15358.0
60750153001001,60750153001,6075015300,94115.0,525,land - populated,167,20,37.7879059,-122.4378544,15741.0
60750134002009,60750134002,6075013400,94115.0,525,land - populated,236,24,37.7886398,-122.4396768,15099.0
60750153001002,60750153001,6075015300,94115.0,525,land - populated,61,5,37.7876983,-122.4394891,15518.0
60750153001005,60750153001,6075015300,94115.0,525,land - populated,193,23,37.7869627,-122.4376646,15399.0
60750153001006,60750153001,6075015300,94115.0,525,land - populated,161,5,37.786755,-122.4392992,15174.0
60750153002001,60750153002,6075015300,94115.0,525,land - populated,17,3,37.7858221,-122.4391112,15173.0
60750134002000,60750134002,6075013400,94115.0,525,land - populated,163,13,37.7895416,-122.4398613,14261.0
60750134002008,60750134002,6075013400,94115.0,525,land - zero population,0,0,37.788533,-122.4405317,811.0
60750134002001,60750134002,6075013400,94115.0,525,land - zero population,0,0,37.7894344,-122.4407115,677.0
60750134002002,60750134002,6075013400,94115.0,525,land - populated,152,17,37.7893255,-122.441569,14437.0
60750134002007,60750134002,6075013400,94115.0,525,land - populated,225,11,37.7884221,-122.4413888,15127.0
60750153001007,60750153001,6075015300,94115.0,525,land - populated,1,0,37.7866466,-122.4401537,808.0
60750153001003,60750153001,6075015300,94115.0,525,land - zero population,0,0,37.7875905,-122.4403439,835.0
60750153002002,60750153002,6075015300,94115.0,525,land - zero population,0,0,37.7857278,-122.4399683,803.0
60750153002005,60750153002,6075015300,94115.0,525,land - populated,175,15,37.7874812,-122.4412004,15573.0
60750153002004,60750153002,6075015300,94115.0,525,land - populated,308,22,37.7865375,-122.441009,15181.0
60750153002003,60750153002,6075015300,94115.0,525,land - populated,52,4,37.7856051,-122.44082,15169.0
60750155003000,60750155003,6075015500,94115.0,525,land - zero population,0,0,37.784892,-122.4389248,15111.0
60750155003007,60750155003,6075015500,94115.0,525,land - zero population,0,0,37.7839892,-122.4387813,14009.0
60750155003006,60750155003,6075015500,94115.0,525,land - zero population,0,0,37.7838115,-122.4395821,887.0
60750158012000,60750158012,6075015801,94115.0,525,land - zero population,0,0,37.7834987,-122.4386432,2234.0
60750158012001,60750158012,6075015801,94115.0,786,land - populated,291,39,37.7830037,-122.438495,14237.0
60750158012011,60750158012,6075015801,94115.0,786,land - populated,90,5,37.7821416,-122.4379506,7721.0
60750158012002,60750158012,6075015801,94115.0,735,land - zero population,0,0,37.7828904,-122.4393939,785.0
60750158012010,60750158012,6075015801,94115.0,786,land - populated,101,14,37.7820407,-122.4387595,7438.0
60750158012009,60750158012,6075015801,94115.0,735,land - zero population,0,0,37.781987,-122.4392065,905.0
60750155003001,60750155003,6075015500,94115.0,525,land - zero population,0,0,37.7847849,-122.4397791,796.0
60750155003002,60750155003,6075015500,94115.0,525,land - populated,94,3,37.7846746,-122.4406322,15112.0
60750155003005,60750155003,6075015500,94115.0,525,land - populated,48,3,37.7839781,-122.4404909,7565.0
60750155003008,60750155003,6075015500,94115.0,525,land - populated,17,0,37.7835054,-122.4403956,7760.0
60750158012004,60750158012,6075015801,94115.0,735,land - zero population,0,0,37.7831991,-122.4403431,2170.0
60750158012003,60750158012,6075015801,94115.0,735,land - zero population,0,0,37.7827375,-122.4402374,12849.0
60750158012008,60750158012,6075015801,94115.0,735,land - populated,122,5,37.7818764,-122.4400637,15075.0
60750158012006,60750158012,6075015801,94115.0,735,land - zero population,0,0,37.7826304,-122.4417222,9279.0
60750158012007,60750158012,6075015801,94115.0,735,land - populated,85,3,37.7817625,-122.4411671,5504.0
60750134002003,60750134002,6075013400,94115.0,525,land - populated,150,17,37.7891176,-122.4432087,14573.0
60750134002006,60750134002,6075013400,94115.0,525,land - populated,237,27,37.7882136,-122.4430247,15226.0
60750153002007,60750153002,6075015300,94115.0,525,land - populated,136,20,37.7863295,-122.442643,15369.0
60750153002006,60750153002,6075015300,94115.0,525,land - populated,176,10,37.7872735,-122.4428347,15757.0
60750134002005,60750134002,6075013400,94115.0,525,land - populated,161,14,37.7880047,-122.4446714,15284.0
60750134002004,60750134002,6075013400,94115.0,525,land - populated,101,6,37.7889094,-122.4448508,14585.0
60750154001000,60750154001,6075015400,94115.0,525,land - populated,168,30,37.7870643,-122.4444809,15812.0
60750154001005,60750154001,6075015400,94115.0,525,land - populated,155,16,37.7861199,-122.4442894,15414.0
60750154001004,60750154001,6075015400,94115.0,525,land - populated,181,17,37.7859255,-122.445815,13104.0
60750153002008,60750153002,6075015300,94115.0,525,land - populated,196,18,37.7853974,-122.4424539,15374.0
60750155003003,60750155003,6075015500,94115.0,525,land - populated,284,79,37.784467,-122.4422648,15323.0
60750155003004,60750155003,6075015500,94115.0,525,land - populated,235,20,37.78353,-122.4420767,15541.0
60750158012005,60750158012,6075015801,94115.0,735,land - zero population,0,0,37.7829966,-122.441944,2171.0
60750157001006,60750157001,6075015700,94115.0,735,land - populated,225,11,37.7817246,-122.4424538,12627.0
60750154002004,60750154002,6075015400,94115.0,525,land - populated,158,21,37.7833279,-122.4437168,15367.0
60750157001001,60750157001,6075015700,94115.0,735,land - populated,212,37,37.7823249,-122.4431341,15326.0
60750154002000,60750154002,6075015400,94115.0,525,land - populated,145,21,37.7851881,-122.4441011,15412.0
60750154002003,60750154002,6075015400,94115.0,525,land - populated,168,15,37.7842565,-122.4439115,15413.0
60750154002001,60750154002,6075015400,94115.0,525,land - populated,197,4,37.7849928,-122.4456296,13158.0
60750154002002,60750154002,6075015400,94115.0,525,land - populated,180,21,37.7840639,-122.445439,13107.0
60750154002006,60750154002,6075015400,94115.0,525,land - populated,58,5,37.7827288,-122.4444055,2640.0
60750157001000,60750157001,6075015700,94115.0,735,land - zero population,0,0,37.78263,-122.4444339,2762.0
60750154002005,60750154002,6075015400,94115.0,525,land - populated,238,19,37.7831417,-122.445246,12698.0
60750128003008,60750128003,6075012800,94123.0,525,land - populated,148,13,37.7971333,-122.4463886,13015.0
60750128002003,60750128002,6075012800,94123.0,525,land - populated,99,16,37.7961991,-122.4462231,13450.0
60750128002004,60750128002,6075012800,94123.0,525,land - populated,94,17,37.7952657,-122.4460579,13811.0
60750132003004,60750132003,6075013200,94115.0,525,land - populated,43,9,37.7943305,-122.4458933,14330.0
60750601001148,60750601001,6075060100,94129.0,848,land - populated,43,9,37.7947243,-122.4474915,87683.0
60750601001151,60750601001,6075060100,94123.0,848,land - zero population,0,0,37.7971941,-122.4483284,4037.0
60750601001150,60750601001,6075060100,94123.0,848,land - zero population,0,0,37.7971933,-122.4496155,19329.0
60750601001152,60750601001,6075060100,94129.0,848,land - populated,55,13,37.7966827,-122.44982,11560.0
60750601001153,60750601001,6075060100,94129.0,848,land - zero population,0,0,37.7960835,-122.4495405,24999.0
60750601001149,60750601001,6075060100,94129.0,848,land - zero population,0,0,37.7952341,-122.4481578,426.0
60750601001135,60750601001,6075060100,94129.0,848,land - zero population,0,0,37.7952217,-122.4499024,6525.0
60750133001008,60750133001,6075013300,94115.0,848,land - populated,125,23,37.7904699,-122.4467204,12278.0
60750133001000,60750133001,6075013300,94115.0,848,land - populated,67,15,37.7913508,-122.4468991,12196.0
60750601001174,60750601001,6075060100,94118.0,848,land - populated,9,2,37.7921703,-122.4482887,11376.0
60750133001001,60750133001,6075013300,94118.0,848,land - populated,72,19,37.7911555,-122.4484342,14900.0
60750133001007,60750133001,6075013300,94118.0,848,land - populated,111,33,37.7902751,-122.4482583,14891.0
60750601001139,60750601001,6075060100,94129.0,848,land - populated,37,9,37.7956428,-122.4500925,13040.0
60750601001136,60750601001,6075060100,94129.0,848,land - populated,40,16,37.7945134,-122.4510138,8165.0
60750601001137,60750601001,6075060100,94129.0,848,land - populated,46,18,37.7945113,-122.4515339,6238.0
60750601001181,60750601001,6075060100,94129.0,848,land - populated,16,5,37.7969944,-122.4525443,37978.0
60750601001077,60750601001,6075060100,94129.0,848,land - populated,83,16,37.7975035,-122.4515398,21789.0
60750601001133,60750601001,6075060100,94129.0,848,land - populated,29,5,37.7966733,-122.4537218,21318.0
60750601001142,60750601001,6075060100,94129.0,848,land - zero population,0,0,37.7934218,-122.4504191,1009.0
60750601001134,60750601001,6075060100,94129.0,848,land - populated,18,5,37.793455,-122.4505845,4206.0
60750133001002,60750133001,6075013300,94118.0,848,land - populated,58,13,37.7909279,-122.4500849,13919.0
60750133001006,60750133001,6075013300,94118.0,848,land - populated,61,7,37.790063,-122.4499222,14510.0
60750133001003,60750133001,6075013300,94118.0,848,land - zero population,0,0,37.7912686,-122.4509491,4037.0
60750133001004,60750133001,6075013300,94118.0,848,land - populated,65,17,37.7906731,-122.45171,12415.0
60750133001005,60750133001,6075013300,94118.0,848,land - populated,124,43,37.7898535,-122.4515673,14554.0
60750133004001,60750133004,6075013300,94118.0,848,land - populated,43,10,37.7904066,-122.4533429,10493.0
60750133002000,60750133002,6075013300,94115.0,848,land - populated,156,20,37.7895951,-122.4465425,12166.0
60750133002007,60750133002,6075013300,94115.0,848,land - populated,129,11,37.7887175,-122.4463675,12296.0
60750133003000,60750133003,6075013300,94115.0,848,land - populated,80,3,37.7878122,-122.4461891,12871.0
60750154001001,60750154001,6075015400,94115.0,525,land - populated,231,21,37.7868701,-122.4460033,13414.0
60750133003001,60750133003,6075013300,94115.0,848,land - populated,385,2,37.7876187,-122.4477235,15577.0
60750154001003,60750154001,6075015400,94115.0,569,land - zero population,0,0,37.7856111,-122.4469535,7412.0
60750133002001,60750133002,6075013300,94118.0,848,land - populated,104,35,37.7893988,-122.4480813,14706.0
60750133002006,60750133002,6075013300,94115.0,848,land - populated,162,16,37.7885231,-122.4479029,14904.0
60750133002002,60750133002,6075013300,94118.0,848,land - populated,102,25,37.7891872,-122.4497459,14346.0
60750133002005,60750133002,6075013300,94118.0,848,land - populated,178,18,37.7883116,-122.4495688,14532.0
60750154001002,60750154001,6075015400,94115.0,569,land - zero population,0,0,37.7861373,-122.4483236,54786.0
60750133003002,60750133003,6075013300,94118.0,848,land - populated,215,25,37.7874074,-122.4493862,15341.0
60750154003000,60750154003,6075015400,94115.0,569,land - zero population,0,0,37.783841,-122.4467253,33067.0
60750154003001,60750154003,6075015400,94115.0,569,land - zero population,0,0,37.782514,-122.446189,296.0
60750157001002,60750157001,6075015700,94115.0,735,land - zero population,0,0,37.7818493,-122.4458638,34519.0
60750157001003,60750157001,6075015700,94115.0,735,land - zero population,0,0,37.7823832,-122.4466111,2189.0
60750157001004,60750157001,6075015700,94118.0,735,land - zero population,0,0,37.7817065,-122.4475145,1642.0
60750154003002,60750154003,6075015400,94115.0,569,land - populated,157,12,37.7838395,-122.4479397,26057.0
60750154004006,60750154004,6075015400,94118.0,569,land - populated,95,20,37.7853426,-122.4498172,13329.0
60750154003004,60750154003,6075015400,94118.0,569,land - populated,124,4,37.7831121,-122.4487102,14331.0
60750157003002,60750157003,6075015700,94118.0,735,land - populated,170,12,37.7816296,-122.4482505,16790.0
60750157003000,60750157003,6075015700,94118.0,569,land - zero population,0,0,37.7823546,-122.4485633,2586.0
60750157003001,60750157003,6075015700,94118.0,735,land - zero population,0,0,37.7822569,-122.4485456,2535.0
60750154003003,60750154003,6075015400,94118.0,569,land - populated,265,29,37.7835301,-122.4495281,29091.0
60750133002003,60750133002,6075013300,94118.0,848,land - populated,67,16,37.7889775,-122.4513908,14381.0
60750133002004,60750133002,6075013300,94118.0,848,land - populated,120,31,37.7881005,-122.4512144,14567.0
60750133003003,60750133003,6075013300,94118.0,848,land - populated,147,26,37.7871925,-122.4510307,15373.0
60750154004000,60750154004,6075015400,94118.0,569,land - zero population,0,0,37.7862753,-122.4516878,22799.0
60750133004009,60750133004,6075013300,94118.0,848,land - populated,99,14,37.7878901,-122.4528582,14588.0
60750133004002,60750133004,6075013300,94118.0,848,land - populated,62,14,37.789644,-122.4532117,14501.0
60750133004008,60750133004,6075013300,94118.0,848,land - populated,67,17,37.788768,-122.4530352,14345.0
60750133003004,60750133003,6075013300,94118.0,848,land - populated,115,18,37.7869824,-122.4526754,15381.0
60750154004005,60750154004,6075015400,94118.0,569,land - populated,104,23,37.7851992,-122.4506775,14219.0
60750154004004,60750154004,6075015400,94118.0,569,land - populated,122,17,37.7850575,-122.4515512,15303.0
60750154003005,60750154003,6075015400,94118.0,569,land - populated,103,11,37.7832608,-122.4507985,23779.0
60750157003005,60750157003,6075015700,94118.0,569,land - zero population,0,0,37.7820531,-122.45061,1347.0
60750154003006,60750154003,6075015400,94118.0,569,land - populated,150,10,37.7830265,-122.4518406,21173.0
60750157003014,60750157003,6075015700,94118.0,569,land - zero population,0,0,37.7819217,-122.4516319,1432.0
60750154004003,60750154004,6075015400,94118.0,569,land - populated,151,14,37.7849456,-122.452422,14652.0
60750154004002,60750154004,6075015400,94118.0,569,land - populated,142,18,37.7848721,-122.4532785,13904.0
60750154003007,60750154003,6075015400,94118.0,569,land - populated,318,31,37.7829856,-122.452888,23584.0
60750157003016,60750157003,6075015700,94118.0,569,land - zero population,0,0,37.7817898,-122.4526592,1287.0
60750154003008,60750154003,6075015400,94118.0,569,land - populated,265,18,37.7828748,-122.4539222,23079.0
60750157003018,60750157003,6075015700,94118.0,569,land - zero population,0,0,37.7816596,-122.4536695,1287.0
60750160001011,60750160001,6075016000,94102.0,786,land - populated,487,16,37.7813872,-122.4213999,14716.0
60750160001012,60750160001,6075016000,94102.0,786,land - populated,439,13,37.7814109,-122.4230533,7518.0
60750160001013,60750160001,6075016000,94102.0,786,land - zero population,0,0,37.7809491,-122.4229575,7667.0
60750160001014,60750160001,6075016000,94102.0,786,land - populated,62,0,37.7802487,-122.4228145,15428.0
60750162001001,60750162001,6075016200,94102.0,786,land - populated,26,0,37.7793173,-122.4226232,15362.0
60750162001002,60750162001,6075016200,94102.0,650,land - populated,125,5,37.7783851,-122.4224369,15406.0
60750162001005,60750162001,6075016200,94102.0,650,land - populated,69,1,37.777686,-122.4222979,7652.0
60750161001002,60750161001,6075016100,94102.0,786,land - populated,380,46,37.7799342,-122.4252785,30871.0
60750162001003,60750162001,6075016200,94102.0,650,land - populated,228,20,37.7781754,-122.4240824,15399.0
60750162001004,60750162001,6075016200,94102.0,650,land - populated,24,2,37.7774766,-122.4239403,7649.0
60750161001003,60750161001,6075016100,94102.0,786,land - populated,476,67,37.7790019,-122.4250918,30588.0
60750162001007,60750162001,6075016200,94102.0,650,land - populated,130,4,37.7772211,-122.4222006,7718.0
60750162002001,60750162002,6075016200,94102.0,650,land - populated,62,0,37.7767541,-122.4221074,7711.0
60750162002004,60750162002,6075016200,94102.0,650,land - populated,113,2,37.7762879,-122.4220135,7686.0
60750162002005,60750162002,6075016200,94102.0,650,land - populated,112,0,37.7758228,-122.4219202,7627.0
60750162002008,60750162002,6075016200,94102.0,650,land - zero population,0,0,37.7753597,-122.4218283,7600.0
60750168021001,60750168021,6075016802,94102.0,650,land - populated,43,0,37.7748923,-122.4217281,7795.0
60750168021006,60750168021,6075016802,94102.0,650,land - populated,62,1,37.7744224,-122.4216318,7694.0
60750168021007,60750168021,6075016802,94102.0,650,land - populated,230,2,37.7739618,-122.4215831,7214.0
60750201001005,60750201001,6075020100,94102.0,816,land - zero population,0,0,37.7735252,-122.4213178,1592.0
60750168021013,60750168021,6075016802,94102.0,650,land - populated,1,0,37.7734644,-122.4218404,4017.0
60750168021005,60750168021,6075016802,94102.0,650,land - populated,154,4,37.7742284,-122.4231805,6779.0
60750168021009,60750168021,6075016802,94102.0,650,land - populated,66,30,37.773769,-122.4230316,6277.0
60750162002002,60750162002,6075016200,94102.0,650,land - populated,53,2,37.776545,-122.4237532,7724.0
60750162001008,60750162001,6075016200,94102.0,650,land - populated,62,4,37.7770117,-122.4238483,7682.0
60750162002003,60750162002,6075016200,94102.0,650,land - populated,49,2,37.776078,-122.4236585,7695.0
60750162002010,60750162002,6075016200,94102.0,650,land - populated,213,30,37.7756162,-122.4235751,7507.0
60750162003005,60750162003,6075016200,94102.0,650,land - populated,167,7,37.7758668,-122.4253018,7706.0
60750162002009,60750162002,6075016200,94102.0,650,land - populated,157,5,37.7751547,-122.4234601,7842.0
60750168021002,60750168021,6075016802,94102.0,650,land - populated,107,4,37.7746813,-122.4233725,7757.0
60750168021004,60750168021,6075016802,94102.0,650,land - populated,3,0,37.7740977,-122.4239952,916.0
60750168021010,60750168021,6075016802,94102.0,650,land - zero population,0,0,37.77365,-122.4238524,1436.0
60750162003006,60750162003,6075016200,94102.0,650,land - populated,77,8,37.7751686,-122.4251595,15259.0
60750168021003,60750168021,6075016802,94102.0,650,land - populated,148,2,37.7744711,-122.4250169,7740.0
60750168023001,60750168023,6075016802,94102.0,650,land - populated,118,13,37.7735375,-122.4248312,7682.0
60750168023000,60750168023,6075016802,94102.0,650,land - populated,138,11,37.7740039,-122.4249238,7696.0
60750161001001,60750161001,6075016100,94102.0,786,land - populated,1,0,37.7808644,-122.4254671,30453.0
60750162003000,60750162003,6075016200,94102.0,650,land - populated,6,0,37.7782002,-122.425773,7688.0
60750162003001,60750162003,6075016200,94102.0,650,land - populated,220,10,37.7777309,-122.4256794,7783.0
60750163001000,60750163001,6075016300,94102.0,650,land - populated,251,77,37.7777531,-122.4272912,14058.0
60750161003000,60750161003,6075016100,94115.0,786,land - populated,220,63,37.780566,-122.4278419,13661.0
60750161004006,60750161004,6075016100,94115.0,786,land - populated,179,65,37.7812882,-122.4280334,8016.0
60750161003007,60750161003,6075016100,94115.0,786,land - populated,320,63,37.7796412,-122.4276307,13237.0
60750161003001,60750161003,6075016100,94115.0,786,land - populated,278,2,37.7803658,-122.4294149,15756.0
60750161002000,60750161002,6075016100,94102.0,786,land - populated,265,51,37.7786987,-122.4274462,13274.0
60750161003006,60750161003,6075016100,94115.0,786,land - zero population,0,0,37.7794316,-122.4292004,16204.0
60750161002001,60750161002,6075016100,94102.0,786,land - populated,143,39,37.7785068,-122.4290181,16046.0
60750163001001,60750163001,6075016300,94102.0,650,land - populated,103,12,37.7776308,-122.4284402,7603.0
60750163001002,60750163001,6075016300,94102.0,650,land - populated,237,47,37.7775161,-122.429266,7943.0
60750162003002,60750162003,6075016200,94102.0,650,land - populated,167,1,37.7772652,-122.4255834,7576.0
60750162003003,60750162003,6075016200,94102.0,650,land - populated,130,3,37.776802,-122.4254908,7671.0
60750162003004,60750162003,6075016200,94102.0,650,land - populated,121,5,37.7763353,-122.4253953,7687.0
60750163001004,60750163001,6075016300,94102.0,650,land - populated,90,13,37.777054,-122.42723,7576.0
60750163001005,60750163001,6075016300,94102.0,650,land - populated,156,6,37.776592,-122.4271359,7714.0
60750163002000,60750163002,6075016300,94102.0,650,land - populated,66,1,37.7761255,-122.4270407,7738.0
60750163002003,60750163002,6075016300,94102.0,650,land - populated,163,10,37.7756565,-122.4269444,7809.0
60750163002004,60750163002,6075016300,94102.0,650,land - populated,117,3,37.7751897,-122.4268447,7686.0
60750163002007,60750163002,6075016300,94102.0,650,land - populated,185,6,37.7747239,-122.4267686,7668.0
60750168022000,60750168022,6075016802,94102.0,650,land - populated,105,3,37.7742603,-122.4266697,7757.0
60750168022005,60750168022,6075016802,94102.0,650,land - populated,134,6,37.7737937,-122.4265761,7756.0
60750163001007,60750163001,6075016300,94117.0,650,land - populated,84,2,37.7768491,-122.4288252,7089.0
60750163001006,60750163001,6075016300,94117.0,650,land - populated,141,5,37.7763816,-122.4287815,7673.0
60750163002001,60750163002,6075016300,94102.0,650,land - populated,161,51,37.7759155,-122.4286867,7685.0
60750163002002,60750163002,6075016300,94102.0,650,land - populated,178,26,37.7754481,-122.4285911,7704.0
60750163002006,60750163002,6075016300,94102.0,650,land - populated,130,2,37.7745193,-122.4284068,7691.0
60750168022001,60750168022,6075016802,94102.0,650,land - populated,179,7,37.773818,-122.4282677,15272.0
60750163002005,60750163002,6075016300,94102.0,650,land - populated,122,10,37.7749836,-122.4284994,7583.0
60750201001006,60750201001,6075020100,94102.0,816,land - populated,100,1,37.7730814,-122.421339,4704.0
60750168021014,60750168021,6075016802,94102.0,650,land - zero population,0,0,37.7730592,-122.4221194,364.0
60750201001009,60750201001,6075020100,94103.0,816,land - populated,76,0,37.7721556,-122.4216944,17728.0
60750201001010,60750201001,6075020100,94103.0,816,land - zero population,0,0,37.7727682,-122.4222794,806.0
60750168021012,60750168021,6075016802,94102.0,650,land - populated,58,0,37.7733045,-122.4229152,6021.0
60750168021015,60750168021,6075016802,94103.0,650,land - populated,63,2,37.772729,-122.422906,7399.0
60750202001014,60750202001,6075020200,94103.0,816,land - zero population,0,0,37.772027,-122.422567,765.0
60750202001001,60750202001,6075020200,94103.0,816,land - zero population,0,0,37.7722353,-122.4229552,796.0
60750202001000,60750202001,6075020200,94103.0,816,land - populated,167,22,37.7718977,-122.4228719,3660.0
60750201001011,60750201001,6075020100,94103.0,816,land - populated,259,25,37.7710381,-122.4220573,8807.0
60750201002002,60750201002,6075020100,94103.0,816,land - populated,162,11,37.7692363,-122.4214052,14602.0
60750201001017,60750201001,6075020100,94103.0,816,land - populated,24,0,37.7701921,-122.4220521,4431.0
60750202001004,60750202001,6075020200,94103.0,816,land - zero population,0,0,37.7712621,-122.4227148,3074.0
60750202001003,60750202001,6075020200,94103.0,816,land - populated,77,5,37.7706414,-122.422914,11187.0
60750168021011,60750168021,6075016802,94102.0,650,land - zero population,0,0,37.773195,-122.4237362,1664.0
60750168021016,60750168021,6075016802,94103.0,650,land - zero population,0,0,37.7724267,-122.4235669,4236.0
60750202001002,60750202001,6075020200,94103.0,816,land - zero population,0,0,37.7718704,-122.423423,426.0
60750168023002,60750168023,6075016802,94102.0,650,land - populated,140,8,37.7730715,-122.424737,7684.0
60750168023003,60750168023,6075016802,94102.0,650,land - populated,329,8,37.7723692,-122.4245951,15477.0
60750168023004,60750168023,6075016802,94102.0,650,land - populated,183,3,37.7714892,-122.4245898,11372.0
60750202001005,60750202001,6075020200,94103.0,816,land - populated,263,19,37.7706774,-122.4235626,11625.0
60750202001006,60750202001,6075020200,94102.0,650,land - zero population,0,0,37.7712294,-122.4242352,1512.0
60750202001007,60750202001,6075020200,94103.0,816,land - populated,176,9,37.770444,-122.4242286,9595.0
60750202001009,60750202001,6075020200,94103.0,816,land - populated,341,22,37.7695083,-122.4234224,12598.0
60750202001008,60750202001,6075020200,94103.0,816,land - zero population,0,0,37.7702714,-122.4246375,900.0
60750202001010,60750202001,6075020200,94103.0,816,land - zero population,0,0,37.7694115,-122.4245497,514.0
60750202001012,60750202001,6075020200,94103.0,816,land - populated,35,3,37.7700442,-122.4251794,7951.0
60750201002003,60750201002,6075020100,94103.0,816,land - zero population,0,0,37.7687374,-122.421835,9408.0
60750201002004,60750201002,6075020100,94103.0,816,land - populated,360,51,37.7673699,-122.4216276,15548.0
60750202002005,60750202002,6075020200,94103.0,816,land - populated,378,71,37.7677553,-122.4232686,13595.0
60750202002008,60750202002,6075020200,94103.0,816,land - populated,120,51,37.7672042,-122.423214,5501.0
60750201004005,60750201004,6075020100,94103.0,816,land - populated,137,4,37.7661464,-122.4217488,4114.0
60750201004006,60750201004,6075020100,94103.0,816,land - populated,97,23,37.7653344,-122.4216718,4005.0
60750202002007,60750202002,6075020200,94103.0,816,land - populated,486,163,37.7668649,-122.4231462,15037.0
60750202003000,60750202003,6075020200,94103.0,816,land - populated,471,92,37.7656924,-122.4225809,19665.0
60750202002000,60750202002,6075020200,94103.0,816,land - populated,155,2,37.7689524,-122.4233646,11112.0
60750202002006,60750202002,6075020200,94103.0,816,land - populated,353,8,37.7683821,-122.4233154,13171.0
60750202002001,60750202002,6075020200,94103.0,816,land - zero population,0,0,37.7686056,-122.4244704,1019.0
60750202002004,60750202002,6075020200,94103.0,816,land - zero population,0,0,37.7672069,-122.4243348,1401.0
60750202002003,60750202002,6075020200,94103.0,816,land - populated,318,21,37.7671764,-122.4248281,14135.0
60750202003001,60750202003,6075020200,94110.0,816,land - populated,195,8,37.7656239,-122.4236665,15004.0
60750202003002,60750202003,6075020200,94110.0,816,land - zero population,0,0,37.7655894,-122.42418,1402.0
60750202003003,60750202003,6075020200,94114.0,816,land - populated,656,7,37.765527,-122.4253039,34451.0
60750168013000,60750168013,6075016801,94102.0,650,land - zero population,0,0,37.7716971,-122.4261467,30789.0
60750168022004,60750168022,6075016802,94102.0,650,land - populated,241,13,37.7730955,-122.4264317,15432.0
60750168013005,60750168013,6075016801,94102.0,650,land - populated,252,0,37.7703598,-122.426023,11754.0
60750202001013,60750202001,6075020200,94103.0,816,land - zero population,0,0,37.7701719,-122.4255801,1787.0
60750202001011,60750202001,6075020200,94103.0,816,land - populated,111,4,37.7693444,-122.4255756,11780.0
60750202001015,60750202001,6075020200,94103.0,718,land - zero population,0,0,37.7693229,-122.4266274,1082.0
60750168022003,60750168022,6075016802,94102.0,650,land - populated,168,54,37.7731063,-122.4281248,8037.0
60750168022006,60750168022,6075016802,94102.0,650,land - populated,171,43,37.7726414,-122.4280233,7273.0
60750168013002,60750168013,6075016801,94102.0,650,land - populated,94,8,37.7717212,-122.4278393,7692.0
60750168013001,60750168013,6075016801,94102.0,650,land - populated,123,7,37.7721875,-122.427933,7684.0
60750168013003,60750168013,6075016801,94102.0,650,land - populated,219,15,37.771022,-122.4276974,15373.0
60750168013004,60750168013,6075016801,94102.0,650,land - zero population,0,0,37.7700202,-122.4274696,17790.0
60750168012000,60750168012,6075016801,94117.0,650,land - populated,123,3,37.771046,-122.4293905,7681.0
60750168012003,60750168012,6075016801,94117.0,650,land - populated,129,3,37.7705806,-122.4292967,7696.0
60750168012005,60750168012,6075016801,94117.0,650,land - populated,229,53,37.7699012,-122.4287427,8302.0
60750202002002,60750202002,6075020200,94103.0,816,land - populated,457,43,37.768492,-122.4255869,23503.0
60750202002010,60750202002,6075020200,94103.0,816,land - populated,155,10,37.7674934,-122.4259487,10404.0
60750203001002,60750203001,6075020300,94103.0,816,land - zero population,0,0,37.7684681,-122.4267512,1841.0
60750203001001,60750203001,6075020300,94103.0,816,land - populated,78,1,37.7682078,-122.4273889,9829.0
60750203001004,60750203001,6075020300,94103.0,816,land - zero population,0,0,37.7674544,-122.4266531,1209.0
60750202002009,60750202002,6075020200,94103.0,816,land - populated,155,8,37.7666922,-122.4258631,9460.0
60750203001012,60750203001,6075020300,94103.0,816,land - zero population,0,0,37.7666751,-122.4265779,1231.0
60750203001003,60750203001,6075020300,94114.0,816,land - populated,257,8,37.7670285,-122.4272409,17244.0
60750203001006,60750203001,6075020300,94114.0,816,land - zero population,0,0,37.7660135,-122.4265138,714.0
60750203001011,60750203001,6075020300,94114.0,816,land - zero population,0,0,37.7652277,-122.4264377,1731.0
60750203001005,60750203001,6075020300,94114.0,816,land - populated,81,6,37.7659658,-122.4271685,5908.0
60750203001010,60750203001,6075020300,94114.0,816,land - populated,349,15,37.7651591,-122.4270719,12166.0
60750203001000,60750203001,6075020300,94103.0,718,land - zero population,0,0,37.768441,-122.4277512,3387.0
60750169001000,60750169001,6075016900,94103.0,718,land - zero population,0,0,37.7691283,-122.4280045,14959.0
60750169001008,60750169001,6075016900,94103.0,718,land - zero population,0,0,37.7683513,-122.4284863,8410.0
60750203001009,60750203001,6075020300,94114.0,718,land - populated,35,1,37.7676347,-122.4288291,541.0
60750203001008,60750203001,6075020300,94114.0,816,land - populated,233,9,37.7669379,-122.4283259,16756.0
60750203001007,60750203001,6075020300,94114.0,816,land - populated,301,20,37.7653453,-122.428205,17114.0
60750203003002,60750203003,6075020300,94114.0,816,land - populated,309,30,37.7652854,-122.4292953,17657.0
60750161004001,60750161004,6075016100,94115.0,786,land - populated,219,57,37.7812794,-122.4296661,14443.0
60750161003002,60750161003,6075016100,94115.0,786,land - zero population,0,0,37.7802479,-122.4303205,1214.0
60750161004002,60750161004,6075016100,94115.0,786,land - zero population,0,0,37.7811829,-122.4305171,1372.0
60750161004003,60750161004,6075016100,94115.0,786,land - populated,471,32,37.7810667,-122.4314126,15350.0
60750161003003,60750161003,6075016100,94115.0,786,land - populated,26,5,37.7801361,-122.4312159,15524.0
60750161003005,60750161003,6075016100,94115.0,786,land - zero population,0,0,37.779319,-122.4301429,1393.0
60750161002002,60750161002,6075016100,94117.0,786,land - zero population,0,0,37.7783946,-122.4299473,1315.0
60750163001003,60750163001,6075016300,94117.0,650,land - zero population,0,0,37.7774468,-122.4297619,1432.0
60750161002003,60750161002,6075016100,94117.0,650,land - populated,138,32,37.7783205,-122.4303108,5576.0
60750161003004,60750161003,6075016100,94115.0,786,land - populated,306,46,37.7792024,-122.431037,15340.0
60750161002004,60750161002,6075016100,94117.0,650,land - populated,110,25,37.7782419,-122.4311415,9876.0
60750161004004,60750161004,6075016100,94115.0,786,land - populated,613,36,37.7808573,-122.4330567,15365.0
60750161004005,60750161004,6075016100,94115.0,786,land - populated,125,8,37.7799255,-122.4328683,15371.0
60750161002005,60750161002,6075016100,94117.0,650,land - populated,318,29,37.778061,-122.4324908,15371.0
60750161002006,60750161002,6075016100,94115.0,786,land - populated,590,14,37.7789932,-122.4326796,15378.0
60750163001008,60750163001,6075016300,94117.0,650,land - zero population,0,0,37.7767535,-122.4296513,514.0
60750163003004,60750163003,6075016300,94117.0,650,land - populated,266,18,37.775473,-122.4302825,15379.0
60750163003000,60750163003,6075016300,94117.0,650,land - populated,246,18,37.7773349,-122.4306591,15469.0
60750163003003,60750163003,6075016300,94117.0,650,land - populated,302,39,37.776401,-122.4304728,15197.0
60750163003007,60750163003,6075016300,94117.0,650,land - populated,197,7,37.7745419,-122.4300953,15353.0
60750168022002,60750168022,6075016802,94117.0,650,land - populated,345,18,37.7736106,-122.4299057,15392.0
60750163003001,60750163003,6075016300,94117.0,650,land - populated,139,9,37.777125,-122.4323015,15503.0
60750163003002,60750163003,6075016300,94117.0,650,land - populated,330,12,37.7761924,-122.4321127,15248.0
60750163003005,60750163003,6075016300,94117.0,650,land - populated,306,16,37.7752641,-122.431921,15237.0
60750163003006,60750163003,6075016300,94117.0,650,land - populated,323,22,37.7743329,-122.43174,15315.0
60750168011002,60750168011,6075016801,94117.0,650,land - populated,257,12,37.7734008,-122.4315503,15443.0
60750164001009,60750164001,6075016400,94117.0,650,land - populated,310,26,37.7741187,-122.43338,15324.0
60750158013003,60750158013,6075015801,94115.0,786,land - populated,243,35,37.779716,-122.4345116,15355.0
60750158013000,60750158013,6075015801,94115.0,786,land - populated,212,42,37.7806484,-122.4346997,15339.0
60750158013004,60750158013,6075015801,94115.0,786,land - populated,261,21,37.7787838,-122.4343239,15386.0
60750158022000,60750158022,6075015802,94117.0,650,land - populated,219,9,37.7778515,-122.4341355,15375.0
60750158011004,60750158011,6075015801,94115.0,786,land - populated,7,0,37.7814351,-122.4359944,5233.0
60750158013001,60750158013,6075015801,94115.0,786,land - populated,368,130,37.7804388,-122.4363437,15400.0
60750158013002,60750158013,6075015801,94115.0,786,land - populated,126,8,37.7795073,-122.4361552,15363.0
60750158011005,60750158011,6075015801,94115.0,786,land - zero population,0,0,37.7813345,-122.436814,10019.0
60750158013005,60750158013,6075015801,94115.0,786,land - populated,294,19,37.7785755,-122.4359687,15368.0
60750158022001,60750158022,6075015802,94117.0,650,land - populated,239,32,37.7776419,-122.4357807,15415.0
60750158021000,60750158021,6075015802,94115.0,786,land - populated,170,5,37.7793505,-122.4373901,7677.0
60750158021007,60750158021,6075015802,94115.0,786,land - populated,318,19,37.7783682,-122.437601,15131.0
60750158022002,60750158022,6075015802,94115.0,650,land - populated,265,22,37.7774339,-122.4374127,15258.0
60750164001000,60750164001,6075016400,94117.0,650,land - zero population,0,0,37.7763481,-122.4346734,61492.0
60750164001005,60750164001,6075016400,94117.0,650,land - populated,77,8,37.7750531,-122.4335637,15525.0
60750164001006,60750164001,6075016400,94117.0,650,land - populated,385,30,37.7748443,-122.4352098,15428.0
60750164001010,60750164001,6075016400,94117.0,650,land - populated,356,22,37.7739121,-122.4350242,15302.0
60750164001001,60750164001,6075016400,94117.0,650,land - populated,282,18,37.7764997,-122.4372238,15140.0
60750164001003,60750164001,6075016400,94117.0,650,land - populated,279,13,37.7755679,-122.4370372,15222.0
60750164001007,60750164001,6075016400,94117.0,650,land - populated,238,17,37.7746369,-122.4368486,15181.0
60750164001011,60750164001,6075016400,94117.0,650,land - populated,136,13,37.7737075,-122.4366597,15197.0
60750164001012,60750164001,6075016400,94117.0,650,land - zero population,0,0,37.7735908,-122.4375143,774.0
60750168011000,60750168011,6075016801,94117.0,650,land - populated,300,7,37.7726781,-122.4297137,15290.0
60750168011003,60750168011,6075016801,94117.0,650,land - populated,309,57,37.7717443,-122.4295293,15370.0
60750168011001,60750168011,6075016801,94117.0,650,land - populated,287,8,37.7724679,-122.4313587,15465.0
60750168011004,60750168011,6075016801,94117.0,650,land - populated,120,5,37.7717694,-122.4312198,7715.0
60750168011005,60750168011,6075016801,94117.0,650,land - populated,137,15,37.7713022,-122.4311298,7688.0
60750168012004,60750168012,6075016801,94117.0,650,land - populated,160,9,37.7698722,-122.4295819,6953.0
60750168012002,60750168012,6075016801,94117.0,650,land - populated,142,7,37.770372,-122.4309423,7680.0
60750168012001,60750168012,6075016801,94117.0,650,land - populated,97,9,37.7708371,-122.4310351,7648.0
60750168012006,60750168012,6075016801,94117.0,650,land - populated,240,14,37.7697512,-122.4307985,12834.0
60750167001000,60750167001,6075016700,94117.0,718,land - populated,369,20,37.7731887,-122.4331946,15290.0
60750167001003,60750167001,6075016700,94117.0,718,land - populated,283,15,37.7722585,-122.4330072,15353.0
60750167001004,60750167001,6075016700,94117.0,718,land - populated,283,23,37.7713261,-122.4328195,15372.0
60750167002000,60750167002,6075016700,94117.0,718,land - populated,452,58,37.7699837,-122.4333481,51015.0
60750169001001,60750169001,6075016900,94114.0,718,land - populated,174,7,37.7685598,-122.4296058,18958.0
60750169001002,60750169001,6075016900,94114.0,718,land - populated,311,14,37.7684927,-122.4307188,18867.0
60750203003000,60750203003,6075020300,94114.0,816,land - zero population,0,0,37.7667511,-122.4298919,3440.0
60750203003001,60750203003,6075020300,94114.0,816,land - populated,70,1,37.7665196,-122.4294836,11792.0
60750169001006,60750169001,6075016900,94114.0,718,land - populated,231,16,37.7670892,-122.4303358,19652.0
60750203003003,60750203003,6075020300,94114.0,816,land - populated,256,17,37.7652101,-122.4303973,17522.0
60750169001003,60750169001,6075016900,94114.0,718,land - populated,352,25,37.7684233,-122.4318275,18782.0
60750169001004,60750169001,6075016900,94114.0,718,land - populated,303,23,37.7683545,-122.4329354,18746.0
60750169001005,60750169001,6075016900,94114.0,718,land - populated,222,16,37.7671286,-122.4322615,17432.0
60750169001007,60750169001,6075016900,94114.0,718,land - populated,232,13,37.766329,-122.4321847,17450.0
60750169002004,60750169002,6075016900,94114.0,718,land - populated,133,6,37.765396,-122.4324211,17807.0
60750167001001,60750167001,6075016700,94117.0,718,land - populated,241,22,37.7729833,-122.4348361,15275.0
60750167001002,60750167001,6075016700,94117.0,718,land - populated,224,23,37.7720512,-122.4346493,15377.0
60750167001005,60750167001,6075016700,94117.0,718,land - populated,268,11,37.7711175,-122.4344595,15312.0
60750167002005,60750167002,6075016700,94117.0,718,land - populated,64,7,37.7694753,-122.4354603,7331.0
60750167004000,60750167004,6075016700,94117.0,718,land - populated,202,23,37.772778,-122.4364715,15170.0
60750167004007,60750167004,6075016700,94117.0,718,land - populated,223,11,37.7718451,-122.4362814,15310.0
60750167004001,60750167004,6075016700,94117.0,718,land - zero population,0,0,37.7726677,-122.437329,810.0
60750167004006,60750167004,6075016700,94117.0,718,land - zero population,0,0,37.7717318,-122.4371369,802.0
60750167003000,60750167003,6075016700,94117.0,718,land - populated,197,10,37.7709119,-122.4360918,15153.0
60750167002001,60750167002,6075016700,94117.0,718,land - populated,124,10,37.7701604,-122.4358093,8837.0
60750167002004,60750167002,6075016700,94117.0,718,land - zero population,0,0,37.7694056,-122.4359886,588.0
60750167002002,60750167002,6075016700,94117.0,718,land - zero population,0,0,37.7700446,-122.4365004,532.0
60750167002003,60750167002,6075016700,94117.0,718,land - populated,52,6,37.769495,-122.4363969,5910.0
60750167003001,60750167003,6075016700,94117.0,718,land - zero population,0,0,37.7708047,-122.4369505,810.0
60750167003006,60750167003,6075016700,94117.0,718,land - populated,144,18,37.769646,-122.4371843,12032.0
60750169002000,60750169002,6075016900,94114.0,718,land - zero population,0,0,37.7682585,-122.4346014,37677.0
60750169002001,60750169002,6075016900,94114.0,718,land - populated,201,16,37.766995,-122.434478,17437.0
60750169002002,60750169002,6075016900,94114.0,718,land - populated,274,23,37.7661947,-122.434402,17453.0
60750169002003,60750169002,6075016900,94114.0,718,land - populated,173,12,37.765394,-122.4343255,17467.0
60750170001000,60750170001,6075017000,94117.0,718,land - populated,165,15,37.7681612,-122.4361309,14356.0
60750170001001,60750170001,6075017000,94117.0,718,land - populated,166,19,37.7681437,-122.4369848,14581.0
60750170001006,60750170001,6075017000,94114.0,718,land - populated,23,1,37.766872,-122.4364522,13535.0
60750170002006,60750170002,6075017000,94114.0,718,land - populated,112,7,37.765361,-122.4361366,9880.0
60750170001005,60750170001,6075017000,94114.0,718,land - populated,217,20,37.766189,-122.4368311,19108.0
60750201004007,60750201004,6075020100,94103.0,816,land - populated,258,10,37.7641274,-122.4214856,10287.0
60750202003007,60750202003,6075020200,94110.0,816,land - populated,321,12,37.7640796,-122.4222924,15373.0
60750207001005,60750207001,6075020700,94110.0,816,land - populated,176,5,37.7620208,-122.4221936,8500.0
60750207001000,60750207001,6075020700,94110.0,816,land - populated,50,8,37.7627965,-122.4223941,12091.0
60750202003006,60750202003,6075020200,94110.0,816,land - populated,274,11,37.7644133,-122.4234185,9746.0
60750202003008,60750202003,6075020200,94110.0,816,land - populated,207,12,37.7636033,-122.4233434,9489.0
60750202003005,60750202003,6075020200,94110.0,816,land - zero population,0,0,37.7639678,-122.4240303,1397.0
60750202003004,60750202003,6075020200,94110.0,816,land - populated,398,24,37.7639094,-122.4251527,34225.0
60750207001001,60750207001,6075020700,94110.0,816,land - populated,295,32,37.7623741,-122.4233961,13768.0
60750207001002,60750207001,6075020700,94110.0,816,land - populated,2,0,37.7623685,-122.4238809,1398.0
60750207001003,60750207001,6075020700,94110.0,816,land - populated,336,29,37.7626923,-122.4250364,17311.0
60750207001004,60750207001,6075020700,94110.0,816,land - populated,302,28,37.7618879,-122.4249638,16616.0
60750207001011,60750207001,6075020700,94110.0,505,land - populated,178,26,37.7608758,-122.421918,13107.0
60750207002000,60750207002,6075020700,94110.0,505,land - populated,109,20,37.7596934,-122.4221159,10399.0
60750207001010,60750207001,6075020700,94110.0,505,land - populated,143,13,37.760813,-122.4226318,9389.0
60750207002001,60750207002,6075020700,94110.0,505,land - populated,244,8,37.7591875,-122.423158,11395.0
60750207002008,60750207002,6075020700,94110.0,505,land - populated,168,5,37.758893,-122.4220364,12429.0
60750207002010,60750207002,6075020700,94110.0,505,land - populated,339,37,37.7572355,-122.4222438,17097.0
60750207002007,60750207002,6075020700,94110.0,505,land - populated,205,20,37.7580347,-122.4223202,17067.0
60750207001009,60750207001,6075020700,94110.0,505,land - populated,204,17,37.7608086,-122.423305,11722.0
60750207001008,60750207001,6075020700,94110.0,505,land - populated,27,2,37.7607615,-122.4237206,1405.0
60750207002002,60750207002,6075020700,94110.0,505,land - populated,4,0,37.7591736,-122.4235653,1413.0
60750207001007,60750207001,6075020700,94110.0,505,land - populated,317,19,37.7607286,-122.4243547,18528.0
60750207002003,60750207002,6075020700,94110.0,505,land - populated,286,30,37.7594997,-122.424729,17019.0
60750207002006,60750207002,6075020700,94110.0,505,land - zero population,0,0,37.7575757,-122.4234107,1263.0
60750207002004,60750207002,6075020700,94110.0,505,land - populated,248,20,37.7586972,-122.4246514,17050.0
60750207002005,60750207002,6075020700,94110.0,505,land - populated,203,16,37.7578985,-122.4245759,17052.0
60750207002009,60750207002,6075020700,94110.0,505,land - populated,193,22,37.7570996,-122.4244984,17081.0
60750203002004,60750203002,6075020300,94114.0,816,land - zero population,0,0,37.7642943,-122.4263484,948.0
60750203002007,60750203002,6075020300,94114.0,816,land - zero population,0,0,37.7635138,-122.4262741,1442.0
60750203002006,60750203002,6075020300,94114.0,816,land - populated,141,8,37.7634332,-122.4267689,7334.0
60750206001012,60750206001,6075020600,94110.0,816,land - populated,15,0,37.7625796,-122.4261856,1320.0
60750206001006,60750206001,6075020600,94110.0,816,land - zero population,0,0,37.7618067,-122.4261125,1084.0
60750206001000,60750206001,6075020600,94114.0,816,land - populated,127,6,37.7621574,-122.4273295,34712.0
60750203002000,60750203002,6075020300,94114.0,816,land - populated,2,0,37.7641608,-122.4275717,17755.0
60750203002005,60750203002,6075020300,94114.0,816,land - populated,164,14,37.7633118,-122.4278523,9994.0
60750207001006,60750207001,6075020700,94110.0,505,land - populated,265,29,37.7606621,-122.4254315,15319.0
60750206001005,60750206001,6075020600,94110.0,505,land - zero population,0,0,37.7606285,-122.4259984,2499.0
60750206001010,60750206001,6075020600,94110.0,505,land - zero population,0,0,37.7594283,-122.4258816,1148.0
60750206001004,60750206001,6075020600,94114.0,505,land - zero population,0,0,37.7605571,-122.4271779,34575.0
60750206001011,60750206001,6075020600,94110.0,505,land - zero population,0,0,37.7586267,-122.4258051,1155.0
60750206002009,60750206002,6075020600,94110.0,505,land - zero population,0,0,37.7578289,-122.4257304,1056.0
60750206002007,60750206002,6075020600,94110.0,505,land - zero population,0,0,37.7570313,-122.4256532,1061.0
60750206001009,60750206001,6075020600,94114.0,505,land - zero population,0,0,37.7589573,-122.4270211,34841.0
60750206002006,60750206002,6075020600,94114.0,505,land - populated,152,20,37.7569599,-122.4268255,17358.0
60750206002000,60750206002,6075020600,94110.0,505,land - populated,194,17,37.7577576,-122.4269037,17350.0
60750206001003,60750206001,6075020600,94114.0,505,land - populated,190,20,37.7608233,-122.4294255,17434.0
60750206001007,60750206001,6075020600,94114.0,505,land - populated,231,19,37.7600243,-122.4293495,17448.0
60750206001008,60750206001,6075020600,94114.0,505,land - populated,204,12,37.7592238,-122.4292728,17487.0
60750206001013,60750206001,6075020600,94114.0,505,land - populated,172,15,37.7584225,-122.4291972,17479.0
60750206002001,60750206002,6075020600,94114.0,505,land - populated,140,14,37.7576457,-122.4290889,16087.0
60750207003000,60750207003,6075020700,94110.0,505,land - populated,263,18,37.7564369,-122.4221675,17126.0
60750207003006,60750207003,6075020700,94110.0,505,land - populated,201,13,37.7556346,-122.4220889,17193.0
60750207003001,60750207003,6075020700,94110.0,505,land - populated,6,1,37.7559715,-122.4232575,1256.0
60750210001007,60750210001,6075021000,94110.0,505,land - populated,188,24,37.7540225,-122.4222627,12049.0
60750210002001,60750210002,6075021000,94110.0,603,land - populated,183,12,37.7532233,-122.4222337,11210.0
60750210001001,60750210001,6075021000,94110.0,505,land - populated,197,26,37.7548256,-122.4222799,12896.0
60750210001002,60750210001,6075021000,94110.0,505,land - zero population,0,0,37.7543709,-122.4231044,1258.0
60750207003002,60750207003,6075020700,94110.0,505,land - populated,97,8,37.7559521,-122.4235661,8453.0
60750207003003,60750207003,6075020700,94110.0,505,land - populated,120,17,37.755919,-122.4241006,8347.0
60750207003004,60750207003,6075020700,94114.0,505,land - populated,83,9,37.7558885,-122.4246332,8373.0
60750207003005,60750207003,6075020700,94114.0,505,land - populated,107,11,37.7558546,-122.425181,8828.0
60750210001003,60750210001,6075021000,94110.0,505,land - populated,129,13,37.7543522,-122.4234116,8424.0
60750210001004,60750210001,6075021000,94110.0,505,land - populated,171,7,37.7543197,-122.423946,8418.0
60750210001005,60750210001,6075021000,94114.0,505,land - populated,56,7,37.7542892,-122.4244791,8392.0
60750210001006,60750210001,6075021000,94114.0,505,land - populated,160,17,37.7542549,-122.4250282,8924.0
60750210002006,60750210002,6075021000,94110.0,603,land - populated,147,16,37.7524199,-122.4222244,10256.0
60750210003001,60750210003,6075021000,94110.0,603,land - populated,164,6,37.7512617,-122.4212902,7110.0
60750210003002,60750210003,6075021000,94110.0,603,land - populated,282,33,37.7512111,-122.4221376,19529.0
60750210002002,60750210002,6075021000,94110.0,603,land - zero population,0,0,37.7527674,-122.4229515,1257.0
60750210003003,60750210003,6075021000,94110.0,420,land - zero population,0,0,37.7511741,-122.4228031,1403.0
60750210004002,60750210004,6075021000,94110.0,420,land - populated,222,16,37.7496127,-122.4219824,19557.0
60750210003008,60750210003,6075021000,94110.0,420,land - zero population,0,0,37.7495698,-122.4226488,1424.0
60750210003007,60750210003,6075021000,94110.0,420,land - populated,190,14,37.7495387,-122.4232235,16629.0
60750210002003,60750210002,6075021000,94110.0,420,land - populated,278,31,37.7527374,-122.4235266,16779.0
60750210003004,60750210003,6075021000,94110.0,420,land - populated,192,18,37.7511387,-122.4233786,16745.0
60750210002004,60750210002,6075021000,94114.0,420,land - populated,104,16,37.752691,-122.4243277,8319.0
60750210002005,60750210002,6075021000,94114.0,420,land - populated,101,16,37.7526606,-122.4248772,8868.0
60750211002008,60750211002,6075021100,94114.0,420,land - zero population,0,0,37.7526322,-122.4252333,2293.0
60750210003005,60750210003,6075021000,94110.0,420,land - populated,215,23,37.7510747,-122.4244596,17413.0
60750214001008,60750214001,6075021400,94114.0,420,land - zero population,0,0,37.7514329,-122.4251136,1034.0
60750210003006,60750210003,6075021000,94110.0,420,land - populated,191,23,37.7494756,-122.424303,17197.0
60750214001007,60750214001,6075021400,94110.0,420,land - zero population,0,0,37.7506315,-122.4250372,1067.0
60750214002000,60750214002,6075021400,94114.0,420,land - zero population,0,0,37.7498317,-122.4249609,1098.0
60750214002005,60750214002,6075021400,94110.0,420,land - zero population,0,0,37.7490339,-122.4248846,1133.0
60750211001008,60750211001,6075021100,94114.0,505,land - zero population,0,0,37.7558248,-122.4255336,2302.0
60750211001000,60750211001,6075021100,94114.0,505,land - populated,177,26,37.7557937,-122.4261586,17367.0
60750211001001,60750211001,6075021100,94114.0,505,land - populated,133,20,37.7557289,-122.4272621,17343.0
60750211001007,60750211001,6075021100,94114.0,505,land - populated,10,4,37.7542233,-122.4253837,2297.0
60750211001006,60750211001,6075021100,94114.0,505,land - populated,112,11,37.7541937,-122.4260068,17290.0
60750211001005,60750211001,6075021100,94114.0,505,land - populated,178,21,37.7541273,-122.4271078,17414.0
60750206002005,60750206002,6075020600,94114.0,505,land - populated,122,16,37.7568164,-122.4290983,17308.0
60750211001002,60750211001,6075021100,94114.0,505,land - populated,91,17,37.7560249,-122.4289645,17591.0
60750211001003,60750211001,6075021100,94114.0,505,land - populated,109,17,37.7552267,-122.4288877,17351.0
60750211001004,60750211001,6075021100,94114.0,505,land - populated,192,27,37.7540616,-122.4282158,17571.0
60750211002002,60750211002,6075021100,94114.0,420,land - populated,48,3,37.7528533,-122.4278317,4784.0
60750211001009,60750211001,6075021100,94114.0,505,land - populated,148,23,37.7539943,-122.429328,17573.0
60750211002000,60750211002,6075021100,94114.0,420,land - populated,219,18,37.7525977,-122.4258559,17174.0
60750214001000,60750214001,6075021400,94114.0,420,land - populated,85,11,37.7514005,-122.4257354,8857.0
60750211002001,60750211002,6075021100,94114.0,420,land - populated,253,20,37.7525321,-122.426957,17229.0
60750214001001,60750214001,6075021400,94114.0,420,land - populated,80,6,37.7513335,-122.426844,8789.0
60750214001006,60750214001,6075021400,94114.0,420,land - populated,199,36,37.7505627,-122.4262103,17386.0
60750214002001,60750214002,6075021400,94114.0,420,land - populated,155,18,37.749763,-122.4261351,17373.0
60750214002004,60750214002,6075021400,94114.0,420,land - populated,160,21,37.7489625,-122.4260585,17379.0
60750211002003,60750211002,6075021100,94114.0,420,land - populated,57,5,37.7528201,-122.4283878,4431.0
60750211002007,60750211002,6075021100,94114.0,420,land - populated,84,4,37.7520439,-122.4280257,8140.0
60750214001002,60750214001,6075021400,94114.0,420,land - populated,116,8,37.751267,-122.4279515,8845.0
60750211002004,60750211002,6075021100,94114.0,420,land - populated,61,7,37.7527868,-122.4289253,4484.0
60750211002006,60750211002,6075021100,94114.0,420,land - populated,85,8,37.7519776,-122.429139,8157.0
60750214001003,60750214001,6075021400,94114.0,420,land - populated,60,3,37.7512,-122.4290625,8845.0
60750214001005,60750214001,6075021400,94114.0,420,land - populated,95,9,37.7504632,-122.4278716,8732.0
60750214002002,60750214002,6075021400,94114.0,420,land - populated,173,32,37.7496289,-122.4283514,17585.0
60750214002003,60750214002,6075021400,94131.0,420,land - populated,205,22,37.7488281,-122.4282721,17455.0
60750214001004,60750214001,6075021400,94114.0,420,land - populated,102,18,37.7503968,-122.4289829,8717.0
60750203002001,60750203002,6075020300,94114.0,816,land - populated,66,1,37.763631,-122.4296961,35323.0
60750203002002,60750203002,6075020300,94114.0,816,land - populated,185,11,37.7635385,-122.4312135,13044.0
60750206001001,60750206001,6075020600,94114.0,816,land - populated,248,10,37.7624541,-122.4295495,16084.0
60750206001002,60750206001,6075020600,94114.0,816,land - populated,384,20,37.7616526,-122.4295328,18820.0
60750203003004,60750203003,6075020300,94114.0,816,land - populated,144,0,37.7647959,-122.4316115,14055.0
60750203003005,60750203003,6075020300,94114.0,718,land - zero population,0,0,37.7650422,-122.4320531,3830.0
60750203002003,60750203002,6075020300,94114.0,816,land - populated,70,3,37.7634962,-122.4319123,9240.0
60750203003006,60750203003,6075020300,94114.0,816,land - populated,159,5,37.7634476,-122.4326117,13062.0
60750206004000,60750206004,6075020600,94114.0,816,land - populated,171,4,37.7622865,-122.4317988,17437.0
60750206004006,60750206004,6075020600,94114.0,816,land - populated,177,10,37.7614878,-122.4317225,17463.0
60750206004001,60750206004,6075020600,94114.0,816,land - populated,197,15,37.7617866,-122.4334271,17462.0
60750206002002,60750206002,6075020600,94114.0,505,land - populated,3,0,37.7571727,-122.4298813,2712.0
60750206003004,60750206003,6075020600,94114.0,505,land - populated,100,11,37.7582561,-122.4314631,18416.0
60750206002003,60750206002,6075020600,94114.0,505,land - populated,89,10,37.7574768,-122.4313218,16160.0
60750206004005,60750206004,6075020600,94114.0,505,land - populated,212,12,37.7606893,-122.431645,17413.0
60750206004007,60750206004,6075020600,94114.0,505,land - populated,169,17,37.7598903,-122.431568,17470.0
60750206003000,60750206003,6075020600,94114.0,505,land - populated,101,6,37.7590895,-122.4314908,17473.0
60750206004004,60750206004,6075020600,94114.0,505,land - populated,214,13,37.7601891,-122.4332703,17434.0
60750206003001,60750206003,6075020600,94114.0,505,land - populated,135,15,37.7585885,-122.4331145,17446.0
60750169002005,60750169002,6075016900,94114.0,718,land - populated,177,6,37.7645804,-122.4342447,18026.0
60750203003007,60750203003,6075020300,94114.0,816,land - populated,134,2,37.7630754,-122.4337436,16541.0
60750169002006,60750169002,6075016900,94114.0,718,land - populated,141,6,37.7636735,-122.4345527,15069.0
60750203003008,60750203003,6075020300,94114.0,816,land - zero population,0,0,37.7634032,-122.4341303,3422.0
60750206004002,60750206004,6075020600,94114.0,816,land - populated,180,13,37.7617293,-122.4345352,17355.0
60750170002007,60750170002,6075017000,94114.0,718,land - populated,118,2,37.764534,-122.4360732,11976.0
60750170002008,60750170002,6075017000,94114.0,718,land - populated,92,7,37.7637111,-122.4362141,11885.0
60750205001000,60750205001,6075020500,94114.0,816,land - zero population,0,0,37.7623876,-122.4357249,611.0
60750205001001,60750205001,6075020500,94114.0,718,land - populated,2,0,37.7624114,-122.4359435,1581.0
60750205001009,60750205001,6075020500,94114.0,816,land - populated,154,4,37.7616213,-122.4356012,16618.0
60750205001002,60750205001,6075020500,94114.0,718,land - populated,20,1,37.7621934,-122.4368631,3567.0
60750170002009,60750170002,6075017000,94114.0,718,land - populated,567,20,37.7628856,-122.4375322,43342.0
60750205001010,60750205001,6075020500,94114.0,505,land - zero population,0,0,37.7619955,-122.436758,684.0
60750205001008,60750205001,6075020500,94114.0,505,land - populated,123,5,37.7613781,-122.4366969,12395.0
60750206004003,60750206004,6075020600,94114.0,505,land - populated,125,10,37.7601208,-122.4343759,17355.0
60750205002000,60750205002,6075020500,94114.0,505,land - populated,140,3,37.7600574,-122.4354817,17441.0
60750206003002,60750206003,6075020600,94114.0,505,land - populated,267,23,37.7585217,-122.434222,17462.0
60750206003003,60750206003,6075020600,94114.0,505,land - populated,152,17,37.7573522,-122.4335622,17283.0
60750205002005,60750205002,6075020500,94114.0,505,land - populated,202,9,37.7584547,-122.435329,17423.0
60750205002001,60750205002,6075020500,94114.0,505,land - populated,26,0,37.7599899,-122.4365752,17003.0
60750205002004,60750205002,6075020500,94114.0,505,land - populated,120,13,37.7583905,-122.4364226,16998.0
60750205003000,60750205003,6075020500,94114.0,505,land - populated,180,12,37.7583245,-122.4374991,16899.0
60750206002004,60750206002,6075020600,94114.0,505,land - populated,61,12,37.7566856,-122.431018,12174.0
60750211004000,60750211004,6075021100,94114.0,505,land - populated,99,18,37.7558913,-122.4311844,17519.0
60750211004003,60750211004,6075021100,94114.0,505,land - populated,129,21,37.755092,-122.4311078,17327.0
60750211004004,60750211004,6075021100,94114.0,505,land - populated,141,25,37.7542922,-122.431031,17535.0
60750211003000,60750211003,6075021100,94114.0,505,land - populated,179,25,37.7534908,-122.4309538,17407.0
60750206002008,60750206002,6075020600,94114.0,505,land - populated,29,3,37.7566403,-122.4320884,4379.0
60750206003005,60750206003,6075020600,94114.0,505,land - populated,150,23,37.7565567,-122.4334767,17290.0
60750211004001,60750211004,6075021100,94114.0,505,land - populated,152,25,37.755758,-122.4334002,17523.0
60750211004002,60750211004,6075021100,94114.0,505,land - populated,165,20,37.7549585,-122.4333237,17336.0
60750211004005,60750211004,6075021100,94114.0,505,land - populated,145,31,37.7541588,-122.4332468,17546.0
60750211003001,60750211003,6075021100,94114.0,505,land - populated,140,20,37.7533573,-122.4331705,17411.0
60750211002005,60750211002,6075021100,94114.0,420,land - populated,43,10,37.7527567,-122.4294802,4717.0
60750211003003,60750211003,6075021100,94114.0,420,land - populated,190,29,37.7526927,-122.4308782,17387.0
60750211003004,60750211003,6075021100,94114.0,420,land - populated,161,16,37.751899,-122.430803,17225.0
60750214003000,60750214003,6075021400,94114.0,420,land - populated,132,7,37.7510995,-122.4307268,17656.0
60750214003003,60750214003,6075021400,94114.0,420,land - populated,169,35,37.7502962,-122.4306472,17396.0
60750214003004,60750214003,6075021400,94114.0,420,land - populated,232,42,37.7494953,-122.4305689,17546.0
60750211003002,60750211003,6075021100,94114.0,420,land - populated,192,39,37.7525585,-122.4330935,17420.0
60750211003005,60750211003,6075021100,94114.0,420,land - populated,160,26,37.7517649,-122.4330191,17173.0
60750214003001,60750214003,6075021400,94114.0,420,land - populated,131,5,37.750966,-122.432942,17620.0
60750214003002,60750214003,6075021400,94114.0,420,land - populated,194,29,37.7501623,-122.432862,17382.0
60750214003005,60750214003,6075021400,94114.0,420,land - zero population,0,0,37.7493626,-122.4327838,17428.0
60750205003005,60750205003,6075020500,94114.0,505,land - populated,156,15,37.7568682,-122.4351746,17102.0
60750212001000,60750212001,6075021200,94114.0,505,land - populated,121,8,37.7552485,-122.4350354,17955.0
60750212001004,60750212001,6075021200,94114.0,505,land - populated,222,12,37.7540103,-122.4354557,17506.0
60750212001005,60750212001,6075021200,94114.0,505,land - populated,102,14,37.7532164,-122.4353829,17016.0
60750205003004,60750205003,6075020500,94114.0,505,land - populated,137,13,37.7567937,-122.4362701,17020.0
60750212001001,60750212001,6075021200,94114.0,505,land - populated,115,7,37.7552029,-122.4361272,17290.0
60750205003003,60750205003,6075020500,94114.0,505,land - populated,122,18,37.7567284,-122.4373486,16726.0
60750212001002,60750212001,6075021200,94114.0,505,land - populated,120,16,37.7551299,-122.4371986,16614.0
60750212001003,60750212001,6075021200,94114.0,420,land - populated,157,31,37.7535291,-122.4370498,16415.0
60750212002000,60750212002,6075021200,94114.0,420,land - populated,153,30,37.7524257,-122.4353087,17413.0
60750212002008,60750212002,6075021200,94114.0,420,land - populated,140,23,37.7516271,-122.4352367,17356.0
60750213001000,60750213001,6075021300,94114.0,420,land - populated,165,23,37.7508284,-122.4351505,17432.0
60750213001003,60750213001,6075021300,94114.0,420,land - populated,177,26,37.7500286,-122.4350707,17342.0
60750213001004,60750213001,6075021300,94114.0,420,land - populated,150,31,37.7492288,-122.4349961,17411.0
60750212002001,60750212002,6075021200,94114.0,420,land - populated,172,35,37.7522942,-122.4375027,17118.0
60750212002007,60750212002,6075021200,94114.0,420,land - populated,170,25,37.7514913,-122.4374246,17232.0
60750213001001,60750213001,6075021300,94114.0,420,land - populated,143,24,37.7506909,-122.4373494,17013.0
60750213001002,60750213001,6075021300,94114.0,420,land - populated,150,29,37.7498951,-122.4372652,17152.0
60750213002008,60750213002,6075021300,94114.0,420,land - populated,134,21,37.7490969,-122.4371908,17120.0
60750158012012,60750158012,6075015801,94115.0,786,land - populated,156,8,37.7811611,-122.4381634,15044.0
60750158012019,60750158012,6075015801,94115.0,786,land - populated,305,127,37.7802326,-122.4379718,15070.0
60750158012013,60750158012,6075015801,94115.0,786,land - zero population,0,0,37.7810567,-122.4390208,896.0
60750158012018,60750158012,6075015801,94115.0,786,land - zero population,0,0,37.7801245,-122.4388312,961.0
60750158021001,60750158021,6075015802,94115.0,786,land - populated,149,11,37.779248,-122.4382001,7474.0
60750158021002,60750158021,6075015802,94115.0,786,land - zero population,0,0,37.7791923,-122.4386459,884.0
60750158021006,60750158021,6075015802,94115.0,786,land - zero population,0,0,37.7782642,-122.4384596,878.0
60750158021003,60750158021,6075015802,94115.0,735,land - populated,266,7,37.7790805,-122.4394977,15072.0
60750158021005,60750158021,6075015802,94117.0,735,land - populated,222,21,37.7781508,-122.4393119,15010.0
60750158012014,60750158012,6075015801,94115.0,735,land - populated,194,11,37.7809449,-122.4398782,15174.0
60750158012017,60750158012,6075015801,94115.0,735,land - populated,228,26,37.780012,-122.4396888,15051.0
60750158012015,60750158012,6075015801,94115.0,735,land - populated,58,5,37.780802,-122.4409656,5272.0
60750158012016,60750158012,6075015801,94115.0,735,land - populated,54,7,37.7798673,-122.440773,5250.0
60750157001008,60750157001,6075015700,94115.0,735,land - populated,67,10,37.7802749,-122.4415246,13994.0
60750158021004,60750158021,6075015802,94115.0,735,land - populated,232,26,37.778875,-122.4411367,15575.0
60750158022006,60750158022,6075015802,94115.0,735,land - populated,357,15,37.7779428,-122.4409465,15338.0
60750164001002,60750164001,6075016400,94117.0,735,land - zero population,0,0,37.776388,-122.4380828,907.0
60750158022003,60750158022,6075015802,94117.0,650,land - zero population,0,0,37.7773243,-122.4382712,892.0
60750164001004,60750164001,6075016400,94117.0,735,land - zero population,0,0,37.775463,-122.4378976,861.0
60750158022004,60750158022,6075015802,94117.0,735,land - populated,287,8,37.7772167,-122.4391276,15231.0
60750164002000,60750164002,6075016400,94117.0,735,land - populated,159,8,37.7762819,-122.438941,15103.0
60750164001008,60750164001,6075016400,94117.0,735,land - zero population,0,0,37.7745307,-122.437706,801.0
60750164002004,60750164002,6075016400,94117.0,735,land - populated,293,9,37.7744168,-122.4385599,15156.0
60750164002007,60750164002,6075016400,94117.0,735,land - populated,145,13,37.7734886,-122.4383696,15118.0
60750164002003,60750164002,6075016400,94117.0,735,land - populated,276,22,37.775349,-122.4387523,15180.0
60750164002001,60750164002,6075016400,94117.0,735,land - populated,225,20,37.7760743,-122.4405723,15321.0
60750158022005,60750158022,6075015802,94117.0,735,land - populated,241,16,37.77701,-122.4407586,15544.0
60750164002002,60750164002,6075016400,94117.0,735,land - populated,349,6,37.7751409,-122.4403835,15450.0
60750164002005,60750164002,6075016400,94117.0,735,land - populated,242,21,37.7742067,-122.4401939,15369.0
60750157001007,60750157001,6075015700,94115.0,735,land - populated,84,12,37.7806323,-122.4423036,15027.0
60750157001010,60750157001,6075015700,94115.0,735,land - populated,134,17,37.7805369,-122.4431741,15600.0
60750157002003,60750157002,6075015700,94115.0,735,land - populated,259,15,37.7777315,-122.4425927,15251.0
60750157001009,60750157001,6075015700,94115.0,735,land - populated,48,8,37.7794193,-122.4428514,9814.0
60750157002000,60750157002,6075015700,94115.0,735,land - populated,199,14,37.7786678,-122.4427821,15597.0
60750157001005,60750157001,6075015700,94115.0,735,land - populated,78,3,37.7813555,-122.4446171,9304.0
60750157001011,60750157001,6075015700,94115.0,735,land - populated,134,24,37.7803545,-122.4440693,16488.0
60750157001012,60750157001,6075015700,94115.0,735,land - populated,91,12,37.7801704,-122.4449903,13296.0
60750157002001,60750157002,6075015700,94115.0,735,land - populated,193,26,37.7784627,-122.4444274,15682.0
60750157002002,60750157002,6075015700,94115.0,735,land - populated,233,28,37.7775245,-122.4442384,15307.0
60750157001016,60750157001,6075015700,94115.0,735,land - populated,182,24,37.7793363,-122.4452773,18097.0
60750157002004,60750157002,6075015700,94115.0,735,land - populated,259,19,37.7767995,-122.4424047,15462.0
60750165001000,60750165001,6075016500,94117.0,735,land - populated,235,25,37.7758655,-122.4422162,15338.0
60750165001003,60750165001,6075016500,94117.0,735,land - populated,220,23,37.7749318,-122.4420274,15468.0
60750165001004,60750165001,6075016500,94117.0,735,land - populated,303,18,37.7739963,-122.4418385,15394.0
60750165001002,60750165001,6075016500,94117.0,735,land - populated,226,33,37.7747224,-122.4436744,15497.0
60750165001005,60750165001,6075016500,94117.0,735,land - populated,299,65,37.7737859,-122.4434855,15498.0
60750157002005,60750157002,6075015700,94117.0,735,land - populated,304,41,37.7765911,-122.4440504,15512.0
60750165001001,60750165001,6075016500,94117.0,735,land - populated,289,18,37.7756562,-122.4438626,15378.0
60750157002006,60750157002,6075015700,94117.0,735,land - populated,258,16,37.7763798,-122.4457194,15953.0
60750165002000,60750165002,6075016500,94117.0,735,land - populated,249,14,37.775444,-122.445532,15787.0
60750165002003,60750165002,6075016500,94117.0,735,land - populated,192,21,37.7745105,-122.4453435,15866.0
60750165002004,60750165002,6075016500,94117.0,735,land - populated,215,20,37.7735727,-122.4451542,15877.0
60750167004002,60750167004,6075016700,94117.0,718,land - populated,204,13,37.7725595,-122.4381838,15136.0
60750167004005,60750167004,6075016700,94117.0,718,land - populated,303,19,37.7716268,-122.4379919,15235.0
60750167004004,60750167004,6075016700,94117.0,718,land - populated,208,12,37.771418,-122.4396277,15424.0
60750167003002,60750167003,6075016700,94117.0,718,land - populated,265,16,37.7706938,-122.437804,15115.0
60750167003005,60750167003,6075016700,94117.0,718,land - populated,115,8,37.7696471,-122.4382263,11644.0
60750167003003,60750167003,6075016700,94117.0,718,land - populated,191,8,37.7705892,-122.4392124,10101.0
60750164002006,60750164002,6075016400,94117.0,735,land - populated,26,5,37.7732793,-122.4400053,15246.0
60750167004003,60750167004,6075016700,94117.0,718,land - populated,240,26,37.7723509,-122.4398175,15411.0
60750166001000,60750166001,6075016600,94117.0,718,land - populated,233,34,37.7721418,-122.4414616,15380.0
60750166001005,60750166001,6075016600,94117.0,718,land - populated,210,19,37.7712088,-122.4412727,15349.0
60750170001002,60750170001,6075017000,94117.0,718,land - populated,168,19,37.7680943,-122.4378429,15963.0
60750170001003,60750170001,6075017000,94117.0,718,land - populated,106,15,37.767585,-122.4387409,18113.0
60750170001007,60750170001,6075017000,94114.0,718,land - populated,62,3,37.7669157,-122.4377454,4772.0
60750170001004,60750170001,6075017000,94117.0,718,land - populated,11,0,37.7665626,-122.4388019,2765.0
60750167003004,60750167003,6075016700,94117.0,718,land - zero population,0,0,37.7685646,-122.4413877,166348.0
60750170002000,60750170002,6075017000,94117.0,718,land - populated,452,17,37.7664158,-122.4407928,39681.0
60759803001000,60759803001,6075980300,94117.0,735,land - populated,20,1,37.7728562,-122.4433158,45909.0
60750166001001,60750166001,6075016600,94117.0,718,land - populated,262,16,37.7719318,-122.443107,15449.0
60750166001004,60750166001,6075016600,94117.0,718,land - populated,321,18,37.7709983,-122.4429175,15427.0
60750171013000,60750171013,6075017101,94117.0,718,land - populated,70,0,37.7693786,-122.4429883,4027.0
60750166002000,60750166002,6075016600,94117.0,718,land - populated,83,6,37.769934,-122.4433105,3968.0
60750166001002,60750166001,6075016600,94117.0,718,land - populated,298,30,37.7717185,-122.444778,15938.0
60750166001003,60750166001,6075016600,94117.0,718,land - populated,277,17,37.7707841,-122.4445913,15869.0
60750166002001,60750166002,6075016600,94117.0,718,land - populated,140,12,37.7698527,-122.4444039,15843.0
60750171011005,60750171011,6075017101,94117.0,718,land - populated,161,20,37.7661297,-122.4436251,14933.0
60750171013001,60750171013,6075017101,94117.0,718,land - populated,259,25,37.7685448,-122.4442302,25522.0
60750171013002,60750171013,6075017101,94117.0,718,land - populated,273,35,37.7683036,-122.4453263,15173.0
60750171011000,60750171011,6075017101,94117.0,718,land - populated,42,4,37.7670643,-122.4442539,7158.0
60750171012000,60750171012,6075017101,94117.0,718,land - populated,74,17,37.7652535,-122.4442957,10428.0
60750171011001,60750171011,6075017101,94117.0,718,land - populated,135,24,37.7664868,-122.4449439,14481.0
60750171011002,60750171011,6075017101,94117.0,718,land - populated,179,20,37.7662489,-122.4457344,17069.0
60750157001013,60750157001,6075015700,94115.0,735,land - populated,8,0,37.7801597,-122.4465109,33970.0
60750157001015,60750157001,6075015700,94118.0,735,land - zero population,0,0,37.7806371,-122.4474433,943.0
60750157001017,60750157001,6075015700,94115.0,735,land - populated,117,5,37.7782539,-122.4460978,16148.0
60750157001014,60750157001,6075015700,94118.0,735,land - zero population,0,0,37.7793901,-122.4471941,1173.0
60750157004000,60750157004,6075015700,94115.0,735,land - populated,115,13,37.7780846,-122.4474217,9160.0
60750157003009,60750157003,6075015700,94118.0,735,land - populated,91,16,37.7805891,-122.448179,10671.0
60750157003007,60750157003,6075015700,94118.0,735,land - populated,47,8,37.780033,-122.4485546,6334.0
60750157003003,60750157003,6075015700,94118.0,735,land - populated,155,19,37.781466,-122.4494347,13377.0
60750157004001,60750157004,6075015700,94118.0,735,land - populated,65,8,37.7779672,-122.4483406,8447.0
60750157003008,60750157003,6075015700,94118.0,735,land - zero population,0,0,37.7784836,-122.4498604,7855.0
60750157004002,60750157004,6075015700,94118.0,735,land - populated,66,10,37.7778544,-122.4492251,8526.0
60750157002007,60750157002,6075015700,94115.0,735,land - populated,195,15,37.7773138,-122.4459069,15751.0
60750165002005,60750165002,6075016500,94117.0,735,land - populated,224,26,37.7733632,-122.4467952,15068.0
60750165002001,60750165002,6075016500,94117.0,735,land - populated,221,34,37.7752348,-122.4471754,14904.0
60750165002002,60750165002,6075016500,94117.0,735,land - zero population,0,0,37.7743015,-122.4469852,14962.0
60750157004004,60750157004,6075015700,94117.0,735,land - populated,2435,36,37.7763296,-122.4498275,118553.0
60750165003000,60750165003,6075016500,94117.0,735,land - populated,202,10,37.775029,-122.4487925,15310.0
60750165003003,60750165003,6075016500,94117.0,735,land - populated,253,36,37.7740963,-122.4486024,15359.0
60750157003004,60750157003,6075015700,94118.0,735,land - populated,186,14,37.7813378,-122.4504618,13408.0
60750157003013,60750157003,6075015700,94118.0,735,land - populated,203,19,37.7812045,-122.4514872,13290.0
60750157003019,60750157003,6075015700,94118.0,735,land - populated,10,3,37.7802303,-122.4514996,25790.0
60750157003006,60750157003,6075015700,94118.0,735,land - populated,155,8,37.7791383,-122.4506462,103007.0
60750157004003,60750157004,6075015700,94118.0,735,land - populated,72,16,37.7777415,-122.4501129,8539.0
60750157003012,60750157003,6075015700,94118.0,735,land - populated,59,5,37.7776279,-122.4510006,8564.0
60750157003011,60750157003,6075015700,94118.0,735,land - populated,74,3,37.7775144,-122.4518886,8579.0
60750157003015,60750157003,6075015700,94118.0,735,land - populated,177,15,37.7810779,-122.4525134,13387.0
60750157003017,60750157003,6075015700,94118.0,735,land - populated,140,10,37.7809488,-122.4535175,12729.0
60750156001007,60750156001,6075015600,94118.0,735,land - populated,90,15,37.7783812,-122.4539981,11262.0
60750165003001,60750165003,6075016500,94117.0,735,land - populated,224,18,37.7748188,-122.450436,15357.0
60750165003002,60750165003,6075016500,94117.0,735,land - populated,135,10,37.7738875,-122.4502447,15433.0
60750165004002,60750165004,6075016500,94117.0,735,land - populated,176,20,37.7736779,-122.4518938,15456.0
60750157003010,60750157003,6075015700,94118.0,735,land - populated,104,7,37.7773987,-122.4528103,9266.0
60750165004000,60750165004,6075016500,94117.0,735,land - populated,120,19,37.7746087,-122.4520847,15338.0
60750157004006,60750157004,6075015700,94118.0,735,land - populated,149,8,37.7752559,-122.4537975,13830.0
60750165004001,60750165004,6075016500,94118.0,735,land - populated,241,16,37.7739328,-122.453644,31080.0
60750166004000,60750166004,6075016600,94117.0,718,land - populated,111,4,37.7715089,-122.4464226,15008.0
60750166004005,60750166004,6075016600,94117.0,718,land - populated,166,8,37.7705738,-122.4462335,14818.0
60750166002002,60750166002,6075016600,94117.0,718,land - populated,208,14,37.7696419,-122.4460456,14870.0
60750166004004,60750166004,6075016600,94117.0,589,land - populated,217,29,37.7703678,-122.4478519,15343.0
60750166002003,60750166002,6075016600,94117.0,589,land - populated,275,7,37.7694362,-122.4476618,15408.0
60750165003004,60750165003,6075016500,94117.0,735,land - populated,257,24,37.7731563,-122.4484137,15549.0
60750166004001,60750166004,6075016600,94117.0,589,land - populated,208,22,37.7713034,-122.4480396,15516.0
60759803001001,60759803001,6075980300,94117.0,589,land - zero population,0,0,37.7720608,-122.4495459,68065.0
60750166004002,60750166004,6075016600,94117.0,589,land - populated,262,13,37.7710948,-122.449684,15470.0
60750166002004,60750166002,6075016600,94117.0,589,land - populated,187,16,37.7692636,-122.4490171,9970.0
60750166004003,60750166004,6075016600,94117.0,589,land - populated,219,18,37.7701594,-122.4494926,15321.0
60750171013003,60750171013,6075017101,94117.0,718,land - populated,233,18,37.7681989,-122.4461451,15322.0
60750171013004,60750171013,6075017101,94117.0,589,land - populated,152,17,37.7680933,-122.4469687,15332.0
60750171013005,60750171013,6075017101,94117.0,589,land - populated,221,31,37.7679886,-122.447791,15301.0
60750171011003,60750171011,6075017101,94117.0,589,land - populated,351,44,37.7656287,-122.4464893,25401.0
60750171011004,60750171011,6075017101,94117.0,589,land - populated,385,77,37.7652304,-122.4472235,29224.0
60750171023000,60750171023,6075017102,94117.0,589,land - populated,295,27,37.7678687,-122.4487328,19802.0
60750171023001,60750171023,6075017102,94117.0,589,land - populated,277,33,37.7677299,-122.4497992,19986.0
60750171021001,60750171021,6075017102,94117.0,589,land - populated,204,35,37.7654692,-122.4487969,19988.0
60750171021000,60750171021,6075017102,94117.0,589,land - populated,231,17,37.766403,-122.4489843,19987.0
60750165003005,60750165003,6075016500,94117.0,735,land - populated,258,21,37.7729471,-122.4500579,15623.0
60750165004003,60750165004,6075016500,94117.0,735,land - populated,273,21,37.772738,-122.4517029,15637.0
60750166003000,60750166003,6075016600,94117.0,589,land - populated,328,25,37.7708849,-122.4513249,15480.0
60750166003003,60750166003,6075016600,94117.0,589,land - populated,265,13,37.7699498,-122.451137,15408.0
60750165004004,60750165004,6075016500,94117.0,735,land - populated,271,17,37.7725415,-122.4533612,15280.0
60759803001002,60759803001,6075980300,94117.0,589,land - zero population,0,0,37.7719981,-122.4532575,1992.0
60759803001048,60759803001,6075980300,94117.0,589,land - zero population,0,0,37.771275,-122.4536413,1804.0
60759803001003,60759803001,6075980300,94117.0,589,land - zero population,0,0,37.7717745,-122.45378,1865.0
60750166003001,60750166003,6075016600,94117.0,589,land - populated,223,13,37.770662,-122.4529789,15237.0
60750166003002,60750166003,6075016600,94117.0,589,land - populated,159,9,37.7697388,-122.4527959,15651.0
60759803001067,60759803001,6075980300,94117.0,589,land - zero population,0,0,37.7711964,-122.4531148,1934.0
60750166002005,60750166002,6075016600,94117.0,589,land - populated,184,13,37.7691273,-122.4500827,9983.0
60750166003004,60750166003,6075016600,94117.0,589,land - populated,159,9,37.7689861,-122.4511936,10810.0
60750171023002,60750171023,6075017102,94117.0,589,land - populated,130,19,37.7680556,-122.4510051,10734.0
60750171023005,60750171023,6075017102,94117.0,589,land - populated,153,16,37.7671264,-122.4508151,10743.0
60750171021002,60750171021,6075017102,94117.0,589,land - populated,196,12,37.7652411,-122.4505861,13530.0
60750171023006,60750171023,6075017102,94117.0,589,land - populated,370,48,37.7660887,-122.4514528,26243.0
60750166003005,60750166003,6075016600,94117.0,589,land - populated,74,3,37.7688054,-122.4526066,15652.0
60750171023003,60750171023,6075017102,94117.0,589,land - populated,196,23,37.7678756,-122.4524191,15569.0
60750171023004,60750171023,6075017102,94117.0,589,land - populated,186,20,37.766947,-122.4522314,15674.0
60750301011000,60750301011,6075030101,94117.0,589,land - populated,275,9,37.7658037,-122.4536756,15382.0
60750170002004,60750170002,6075017000,94114.0,718,land - populated,323,29,37.7648857,-122.4389333,107912.0
60750205001003,60750205001,6075020500,94114.0,718,land - populated,74,2,37.7620754,-122.43788,5180.0
60750205001011,60750205001,6075020500,94114.0,718,land - zero population,0,0,37.7618013,-122.4378284,686.0
60750205001007,60750205001,6075020500,94114.0,505,land - populated,123,12,37.7612481,-122.4377672,11029.0
60750205001005,60750205001,6075020500,94114.0,718,land - populated,16,0,37.7615822,-122.4388965,766.0
60750205001004,60750205001,6075020500,94114.0,718,land - populated,62,2,37.761934,-122.4389525,6759.0
60750205001006,60750205001,6075020500,94114.0,505,land - populated,157,5,37.7611062,-122.4388225,9350.0
60750170003004,60750170003,6075017000,94114.0,718,land - populated,75,5,37.7631004,-122.4410553,11025.0
60750170002005,60750170002,6075017000,94114.0,718,land - populated,166,6,37.7640379,-122.4412208,21828.0
60750170002010,60750170002,6075017000,94114.0,718,land - populated,70,9,37.7628769,-122.4398991,8884.0
60750204013001,60750204013,6075020401,94114.0,718,land - zero population,0,0,37.7620786,-122.4399178,1290.0
60750204013000,60750204013,6075020401,94114.0,718,land - populated,48,1,37.7616758,-122.4397693,4544.0
60750204013006,60750204013,6075020401,94114.0,718,land - zero population,0,0,37.7610864,-122.440396,1490.0
60750204013005,60750204013,6075020401,94114.0,718,land - populated,55,5,37.7614551,-122.4405469,5859.0
60750170003005,60750170003,6075017000,94114.0,718,land - populated,174,10,37.7623871,-122.4417013,17707.0
60750204013002,60750204013,6075020401,94114.0,718,land - populated,98,1,37.7619067,-122.4414743,10576.0
60750205002002,60750205002,6075020500,94114.0,505,land - populated,276,13,37.7599252,-122.4376517,16896.0
60750204013007,60750204013,6075020401,94114.0,505,land - populated,36,0,37.7609201,-122.439678,4071.0
60750205002003,60750205002,6075020500,94114.0,505,land - populated,168,23,37.759862,-122.438722,16782.0
60750205003001,60750205003,6075020500,94114.0,505,land - populated,141,24,37.7582533,-122.4385676,16823.0
60750204022002,60750204022,6075020402,94114.0,505,land - populated,87,4,37.7574757,-122.4394935,6886.0
60750204013008,60750204013,6075020401,94114.0,505,land - populated,7,0,37.760752,-122.4403618,2749.0
60750204013013,60750204013,6075020401,94114.0,505,land - populated,207,17,37.7601469,-122.4404129,18026.0
60750204013016,60750204013,6075020401,94114.0,505,land - populated,88,9,37.759438,-122.4399551,10111.0
60750204013017,60750204013,6075020401,94114.0,505,land - populated,29,6,37.759198,-122.4405578,3139.0
60750204013009,60750204013,6075020401,94114.0,505,land - populated,17,2,37.7608816,-122.4407283,1681.0
60750204013015,60750204013,6075020401,94114.0,505,land - populated,52,4,37.7593175,-122.441642,8015.0
60750204022000,60750204022,6075020402,94114.0,505,land - populated,106,6,37.7585318,-122.4397688,13131.0
60750204022001,60750204022,6075020402,94114.0,505,land - populated,361,23,37.7576501,-122.4406993,44861.0
60750170002002,60750170002,6075017000,94114.0,718,land - populated,130,15,37.7641358,-122.4425976,17163.0
60750170002001,60750170002,6075017000,94114.0,718,land - populated,8,0,37.7651161,-122.4429367,3198.0
60750170003000,60750170003,6075017000,94114.0,718,land - populated,87,13,37.7644342,-122.4436042,13346.0
60750170002003,60750170002,6075017000,94114.0,718,land - populated,1,0,37.763501,-122.4432008,752.0
60750204013004,60750204013,6075020401,94114.0,718,land - populated,202,25,37.76134,-122.4424766,16297.0
60750170003003,60750170003,6075017000,94114.0,718,land - populated,127,7,37.7629413,-122.4429831,15294.0
60750171012001,60750171012,6075017101,94117.0,718,land - populated,135,27,37.7646553,-122.4451488,16974.0
60750171012003,60750171012,6075017101,94117.0,718,land - populated,1,0,37.7632963,-122.4455373,1506.0
60750170003002,60750170003,6075017000,94117.0,718,land - zero population,0,0,37.7629033,-122.4442193,612.0
60750170003006,60750170003,6075017000,94117.0,718,land - populated,95,9,37.7622604,-122.4441085,10915.0
60750170003001,60750170003,6075017000,94117.0,718,land - populated,174,11,37.7629216,-122.4447316,20490.0
60750204013003,60750204013,6075020401,94117.0,718,land - populated,86,5,37.7615615,-122.4438817,10024.0
60750170003007,60750170003,6075017000,94117.0,718,land - zero population,0,0,37.7622083,-122.4450364,443.0
60750204013010,60750204013,6075020401,94114.0,505,land - populated,170,3,37.7607149,-122.4420818,11886.0
60750204013011,60750204013,6075020401,94114.0,505,land - zero population,0,0,37.7610423,-122.4419344,2336.0
60750204013014,60750204013,6075020401,94114.0,505,land - populated,131,10,37.76004,-122.4423739,13639.0
60750204011008,60750204011,6075020401,94114.0,505,land - populated,50,8,37.7592401,-122.4426207,5173.0
60750204013012,60750204013,6075020401,94114.0,718,land - zero population,0,0,37.7608166,-122.4433525,1694.0
60750204011007,60750204011,6075020401,94114.0,505,land - populated,23,4,37.7591763,-122.4433009,3378.0
60750204022003,60750204022,6075020402,94114.0,505,land - populated,26,3,37.7575635,-122.4419629,9125.0
60750204011013,60750204011,6075020401,94114.0,505,land - populated,12,0,37.7573549,-122.4425979,3038.0
60750204011014,60750204011,6075020401,94114.0,505,land - zero population,0,0,37.7572133,-122.442733,1528.0
60750204011009,60750204011,6075020401,94114.0,505,land - populated,61,8,37.758607,-122.4428202,8245.0
60750204011011,60750204011,6075020401,94114.0,505,land - populated,72,8,37.758101,-122.4430774,8529.0
60750204011012,60750204011,6075020401,94114.0,478,land - zero population,0,0,37.7580049,-122.4434898,654.0
60750204011005,60750204011,6075020401,94114.0,718,land - zero population,0,0,37.7600843,-122.4439614,1685.0
60750204011006,60750204011,6075020401,94114.0,505,land - populated,85,4,37.7596676,-122.4438195,10672.0
60750204011004,60750204011,6075020401,94114.0,505,land - populated,52,4,37.7590432,-122.4444034,4864.0
60750204011000,60750204011,6075020401,94114.0,478,land - populated,221,10,37.7603345,-122.445325,28441.0
60750204011002,60750204011,6075020401,94114.0,718,land - populated,183,5,37.7595962,-122.444928,22085.0
60750204011010,60750204011,6075020401,94114.0,505,land - populated,29,2,37.7587116,-122.4438819,3007.0
60750204011015,60750204011,6075020401,94114.0,478,land - zero population,0,0,37.7582814,-122.4442132,509.0
60750204011003,60750204011,6075020401,94114.0,478,land - zero population,0,0,37.7592062,-122.4448965,3851.0
60750204012000,60750204012,6075020401,94114.0,478,land - populated,95,4,37.7576845,-122.4438196,11560.0
60750204012009,60750204012,6075020401,94114.0,478,land - populated,32,2,37.7572521,-122.4442833,6512.0
60750204012001,60750204012,6075020401,94114.0,478,land - populated,87,3,37.7581675,-122.4452577,7642.0
60750204012002,60750204012,6075020401,94114.0,478,land - populated,121,14,37.7579401,-122.445808,13183.0
60750205003002,60750205003,6075020500,94114.0,505,land - populated,184,26,37.7564716,-122.4383965,20581.0
60750204022007,60750204022,6075020402,94114.0,505,land - populated,80,7,37.7558524,-122.4395429,12845.0
60750212003000,60750212003,6075021200,94114.0,505,land - populated,110,13,37.7548741,-122.4382704,13619.0
60750212003004,60750212003,6075021200,94114.0,420,land - populated,84,23,37.7534624,-122.4381376,17816.0
60750212003001,60750212003,6075021200,94114.0,505,land - populated,100,12,37.7547689,-122.4393673,12063.0
60750204022006,60750204022,6075020402,94131.0,505,land - zero population,0,0,37.7553362,-122.4403909,1816.0
60750204022005,60750204022,6075020402,94131.0,505,land - populated,257,21,37.7549295,-122.4411383,24904.0
60750212003002,60750212003,6075021200,94131.0,505,land - populated,56,11,37.7545811,-122.4403538,8808.0
60750212003003,60750212003,6075021200,94114.0,420,land - populated,133,17,37.7537671,-122.4398174,16837.0
60750212003005,60750212003,6075021200,94114.0,420,land - populated,139,25,37.7529663,-122.43974,17019.0
60750212003007,60750212003,6075021200,94114.0,420,land - populated,66,6,37.7535969,-122.4412693,5368.0
60750212002002,60750212002,6075021200,94114.0,420,land - populated,139,20,37.7521633,-122.4396618,16895.0
60750212002006,60750212002,6075021200,94114.0,420,land - populated,112,32,37.7513632,-122.4395823,16864.0
60750213002000,60750213002,6075021300,94114.0,420,land - populated,152,29,37.7501958,-122.438933,16823.0
60750212003006,60750212003,6075021200,94114.0,420,land - populated,99,11,37.7528206,-122.4415598,11718.0
60750212002003,60750212002,6075021200,94114.0,420,land - populated,129,15,37.7520325,-122.4416277,13982.0
60750213002001,60750213002,6075021300,94114.0,420,land - populated,138,25,37.7501327,-122.4400032,16821.0
60750213002007,60750213002,6075021300,94114.0,420,land - populated,214,27,37.7489889,-122.4398478,21885.0
60750213002002,60750213002,6075021300,94114.0,420,land - populated,112,10,37.7500665,-122.4410751,16958.0
60750204022011,60750204022,6075020402,94114.0,478,land - populated,163,7,37.7561206,-122.4423131,10392.0
60750204022010,60750204022,6075020402,94131.0,478,land - populated,92,5,37.7554975,-122.4419099,13438.0
60750204012007,60750204012,6075020401,94114.0,478,land - populated,136,2,37.7567374,-122.4429471,8134.0
60750204022012,60750204022,6075020402,94114.0,478,land - populated,12,0,37.756209,-122.4431728,503.0
60750204012008,60750204012,6075020401,94114.0,478,land - populated,31,0,37.7566661,-122.4435777,1909.0
60750204022013,60750204022,6075020402,94131.0,478,land - populated,144,10,37.7552344,-122.4434582,32797.0
60750204022004,60750204022,6075020402,94114.0,420,land - populated,47,7,37.7563453,-122.441119,11947.0
60750204022009,60750204022,6075020402,94131.0,478,land - populated,78,3,37.7542713,-122.4423994,5412.0
60750204022018,60750204022,6075020402,94114.0,420,land - populated,20,0,37.753051,-122.4423583,4737.0
60750204022008,60750204022,6075020402,94131.0,478,land - populated,90,2,37.7533056,-122.4430337,8292.0
60750204022014,60750204022,6075020402,94114.0,478,land - populated,3,0,37.7568798,-122.444554,4127.0
60750204012006,60750204012,6075020401,94114.0,478,land - populated,25,0,37.7566426,-122.4446556,827.0
60750204021008,60750204021,6075020402,94131.0,478,land - populated,165,2,37.7539546,-122.4446337,17931.0
60750204022016,60750204022,6075020402,94131.0,478,land - populated,165,8,37.7535254,-122.4438271,12492.0
60750212002009,60750212002,6075021200,94114.0,420,land - populated,140,15,37.7512329,-122.441729,16825.0
60750204022017,60750204022,6075020402,94131.0,478,land - zero population,0,0,37.7527804,-122.4427909,540.0
60750212002004,60750212002,6075021200,94131.0,420,land - zero population,0,0,37.7516063,-122.4427661,3755.0
60750212002005,60750212002,6075021200,94131.0,478,land - zero population,0,0,37.7515647,-122.4429793,2309.0
60750204022015,60750204022,6075020402,94131.0,478,land - populated,83,2,37.7515402,-122.4434268,17782.0
60750213002003,60750213002,6075021300,94114.0,420,land - populated,135,13,37.7500058,-122.442137,16578.0
60750213002011,60750213002,6075021300,94114.0,420,land - populated,61,6,37.7487966,-122.4420814,8075.0
60750213002005,60750213002,6075021300,94114.0,420,land - zero population,0,0,37.750448,-122.4432589,960.0
60750204021010,60750204021,6075020402,94131.0,478,land - populated,165,10,37.7523879,-122.4441605,11292.0
60750204021011,60750204021,6075020402,94131.0,478,land - populated,145,15,37.7508823,-122.4442472,13050.0
60750204021009,60750204021,6075020402,94131.0,478,land - populated,121,4,37.7518017,-122.4448505,10601.0
60750204021007,60750204021,6075020402,94131.0,478,land - populated,131,4,37.7515933,-122.4454818,10413.0
60750204021012,60750204021,6075020402,94131.0,478,land - populated,163,10,37.7502176,-122.4448671,12312.0
60750171012005,60750171012,6075017101,94117.0,589,land - populated,265,36,37.7633834,-122.4476321,31205.0
60750171012004,60750171012,6075017101,94117.0,718,land - populated,43,4,37.7628598,-122.4458742,2431.0
60750171012002,60750171012,6075017101,94117.0,718,land - populated,345,43,37.7635865,-122.4450573,30734.0
60750204011001,60750204011,6075020401,94114.0,718,land - populated,138,7,37.7611756,-122.445958,14478.0
60750301023000,60750301023,6075030102,94117.0,589,land - populated,85,14,37.7613497,-122.4471267,8929.0
60750171022000,60750171022,6075017102,94117.0,589,land - populated,111,24,37.7636977,-122.4488538,11002.0
60750171021006,60750171021,6075017102,94117.0,589,land - populated,153,15,37.7645314,-122.4490212,11178.0
60750171012006,60750171012,6075017101,94117.0,589,land - populated,100,16,37.7629427,-122.448703,9041.0
60750171012007,60750171012,6075017101,94117.0,589,land - populated,120,18,37.7621451,-122.4485322,12120.0
60750301023001,60750301023,6075030102,94117.0,589,land - populated,95,19,37.7612897,-122.4483717,10519.0
60750171022005,60750171022,6075017102,94117.0,589,land - populated,133,33,37.7620187,-122.4499201,11933.0
60750301023002,60750301023,6075030102,94117.0,589,land - populated,106,14,37.7612055,-122.4497696,11530.0
60750301023006,60750301023,6075030102,94114.0,478,land - populated,62,6,37.7596734,-122.4466561,10716.0
60750301023005,60750301023,6075030102,94117.0,589,land - populated,91,20,37.7603359,-122.4478142,24265.0
60750301023007,60750301023,6075030102,94114.0,478,land - populated,6,0,37.7594622,-122.4470686,3649.0
60750204012004,60750204012,6075020401,94114.0,478,land - populated,130,12,37.757061,-122.4463199,23117.0
60750204012003,60750204012,6075020401,94114.0,478,land - populated,29,0,37.7578942,-122.4465312,4769.0
60750301023011,60750301023,6075030102,94114.0,478,land - populated,29,6,37.7586757,-122.4472127,3967.0
60750301023010,60750301023,6075030102,94114.0,478,land - populated,26,2,37.7585885,-122.4476015,6154.0
60750204012005,60750204012,6075020401,94114.0,478,land - populated,8,2,37.7576127,-122.4473144,1996.0
60750301023008,60750301023,6075030102,94114.0,478,land - populated,19,6,37.7593925,-122.4480253,5831.0
60750301023004,60750301023,6075030102,94117.0,589,land - populated,98,11,37.7602629,-122.4494996,15496.0
60750301023012,60750301023,6075030102,94114.0,478,land - populated,23,0,37.7583409,-122.4480472,7901.0
60750301023013,60750301023,6075030102,94114.0,478,land - zero population,0,0,37.7577003,-122.447955,283.0
60750305001009,60750305001,6075030500,94114.0,478,land - populated,18,4,37.7578008,-122.4491138,10351.0
60750171021005,60750171021,6075017102,94117.0,589,land - populated,138,17,37.7643545,-122.4504063,12143.0
60750171022001,60750171022,6075017102,94117.0,589,land - populated,68,12,37.7635215,-122.4502373,11960.0
60750171021004,60750171021,6075017102,94117.0,589,land - populated,148,10,37.7641756,-122.4518061,11430.0
60750171022002,60750171022,6075017102,94117.0,589,land - populated,123,18,37.7633427,-122.4516371,11265.0
60750171022004,60750171022,6075017102,94117.0,589,land - populated,101,17,37.7627695,-122.4500838,9790.0
60750171022003,60750171022,6075017102,94117.0,589,land - zero population,0,0,37.7625919,-122.4514855,9207.0
60750171022006,60750171022,6075017102,94117.0,589,land - populated,108,21,37.7618884,-122.4513287,10028.0
60750171021003,60750171021,6075017102,94117.0,589,land - populated,130,12,37.7650624,-122.4519857,12702.0
60750301011004,60750301011,6075030101,94117.0,589,land - populated,254,20,37.7648742,-122.4534852,15324.0
60750301021002,60750301021,6075030102,94117.0,589,land - populated,199,32,37.7632117,-122.4536865,17178.0
60750301023009,60750301023,6075030102,94117.0,478,land - populated,73,18,37.759197,-122.4500971,20599.0
60750301023003,60750301023,6075030102,94117.0,589,land - populated,199,29,37.7604554,-122.4509744,29691.0
60750305001000,60750305001,6075030500,94114.0,478,land - populated,82,9,37.7584664,-122.4499817,23450.0
60750305001001,60750305001,6075030500,94131.0,478,land - populated,73,9,37.7574879,-122.451856,42169.0
60750301021010,60750301021,6075030102,94117.0,478,land - populated,35,7,37.7588868,-122.4520996,12740.0
60750301021011,60750301021,6075030102,94131.0,478,land - populated,36,0,37.7587055,-122.4531106,8560.0
60750204021005,60750204021,6075020402,94131.0,478,land - zero population,0,0,37.7548213,-122.4463322,5318.0
60750204021015,60750204021,6075020402,94131.0,478,land - zero population,0,0,37.7545908,-122.4466729,2359.0
60750204021001,60750204021,6075020402,94131.0,478,land - zero population,0,0,37.7546012,-122.44709,3007.0
60750305001008,60750305001,6075030500,94131.0,478,land - zero population,0,0,37.7533423,-122.4474248,12335.0
60750305001007,60750305001,6075030500,94131.0,478,land - populated,62,8,37.7552173,-122.4499173,10599.0
60750305001005,60750305001,6075030500,94131.0,478,land - populated,198,23,37.7533973,-122.4485546,143287.0
60750305001010,60750305001,6075030500,94131.0,478,land - populated,83,15,37.754407,-122.4497681,16218.0
60750204021002,60750204021,6075020402,94131.0,478,land - populated,61,3,37.7521919,-122.4462034,5382.0
60750204021000,60750204021,6075020402,94131.0,478,land - populated,410,24,37.7515252,-122.4469221,177024.0
60750305001006,60750305001,6075030500,94131.0,478,land - zero population,0,0,37.7515398,-122.4478397,16696.0
60750204021004,60750204021,6075020402,94131.0,478,land - populated,230,12,37.7504843,-122.4458732,17622.0
60750305002000,60750305002,6075030500,94131.0,478,land - populated,56,7,37.7526544,-122.4496022,14204.0
60750305002002,60750305002,6075030500,94131.0,478,land - populated,69,15,37.7534924,-122.4515262,11379.0
60750305001002,60750305001,6075030500,94131.0,478,land - populated,127,19,37.7552306,-122.4521889,93587.0
60750305002001,60750305002,6075030500,94131.0,478,land - populated,123,24,37.7521626,-122.4502214,23642.0
60750305002003,60750305002,6075030500,94131.0,478,land - populated,70,10,37.7523832,-122.4517871,16772.0
60750305002007,60750305002,6075030500,94131.0,478,land - populated,69,17,37.75083,-122.4518491,13907.0
60750305002005,60750305002,6075030500,94131.0,478,land - populated,99,13,37.7505516,-122.4507751,22877.0
60750305002004,60750305002,6075030500,94131.0,478,land - populated,108,23,37.7504736,-122.4514202,21797.0
60750305003002,60750305003,6075030500,94131.0,478,land - populated,112,17,37.7501241,-122.4536246,22102.0
60750601001054,60750601001,6075060100,94123.0,848,land - zero population,0,0,37.8035093,-122.4549412,3854.0
60750601001084,60750601001,6075060100,94129.0,848,land - zero population,0,0,37.8022888,-122.4558784,1719.0
60750601001085,60750601001,6075060100,94123.0,848,land - zero population,0,0,37.8030179,-122.4561239,2180.0
60750601001083,60750601001,6075060100,94129.0,848,land - zero population,0,0,37.8018948,-122.4634303,5760.0
60750601001082,60750601001,6075060100,94129.0,848,land - zero population,0,0,37.8021079,-122.4578328,2119.0
60750601001080,60750601001,6075060100,94129.0,848,land - zero population,0,0,37.8017605,-122.4552714,13751.0
60750601001105,60750601001,6075060100,94129.0,848,land - zero population,0,0,37.8006484,-122.4557397,6334.0
60750601001078,60750601001,6075060100,94129.0,848,land - populated,2,0,37.7995153,-122.4542447,47567.0
60750601001079,60750601001,6075060100,94129.0,848,land - zero population,0,0,37.7997369,-122.4557587,18626.0
60750601001144,60750601001,6075060100,94129.0,848,land - populated,11,7,37.7984644,-122.4555784,8246.0
60750601001103,60750601001,6075060100,94129.0,848,land - zero population,0,0,37.8007748,-122.4570224,9327.0
60750601001104,60750601001,6075060100,94129.0,848,land - zero population,0,0,37.8002947,-122.4567547,16891.0
60750601001106,60750601001,6075060100,94129.0,848,land - zero population,0,0,37.7991443,-122.4569859,14843.0
60750601001108,60750601001,6075060100,94129.0,848,land - zero population,0,0,37.7994214,-122.4580387,5039.0
60750601001052,60750601001,6075060100,94129.0,848,land - zero population,0,0,37.802929,-122.460966,134654.0
60750601001102,60750601001,6075060100,94129.0,848,land - zero population,0,0,37.8005312,-122.4581194,33647.0
60750601001101,60750601001,6075060100,94129.0,848,land - zero population,0,0,37.8008552,-122.4590142,22404.0
60750601001100,60750601001,6075060100,94129.0,848,land - zero population,0,0,37.8010588,-122.4596917,11595.0
60750601001107,60750601001,6075060100,94129.0,848,land - zero population,0,0,37.7981225,-122.4581709,13214.0
60750601001109,60750601001,6075060100,94129.0,848,land - zero population,0,0,37.7984659,-122.4588863,7701.0
60750601001111,60750601001,6075060100,94129.0,848,land - zero population,0,0,37.7993883,-122.4601435,5418.0
60750601001110,60750601001,6075060100,94129.0,848,land - zero population,0,0,37.7987396,-122.4596065,10985.0
60750601001099,60750601001,6075060100,94129.0,848,land - populated,14,2,37.8010845,-122.4607354,6110.0
60750601001114,60750601001,6075060100,94129.0,848,land - populated,12,2,37.8007328,-122.4603464,4420.0
60750601001113,60750601001,6075060100,94129.0,848,land - zero population,0,0,37.8002192,-122.4606995,614.0
60750601001098,60750601001,6075060100,94129.0,848,land - zero population,0,0,37.80006,-122.4614522,1664.0
60750601001097,60750601001,6075060100,94129.0,848,land - zero population,0,0,37.8005199,-122.4617616,16844.0
60750601001112,60750601001,6075060100,94129.0,848,land - zero population,0,0,37.7997144,-122.4606308,3183.0
60750601001121,60750601001,6075060100,94129.0,848,land - zero population,0,0,37.7989091,-122.4606506,5988.0
60750601001119,60750601001,6075060100,94129.0,848,land - zero population,0,0,37.7982401,-122.4604972,5752.0
60750601001096,60750601001,6075060100,94129.0,848,land - zero population,0,0,37.799697,-122.4617697,3010.0
60750601001095,60750601001,6075060100,94129.0,848,land - zero population,0,0,37.7993036,-122.461827,973.0
60750601001182,60750601001,6075060100,94129.0,848,land - zero population,0,0,37.8020525,-122.4632097,7958.0
60750601001053,60750601001,6075060100,94129.0,848,land - zero population,0,0,37.8025206,-122.4661915,1464.0
60750601001092,60750601001,6075060100,94129.0,848,land - zero population,0,0,37.8023631,-122.4662299,3562.0
60750601001093,60750601001,6075060100,94129.0,848,land - populated,1,0,37.8012788,-122.4626604,7829.0
60750601001081,60750601001,6075060100,94123.0,848,land - zero population,0,0,37.8025673,-122.455697,48645.0
60750601001117,60750601001,6075060100,94129.0,848,land - zero population,0,0,37.7998972,-122.4636537,7628.0
60750601001115,60750601001,6075060100,94129.0,848,land - zero population,0,0,37.7991087,-122.4638535,23880.0
60750601001088,60750601001,6075060100,94129.0,848,land - zero population,0,0,37.8016087,-122.465264,9147.0
60750601001086,60750601001,6075060100,94129.0,848,land - zero population,0,0,37.8004646,-122.4655899,13308.0
60750601001118,60750601001,6075060100,94129.0,848,land - zero population,0,0,37.8001237,-122.4652893,19475.0
60750601001116,60750601001,6075060100,94129.0,848,land - zero population,0,0,37.7997451,-122.4645437,35272.0
60750601001090,60750601001,6075060100,94129.0,848,land - zero population,0,0,37.8019965,-122.4664068,6667.0
60750601001051,60750601001,6075060100,94129.0,848,land - zero population,0,0,37.8033175,-122.467551,481.0
60750601001049,60750601001,6075060100,94129.0,848,land - zero population,0,0,37.8029143,-122.4679644,1362.0
60750601001091,60750601001,6075060100,94129.0,848,land - zero population,0,0,37.8024111,-122.4679874,17806.0
60750601001008,60750601001,6075060100,94129.0,848,land - zero population,0,0,37.8054705,-122.4693026,43693.0
60750601001050,60750601001,6075060100,94129.0,848,land - zero population,0,0,37.8035696,-122.468585,13175.0
60750601001048,60750601001,6075060100,94129.0,848,land - zero population,0,0,37.8031815,-122.4691732,347.0
60750601001047,60750601001,6075060100,94129.0,848,land - zero population,0,0,37.80226,-122.4692131,6392.0
60750601001036,60750601001,6075060100,94129.0,848,land - zero population,0,0,37.8062063,-122.474401,6372.0
60750601001046,60750601001,6075060100,94129.0,413,land - zero population,0,0,37.8028006,-122.4698566,8033.0
60750601001089,60750601001,6075060100,94129.0,848,land - zero population,0,0,37.8013365,-122.4663736,11167.0
60750601001087,60750601001,6075060100,94129.0,848,land - zero population,0,0,37.8004802,-122.4663334,16170.0
60750601001129,60750601001,6075060100,94129.0,848,land - zero population,0,0,37.8011042,-122.4680206,34457.0
60750601001128,60750601001,6075060100,94129.0,848,land - zero population,0,0,37.8000359,-122.468419,17305.0
60750601001033,60750601001,6075060100,94129.0,413,land - populated,15,0,37.8014304,-122.4700105,3358.0
60750601001127,60750601001,6075060100,94129.0,848,land - zero population,0,0,37.8005923,-122.4694358,572.0
60750601001147,60750601001,6075060100,94129.0,848,land - zero population,0,0,37.7992051,-122.4691199,11635.0
60750601001126,60750601001,6075060100,94129.0,413,land - zero population,0,0,37.7990144,-122.4694778,2285.0
60750601001180,60750601001,6075060100,94129.0,848,land - zero population,0,0,37.797519,-122.4551165,30428.0
60750601001138,60750601001,6075060100,94129.0,848,land - populated,46,17,37.7950068,-122.4543167,14461.0
60750601001141,60750601001,6075060100,94129.0,848,land - populated,28,8,37.7946856,-122.4547491,6615.0
60750601001185,60750601001,6075060100,94129.0,848,land - zero population,0,0,37.7978366,-122.4571892,10533.0
60750601001132,60750601001,6075060100,94129.0,848,land - populated,609,103,37.7935856,-122.4554,595101.0
60750133004000,60750133004,6075013300,94118.0,848,land - populated,22,2,37.7902779,-122.4547648,12192.0
60750133004005,60750133004,6075013300,94118.0,848,land - populated,59,18,37.7897879,-122.4574916,16588.0
60750601001140,60750601001,6075060100,94129.0,848,land - zero population,0,0,37.7972969,-122.4585562,11037.0
60750601001120,60750601001,6075060100,94129.0,848,land - zero population,0,0,37.797084,-122.4609469,46332.0
60750601001145,60750601001,6075060100,94129.0,848,land - populated,129,49,37.7956053,-122.4607428,19747.0
60750601001146,60750601001,6075060100,94129.0,848,land - zero population,0,0,37.7957667,-122.4610644,4424.0
60750601001143,60750601001,6075060100,94118.0,848,land - zero population,0,0,37.7901819,-122.4591359,5723.0
60750133004003,60750133004,6075013300,94118.0,848,land - populated,38,5,37.7894343,-122.4548584,14598.0
60750133004010,60750133004,6075013300,94118.0,848,land - populated,146,30,37.7876821,-122.454504,14572.0
60750133004007,60750133004,6075013300,94118.0,848,land - populated,60,20,37.7885583,-122.4546816,14408.0
60750133003005,60750133003,6075013300,94118.0,848,land - populated,147,7,37.7867769,-122.4543218,15270.0
60750133005004,60750133005,6075013300,94118.0,848,land - zero population,0,0,37.7865687,-122.4559616,15235.0
60750133004004,60750133004,6075013300,94118.0,848,land - populated,55,19,37.7892248,-122.4565034,14488.0
60750133005000,60750133005,6075013300,94118.0,848,land - populated,71,17,37.7883487,-122.4563267,14308.0
60750133005003,60750133005,6075013300,94118.0,848,land - populated,153,26,37.787473,-122.456147,14491.0
60750133005005,60750133005,6075013300,94118.0,848,land - populated,163,24,37.7863045,-122.4579978,22685.0
60750154004001,60750154004,6075015400,94118.0,569,land - populated,217,29,37.7852901,-122.454127,24570.0
60750154005000,60750154005,6075015400,94118.0,569,land - populated,165,29,37.7850906,-122.4552384,23313.0
60750154005007,60750154005,6075015400,94118.0,569,land - populated,180,55,37.7827408,-122.4550184,28810.0
60750156001000,60750156001,6075015600,94118.0,735,land - zero population,0,0,37.7815248,-122.4547259,1461.0
60750154005001,60750154005,6075015400,94118.0,569,land - populated,156,35,37.7849951,-122.456334,22519.0
60750154005002,60750154005,6075015400,94118.0,569,land - populated,186,44,37.7848974,-122.4574363,21654.0
60750154005006,60750154005,6075015400,94118.0,569,land - populated,143,27,37.7827052,-122.4561702,26989.0
60750154005005,60750154005,6075015400,94118.0,569,land - populated,189,32,37.782657,-122.4572762,27103.0
60750133004006,60750133004,6075013300,94118.0,848,land - populated,115,39,37.7889827,-122.4583713,18538.0
60750133005001,60750133005,6075013300,94118.0,848,land - populated,149,44,37.7881001,-122.4582502,19290.0
60750133005002,60750133005,6075013300,94118.0,848,land - populated,140,30,37.7872164,-122.4581287,20579.0
60750401001005,60750401001,6075040100,94118.0,848,land - populated,156,29,37.7862485,-122.4597995,14185.0
60750401001001,60750401001,6075040100,94118.0,848,land - populated,16,3,37.7882252,-122.4608965,9745.0
60750401001000,60750401001,6075040100,94118.0,848,land - populated,232,23,37.7881884,-122.4619005,68614.0
60750401001004,60750401001,6075040100,94118.0,848,land - populated,93,13,37.7874523,-122.4602561,23138.0
60750401001003,60750401001,6075040100,94118.0,848,land - populated,178,30,37.7861555,-122.4608936,14342.0
60750401001002,60750401001,6075040100,94118.0,848,land - populated,180,33,37.7860625,-122.4619624,15399.0
60750154005003,60750154005,6075015400,94118.0,569,land - populated,302,44,37.7848024,-122.4585476,20950.0
60750401002000,60750401002,6075040100,94118.0,569,land - populated,105,13,37.7853228,-122.459708,6440.0
60750401002005,60750401002,6075040100,94118.0,569,land - populated,311,35,37.7840971,-122.4596349,20862.0
60750154005004,60750154005,6075015400,94118.0,569,land - populated,208,34,37.7825999,-122.4583924,27548.0
60750401003000,60750401003,6075040100,94118.0,569,land - populated,206,14,37.7822301,-122.4595,20842.0
60750401002001,60750401002,6075040100,94118.0,569,land - populated,74,4,37.7852277,-122.460805,5122.0
60750401002004,60750401002,6075040100,94118.0,569,land - populated,236,29,37.7840459,-122.4607374,19590.0
60750401002002,60750401002,6075040100,94118.0,569,land - populated,39,3,37.7851349,-122.4618711,4261.0
60750401002003,60750401002,6075040100,94118.0,569,land - populated,296,28,37.7839984,-122.4618096,19732.0
60750401003001,60750401003,6075040100,94118.0,569,land - populated,244,29,37.782182,-122.4606043,19472.0
60750401003002,60750401003,6075040100,94118.0,569,land - populated,220,23,37.7821291,-122.4616742,19655.0
60750601001094,60750601001,6075060100,94129.0,848,land - zero population,0,0,37.7973356,-122.4644622,205192.0
60750601001157,60750601001,6075060100,94129.0,848,land - zero population,0,0,37.7951225,-122.4653998,15112.0
60750601001155,60750601001,6075060100,94118.0,848,land - populated,68,10,37.7915394,-122.4651614,584159.0
60750601001131,60750601001,6075060100,94129.0,848,land - populated,64,6,37.7959231,-122.4669309,32646.0
60750601001130,60750601001,6075060100,94129.0,848,land - populated,21,6,37.7961619,-122.4682504,11758.0
60750601001122,60750601001,6075060100,94129.0,848,land - zero population,0,0,37.7969619,-122.468787,23938.0
60750601001123,60750601001,6075060100,94129.0,848,land - zero population,0,0,37.7977684,-122.4692451,1208.0
60750601001125,60750601001,6075060100,94129.0,413,land - zero population,0,0,37.7976834,-122.4695047,315.0
60750601001124,60750601001,6075060100,94129.0,848,land - zero population,0,0,37.7963691,-122.4695128,2258.0
60750601001154,60750601001,6075060100,94129.0,848,land - zero population,0,0,37.7940049,-122.4690937,14712.0
60750601001175,60750601001,6075060100,94129.0,848,land - zero population,0,0,37.7940208,-122.4695466,2363.0
60750601001156,60750601001,6075060100,94129.0,848,land - zero population,0,0,37.7919984,-122.4696029,2234.0
60750601001163,60750601001,6075060100,94118.0,413,land - zero population,0,0,37.7913862,-122.4702265,12225.0
60750401004000,60750401004,6075040100,94118.0,848,land - populated,139,27,37.787682,-122.4642162,20768.0
60750401004002,60750401004,6075040100,94118.0,848,land - populated,192,28,37.7859716,-122.4630324,16223.0
60750401004001,60750401004,6075040100,94118.0,848,land - populated,200,31,37.7858788,-122.4641011,17230.0
60750402001003,60750402001,6075040200,94118.0,848,land - populated,212,30,37.7857856,-122.4651693,18048.0
60750402001000,60750402001,6075040200,94118.0,848,land - populated,245,55,37.7875505,-122.4652818,18847.0
60750402001001,60750402001,6075040200,94118.0,848,land - populated,122,21,37.7874027,-122.4662393,12966.0
60750402001002,60750402001,6075040200,94118.0,848,land - populated,286,46,37.7856884,-122.466233,18969.0
60750401004003,60750401004,6075040100,94118.0,569,land - populated,14,0,37.7850421,-122.4629373,3320.0
60750401004005,60750401004,6075040100,94118.0,569,land - populated,263,28,37.7839468,-122.4628821,19599.0
60750401004004,60750401004,6075040100,94118.0,569,land - populated,6,0,37.7849457,-122.4640003,2516.0
60750401003005,60750401003,6075040100,94118.0,569,land - populated,191,16,37.7838934,-122.4639517,19539.0
60750401003003,60750401003,6075040100,94118.0,569,land - populated,235,23,37.7820837,-122.4627471,19550.0
60750401003004,60750401003,6075040100,94118.0,569,land - populated,262,24,37.7820385,-122.4638193,19477.0
60750402001004,60750402001,6075040200,94118.0,569,land - populated,25,0,37.7848797,-122.4649183,1061.0
60750402001005,60750402001,6075040200,94118.0,569,land - populated,188,23,37.78387,-122.4650302,20017.0
60750402001006,60750402001,6075040200,94118.0,569,land - populated,264,34,37.7838273,-122.4660908,20082.0
60750402001008,60750402001,6075040200,94118.0,569,land - populated,33,3,37.7819852,-122.4648894,19518.0
60750402001007,60750402001,6075040200,94118.0,569,land - populated,227,22,37.7819388,-122.4659614,19571.0
60750402004003,60750402004,6075040200,94118.0,848,land - populated,222,38,37.785624,-122.4672968,19535.0
60750402004000,60750402004,6075040200,94118.0,848,land - populated,116,22,37.7871732,-122.4681839,43088.0
60750402003000,60750402003,6075040200,94118.0,569,land - populated,250,34,37.7837596,-122.4671625,19557.0
60750402003001,60750402003,6075040200,94118.0,848,land - populated,245,32,37.7837109,-122.4682344,19714.0
60750402002000,60750402002,6075040200,94118.0,569,land - populated,53,6,37.7818959,-122.467029,19408.0
60750402002001,60750402002,6075040200,94118.0,848,land - populated,172,27,37.7818435,-122.4680987,19689.0
60750402004004,60750402004,6075040200,94118.0,848,land - populated,236,37,37.7855767,-122.4683692,19673.0
60750402003002,60750402003,6075040200,94118.0,848,land - populated,205,31,37.783662,-122.4693056,19579.0
60750402004005,60750402004,6075040200,94118.0,848,land - populated,217,53,37.7855286,-122.4694419,19525.0
60750402003003,60750402003,6075040200,94118.0,848,land - populated,351,34,37.7836123,-122.4703763,19728.0
60750402002002,60750402002,6075040200,94118.0,848,land - populated,243,27,37.7817924,-122.469169,19520.0
60750402002003,60750402002,6075040200,94118.0,848,land - populated,285,31,37.7817426,-122.470242,19805.0
60750601001041,60750601001,6075060100,94129.0,848,land - populated,39,13,37.8063727,-122.472069,14099.0
60750601001007,60750601001,6075060100,94129.0,848,land - populated,1,0,37.8080837,-122.4737347,116918.0
60750601001019,60750601001,6075060100,94129.0,848,land - zero population,0,0,37.8067451,-122.4740965,4748.0
60750601001002,60750601001,6075060100,94123.0,413,land - populated,5,2,37.8050675,-122.4554623,419582.0
60750601001018,60750601001,6075060100,94129.0,848,land - zero population,0,0,37.8073372,-122.4749081,9992.0
60750601001186,60750601001,6075060100,94129.0,848,land - zero population,0,0,37.8067383,-122.4747528,1292.0
60750601001010,60750601001,6075060100,94129.0,413,land - zero population,0,0,37.8071259,-122.4754253,7932.0
60750601001039,60750601001,6075060100,94129.0,848,land - populated,40,10,37.8052448,-122.4706286,18314.0
60750601001038,60750601001,6075060100,94129.0,848,land - zero population,0,0,37.8038154,-122.4692903,23638.0
60750601001040,60750601001,6075060100,94129.0,848,land - populated,99,23,37.805622,-122.4723394,25722.0
60750601001037,60750601001,6075060100,94129.0,848,land - zero population,0,0,37.803974,-122.4709527,14689.0
60750601001035,60750601001,6075060100,94129.0,413,land - zero population,0,0,37.8030818,-122.4715285,4168.0
60750601001032,60750601001,6075060100,94129.0,413,land - zero population,0,0,37.8024439,-122.4722142,23594.0
60750601001034,60750601001,6075060100,94129.0,413,land - zero population,0,0,37.8043384,-122.4741404,16793.0
60750601001031,60750601001,6075060100,94129.0,413,land - populated,55,17,37.8038568,-122.4725291,64017.0
60750601001042,60750601001,6075060100,94129.0,413,land - zero population,0,0,37.8024005,-122.4733523,5701.0
60750601001045,60750601001,6075060100,94129.0,413,land - populated,40,5,37.8017448,-122.4717368,9532.0
60750601001044,60750601001,6075060100,94129.0,413,land - populated,3,1,37.8000178,-122.4714993,97568.0
60750601001179,60750601001,6075060100,94129.0,413,land - zero population,0,0,37.7983952,-122.4714778,12980.0
60750601001043,60750601001,6075060100,94129.0,413,land - zero population,0,0,37.800865,-122.4733119,11212.0
60750601001178,60750601001,6075060100,94129.0,413,land - populated,112,47,37.79798,-122.4705388,21072.0
60750601001171,60750601001,6075060100,94129.0,413,land - populated,6,3,37.7993662,-122.4743867,12047.0
60750601001172,60750601001,6075060100,94129.0,413,land - zero population,0,0,37.7988289,-122.4742578,801.0
60750601001030,60750601001,6075060100,94129.0,413,land - zero population,0,0,37.8041262,-122.4753272,3148.0
60750601001029,60750601001,6075060100,94129.0,413,land - zero population,0,0,37.8052846,-122.4756814,19623.0
60750601001015,60750601001,6075060100,94129.0,413,land - zero population,0,0,37.803449,-122.4757241,723.0
60750601001014,60750601001,6075060100,94129.0,413,land - zero population,0,0,37.8028074,-122.475905,6479.0
60750601001028,60750601001,6075060100,94129.0,413,land - populated,1,0,37.8019834,-122.4745811,77223.0
60750601001173,60750601001,6075060100,94129.0,413,land - zero population,0,0,37.8000457,-122.4745809,1739.0
60750601001013,60750601001,6075060100,94129.0,413,land - zero population,0,0,37.8016542,-122.476462,21723.0
60750601001170,60750601001,6075060100,94129.0,413,land - zero population,0,0,37.7989732,-122.4746675,1933.0
60750601001169,60750601001,6075060100,94129.0,413,land - populated,22,12,37.7985474,-122.4747565,10831.0
60750601001027,60750601001,6075060100,94129.0,413,land - zero population,0,0,37.79991,-122.4761253,32773.0
60750601001026,60750601001,6075060100,94129.0,413,land - zero population,0,0,37.8001702,-122.4775006,14939.0
60750601001025,60750601001,6075060100,94129.0,413,land - zero population,0,0,37.7986383,-122.4768041,17191.0
60750601001012,60750601001,6075060100,94129.0,413,land - zero population,0,0,37.7995446,-122.4781875,5797.0
60750601001011,60750601001,6075060100,94129.0,413,land - populated,1,0,37.7991411,-122.4801038,565535.0
60750601001168,60750601001,6075060100,94129.0,413,land - zero population,0,0,37.7975262,-122.4725118,6971.0
60750601001167,60750601001,6075060100,94129.0,413,land - zero population,0,0,37.7964032,-122.4736032,234391.0
60750601001177,60750601001,6075060100,94129.0,413,land - populated,98,29,37.794424,-122.4741552,24898.0
60750601001161,60750601001,6075060100,94129.0,413,land - populated,40,18,37.7919239,-122.4726857,269561.0
60750601001165,60750601001,6075060100,94129.0,413,land - zero population,0,0,37.7899474,-122.4754773,1026.0
60750601001022,60750601001,6075060100,94129.0,413,land - populated,201,37,37.7921542,-122.4780645,22307.0
60750601001020,60750601001,6075060100,94129.0,413,land - populated,703,132,37.7912073,-122.4783605,494187.0
60750601001159,60750601001,6075060100,94118.0,848,land - zero population,0,0,37.7889346,-122.4713646,3760.0
60750601001158,60750601001,6075060100,94118.0,848,land - zero population,0,0,37.7881958,-122.470705,33880.0
60750601001160,60750601001,6075060100,94118.0,413,land - populated,1,0,37.7892575,-122.4714729,15580.0
60750402004001,60750402004,6075040200,94118.0,848,land - populated,36,7,37.7868535,-122.4705884,9240.0
60750402004002,60750402004,6075040200,94118.0,848,land - populated,32,3,37.786775,-122.4718199,11457.0
60750601001162,60750601001,6075060100,94118.0,413,land - zero population,0,0,37.7889199,-122.4731591,4268.0
60750601001164,60750601001,6075060100,94118.0,413,land - zero population,0,0,37.7886235,-122.4726613,7399.0
60750601001187,60750601001,6075060100,94118.0,413,land - zero population,0,0,37.7883698,-122.4730762,720.0
60750601001166,60750601001,6075060100,94118.0,413,land - zero population,0,0,37.7883251,-122.4742251,25992.0
60750428003000,60750428003,6075042800,94118.0,413,land - zero population,0,0,37.786777,-122.4725418,1142.0
60750428003001,60750428003,6075042800,94118.0,413,land - zero population,0,0,37.7867859,-122.4729445,6049.0
60750428003002,60750428003,6075042800,94118.0,413,land - populated,97,20,37.7866752,-122.4738273,9038.0
60750601001176,60750601001,6075060100,94118.0,413,land - zero population,0,0,37.7874205,-122.4740111,7299.0
60750402004006,60750402004,6075040200,94118.0,848,land - populated,251,39,37.78548,-122.4705119,19597.0
60750402004007,60750402004,6075040200,94118.0,848,land - populated,302,53,37.7854299,-122.471583,19534.0
60750402004008,60750402004,6075040200,94118.0,848,land - zero population,0,0,37.7853732,-122.4723463,8342.0
60750402003004,60750402003,6075040200,94118.0,848,land - populated,181,26,37.7835622,-122.4714489,19695.0
60750402002004,60750402002,6075040200,94118.0,848,land - populated,191,31,37.781696,-122.4713148,19399.0
60750402003005,60750402003,6075040200,94118.0,848,land - zero population,0,0,37.7835265,-122.4722181,8630.0
60750402002005,60750402002,6075040200,94118.0,848,land - populated,1,0,37.7816567,-122.4720819,8566.0
60750426021006,60750426021,6075042602,94118.0,413,land - zero population,0,0,37.7816403,-122.4723833,2486.0
60750426022006,60750426022,6075042602,94118.0,413,land - zero population,0,0,37.785375,-122.4726428,2394.0
60750426022000,60750426022,6075042602,94118.0,413,land - zero population,0,0,37.7853876,-122.472948,8791.0
60750426022001,60750426022,6075042602,94118.0,413,land - populated,200,48,37.7853295,-122.4737511,20645.0
60750426023006,60750426023,6075042602,94118.0,413,land - zero population,0,0,37.7835149,-122.47252,2465.0
60750426023000,60750426023,6075042602,94118.0,413,land - populated,1,0,37.7834985,-122.4728193,8524.0
60750426021000,60750426021,6075042602,94118.0,413,land - populated,2,0,37.7816338,-122.4726835,8495.0
60750426023001,60750426023,6075042602,94118.0,413,land - populated,198,40,37.7834634,-122.4736149,20594.0
60750426021001,60750426021,6075042602,94118.0,413,land - populated,208,29,37.7815965,-122.473483,20732.0
60750428003003,60750428003,6075042800,94118.0,413,land - populated,42,15,37.7865465,-122.4749464,7382.0
60750428003004,60750428003,6075042800,94121.0,413,land - populated,52,17,37.7864717,-122.4760722,6674.0
60750428003005,60750428003,6075042800,94121.0,413,land - populated,48,18,37.78645,-122.4771413,7256.0
60750426022002,60750426022,6075042602,94118.0,413,land - populated,192,42,37.7852765,-122.4748757,20548.0
60750426022003,60750426022,6075042602,94121.0,413,land - populated,248,59,37.7852255,-122.4759716,19493.0
60750426023002,60750426023,6075042602,94118.0,413,land - populated,243,39,37.7834137,-122.474741,20544.0
60750426021002,60750426021,6075042602,94118.0,413,land - populated,254,21,37.7815539,-122.4746056,20369.0
60750426023003,60750426023,6075042602,94118.0,413,land - populated,244,37,37.7833624,-122.4758378,19533.0
60750426022004,60750426022,6075042602,94121.0,413,land - populated,227,53,37.7851748,-122.4770413,19506.0
60750426022005,60750426022,6075042602,94121.0,413,land - populated,219,27,37.7851268,-122.4781115,19496.0
60750426023004,60750426023,6075042602,94121.0,413,land - populated,275,42,37.7833158,-122.4769066,19544.0
60750426023005,60750426023,6075042602,94121.0,413,land - populated,242,47,37.7832662,-122.4779767,19562.0
60750601001023,60750601001,6075060100,94129.0,413,land - populated,151,16,37.7935081,-122.4793112,26772.0
60750601001021,60750601001,6075060100,94129.0,413,land - populated,164,18,37.7925291,-122.4798874,22169.0
60750601001024,60750601001,6075060100,94129.0,413,land - zero population,0,0,37.7907004,-122.4818563,19079.0
60750428003006,60750428003,6075042800,94121.0,413,land - populated,109,26,37.7864398,-122.4787657,17167.0
60750428003007,60750428003,6075042800,94121.0,413,land - populated,150,43,37.7867668,-122.4818692,39011.0
60750426012000,60750426012,6075042601,94121.0,413,land - populated,328,51,37.7850782,-122.4791825,19533.0
60750426012001,60750426012,6075042601,94121.0,413,land - populated,221,25,37.7850298,-122.4802555,19569.0
60750426012005,60750426012,6075042601,94121.0,413,land - populated,231,32,37.783217,-122.4790474,19611.0
60750426012006,60750426012,6075042601,94121.0,413,land - populated,295,41,37.7831687,-122.4801205,19643.0
60750426012002,60750426012,6075042601,94121.0,413,land - populated,265,49,37.7849812,-122.4813262,19443.0
60750426012003,60750426012,6075042601,94121.0,413,land - populated,217,49,37.7849311,-122.4823987,19618.0
60750426012007,60750426012,6075042601,94121.0,413,land - populated,278,41,37.7831186,-122.4811916,19556.0
60750426011000,60750426011,6075042601,94121.0,413,land - populated,170,28,37.7830683,-122.4822634,19768.0
60750601001183,60750601001,6075060100,94121.0,413,land - populated,8,2,37.7893098,-122.4833399,45328.0
60750428002010,60750428002,6075042800,94121.0,413,land - populated,39,5,37.7881627,-122.4846092,12942.0
60750428003008,60750428003,6075042800,94121.0,413,land - populated,83,22,37.7863082,-122.4830778,19721.0
60750428001000,60750428001,6075042800,94121.0,413,land - populated,92,32,37.7867099,-122.4846712,19941.0
60750428002005,60750428002,6075042800,94121.0,413,land - populated,9,0,37.7894126,-122.4848938,8110.0
60750428002011,60750428002,6075042800,94121.0,413,land - populated,50,11,37.7886394,-122.4857845,11297.0
60750428002012,60750428002,6075042800,94121.0,413,land - populated,46,13,37.7879514,-122.4858488,7693.0
60750428001001,60750428001,6075042800,94121.0,413,land - populated,183,38,37.7866542,-122.4857486,19514.0
60750426012004,60750426012,6075042601,94121.0,413,land - populated,293,61,37.7848862,-122.4834732,19528.0
60750427001000,60750427001,6075042700,94121.0,413,land - populated,165,23,37.7848375,-122.4845437,19595.0
60750426011001,60750426011,6075042601,94121.0,413,land - populated,245,32,37.7830269,-122.4833361,19427.0
60750427001005,60750427001,6075042700,94121.0,413,land - populated,358,39,37.7829794,-122.4844065,19524.0
60750427001001,60750427001,6075042700,94121.0,413,land - populated,331,48,37.7847892,-122.485618,19693.0
60750427001002,60750427001,6075042700,94121.0,413,land - populated,318,53,37.784741,-122.4866875,19418.0
60750427001004,60750427001,6075042700,94121.0,413,land - populated,280,34,37.7829297,-122.4854799,19583.0
60750427001003,60750427001,6075042700,94121.0,413,land - populated,276,43,37.7828773,-122.4865512,19493.0
60750156001001,60750156001,6075015600,94118.0,735,land - populated,153,23,37.7808175,-122.4545686,14558.0
60750156001004,60750156001,6075015600,94118.0,735,land - populated,102,14,37.7795893,-122.4542422,10832.0
60750156001008,60750156001,6075015600,94118.0,735,land - zero population,0,0,37.7814431,-122.4554091,255.0
60750156001003,60750156001,6075015600,94118.0,735,land - zero population,0,0,37.7814043,-122.4559112,917.0
60750156001002,60750156001,6075015600,94118.0,735,land - populated,187,16,37.7806916,-122.4556372,13453.0
60750156001005,60750156001,6075015600,94118.0,735,land - populated,106,20,37.7794832,-122.4551492,10529.0
60750156001006,60750156001,6075015600,94118.0,735,land - populated,85,8,37.7782695,-122.454887,10600.0
60750156003003,60750156003,6075015600,94118.0,735,land - populated,67,14,37.7792925,-122.4559781,8873.0
60750156003007,60750156003,6075015600,94118.0,735,land - populated,104,13,37.7781624,-122.4557463,10502.0
60750156003000,60750156003,6075015600,94118.0,735,land - zero population,0,0,37.7813468,-122.4570156,1992.0
60750156003001,60750156003,6075015600,94118.0,735,land - populated,161,21,37.7803848,-122.4574982,45146.0
60750156003004,60750156003,6075015600,94118.0,735,land - populated,43,5,37.7786522,-122.4573428,37728.0
60750156003005,60750156003,6075015600,94118.0,735,land - populated,143,18,37.777698,-122.4577733,13366.0
60750157004005,60750157004,6075015700,94118.0,735,land - populated,79,11,37.7766759,-122.4541001,38540.0
60750156002000,60750156002,6075015600,94118.0,735,land - populated,121,21,37.7772125,-122.455994,9334.0
60750156002001,60750156002,6075015600,94118.0,735,land - populated,153,23,37.7765598,-122.4558761,11821.0
60750156002003,60750156002,6075015600,94118.0,735,land - populated,129,23,37.7758945,-122.4557043,10028.0
60750156002004,60750156002,6075015600,94118.0,735,land - populated,79,2,37.7751911,-122.4550353,5788.0
60750156002005,60750156002,6075015600,94118.0,735,land - populated,154,16,37.775084,-122.4558631,9580.0
60759803001004,60759803001,6075980300,94118.0,589,land - populated,9,0,37.7737885,-122.4552858,84539.0
60750156003006,60750156003,6075015600,94118.0,735,land - populated,294,29,37.7767948,-122.4576542,17554.0
60750156002002,60750156002,6075015600,94118.0,735,land - populated,227,15,37.775828,-122.4575183,17837.0
60750156002006,60750156002,6075015600,94118.0,735,land - populated,330,32,37.7748923,-122.4573879,18703.0
60750156003002,60750156003,6075015600,94118.0,569,land - zero population,0,0,37.7812898,-122.4582892,1373.0
60750451001000,60750451001,6075045100,94118.0,569,land - zero population,0,0,37.781238,-122.4594491,1338.0
60750451001001,60750451001,6075045100,94118.0,735,land - populated,374,27,37.7802451,-122.4593603,20807.0
60750451001005,60750451001,6075045100,94118.0,735,land - populated,338,30,37.7783663,-122.4592209,20808.0
60750451001003,60750451001,6075045100,94118.0,569,land - zero population,0,0,37.7811897,-122.4605263,1287.0
60750451001002,60750451001,6075045100,94118.0,735,land - populated,228,29,37.7801922,-122.4604615,19561.0
60750451003000,60750451003,6075045100,94118.0,569,land - zero population,0,0,37.781139,-122.4616009,1230.0
60750451003001,60750451003,6075045100,94118.0,549,land - populated,216,20,37.7801465,-122.4615319,19682.0
60750451001004,60750451001,6075045100,94118.0,735,land - populated,304,62,37.778332,-122.4603281,19480.0
60750451003008,60750451003,6075045100,94118.0,549,land - populated,256,37,37.7782834,-122.4613992,19498.0
60750451001006,60750451001,6075045100,94118.0,735,land - populated,310,38,37.7765092,-122.4591002,20258.0
60750451001009,60750451001,6075045100,94118.0,735,land - populated,222,15,37.774915,-122.4589832,14937.0
60750451001008,60750451001,6075045100,94118.0,735,land - populated,142,33,37.7748196,-122.4600776,15181.0
60750451001007,60750451001,6075045100,94118.0,735,land - populated,253,30,37.7764731,-122.4601927,19590.0
60750451002000,60750451002,6075045100,94118.0,549,land - populated,285,39,37.7764239,-122.4612646,19605.0
60750451002005,60750451002,6075045100,94118.0,549,land - populated,99,32,37.7747268,-122.4611467,16089.0
60759803001050,60759803001,6075980300,94117.0,589,land - populated,3,0,37.7714818,-122.4545492,3454.0
60759803001049,60759803001,6075980300,94117.0,589,land - zero population,0,0,37.771207,-122.454576,1593.0
60759803001044,60759803001,6075980300,94122.0,589,land - populated,1,0,37.7693099,-122.4576851,157412.0
60759803001047,60759803001,6075980300,94117.0,589,land - populated,2,0,37.7686548,-122.4544655,78596.0
60759803001046,60759803001,6075980300,94117.0,589,land - zero population,0,0,37.769208,-122.454891,2322.0
60759803001045,60759803001,6075980300,94117.0,589,land - zero population,0,0,37.7677016,-122.4569629,2233.0
60759803001068,60759803001,6075980300,94117.0,589,land - populated,46,0,37.7666744,-122.4560951,51497.0
60750301011001,60750301011,6075030101,94117.0,589,land - populated,532,63,37.7655004,-122.4561654,31391.0
60759803001043,60759803001,6075980300,94118.0,589,land - populated,3,0,37.7723319,-122.4584616,102629.0
60759803001005,60759803001,6075980300,94118.0,589,land - populated,5,0,37.7731379,-122.4616951,76073.0
60759803001070,60759803001,6075980300,94122.0,589,land - zero population,0,0,37.7661789,-122.4583782,706.0
60759803001069,60759803001,6075980300,94122.0,589,land - zero population,0,0,37.7666194,-122.4586481,13456.0
60750301012000,60750301012,6075030101,94122.0,589,land - populated,143,8,37.7657396,-122.4583829,8984.0
60759803001056,60759803001,6075980300,94122.0,589,land - zero population,0,0,37.7668164,-122.4593084,1007.0
60759803001071,60759803001,6075980300,94122.0,589,land - zero population,0,0,37.7662406,-122.4595909,936.0
60750301012001,60750301012,6075030101,94122.0,589,land - populated,166,6,37.7657366,-122.4594472,9591.0
60759803001057,60759803001,6075980300,94122.0,589,land - zero population,0,0,37.7662024,-122.4604354,1005.0
60750301012002,60750301012,6075030101,94122.0,589,land - populated,176,10,37.7656894,-122.4605215,9585.0
60759803001055,60759803001,6075980300,94122.0,589,land - populated,2,0,37.7667032,-122.4613917,42217.0
60750301013000,60750301013,6075030101,94122.0,589,land - zero population,0,0,37.7661356,-122.4616339,898.0
60750301013001,60750301013,6075030101,94122.0,589,land - populated,122,12,37.7656395,-122.4615907,9553.0
60750451003003,60750451003,6075045100,94118.0,569,land - zero population,0,0,37.7810932,-122.4626771,1278.0
60750451003002,60750451003,6075045100,94118.0,549,land - populated,300,33,37.7800974,-122.462605,19671.0
60750451003005,60750451003,6075045100,94118.0,569,land - zero population,0,0,37.7810465,-122.4637399,1364.0
60750451003004,60750451003,6075045100,94118.0,549,land - populated,74,0,37.780048,-122.4636756,19559.0
60750451003007,60750451003,6075045100,94118.0,549,land - populated,262,31,37.7782354,-122.4624718,19540.0
60750451003006,60750451003,6075045100,94118.0,549,land - populated,335,29,37.7781869,-122.4635432,19472.0
60750452001000,60750452001,6075045200,94118.0,549,land - zero population,0,0,37.780992,-122.4648174,1373.0
60750452001001,60750452001,6075045200,94118.0,549,land - populated,236,28,37.7799982,-122.4647448,19522.0
60750452001003,60750452001,6075045200,94118.0,569,land - zero population,0,0,37.7809462,-122.4658842,1322.0
60750452001002,60750452001,6075045200,94118.0,549,land - populated,302,37,37.7799504,-122.4658178,19669.0
60750452001004,60750452001,6075045200,94118.0,549,land - populated,327,50,37.7781398,-122.464609,19341.0
60750452001005,60750452001,6075045200,94118.0,549,land - populated,283,41,37.7780882,-122.4656801,19715.0
60750451002001,60750451002,6075045100,94118.0,549,land - populated,272,47,37.7763751,-122.4623368,19624.0
60750451002002,60750451002,6075045100,94118.0,549,land - populated,302,52,37.7763261,-122.4634083,19592.0
60750451002004,60750451002,6075045100,94118.0,549,land - populated,119,13,37.7746348,-122.4622153,16971.0
60750451002003,60750451002,6075045100,94118.0,549,land - populated,305,28,37.7745423,-122.463283,17882.0
60750452002000,60750452002,6075045200,94118.0,549,land - populated,198,22,37.7762775,-122.4644767,19513.0
60750452002001,60750452002,6075045200,94118.0,549,land - populated,268,41,37.7762281,-122.4655483,19688.0
60750452002005,60750452002,6075045200,94118.0,549,land - populated,324,33,37.7744499,-122.464349,18732.0
60750452002004,60750452002,6075045200,94118.0,549,land - populated,193,10,37.7743646,-122.4654156,19661.0
60750452001008,60750452001,6075045200,94118.0,569,land - zero population,0,0,37.7809021,-122.4669577,1309.0
60750452001007,60750452001,6075045200,94118.0,549,land - populated,298,26,37.7799039,-122.4668871,19499.0
60750452005000,60750452005,6075045200,94118.0,549,land - zero population,0,0,37.7808514,-122.4680213,1266.0
60750452005001,60750452005,6075045200,94118.0,549,land - populated,184,31,37.7798571,-122.4679558,19702.0
60750452001006,60750452001,6075045200,94118.0,549,land - populated,224,38,37.778041,-122.466754,19430.0
60750452004000,60750452004,6075045200,94118.0,549,land - populated,128,16,37.7779924,-122.4678232,19549.0
60750452005003,60750452005,6075045200,94118.0,848,land - zero population,0,0,37.7807979,-122.4690911,1260.0
60750452005002,60750452005,6075045200,94118.0,549,land - populated,267,29,37.7798043,-122.4690257,19495.0
60750452005005,60750452005,6075045200,94118.0,848,land - zero population,0,0,37.7807512,-122.4701719,1311.0
60750452005004,60750452005,6075045200,94118.0,549,land - populated,322,35,37.7797596,-122.4701,19774.0
60750452004001,60750452004,6075045200,94118.0,549,land - populated,155,42,37.7779439,-122.4688938,19481.0
60750452004002,60750452004,6075045200,94118.0,549,land - populated,190,34,37.7778954,-122.4699643,19564.0
60750452002002,60750452002,6075045200,94118.0,549,land - populated,312,47,37.7761794,-122.4666197,19512.0
60750452004005,60750452004,6075045200,94118.0,549,land - populated,266,39,37.7761311,-122.4676893,19623.0
60750452002003,60750452002,6075045200,94118.0,549,land - populated,238,21,37.7743105,-122.4664849,19618.0
60750452003006,60750452003,6075045200,94118.0,549,land - populated,203,35,37.774263,-122.4675549,19676.0
60750452004004,60750452004,6075045200,94118.0,549,land - populated,245,43,37.7760819,-122.4687597,19550.0
60750452004003,60750452004,6075045200,94118.0,549,land - populated,143,30,37.7760334,-122.4698297,19599.0
60750452003005,60750452003,6075045200,94118.0,549,land - populated,198,50,37.7742152,-122.4686252,19591.0
60750452003004,60750452003,6075045200,94118.0,549,land - populated,245,30,37.7741673,-122.469695,19621.0
60759803001041,60759803001,6075980300,94118.0,589,land - populated,11,0,37.7706338,-122.4642658,167934.0
60759803001006,60759803001,6075980300,94118.0,589,land - populated,2,0,37.7730555,-122.4649413,15421.0
60759803001051,60759803001,6075980300,94122.0,589,land - zero population,0,0,37.7682831,-122.4631607,194607.0
60750301013003,60750301013,6075030101,94122.0,589,land - populated,2,0,37.7660829,-122.4627079,889.0
60750301013002,60750301013,6075030101,94122.0,589,land - populated,141,16,37.7655897,-122.462662,9490.0
60750301013007,60750301013,6075030101,94122.0,589,land - populated,172,15,37.7655399,-122.4637312,9423.0
60759803001058,60759803001,6075980300,94122.0,589,land - zero population,0,0,37.7660178,-122.4642876,2085.0
60759803001059,60759803001,6075980300,94122.0,589,land - zero population,0,0,37.7661624,-122.4654271,5774.0
60750302021002,60750302021,6075030202,94122.0,589,land - zero population,0,0,37.7659476,-122.4659057,863.0
60759803001007,60759803001,6075980300,94118.0,589,land - zero population,0,0,37.7729524,-122.466957,17010.0
60759803001042,60759803001,6075980300,94118.0,589,land - zero population,0,0,37.7717778,-122.4665624,2266.0
60759803001060,60759803001,6075980300,94118.0,589,land - populated,2,0,37.7705405,-122.4674955,41757.0
60759803001039,60759803001,6075980300,94118.0,589,land - zero population,0,0,37.7696679,-122.4688373,5246.0
60759803001040,60759803001,6075980300,94122.0,589,land - zero population,0,0,37.7692549,-122.46893,7437.0
60750302021004,60750302021,6075030202,94122.0,589,land - populated,12,3,37.7659015,-122.4669676,848.0
60750302021006,60750302021,6075030202,94122.0,589,land - populated,12,1,37.7658539,-122.4680403,859.0
60750302021008,60750302021,6075030202,94122.0,644,land - zero population,0,0,37.7658065,-122.4691174,872.0
60750302021010,60750302021,6075030202,94122.0,644,land - zero population,0,0,37.7657609,-122.4701955,870.0
60750301021001,60750301021,6075030102,94117.0,589,land - populated,70,13,37.763346,-122.4544623,7217.0
60750301011003,60750301011,6075030101,94117.0,589,land - populated,212,15,37.7646712,-122.4550727,14062.0
60750301021000,60750301021,6075030102,94117.0,589,land - populated,541,88,37.7613835,-122.4543702,208313.0
60750301011002,60750301011,6075030101,94117.0,589,land - populated,66,11,37.7644595,-122.4562812,9224.0
60750301011005,60750301011,6075030101,94117.0,589,land - zero population,0,0,37.7642874,-122.4571861,10903.0
60750301021004,60750301021,6075030102,94131.0,478,land - populated,134,14,37.7581327,-122.4551962,15297.0
60750301021003,60750301021,6075030102,94131.0,478,land - populated,271,7,37.7594391,-122.4579557,316461.0
60750301012005,60750301012,6075030101,94122.0,589,land - populated,114,12,37.7648631,-122.4582901,10270.0
60750301012006,60750301012,6075030101,94122.0,589,land - populated,89,0,37.7637903,-122.4588056,25020.0
60750301012004,60750301012,6075030101,94122.0,589,land - populated,164,14,37.7648114,-122.4593842,9869.0
60750301012003,60750301012,6075030101,94122.0,589,land - populated,144,13,37.7647643,-122.4604554,9841.0
60750301012007,60750301012,6075030101,94122.0,589,land - populated,213,27,37.7635338,-122.4603844,15944.0
60750301013005,60750301013,6075030101,94122.0,589,land - populated,107,8,37.764717,-122.461527,9862.0
60750301014000,60750301014,6075030101,94122.0,589,land - populated,216,23,37.7633703,-122.4614443,18454.0
60750301021006,60750301021,6075030102,94143.0,478,land - populated,95,5,37.7614953,-122.4612594,22025.0
60750301021009,60750301021,6075030102,94122.0,478,land - populated,76,6,37.7600613,-122.4609177,10455.0
60750301021008,60750301021,6075030102,94122.0,478,land - populated,464,40,37.7595583,-122.4620423,30264.0
60750301021013,60750301021,6075030102,94122.0,478,land - populated,305,26,37.75814,-122.4612763,39010.0
60750305001003,60750305001,6075030500,94131.0,478,land - populated,27,0,37.7560392,-122.4541041,17213.0
60750301022000,60750301022,6075030102,94131.0,478,land - populated,41,9,37.756085,-122.4547833,10983.0
60750301022001,60750301022,6075030102,94131.0,478,land - populated,50,3,37.7563767,-122.4554777,8983.0
60750305001004,60750305001,6075030500,94131.0,478,land - populated,53,10,37.7540775,-122.4543478,20884.0
60750301022002,60750301022,6075030102,94131.0,478,land - populated,94,18,37.756065,-122.4564785,19503.0
60750301022011,60750301022,6075030102,94131.0,478,land - populated,32,3,37.7549164,-122.4574363,10478.0
60750301022012,60750301022,6075030102,94131.0,478,land - populated,24,3,37.7551754,-122.4578991,5562.0
60750301022010,60750301022,6075030102,94131.0,478,land - populated,108,29,37.7541766,-122.4561239,32173.0
60750301022003,60750301022,6075030102,94131.0,478,land - populated,47,11,37.7544769,-122.4570724,11177.0
60750305003000,60750305003,6075030500,94131.0,478,land - populated,98,25,37.7531295,-122.453141,61124.0
60750301022005,60750301022,6075030102,94131.0,478,land - populated,85,16,37.7523201,-122.4570178,10735.0
60750305003003,60750305003,6075030500,94131.0,478,land - populated,761,0,37.7494696,-122.4574458,247924.0
60750301021005,60750301021,6075030102,94131.0,478,land - zero population,0,0,37.7555243,-122.458701,3500.0
60750301021012,60750301021,6075030102,94131.0,478,land - populated,78,17,37.7562968,-122.4600824,13601.0
60750301022013,60750301022,6075030102,94131.0,478,land - populated,90,23,37.7549652,-122.4595052,18254.0
60750301022014,60750301022,6075030102,94131.0,478,land - populated,24,3,37.7543127,-122.4587861,6420.0
60750301022008,60750301022,6075030102,94131.0,478,land - populated,36,5,37.7538245,-122.4588785,10599.0
60750301021014,60750301021,6075030102,94131.0,478,land - populated,120,17,37.7558606,-122.4609327,20764.0
60750301022007,60750301022,6075030102,94131.0,478,land - populated,43,8,37.7543334,-122.4604283,9411.0
60750301022004,60750301022,6075030102,94131.0,478,land - populated,470,77,37.7540628,-122.4609223,181027.0
60750301022006,60750301022,6075030102,94131.0,478,land - populated,19,0,37.7519912,-122.4585424,3730.0
60750304001005,60750304001,6075030400,94116.0,478,land - zero population,0,0,37.7508638,-122.4610498,2950.0
60750304001001,60750304001,6075030400,94116.0,876,land - populated,130,26,37.7509148,-122.4621526,61161.0
60750304001004,60750304001,6075030400,94116.0,876,land - zero population,0,0,37.7490086,-122.4612324,1261.0
60750301013004,60750301013,6075030101,94122.0,589,land - populated,123,11,37.7646698,-122.4625989,9839.0
60750301014001,60750301014,6075030101,94122.0,589,land - populated,236,36,37.7632705,-122.4625015,19563.0
60750301013006,60750301013,6075030101,94122.0,589,land - populated,121,9,37.7646225,-122.4636695,9825.0
60750301014002,60750301014,6075030101,94122.0,589,land - populated,137,20,37.7632235,-122.463572,19545.0
60750301021007,60750301021,6075030102,94122.0,478,land - populated,199,24,37.7614074,-122.4623712,19594.0
60750301014003,60750301014,6075030101,94122.0,478,land - populated,228,33,37.7613605,-122.463442,19566.0
60750302021000,60750302021,6075030202,94122.0,589,land - populated,199,20,37.7650268,-122.4647733,19363.0
60750302022000,60750302022,6075030202,94122.0,589,land - populated,244,19,37.7631765,-122.4646435,19599.0
60750302021001,60750302021,6075030202,94122.0,589,land - populated,211,9,37.7649832,-122.4658425,19290.0
60750302022001,60750302022,6075030202,94122.0,589,land - populated,224,28,37.7631295,-122.465713,19472.0
60750302023000,60750302023,6075030202,94122.0,478,land - populated,293,28,37.7613141,-122.4645125,19585.0
60750302023001,60750302023,6075030202,94122.0,478,land - populated,253,21,37.7612663,-122.4655817,19516.0
60750301014004,60750301014,6075030101,94122.0,478,land - populated,80,16,37.7596686,-122.4634308,13797.0
60750301022009,60750301022,6075030102,94122.0,478,land - populated,140,10,37.7574578,-122.4632687,17467.0
60750303012010,60750303012,6075030301,94122.0,478,land - populated,111,10,37.7576268,-122.4642555,18619.0
60750303012000,60750303012,6075030301,94122.0,478,land - populated,208,21,37.759448,-122.4643815,19580.0
60750303012001,60750303012,6075030301,94122.0,478,land - populated,246,31,37.7594016,-122.4654505,19577.0
60750303012009,60750303012,6075030301,94122.0,478,land - populated,36,6,37.7575528,-122.4650445,9410.0
60750303012008,60750303012,6075030301,94122.0,478,land - populated,46,10,37.7575222,-122.4655773,10121.0
60750302021003,60750302021,6075030202,94122.0,644,land - populated,214,21,37.7649373,-122.4669116,19435.0
60750302022002,60750302022,6075030202,94122.0,644,land - populated,220,18,37.7630979,-122.4667831,19258.0
60750302021005,60750302021,6075030202,94122.0,644,land - populated,241,24,37.7648896,-122.4679817,19341.0
60750302023003,60750302023,6075030202,94122.0,644,land - zero population,0,0,37.7621476,-122.4667175,725.0
60750302023002,60750302023,6075030202,94122.0,644,land - populated,177,18,37.761201,-122.4666501,19192.0
60750302023005,60750302023,6075030202,94122.0,644,land - zero population,0,0,37.7621005,-122.4677858,729.0
60750302022003,60750302022,6075030202,94122.0,644,land - populated,319,35,37.7630509,-122.4678531,19185.0
60750302023004,60750302023,6075030202,94122.0,644,land - populated,235,30,37.7611535,-122.4677204,19123.0
60750302021007,60750302021,6075030202,94122.0,644,land - populated,342,30,37.7648423,-122.469051,19389.0
60750302021009,60750302021,6075030202,94122.0,644,land - populated,245,34,37.7647961,-122.4701231,19442.0
60750302023007,60750302023,6075030202,94122.0,644,land - zero population,0,0,37.762054,-122.4688535,720.0
60750302022004,60750302022,6075030202,94122.0,644,land - populated,230,35,37.7630039,-122.4689226,19240.0
60750302023006,60750302023,6075030202,94122.0,644,land - populated,200,23,37.761107,-122.4687905,19186.0
60750302022005,60750302022,6075030202,94122.0,644,land - populated,237,23,37.7629567,-122.4699945,19278.0
60750302023008,60750302023,6075030202,94122.0,644,land - populated,205,35,37.7610601,-122.4698624,19200.0
60750302023009,60750302023,6075030202,94122.0,644,land - zero population,0,0,37.7620063,-122.4699324,722.0
60750303012002,60750303012,6075030301,94122.0,478,land - populated,260,26,37.7593549,-122.4665212,19644.0
60750303012003,60750303012,6075030301,94122.0,478,land - populated,194,29,37.7593083,-122.4675915,19562.0
60750303012007,60750303012,6075030301,94122.0,478,land - populated,229,38,37.7574899,-122.4663913,19608.0
60750303012006,60750303012,6075030301,94122.0,478,land - populated,196,30,37.7574418,-122.4674618,19545.0
60750303012004,60750303012,6075030301,94122.0,478,land - populated,186,20,37.7592611,-122.4686613,19626.0
60750303011000,60750303011,6075030301,94122.0,478,land - populated,131,15,37.7592139,-122.4697333,19646.0
60750303012005,60750303012,6075030301,94122.0,478,land - populated,158,31,37.7573947,-122.4685315,19601.0
60750303014000,60750303014,6075030301,94122.0,478,land - populated,194,18,37.7573475,-122.4696031,19632.0
60750303013000,60750303013,6075030301,94122.0,478,land - populated,232,37,37.7549702,-122.4641269,34726.0
60750303013011,60750303013,6075030301,94122.0,478,land - zero population,0,0,37.7543483,-122.463722,1228.0
60750303013001,60750303013,6075030301,94122.0,478,land - populated,201,21,37.7556675,-122.4651904,19698.0
60750303013002,60750303013,6075030301,94122.0,478,land - populated,163,17,37.7556239,-122.4662607,19622.0
60750303013009,60750303013,6075030301,94122.0,478,land - populated,221,32,37.7538026,-122.465062,19498.0
60750303013008,60750303013,6075030301,94122.0,478,land - populated,170,18,37.7537578,-122.4661316,19493.0
60750304001000,60750304001,6075030400,94116.0,478,land - zero population,0,0,37.7522481,-122.4625162,1435.0
60750304001006,60750304001,6075030400,94116.0,876,land - populated,7,2,37.7515996,-122.4635523,1096.0
60750303022012,60750303022,6075030302,94116.0,876,land - populated,28,11,37.7515608,-122.4639981,6841.0
60750304001002,60750304001,6075030400,94116.0,876,land - populated,34,5,37.7505036,-122.4625751,7640.0
60750304001007,60750304001,6075030400,94116.0,876,land - populated,51,7,37.7494875,-122.4624789,13492.0
60750304001003,60750304001,6075030400,94116.0,876,land - populated,44,11,37.7507268,-122.4636003,7467.0
60750304002002,60750304002,6075030400,94116.0,876,land - zero population,0,0,37.748972,-122.462937,2455.0
60750304002003,60750304002,6075030400,94116.0,876,land - populated,66,14,37.7490317,-122.4633562,13271.0
60750303022000,60750303022,6075030302,94116.0,876,land - populated,72,15,37.751897,-122.4648875,21328.0
60750303022001,60750303022,6075030302,94116.0,876,land - populated,156,23,37.7518949,-122.4660012,19511.0
60750304002000,60750304002,6075030400,94116.0,876,land - populated,30,9,37.7506339,-122.4647644,7463.0
60750304002001,60750304002,6075030400,94116.0,876,land - populated,49,8,37.7500138,-122.4644155,12338.0
60750304002004,60750304002,6075030400,94116.0,876,land - populated,72,13,37.7487667,-122.4644034,16017.0
60750304003000,60750304003,6075030400,94116.0,876,land - populated,160,30,37.7496469,-122.4657785,29199.0
60750303013003,60750303013,6075030301,94122.0,478,land - populated,140,31,37.7555781,-122.4673314,19582.0
60750303013007,60750303013,6075030301,94122.0,478,land - populated,176,25,37.7537143,-122.4671865,19102.0
60750303013006,60750303013,6075030301,94122.0,478,land - populated,92,11,37.7540636,-122.4682472,17191.0
60750303013004,60750303013,6075030301,94122.0,478,land - populated,119,18,37.7556977,-122.4683716,15787.0
60750303013005,60750303013,6075030301,94122.0,478,land - zero population,0,0,37.7551,-122.4687125,643.0
60750303014012,60750303014,6075030301,94122.0,478,land - populated,77,10,37.7558768,-122.4694798,11263.0
60750303014010,60750303014,6075030301,94122.0,478,land - zero population,0,0,37.7554074,-122.469919,1343.0
60750303014009,60750303014,6075030301,94122.0,478,land - populated,81,15,37.755074,-122.4700762,13671.0
60750303014015,60750303014,6075030301,94116.0,478,land - populated,91,12,37.753869,-122.4692357,16749.0
60750303013010,60750303013,6075030301,94122.0,478,land - zero population,0,0,37.7536377,-122.468467,1561.0
60750303014016,60750303014,6075030301,94116.0,478,land - populated,54,9,37.7533171,-122.4698306,10170.0
60750303022002,60750303022,6075030302,94116.0,478,land - populated,105,20,37.7519715,-122.4670198,16194.0
60750303022003,60750303022,6075030302,94116.0,478,land - populated,73,7,37.7524348,-122.4682578,14032.0
60750303022007,60750303022,6075030302,94116.0,478,land - populated,60,11,37.7513237,-122.4681532,14896.0
60750303022006,60750303022,6075030302,94116.0,478,land - populated,130,27,37.7500455,-122.4669384,20377.0
60750303022008,60750303022,6075030302,94116.0,478,land - populated,109,21,37.7499024,-122.4679545,17711.0
60750303022004,60750303022,6075030302,94116.0,478,land - populated,79,8,37.7519848,-122.4692415,13628.0
60750303022005,60750303022,6075030302,94116.0,478,land - populated,124,19,37.7515078,-122.4700608,20698.0
60750303022009,60750303022,6075030302,94116.0,478,land - zero population,0,0,37.7500345,-122.4693446,27630.0
60750303022010,60750303022,6075030302,94116.0,478,land - populated,89,8,37.7493795,-122.4703428,15939.0
60750452005007,60750452005,6075045200,94118.0,848,land - zero population,0,0,37.7807029,-122.4712507,1284.0
60750452005006,60750452005,6075045200,94118.0,549,land - populated,208,26,37.7797069,-122.4711725,19472.0
60750452005009,60750452005,6075045200,94118.0,848,land - zero population,0,0,37.7806702,-122.4720322,567.0
60750452005008,60750452005,6075045200,94118.0,549,land - zero population,0,0,37.7796772,-122.4719342,8418.0
60750476001002,60750476001,6075047600,94118.0,549,land - zero population,0,0,37.7796848,-122.4722413,2845.0
60750452005011,60750452005,6075045200,94118.0,549,land - populated,219,49,37.7778465,-122.4710364,19555.0
60750452005010,60750452005,6075045200,94118.0,549,land - zero population,0,0,37.7778121,-122.4718013,8339.0
60750476002007,60750476002,6075047600,94118.0,549,land - zero population,0,0,37.7777964,-122.4721061,2797.0
60750476002000,60750476002,6075047600,94118.0,435,land - zero population,0,0,37.7777858,-122.4724113,8340.0
60750476001000,60750476001,6075047600,94118.0,413,land - zero population,0,0,37.7806441,-122.4725888,602.0
60750476001004,60750476001,6075047600,94118.0,413,land - zero population,0,0,37.7806038,-122.4734036,1373.0
60750476001001,60750476001,6075047600,94118.0,435,land - populated,2,0,37.7796457,-122.4725449,8382.0
60750476001003,60750476001,6075047600,94118.0,435,land - populated,302,42,37.779612,-122.4733398,20684.0
60750476001005,60750476001,6075047600,94118.0,435,land - populated,255,34,37.7795595,-122.4744615,20408.0
60750476002001,60750476002,6075047600,94118.0,435,land - populated,246,45,37.7777484,-122.4732027,20537.0
60750476002002,60750476002,6075047600,94118.0,435,land - populated,176,30,37.7776975,-122.474327,20492.0
60750452003000,60750452003,6075045200,94118.0,549,land - populated,184,36,37.7759844,-122.4709025,19644.0
60750452003001,60750452003,6075045200,94118.0,549,land - zero population,0,0,37.7759486,-122.4716741,8583.0
60750476003007,60750476003,6075047600,94118.0,435,land - zero population,0,0,37.7759381,-122.471975,2421.0
60750476003000,60750476003,6075047600,94118.0,435,land - populated,1,0,37.7759234,-122.4722721,8465.0
60750452003003,60750452003,6075045200,94118.0,549,land - populated,114,22,37.774119,-122.4707684,19702.0
60750452003002,60750452003,6075045200,94118.0,549,land - zero population,0,0,37.7740855,-122.4715409,8571.0
60750476004007,60750476004,6075047600,94118.0,435,land - zero population,0,0,37.7740702,-122.4718405,2394.0
60750476004000,60750476004,6075047600,94118.0,435,land - zero population,0,0,37.7740577,-122.4721357,8420.0
60750476003001,60750476003,6075047600,94118.0,435,land - populated,116,20,37.7758857,-122.473067,20620.0
60750476003002,60750476003,6075047600,94118.0,435,land - populated,223,32,37.775835,-122.474192,20547.0
60750476004001,60750476004,6075047600,94118.0,435,land - populated,231,39,37.7740206,-122.4729307,20667.0
60750476004002,60750476004,6075047600,94118.0,435,land - populated,202,23,37.7739697,-122.474057,20554.0
60750476001006,60750476001,6075047600,94118.0,413,land - zero population,0,0,37.7805582,-122.4745386,1314.0
60750426021003,60750426021,6075042602,94118.0,413,land - populated,133,29,37.7814978,-122.4757014,19699.0
60750476001008,60750476001,6075047600,94118.0,413,land - zero population,0,0,37.7805054,-122.4756265,1349.0
60750476001007,60750476001,6075047600,94118.0,435,land - populated,149,19,37.7795123,-122.4755563,19687.0
60750476002003,60750476002,6075047600,94118.0,435,land - populated,245,45,37.777648,-122.4754226,19494.0
60750476002004,60750476002,6075047600,94121.0,435,land - populated,196,37,37.7775987,-122.4764945,19645.0
60750426021004,60750426021,6075042602,94121.0,413,land - populated,166,33,37.7814498,-122.4767747,19558.0
60750476001010,60750476001,6075047600,94121.0,435,land - zero population,0,0,37.7804567,-122.4766984,1275.0
60750476001009,60750476001,6075047600,94121.0,435,land - populated,200,43,37.779462,-122.4766316,19639.0
60750426021005,60750426021,6075042602,94121.0,413,land - populated,191,29,37.7814015,-122.4778433,19563.0
60750476001012,60750476001,6075047600,94121.0,435,land - zero population,0,0,37.7804075,-122.4777696,1249.0
60750476002005,60750476002,6075047600,94121.0,435,land - populated,246,44,37.7775499,-122.477566,19485.0
60750476001011,60750476001,6075047600,94121.0,435,land - populated,149,25,37.7794145,-122.4776999,19520.0
60750476003003,60750476003,6075047600,94118.0,435,land - populated,191,27,37.7757853,-122.4752865,19505.0
60750476003004,60750476003,6075047600,94118.0,435,land - populated,87,12,37.7757357,-122.4763585,19724.0
60750476004003,60750476004,6075047600,94118.0,435,land - populated,236,39,37.7739198,-122.4751505,19480.0
60750476004004,60750476004,6075047600,94118.0,435,land - populated,258,40,37.7738704,-122.4762222,19763.0
60750476003005,60750476003,6075047600,94121.0,435,land - populated,208,31,37.7756867,-122.477432,19559.0
60750476003006,60750476003,6075047600,94121.0,435,land - populated,205,36,37.7756381,-122.4785028,19623.0
60750476004005,60750476004,6075047600,94121.0,435,land - populated,245,48,37.7738211,-122.4772977,19616.0
60750476004006,60750476004,6075047600,94121.0,435,land - populated,257,30,37.7737728,-122.478369,19607.0
60759803001010,60759803001,6075980300,94118.0,589,land - zero population,0,0,37.7723794,-122.4729039,9499.0
60759803001038,60759803001,6075980300,94118.0,589,land - zero population,0,0,37.77064,-122.4712419,143653.0
60759803001008,60759803001,6075980300,94118.0,589,land - populated,9,0,37.7719927,-122.47329,135151.0
60759803001052,60759803001,6075980300,94122.0,589,land - zero population,0,0,37.7673694,-122.4696305,220782.0
60750302011000,60750302011,6075030201,94122.0,644,land - zero population,0,0,37.7657132,-122.4712688,878.0
60750302011003,60750302011,6075030201,94122.0,589,land - zero population,0,0,37.7656648,-122.4723601,917.0
60759803001054,60759803001,6075980300,94121.0,589,land - zero population,0,0,37.7698198,-122.4761163,0.0
60759803001053,60759803001,6075980300,94121.0,589,land - populated,1,0,37.7704944,-122.4770066,32373.0
60750302011005,60750302011,6075030201,94122.0,644,land - populated,2,0,37.7656103,-122.4734846,944.0
60759803001011,60759803001,6075980300,94121.0,435,land - populated,8,0,37.7724875,-122.4784338,74547.0
60759803001037,60759803001,6075980300,94121.0,589,land - populated,6,0,37.7695928,-122.4784131,89684.0
60759803001073,60759803001,6075980300,94122.0,589,land - populated,1,0,37.7686626,-122.4753894,50932.0
60750302011007,60750302011,6075030201,94122.0,644,land - zero population,0,0,37.7655605,-122.4745851,891.0
60750302011009,60750302011,6075030201,94122.0,644,land - zero population,0,0,37.7655162,-122.4756519,862.0
60759803001036,60759803001,6075980300,94122.0,589,land - zero population,0,0,37.7684228,-122.4782811,6340.0
60750302011011,60750302011,6075030201,94122.0,644,land - populated,2,0,37.7654691,-122.4767319,880.0
60759803001066,60759803001,6075980300,94122.0,589,land - zero population,0,0,37.7657488,-122.4773328,651.0
60750326011001,60750326011,6075032601,94122.0,782,land - zero population,0,0,37.7654228,-122.4778294,796.0
60750426011006,60750426011,6075042601,94121.0,413,land - populated,235,32,37.7813517,-122.4789142,19649.0
60750476001014,60750476001,6075047600,94121.0,413,land - zero population,0,0,37.7803599,-122.4788359,1294.0
60750426011005,60750426011,6075042601,94121.0,413,land - populated,267,24,37.7813055,-122.4799874,19581.0
60750477012000,60750477012,6075047701,94121.0,413,land - zero population,0,0,37.7803093,-122.4799111,1346.0
60750476001013,60750476001,6075047600,94121.0,435,land - populated,303,39,37.7793658,-122.4787721,19701.0
60750476002006,60750476002,6075047600,94121.0,435,land - populated,208,33,37.7775018,-122.4786365,19618.0
60750477012001,60750477012,6075047701,94121.0,435,land - populated,249,46,37.7793144,-122.4798443,19509.0
60750477012004,60750477012,6075047701,94121.0,435,land - populated,273,37,37.777453,-122.479708,19526.0
60750426011004,60750426011,6075042601,94121.0,413,land - populated,219,16,37.7812531,-122.4810569,19559.0
60750477012003,60750477012,6075047701,94121.0,413,land - populated,8,1,37.7802586,-122.4809739,1281.0
60750426011003,60750426011,6075042601,94121.0,413,land - populated,286,30,37.7812015,-122.4821278,19607.0
60750477012008,60750477012,6075047701,94121.0,413,land - zero population,0,0,37.7802114,-122.482056,1279.0
60750477012002,60750477012,6075047701,94121.0,435,land - populated,276,33,37.7792653,-122.4809127,19503.0
60750477012007,60750477012,6075047701,94121.0,435,land - populated,265,24,37.7792193,-122.4819836,19625.0
60750477022000,60750477022,6075047702,94121.0,435,land - populated,198,28,37.7755894,-122.4795733,19555.0
60750477022005,60750477022,6075047702,94121.0,435,land - populated,280,37,37.7737235,-122.4794385,19552.0
60750477022004,60750477022,6075047702,94121.0,435,land - populated,252,41,37.7736741,-122.4805093,19658.0
60750477012005,60750477012,6075047701,94121.0,435,land - populated,225,28,37.7774044,-122.4807782,19573.0
60750477022001,60750477022,6075047702,94121.0,435,land - populated,182,23,37.7755404,-122.4806437,19634.0
60750477012006,60750477012,6075047701,94121.0,435,land - populated,224,31,37.7773559,-122.4818498,19578.0
60750477022002,60750477022,6075047702,94121.0,435,land - populated,210,28,37.7754915,-122.4817155,19606.0
60750477022003,60750477022,6075047702,94121.0,435,land - populated,154,23,37.7736251,-122.4815813,19608.0
60750477023000,60750477023,6075047702,94121.0,435,land - populated,178,16,37.7735764,-122.4826518,19613.0
60750426011002,60750426011,6075042601,94121.0,413,land - populated,137,19,37.7811628,-122.4832005,19647.0
60750477011000,60750477011,6075047701,94121.0,435,land - zero population,0,0,37.7801648,-122.4831291,1293.0
60750427002000,60750427002,6075042700,94121.0,413,land - populated,284,39,37.7811147,-122.4842702,19658.0
60750477011003,60750477011,6075047701,94121.0,435,land - zero population,0,0,37.7801153,-122.4841925,1325.0
60750477011001,60750477011,6075047701,94121.0,435,land - populated,255,43,37.7791707,-122.4830558,19592.0
60750477011002,60750477011,6075047701,94121.0,435,land - populated,274,42,37.7791213,-122.4841263,19548.0
60750427002001,60750427002,6075042700,94121.0,413,land - populated,330,37,37.781062,-122.4853422,19741.0
60750477011005,60750477011,6075047701,94121.0,435,land - zero population,0,0,37.7800649,-122.485266,1288.0
60750427002002,60750427002,6075042700,94121.0,413,land - populated,291,35,37.7810112,-122.4864148,19758.0
60750477011007,60750477011,6075047701,94121.0,435,land - zero population,0,0,37.7800145,-122.4863418,1194.0
60750477011004,60750477011,6075047701,94121.0,435,land - populated,303,27,37.7790733,-122.4851982,19623.0
60750477011006,60750477011,6075047701,94121.0,435,land - populated,209,27,37.7790253,-122.4862706,19580.0
60750477013000,60750477013,6075047701,94121.0,435,land - populated,211,29,37.777307,-122.4829215,19593.0
60750477021000,60750477021,6075047702,94121.0,435,land - populated,203,32,37.7754429,-122.4827867,19610.0
60750477013001,60750477013,6075047701,94121.0,435,land - populated,269,47,37.7772581,-122.4839928,19570.0
60750477021001,60750477021,6075047702,94121.0,435,land - populated,146,29,37.775394,-122.483858,19596.0
60750477023001,60750477023,6075047702,94121.0,435,land - populated,271,46,37.7735269,-122.4837234,19664.0
60750477013002,60750477013,6075047701,94121.0,435,land - populated,261,40,37.7772094,-122.4850638,19600.0
60750477013003,60750477013,6075047701,94121.0,435,land - populated,230,37,37.7771605,-122.486135,19594.0
60750477021002,60750477021,6075047702,94121.0,435,land - populated,226,23,37.7753448,-122.484929,19592.0
60750477023002,60750477023,6075047702,94121.0,435,land - populated,405,62,37.7734789,-122.4847948,19600.0
60750477021003,60750477021,6075047702,94121.0,435,land - populated,218,26,37.7752956,-122.4860003,19599.0
60750477023003,60750477023,6075047702,94121.0,435,land - populated,169,21,37.7734298,-122.4858655,19640.0
60759803001009,60759803001,6075980300,94121.0,589,land - zero population,0,0,37.7709732,-122.4793361,678.0
60759803001034,60759803001,6075980300,94121.0,782,land - populated,3,0,37.7712399,-122.4802709,12007.0
60759803001012,60759803001,6075980300,94121.0,782,land - zero population,0,0,37.7718399,-122.4809298,2255.0
60759803001035,60759803001,6075980300,94122.0,782,land - zero population,0,0,37.7679722,-122.4787382,43910.0
60750326011004,60750326011,6075032601,94122.0,782,land - zero population,0,0,37.7653774,-122.4788427,709.0
60750326011006,60750326011,6075032601,94122.0,644,land - populated,2,0,37.7653266,-122.4799333,670.0
60759803001065,60759803001,6075980300,94122.0,782,land - zero population,0,0,37.7688742,-122.4811106,53125.0
60759803001063,60759803001,6075980300,94122.0,782,land - zero population,0,0,37.7658779,-122.4807554,55752.0
60750326011008,60750326011,6075032601,94122.0,644,land - zero population,0,0,37.7652824,-122.4810033,704.0
60750326011010,60750326011,6075032601,94122.0,782,land - zero population,0,0,37.7652384,-122.4820719,668.0
60759803001013,60759803001,6075980300,94121.0,782,land - zero population,0,0,37.7719439,-122.4833245,2472.0
60759803001033,60759803001,6075980300,94121.0,782,land - populated,1,0,37.7709392,-122.4832459,82570.0
60750326011012,60750326011,6075032601,94122.0,782,land - zero population,0,0,37.7651901,-122.4831384,634.0
60750326011014,60750326011,6075032601,94122.0,782,land - zero population,0,0,37.7651452,-122.4842215,740.0
60759803001064,60759803001,6075980300,94122.0,782,land - zero population,0,0,37.7670612,-122.4856018,202044.0
60750302011001,60750302011,6075030201,94122.0,644,land - populated,257,16,37.7647487,-122.4711957,19436.0
60750302011002,60750302011,6075030201,94122.0,644,land - populated,344,31,37.7647002,-122.472294,20327.0
60750302012000,60750302012,6075030201,94122.0,644,land - populated,11,0,37.7629137,-122.4710678,19196.0
60750302013000,60750302013,6075030201,94122.0,644,land - zero population,0,0,37.7619635,-122.4710016,808.0
60750302012001,60750302012,6075030201,94122.0,644,land - populated,196,24,37.7628655,-122.4721651,20061.0
60750302013003,60750302013,6075030201,94122.0,644,land - zero population,0,0,37.7619153,-122.4720955,846.0
60750302011004,60750302011,6075030201,94122.0,644,land - populated,173,35,37.7646476,-122.473416,20265.0
60750302012002,60750302012,6075030201,94122.0,644,land - populated,256,21,37.7628155,-122.4732874,20101.0
60750302013005,60750302013,6075030201,94122.0,644,land - zero population,0,0,37.7618659,-122.4732293,828.0
60750302012003,60750302012,6075030201,94122.0,644,land - populated,252,17,37.7627677,-122.4743853,19178.0
60750302013007,60750302013,6075030201,94122.0,644,land - zero population,0,0,37.7618175,-122.474321,805.0
60750302013001,60750302013,6075030201,94122.0,644,land - populated,184,26,37.7610124,-122.4709355,19221.0
60750303011001,60750303011,6075030301,94122.0,478,land - populated,56,4,37.7597036,-122.470796,8133.0
60750303011002,60750303011,6075030301,94122.0,478,land - populated,125,24,37.7591828,-122.471302,20192.0
60750302013002,60750302013,6075030201,94122.0,644,land - populated,196,28,37.7609658,-122.4720316,20032.0
60750303014001,60750303014,6075030301,94122.0,478,land - populated,77,15,37.758135,-122.4709897,12470.0
60750303014006,60750303014,6075030301,94122.0,478,land - populated,95,13,37.7571619,-122.47089,15822.0
60750303014002,60750303014,6075030301,94122.0,478,land - populated,82,9,37.7583769,-122.4722517,14397.0
60750303014007,60750303014,6075030301,94122.0,478,land - zero population,0,0,37.7563009,-122.4709944,1512.0
60750302013004,60750302013,6075030201,94122.0,644,land - populated,151,26,37.7609127,-122.473153,20197.0
60750303011003,60750303011,6075030301,94122.0,478,land - populated,39,3,37.7596147,-122.472931,9585.0
60750302013006,60750302013,6075030201,94122.0,644,land - populated,197,22,37.7608652,-122.4742521,19229.0
60750303011004,60750303011,6075030301,94122.0,644,land - populated,126,19,37.7590767,-122.474171,17509.0
60750303014003,60750303014,6075030301,94122.0,478,land - populated,109,12,37.7582635,-122.4732739,17899.0
60750303014004,60750303014,6075030301,94122.0,478,land - populated,82,8,37.7570235,-122.4728285,14057.0
60750303011012,60750303011,6075030301,94122.0,478,land - zero population,0,0,37.7580809,-122.4741344,647.0
60750303011013,60750303011,6075030301,94122.0,478,land - populated,102,16,37.7571492,-122.4740568,16435.0
60750302011006,60750302011,6075030201,94122.0,644,land - populated,362,33,37.7645995,-122.4745135,19362.0
60750302011008,60750302011,6075030201,94122.0,644,land - populated,338,32,37.7645538,-122.4755847,19316.0
60750302012004,60750302012,6075030201,94122.0,644,land - populated,221,46,37.7627202,-122.4754556,19135.0
60750302013009,60750302013,6075030201,94122.0,644,land - zero population,0,0,37.7617699,-122.4753987,788.0
60750302012005,60750302012,6075030201,94122.0,644,land - populated,97,9,37.7626782,-122.476514,18720.0
60750302013011,60750302013,6075030201,94122.0,644,land - zero population,0,0,37.7617239,-122.4764524,796.0
60750302011010,60750302011,6075030201,94122.0,644,land - populated,245,21,37.7645073,-122.4766511,19249.0
60750326011002,60750326011,6075032601,94122.0,644,land - zero population,0,0,37.7644918,-122.4772442,2202.0
60750326011000,60750326011,6075032601,94122.0,644,land - populated,230,19,37.7644583,-122.4777798,17253.0
60750326012007,60750326012,6075032601,94122.0,644,land - zero population,0,0,37.7626296,-122.4770973,2235.0
60750326012000,60750326012,6075032601,94122.0,644,land - populated,246,33,37.7626006,-122.477642,17683.0
60750302013008,60750302013,6075030201,94122.0,644,land - populated,222,42,37.7608173,-122.4753235,19226.0
60750303011005,60750303011,6075030301,94122.0,644,land - populated,162,23,37.7589895,-122.4751966,19226.0
60750302013010,60750302013,6075030201,94122.0,644,land - populated,222,26,37.7607829,-122.4763499,17580.0
60750303011010,60750303011,6075030301,94122.0,644,land - zero population,0,0,37.7580375,-122.4751308,805.0
60750303011009,60750303011,6075030301,94122.0,478,land - populated,120,12,37.7570888,-122.4750639,19159.0
60750303011006,60750303011,6075030301,94122.0,644,land - populated,158,17,37.7589253,-122.4762057,17349.0
60750303011008,60750303011,6075030301,94122.0,644,land - populated,138,14,37.7570638,-122.4760724,17173.0
60750326013007,60750326013,6075032601,94122.0,644,land - populated,2,0,37.7607663,-122.4769101,2523.0
60750326013000,60750326013,6075032601,94122.0,644,land - populated,256,42,37.7607294,-122.4774882,18704.0
60750326013001,60750326013,6075032601,94122.0,644,land - populated,267,29,37.7606958,-122.4785351,19638.0
60750303011007,60750303011,6075030301,94122.0,644,land - populated,21,0,37.7589029,-122.4767494,2546.0
60750326022000,60750326022,6075032602,94122.0,644,land - populated,183,17,37.7588751,-122.4773453,19263.0
60750303011011,60750303011,6075030301,94122.0,644,land - populated,21,0,37.7570405,-122.476615,2624.0
60750326023000,60750326023,6075032602,94122.0,644,land - populated,224,16,37.7570131,-122.4772152,19267.0
60750326022001,60750326022,6075032602,94122.0,644,land - populated,101,19,37.7588546,-122.4781786,11161.0
60750326023001,60750326023,6075032602,94122.0,644,land - populated,171,24,37.7569675,-122.4782765,19439.0
60750303014011,60750303014,6075030301,94122.0,478,land - populated,57,13,37.7559505,-122.4704647,7243.0
60750303014008,60750303014,6075030301,94122.0,478,land - populated,27,1,37.7562944,-122.4717027,22633.0
60750303014005,60750303014,6075030301,94122.0,478,land - populated,4,0,37.7568242,-122.4723819,840.0
60750303021000,60750303021,6075030302,94122.0,478,land - zero population,0,0,37.7561313,-122.4725722,1269.0
60750303014013,60750303014,6075030301,94122.0,478,land - zero population,0,0,37.7547896,-122.4707915,1005.0
60750303014014,60750303014,6075030301,94116.0,478,land - populated,45,5,37.7536522,-122.4706289,19068.0
60750303021007,60750303021,6075030302,94122.0,478,land - populated,72,20,37.7548349,-122.4716404,11465.0
60750303021008,60750303021,6075030302,94122.0,478,land - populated,84,16,37.7534133,-122.4715714,15766.0
60750303021001,60750303021,6075030302,94122.0,478,land - populated,57,7,37.7555285,-122.4727513,14367.0
60750303021003,60750303021,6075030302,94122.0,478,land - zero population,0,0,37.7562193,-122.4740568,638.0
60750303021002,60750303021,6075030302,94122.0,478,land - populated,140,28,37.7552574,-122.4738833,17884.0
60750303021006,60750303021,6075030302,94122.0,478,land - populated,155,38,37.7537901,-122.4726966,27158.0
60750303021004,60750303021,6075030302,94122.0,478,land - zero population,0,0,37.7543575,-122.4737985,887.0
60750303021005,60750303021,6075030302,94122.0,478,land - populated,121,19,37.7534058,-122.4737324,19145.0
60750303023017,60750303023,6075030302,94116.0,478,land - zero population,0,0,37.7521903,-122.4705823,1208.0
60750303023000,60750303023,6075030302,94116.0,478,land - populated,49,5,37.7513375,-122.4711306,9811.0
60750303023001,60750303023,6075030302,94116.0,478,land - populated,61,15,37.7519721,-122.4714818,12778.0
60750303023002,60750303023,6075030302,94116.0,478,land - populated,32,8,37.7516266,-122.4722292,10196.0
60750303022011,60750303022,6075030302,94116.0,478,land - zero population,0,0,37.750146,-122.4709813,1403.0
60750303023014,60750303023,6075030302,94116.0,478,land - populated,19,1,37.7491516,-122.4711446,5606.0
60750303023013,60750303023,6075030302,94116.0,478,land - populated,54,13,37.7500112,-122.4714664,10978.0
60750303023012,60750303023,6075030302,94116.0,478,land - populated,45,8,37.7497606,-122.4721063,10684.0
60750303023003,60750303023,6075030302,94116.0,478,land - populated,56,11,37.751604,-122.4727878,10282.0
60750303023004,60750303023,6075030302,94116.0,478,land - populated,107,15,37.751562,-122.473604,19648.0
60750303023005,60750303023,6075030302,94116.0,478,land - populated,54,7,37.7515263,-122.474408,9821.0
60750303023011,60750303023,6075030302,94116.0,478,land - populated,47,7,37.7497253,-122.4726674,9887.0
60750303023010,60750303023,6075030302,94116.0,478,land - populated,121,29,37.7496956,-122.4734743,19624.0
60750303021010,60750303021,6075030302,94122.0,478,land - populated,135,21,37.7552448,-122.4749355,19646.0
60750303021011,60750303021,6075030302,94122.0,478,land - populated,189,29,37.7551991,-122.4759497,17527.0
60750303021012,60750303021,6075030302,94122.0,644,land - zero population,0,0,37.7551876,-122.4764897,2237.0
60750303021009,60750303021,6075030302,94122.0,478,land - populated,144,23,37.7533792,-122.4748055,19571.0
60750303021013,60750303021,6075030302,94122.0,478,land - populated,187,18,37.7533346,-122.4758195,17490.0
60750303021014,60750303021,6075030302,94122.0,478,land - zero population,0,0,37.7533098,-122.476358,2202.0
60750328022000,60750328022,6075032802,94122.0,644,land - populated,195,32,37.7551496,-122.4770821,19512.0
60750328022001,60750328022,6075032802,94122.0,644,land - populated,123,20,37.7551031,-122.4781472,19527.0
60750328022005,60750328022,6075032802,94122.0,644,land - populated,180,13,37.7532848,-122.4769502,19449.0
60750328022004,60750328022,6075032802,94122.0,644,land - populated,137,24,37.7532369,-122.4780164,19551.0
60750303023006,60750303023,6075030302,94116.0,478,land - populated,69,12,37.7515022,-122.4749437,9810.0
60750303023007,60750303023,6075030302,94116.0,478,land - populated,200,37,37.7514694,-122.4756907,17554.0
60750303023008,60750303023,6075030302,94116.0,478,land - populated,4,1,37.7514451,-122.476226,2064.0
60750303023009,60750303023,6075030302,94116.0,478,land - populated,125,15,37.7496485,-122.4745464,19601.0
60750303023015,60750303023,6075030302,94116.0,478,land - populated,197,22,37.7496035,-122.4755604,17503.0
60750303023016,60750303023,6075030302,94116.0,478,land - zero population,0,0,37.7495798,-122.476097,2133.0
60750328022006,60750328022,6075032802,94116.0,644,land - populated,107,10,37.7514199,-122.4768157,19531.0
60750328022007,60750328022,6075032802,94116.0,644,land - populated,168,28,37.7513725,-122.4778845,19609.0
60750328011000,60750328011,6075032801,94116.0,644,land - populated,287,16,37.7495539,-122.4766869,19448.0
60750328011001,60750328011,6075032801,94116.0,644,land - populated,182,15,37.7495071,-122.4777538,19589.0
60750326011003,60750326011,6075032601,94122.0,644,land - populated,315,32,37.7644166,-122.4787943,19523.0
60750326011005,60750326011,6075032601,94122.0,644,land - populated,169,23,37.7643693,-122.4798667,19440.0
60750326012001,60750326012,6075032601,94122.0,644,land - populated,279,32,37.7625605,-122.478664,19631.0
60750326012002,60750326012,6075032601,94122.0,644,land - populated,170,25,37.7625129,-122.4797367,19544.0
60750326011007,60750326011,6075032601,94122.0,644,land - populated,225,28,37.7643227,-122.4809379,19480.0
60750326011009,60750326011,6075032601,94122.0,644,land - populated,188,25,37.7642779,-122.482011,19564.0
60750326012003,60750326012,6075032601,94122.0,644,land - populated,146,21,37.7624661,-122.4808078,19562.0
60750326012004,60750326012,6075032601,94122.0,644,land - populated,203,27,37.7624187,-122.4818805,19614.0
60750326013002,60750326013,6075032601,94122.0,644,land - populated,182,18,37.760648,-122.479606,19637.0
60750326022002,60750326022,6075032602,94122.0,644,land - populated,80,9,37.7587932,-122.4787092,8371.0
60750326022003,60750326022,6075032602,94122.0,644,land - populated,160,25,37.7587814,-122.4794753,19582.0
60750326022004,60750326022,6075032602,94122.0,644,land - populated,195,36,37.758734,-122.4805465,19614.0
60750326013003,60750326013,6075032601,94122.0,644,land - populated,180,19,37.7606009,-122.4806772,19646.0
60750326013004,60750326013,6075032601,94122.0,644,land - populated,178,32,37.7605539,-122.4817497,19678.0
60750326022005,60750326022,6075032602,94122.0,644,land - populated,133,22,37.7586869,-122.4816192,19641.0
60750326011011,60750326011,6075032601,94122.0,644,land - populated,198,28,37.7642306,-122.4830834,19498.0
60750326011013,60750326011,6075032601,94122.0,644,land - populated,172,28,37.7641824,-122.4841555,19527.0
60750326012005,60750326012,6075032601,94122.0,644,land - populated,153,24,37.7623715,-122.482953,19564.0
60750326012006,60750326012,6075032601,94122.0,644,land - populated,226,18,37.7623243,-122.484025,19595.0
60750326021001,60750326021,6075032602,94122.0,644,land - populated,125,15,37.764135,-122.4852279,19508.0
60750326021000,60750326021,6075032602,94122.0,782,land - zero population,0,0,37.7650991,-122.4852919,761.0
60750326021003,60750326021,6075032602,94122.0,782,land - zero population,0,0,37.7650495,-122.4863627,759.0
60750326021002,60750326021,6075032602,94122.0,782,land - populated,135,23,37.7640867,-122.4862993,19463.0
60750326021004,60750326021,6075032602,94122.0,644,land - populated,257,42,37.762277,-122.4850975,19571.0
60750326021005,60750326021,6075032602,94122.0,782,land - populated,183,18,37.7622299,-122.4861692,19562.0
60750326013005,60750326013,6075032601,94122.0,644,land - populated,214,36,37.7605065,-122.482822,19627.0
60750326013006,60750326013,6075032601,94122.0,644,land - populated,215,28,37.7604592,-122.483894,19669.0
60750326022006,60750326022,6075032602,94122.0,644,land - populated,209,25,37.7586401,-122.4826913,19587.0
60750326022007,60750326022,6075032602,94122.0,644,land - populated,190,20,37.7585928,-122.483763,19628.0
60750326021007,60750326021,6075032602,94122.0,644,land - populated,212,33,37.760412,-122.4849665,19656.0
60750326021006,60750326021,6075032602,94122.0,782,land - populated,213,32,37.7603646,-122.4860392,19683.0
60750326021008,60750326021,6075032602,94122.0,644,land - populated,168,29,37.7585451,-122.4848358,19619.0
60750326021009,60750326021,6075032602,94122.0,782,land - populated,163,22,37.758498,-122.4859095,19669.0
60750326023002,60750326023,6075032602,94122.0,644,land - populated,193,18,37.7569191,-122.4793452,19543.0
60750328022002,60750328022,6075032802,94122.0,644,land - populated,154,20,37.7550565,-122.479216,19641.0
60750326023003,60750326023,6075032602,94122.0,644,land - populated,161,18,37.7568719,-122.4804172,19559.0
60750328023000,60750328023,6075032802,94122.0,644,land - populated,198,20,37.7550089,-122.4802883,19651.0
60750328022003,60750328022,6075032802,94122.0,644,land - populated,203,23,37.7531904,-122.4790867,19595.0
60750328021000,60750328021,6075032802,94122.0,644,land - populated,194,37,37.7531431,-122.4801583,19597.0
60750326023004,60750326023,6075032602,94122.0,644,land - populated,191,33,37.7568256,-122.4814895,19551.0
60750328023001,60750328023,6075032802,94122.0,644,land - populated,151,17,37.7549611,-122.4813602,19637.0
60750326023005,60750326023,6075032602,94122.0,782,land - populated,168,17,37.7567772,-122.4825615,19557.0
60750328023002,60750328023,6075032802,94122.0,782,land - populated,131,20,37.7549153,-122.4824313,19615.0
60750328021001,60750328021,6075032802,94122.0,644,land - populated,180,23,37.7530955,-122.4812305,19623.0
60750328021002,60750328021,6075032802,94122.0,782,land - populated,170,24,37.7530484,-122.4823007,19523.0
60750328022008,60750328022,6075032802,94116.0,644,land - populated,135,19,37.7513252,-122.478956,19633.0
60750328021006,60750328021,6075032802,94116.0,644,land - populated,146,27,37.7512776,-122.4800277,19624.0
60750328011002,60750328011,6075032801,94116.0,644,land - populated,138,23,37.7494598,-122.478825,19612.0
60750328021007,60750328021,6075032802,94116.0,644,land - populated,152,21,37.7494122,-122.479897,19612.0
60750328021005,60750328021,6075032802,94116.0,644,land - populated,136,20,37.7512306,-122.4810998,19636.0
60750328021008,60750328021,6075032802,94116.0,644,land - populated,174,24,37.749365,-122.480969,19616.0
60750326023006,60750326023,6075032602,94122.0,782,land - populated,151,22,37.7567309,-122.4836333,19552.0
60750326021011,60750326021,6075032602,94122.0,782,land - populated,162,21,37.7566834,-122.4847052,19567.0
60750328023003,60750328023,6075032802,94122.0,782,land - populated,162,28,37.7548663,-122.4835027,19646.0
60750328021003,60750328021,6075032802,94122.0,782,land - populated,170,29,37.7530014,-122.4833718,19656.0
60750328023004,60750328023,6075032802,94122.0,782,land - populated,142,16,37.7548201,-122.4845748,19627.0
60750328023007,60750328023,6075032802,94122.0,782,land - populated,173,22,37.752954,-122.4844445,19597.0
60750326021010,60750326021,6075032602,94122.0,782,land - populated,188,24,37.7566364,-122.4857783,19580.0
60750328023005,60750328023,6075032802,94122.0,782,land - populated,172,35,37.7547726,-122.4856468,19651.0
60750328023006,60750328023,6075032802,94122.0,782,land - populated,194,23,37.7529068,-122.4855165,19629.0
60750329021000,60750329021,6075032902,94122.0,782,land - populated,164,29,37.754726,-122.4867162,19536.0
60750329022000,60750329022,6075032902,94122.0,782,land - populated,146,22,37.7528595,-122.4865856,19488.0
60750328021004,60750328021,6075032802,94122.0,782,land - zero population,0,0,37.7516504,-122.4854199,59713.0
60750329023000,60750329023,6075032902,94116.0,782,land - populated,156,21,37.7509939,-122.4864552,19509.0
60750329011000,60750329011,6075032901,94116.0,782,land - populated,153,28,37.7491288,-122.486325,19502.0
60750428002002,60750428002,6075042800,94121.0,413,land - populated,27,3,37.7884496,-122.4872253,6543.0
60750428002013,60750428002,6075042800,94121.0,413,land - populated,31,6,37.7879058,-122.4870337,7615.0
60750428002003,60750428002,6075042800,94121.0,413,land - populated,62,18,37.7880433,-122.4885865,19066.0
60750428001002,60750428001,6075042800,94121.0,413,land - populated,173,36,37.7866057,-122.4868179,19604.0
60750428001003,60750428001,6075042800,94121.0,413,land - populated,66,12,37.7865911,-122.4876338,10128.0
60750428001004,60750428001,6075042800,94121.0,413,land - populated,52,12,37.7866003,-122.4881567,9147.0
60750428002001,60750428002,6075042800,94121.0,413,land - populated,118,34,37.7881754,-122.4896926,110801.0
60750428001005,60750428001,6075042800,94121.0,413,land - populated,52,16,37.7869003,-122.4890982,17385.0
60750428002004,60750428002,6075042800,94121.0,413,land - zero population,0,0,37.7870304,-122.4897093,1732.0
60750428001007,60750428001,6075042800,94121.0,413,land - populated,50,15,37.7856956,-122.4888628,12834.0
60750428001008,60750428001,6075042800,94121.0,413,land - populated,43,11,37.7857026,-122.489977,12858.0
60750428001006,60750428001,6075042800,94121.0,413,land - populated,225,38,37.7846809,-122.4877438,19213.0
60750428001010,60750428001,6075042800,94121.0,413,land - populated,77,15,37.78442,-122.488802,14875.0
60750427003000,60750427003,6075042700,94121.0,413,land - populated,241,32,37.7828301,-122.4876184,19461.0
60750427003001,60750427003,6075042700,94121.0,413,land - populated,286,54,37.7827814,-122.4886873,19603.0
60750428002007,60750428002,6075042800,94121.0,413,land - zero population,0,0,37.7854165,-122.4917373,2744.0
60750428001009,60750428001,6075042800,94121.0,413,land - populated,82,22,37.7843793,-122.4898848,15075.0
60750427003002,60750427003,6075042700,94121.0,413,land - populated,189,31,37.7827322,-122.4897605,19643.0
60750427003003,60750427003,6075042700,94121.0,413,land - populated,166,24,37.7826836,-122.4908325,19576.0
60750428002014,60750428002,6075042800,94121.0,413,land - populated,49,10,37.7857482,-122.491194,12469.0
60750428002009,60750428002,6075042800,94121.0,413,land - populated,37,13,37.7839563,-122.4909149,7145.0
60750428002006,60750428002,6075042800,94121.0,413,land - populated,183,51,37.7849609,-122.4919602,39000.0
60750427003004,60750427003,6075042700,94121.0,413,land - populated,259,36,37.782634,-122.4919052,19679.0
60750427003006,60750427003,6075042700,94121.0,413,land - populated,22,1,37.7823106,-122.4928324,9819.0
60750428002008,60750428002,6075042800,94121.0,413,land - populated,49,13,37.7847328,-122.4930597,20345.0
60750427003005,60750427003,6075042700,94121.0,413,land - populated,94,12,37.7832057,-122.4929716,6007.0
60759802001002,60759802001,6075980200,94121.0,664,land - zero population,0,0,37.7843929,-122.4961392,199276.0
60759802001001,60759802001,6075980200,94121.0,664,land - populated,7,3,37.7849816,-122.5019506,696659.0
60759802001003,60759802001,6075980200,94121.0,664,land - populated,105,0,37.782309,-122.5054942,69343.0
60750479012007,60750479012,6075047901,94121.0,664,land - zero population,0,0,37.7824907,-122.5098633,51886.0
60750427002003,60750427002,6075042700,94121.0,413,land - populated,293,32,37.7809625,-122.4874843,19585.0
60750477011009,60750477011,6075047701,94121.0,435,land - zero population,0,0,37.7799686,-122.4874122,1220.0
60750427002004,60750427002,6075042700,94121.0,413,land - populated,294,40,37.7809159,-122.4885526,19608.0
60750477011011,60750477011,6075047701,94121.0,413,land - zero population,0,0,37.7799207,-122.488476,1275.0
60750477011008,60750477011,6075047701,94121.0,435,land - populated,207,13,37.7789777,-122.4873395,19541.0
60750477011010,60750477011,6075047701,94121.0,435,land - populated,256,24,37.7789273,-122.488408,19548.0
60750427002005,60750427002,6075042700,94121.0,413,land - zero population,0,0,37.7808627,-122.4896269,19809.0
60750478013000,60750478013,6075047801,94121.0,413,land - zero population,0,0,37.7798696,-122.4895504,1263.0
60750427002006,60750427002,6075042700,94121.0,413,land - populated,324,35,37.7808181,-122.4907003,19543.0
60750478013012,60750478013,6075047801,94121.0,413,land - zero population,0,0,37.7798231,-122.4906463,1323.0
60750478013001,60750478013,6075047801,94121.0,435,land - populated,237,32,37.7788799,-122.4894823,19720.0
60750477013004,60750477013,6075047701,94121.0,435,land - populated,177,14,37.7771121,-122.4872038,19514.0
60750477013005,60750477013,6075047701,94121.0,435,land - populated,162,13,37.7770634,-122.4882727,19604.0
60750477021004,60750477021,6075047702,94121.0,435,land - populated,176,32,37.7752471,-122.4870688,19496.0
60750477023004,60750477023,6075047702,94121.0,435,land - populated,169,42,37.7733811,-122.4869338,19499.0
60750477021005,60750477021,6075047702,94121.0,435,land - populated,184,25,37.7751982,-122.4881375,19619.0
60750477023005,60750477023,6075047702,94121.0,435,land - populated,203,24,37.7733319,-122.4880022,19645.0
60750478013006,60750478013,6075047801,94121.0,435,land - populated,219,33,37.7770151,-122.4893458,19660.0
60750478013005,60750478013,6075047801,94121.0,435,land - populated,185,31,37.7751495,-122.4892105,19661.0
60750478013004,60750478013,6075047801,94121.0,664,land - populated,121,17,37.7751004,-122.4902832,19616.0
60750427003008,60750427003,6075042700,94121.0,413,land - populated,318,37,37.7807686,-122.4917702,19626.0
60750478013003,60750478013,6075047801,94121.0,413,land - zero population,0,0,37.7797726,-122.4917012,1260.0
60750427003007,60750427003,6075042700,94121.0,413,land - populated,207,19,37.7807178,-122.4928421,19643.0
60750478013008,60750478013,6075047801,94121.0,413,land - zero population,0,0,37.7797242,-122.4927621,1278.0
60750478013002,60750478013,6075047801,94121.0,664,land - populated,16,1,37.7778713,-122.4910232,78321.0
60750478013007,60750478013,6075047801,94121.0,664,land - populated,218,26,37.7787295,-122.4926958,19552.0
60750478021000,60750478021,6075047802,94121.0,664,land - populated,366,53,37.7806604,-122.493914,19854.0
60750478023000,60750478023,6075047802,94121.0,664,land - zero population,0,0,37.7796718,-122.4938422,1018.0
60750478023003,60750478023,6075047802,94121.0,664,land - zero population,0,0,37.7796244,-122.4949168,993.0
60750478023001,60750478023,6075047802,94121.0,664,land - populated,259,36,37.7786883,-122.4937704,19811.0
60750478023002,60750478023,6075047802,94121.0,664,land - populated,198,28,37.7786375,-122.4948412,19602.0
60750478013011,60750478013,6075047801,94121.0,664,land - populated,309,44,37.7768653,-122.4925664,19718.0
60750478013009,60750478013,6075047801,94121.0,664,land - populated,219,24,37.7750516,-122.4913553,19634.0
60750478013010,60750478013,6075047801,94121.0,664,land - populated,161,26,37.7750034,-122.4924326,19809.0
60750478012000,60750478012,6075047801,94121.0,664,land - populated,267,22,37.7768197,-122.4936391,19481.0
60750478012001,60750478012,6075047801,94121.0,664,land - populated,217,22,37.7767691,-122.4947073,19571.0
60750478012005,60750478012,6075047801,94121.0,664,land - populated,198,34,37.7749528,-122.4935047,19453.0
60750478012004,60750478012,6075047801,94121.0,664,land - populated,182,24,37.7749045,-122.4945715,19607.0
60759803001014,60759803001,6075980300,94121.0,782,land - populated,3,0,37.771697,-122.4871941,73691.0
60750478011000,60750478011,6075047801,94121.0,435,land - populated,190,25,37.7732839,-122.4890741,19619.0
60750478011001,60750478011,6075047801,94121.0,664,land - populated,223,30,37.7732331,-122.4901469,19692.0
60759803001062,60759803001,6075980300,94122.0,782,land - zero population,0,0,37.7655946,-122.4882124,121891.0
60750478011002,60750478011,6075047801,94121.0,664,land - populated,227,29,37.7731851,-122.4912203,19627.0
60750478011003,60750478011,6075047801,94121.0,664,land - populated,175,23,37.7731371,-122.492294,19705.0
60759803001015,60759803001,6075980300,94121.0,664,land - populated,5,0,37.7719058,-122.4923526,31923.0
60750478011004,60750478011,6075047801,94121.0,664,land - populated,154,29,37.7730866,-122.4933659,19554.0
60750478011005,60750478011,6075047801,94121.0,664,land - populated,153,22,37.7730385,-122.4944355,19608.0
60759803001016,60759803001,6075980300,94121.0,664,land - populated,1,0,37.771055,-122.4925531,40172.0
60759803001031,60759803001,6075980300,94121.0,664,land - zero population,0,0,37.7698297,-122.4949422,7198.0
60759803001030,60759803001,6075980300,94122.0,782,land - populated,5,0,37.7684025,-122.4920873,551769.0
60759803001032,60759803001,6075980300,94122.0,782,land - zero population,0,0,37.7658217,-122.4947372,42497.0
60750478021001,60750478021,6075047802,94121.0,664,land - populated,269,22,37.7806121,-122.494987,19741.0
60750478023005,60750478023,6075047802,94121.0,664,land - zero population,0,0,37.7795751,-122.4959816,1036.0
60750478021002,60750478021,6075047802,94121.0,664,land - populated,204,39,37.7805619,-122.4960572,19724.0
60750478023004,60750478023,6075047802,94121.0,664,land - populated,298,50,37.7785912,-122.4959123,19767.0
60750478023006,60750478023,6075047802,94121.0,664,land - populated,269,38,37.7785419,-122.496986,19762.0
60750478021003,60750478021,6075047802,94121.0,664,land - populated,51,12,37.7812098,-122.4977143,9129.0
60750478021004,60750478021,6075047802,94121.0,664,land - populated,56,22,37.7807657,-122.4976903,9433.0
60750478021006,60750478021,6075047802,94121.0,664,land - populated,15,3,37.7803561,-122.4970909,4660.0
60750478021005,60750478021,6075047802,94121.0,664,land - populated,30,12,37.7798543,-122.4970798,5828.0
60750478023007,60750478023,6075047802,94121.0,664,land - zero population,0,0,37.7795298,-122.4970573,988.0
60750478021007,60750478021,6075047802,94121.0,664,land - populated,20,6,37.780323,-122.4981858,3978.0
60750478021008,60750478021,6075047802,94121.0,664,land - populated,41,6,37.7798301,-122.4981764,6368.0
60750478023009,60750478023,6075047802,94121.0,664,land - zero population,0,0,37.7794805,-122.4981231,975.0
60750478023008,60750478023,6075047802,94121.0,664,land - populated,309,42,37.7784955,-122.4980568,19712.0
60750478012002,60750478012,6075047801,94121.0,664,land - populated,231,36,37.7767183,-122.4957806,19682.0
60750478012003,60750478012,6075047801,94121.0,664,land - populated,103,13,37.7766738,-122.4968532,19527.0
60750478022000,60750478022,6075047802,94121.0,664,land - populated,196,28,37.7748566,-122.4956471,19773.0
60750478022001,60750478022,6075047802,94121.0,664,land - populated,242,31,37.7748053,-122.4967189,19481.0
60750478023010,60750478023,6075047802,94121.0,664,land - populated,134,24,37.7766229,-122.4979202,19502.0
60750479011000,60750479011,6075047901,94121.0,664,land - populated,174,20,37.7765746,-122.4989883,19558.0
60750478022002,60750478022,6075047802,94121.0,664,land - populated,150,21,37.7747577,-122.4977845,19539.0
60750479011005,60750479011,6075047901,94121.0,664,land - populated,155,16,37.774709,-122.4988525,19581.0
60750479023000,60750479023,6075047902,94121.0,664,land - populated,203,23,37.7804196,-122.4992682,19557.0
60750479023001,60750479023,6075047902,94121.0,664,land - populated,131,23,37.7803726,-122.5003391,19580.0
60750479023007,60750479023,6075047902,94121.0,664,land - zero population,0,0,37.7794345,-122.4992071,1078.0
60750479023008,60750479023,6075047902,94121.0,664,land - populated,235,43,37.7784441,-122.4991248,19655.0
60750479023006,60750479023,6075047902,94121.0,664,land - zero population,0,0,37.7793897,-122.500278,1137.0
60750479023005,60750479023,6075047902,94121.0,664,land - populated,221,37,37.7783975,-122.5001944,19720.0
60750479023002,60750479023,6075047902,94121.0,664,land - populated,182,26,37.7803569,-122.5014045,18743.0
60750479022000,60750479022,6075047902,94121.0,664,land - populated,160,28,37.7803818,-122.5024812,17283.0
60750479023003,60750479023,6075047902,94121.0,664,land - populated,4,0,37.7793657,-122.501415,2072.0
60750479023004,60750479023,6075047902,94121.0,664,land - populated,227,35,37.7783367,-122.5012644,19479.0
60750479022005,60750479022,6075047902,94121.0,664,land - zero population,0,0,37.7794479,-122.5024756,2428.0
60750479022006,60750479022,6075047902,94121.0,664,land - zero population,0,0,37.7792816,-122.5024209,1049.0
60750479022007,60750479022,6075047902,94121.0,664,land - populated,220,29,37.7782968,-122.5023374,19742.0
60750479011001,60750479011,6075047901,94121.0,664,land - populated,188,33,37.7765273,-122.5000555,19479.0
60750479011004,60750479011,6075047901,94121.0,664,land - populated,102,12,37.774659,-122.4999187,19479.0
60750479011003,60750479011,6075047901,94121.0,664,land - populated,238,27,37.7746119,-122.5009906,19780.0
60750479011002,60750479011,6075047901,94121.0,664,land - populated,203,27,37.7764758,-122.5011263,19732.0
60750479013000,60750479013,6075047901,94121.0,664,land - populated,143,26,37.7764281,-122.5022023,19642.0
60750479013007,60750479013,6075047901,94121.0,664,land - populated,204,34,37.7745621,-122.5020668,19645.0
60750479013006,60750479013,6075047901,94121.0,664,land - populated,197,23,37.7745125,-122.50314,19674.0
60750478022005,60750478022,6075047802,94121.0,664,land - populated,150,16,37.7729905,-122.4955073,19637.0
60750478022004,60750478022,6075047802,94121.0,664,land - populated,194,22,37.7729395,-122.4965792,19619.0
60759803001072,60759803001,6075980300,94121.0,664,land - zero population,0,0,37.7702223,-122.4951868,1034.0
60750478022003,60750478022,6075047802,94121.0,664,land - populated,205,23,37.7728915,-122.4976485,19535.0
60750479014000,60750479014,6075047901,94121.0,664,land - populated,158,31,37.7728425,-122.4987165,19571.0
60759803001017,60759803001,6075980300,94121.0,664,land - zero population,0,0,37.770435,-122.4988413,186656.0
60750479014001,60750479014,6075047901,94121.0,664,land - populated,180,27,37.7727923,-122.4997864,19606.0
60750479014002,60750479014,6075047901,94121.0,664,land - populated,211,36,37.7727455,-122.5008588,19651.0
60750479014003,60750479014,6075047901,94121.0,664,land - populated,221,37,37.7726955,-122.5019315,19626.0
60750479014004,60750479014,6075047901,94121.0,664,land - populated,146,15,37.7726464,-122.5030042,19649.0
60759803001027,60759803001,6075980300,94121.0,664,land - zero population,0,0,37.7694555,-122.5021833,47576.0
60759803001026,60759803001,6075980300,94122.0,664,land - populated,6,0,37.7664391,-122.5024944,111010.0
60750327001000,60750327001,6075032700,94122.0,782,land - zero population,0,0,37.765002,-122.4874305,679.0
60750327001001,60750327001,6075032700,94122.0,782,land - populated,93,16,37.7640406,-122.4873685,19420.0
60750327001003,60750327001,6075032700,94122.0,782,land - zero population,0,0,37.7649491,-122.4885055,705.0
60750327001002,60750327001,6075032700,94122.0,782,land - populated,117,23,37.7639916,-122.4884386,19460.0
60750327002000,60750327002,6075032700,94122.0,782,land - populated,161,22,37.7621831,-122.4872393,19507.0
60750327002001,60750327002,6075032700,94122.0,782,land - populated,204,38,37.7621357,-122.488309,19559.0
60750327001005,60750327001,6075032700,94122.0,782,land - zero population,0,0,37.7649026,-122.4895654,639.0
60750327001004,60750327001,6075032700,94122.0,782,land - populated,133,21,37.7639455,-122.489512,19523.0
60750327001007,60750327001,6075032700,94122.0,782,land - zero population,0,0,37.7648546,-122.4906419,644.0
60750327001006,60750327001,6075032700,94122.0,782,land - populated,142,21,37.7638977,-122.490584,19444.0
60750327002002,60750327002,6075032700,94122.0,782,land - populated,185,16,37.7620883,-122.4893815,19614.0
60750327002003,60750327002,6075032700,94122.0,782,land - populated,196,28,37.762041,-122.4904535,19535.0
60750327003000,60750327003,6075032700,94122.0,782,land - populated,209,30,37.7603177,-122.48711,19587.0
60750327003001,60750327003,6075032700,94122.0,782,land - populated,227,22,37.7602707,-122.4881787,19615.0
60750327004000,60750327004,6075032700,94122.0,782,land - populated,165,21,37.7584509,-122.4869807,19527.0
60750327004001,60750327004,6075032700,94122.0,782,land - populated,171,24,37.7584035,-122.4880485,19531.0
60750327003002,60750327003,6075032700,94122.0,782,land - populated,218,29,37.760223,-122.4892505,19692.0
60750327003003,60750327003,6075032700,94122.0,782,land - populated,217,41,37.7601757,-122.490323,19637.0
60750327004002,60750327004,6075032700,94122.0,782,land - populated,72,14,37.7583562,-122.4891195,19646.0
60750327004003,60750327004,6075032700,94122.0,782,land - populated,195,34,37.7583089,-122.4901927,19623.0
60750327001009,60750327001,6075032700,94122.0,782,land - zero population,0,0,37.7648058,-122.4917184,689.0
60750327001008,60750327001,6075032700,94122.0,782,land - populated,145,20,37.7638487,-122.4916549,19452.0
60750327001011,60750327001,6075032700,94122.0,782,land - zero population,0,0,37.764764,-122.4927973,717.0
60750327001010,60750327001,6075032700,94122.0,782,land - populated,226,46,37.7638034,-122.4927278,19491.0
60750327002004,60750327002,6075032700,94122.0,782,land - populated,182,14,37.7619939,-122.4915252,19599.0
60750327002005,60750327002,6075032700,94122.0,782,land - populated,223,37,37.7619466,-122.4925978,19563.0
60750327007000,60750327007,6075032700,94122.0,782,land - zero population,0,0,37.7647139,-122.4938667,819.0
60750327007001,60750327007,6075032700,94122.0,782,land - populated,217,35,37.7637521,-122.4937993,19386.0
60750327007003,60750327007,6075032700,94122.0,782,land - zero population,0,0,37.764666,-122.4949447,955.0
60750327007002,60750327007,6075032700,94122.0,782,land - populated,172,29,37.7637014,-122.4948714,19357.0
60750327007008,60750327007,6075032700,94122.0,782,land - populated,208,34,37.7618989,-122.4936692,19562.0
60750327007007,60750327007,6075032700,94122.0,782,land - populated,153,20,37.7618522,-122.4947418,19597.0
60750327003004,60750327003,6075032700,94122.0,782,land - populated,176,25,37.7601289,-122.4913953,19688.0
60750327003005,60750327003,6075032700,94122.0,782,land - populated,182,36,37.7600814,-122.4924672,19634.0
60750327004004,60750327004,6075032700,94122.0,782,land - populated,152,20,37.7582618,-122.4912655,19628.0
60750327004005,60750327004,6075032700,94122.0,782,land - populated,151,29,37.7582146,-122.4923368,19558.0
60750327006000,60750327006,6075032700,94122.0,782,land - populated,185,32,37.7600339,-122.4935387,19665.0
60750327006001,60750327006,6075032700,94122.0,782,land - populated,77,9,37.7600042,-122.4943448,9881.0
60750327007013,60750327007,6075032700,94122.0,782,land - populated,90,8,37.7599695,-122.4948802,9791.0
60750327006003,60750327006,6075032700,94122.0,782,land - populated,126,27,37.7581675,-122.4934076,19610.0
60750327006002,60750327006,6075032700,94122.0,782,land - populated,114,15,37.7581193,-122.4944802,19637.0
60750327005000,60750327005,6075032700,94122.0,782,land - zero population,0,0,37.7565886,-122.4868488,19477.0
60750327005001,60750327005,6075032700,94122.0,782,land - populated,168,41,37.7565412,-122.487917,19508.0
60750329021001,60750329021,6075032902,94122.0,782,land - populated,175,18,37.7546767,-122.4877872,19694.0
60750327005002,60750327005,6075032700,94122.0,782,land - populated,147,26,37.7564944,-122.4889882,19585.0
60750327005003,60750327005,6075032700,94122.0,782,land - populated,141,16,37.7564464,-122.490062,19594.0
60750329021002,60750329021,6075032902,94122.0,782,land - populated,95,11,37.7546329,-122.4888584,19535.0
60750329021003,60750329021,6075032902,94122.0,782,land - populated,131,20,37.7545835,-122.4899294,19706.0
60750329022001,60750329022,6075032902,94122.0,782,land - populated,195,33,37.7528105,-122.4876607,19877.0
60750329023001,60750329023,6075032902,94116.0,782,land - populated,140,25,37.7509485,-122.4875289,19794.0
60750329022002,60750329022,6075032902,94122.0,782,land - populated,171,29,37.7527653,-122.4887314,19333.0
60750329023002,60750329023,6075032902,94116.0,782,land - populated,157,30,37.7508957,-122.4885995,19399.0
60750329011001,60750329011,6075032901,94116.0,782,land - populated,145,24,37.7490812,-122.4873945,19630.0
60750329011002,60750329011,6075032901,94116.0,782,land - populated,175,30,37.749034,-122.488466,19580.0
60750329022003,60750329022,6075032902,94122.0,782,land - populated,177,30,37.7527166,-122.4897974,19731.0
60750329023003,60750329023,6075032902,94116.0,782,land - populated,203,40,37.7508512,-122.4896672,19647.0
60750329022004,60750329022,6075032902,94122.0,782,land - populated,160,28,37.7526684,-122.4908727,19705.0
60750329023004,60750329023,6075032902,94116.0,782,land - populated,145,19,37.750803,-122.4907415,19628.0
60750329011003,60750329011,6075032901,94116.0,782,land - populated,180,24,37.7489868,-122.4895375,19630.0
60750329011004,60750329011,6075032901,94116.0,782,land - populated,199,34,37.7489392,-122.4906105,19630.0
60750327005004,60750327005,6075032700,94122.0,782,land - populated,170,30,37.7563998,-122.491135,19562.0
60750327005005,60750327005,6075032700,94122.0,782,land - populated,150,22,37.7563521,-122.4922058,19523.0
60750329021004,60750329021,6075032902,94122.0,782,land - populated,183,36,37.7545358,-122.4910038,19641.0
60750329021005,60750329021,6075032902,94122.0,782,land - populated,175,28,37.7544883,-122.4920757,19621.0
60750327006004,60750327006,6075032700,94122.0,782,land - populated,163,20,37.756304,-122.4932771,19594.0
60750327006005,60750327006,6075032700,94122.0,782,land - populated,147,21,37.7562576,-122.4943502,19579.0
60750329021006,60750329021,6075032902,94122.0,782,land - populated,158,28,37.7544422,-122.4931483,19653.0
60750329021007,60750329021,6075032902,94122.0,782,land - populated,165,28,37.7543931,-122.4942201,19590.0
60750329022005,60750329022,6075032902,94122.0,782,land - populated,186,36,37.7526209,-122.4919463,19673.0
60750329023005,60750329023,6075032902,94116.0,782,land - populated,116,16,37.7507551,-122.4918147,19590.0
60750329011005,60750329011,6075032901,94116.0,782,land - populated,175,32,37.7488919,-122.4916837,19644.0
60750329023006,60750329023,6075032902,94116.0,782,land - populated,147,14,37.7507072,-122.492887,19576.0
60750329011006,60750329011,6075032901,94116.0,782,land - zero population,0,0,37.7488446,-122.4927568,19627.0
60750329022006,60750329022,6075032902,94122.0,782,land - populated,158,34,37.7525732,-122.493018,19656.0
60750329022007,60750329022,6075032902,94122.0,782,land - populated,165,24,37.7525259,-122.4940896,19677.0
60750329022008,60750329022,6075032902,94122.0,782,land - zero population,0,0,37.7524934,-122.4948567,8448.0
60750329011007,60750329011,6075032901,94116.0,782,land - populated,135,17,37.748797,-122.4938275,19562.0
60750329023007,60750329023,6075032902,94116.0,782,land - populated,163,22,37.7506608,-122.4939586,19561.0
60750329023008,60750329023,6075032902,94116.0,782,land - zero population,0,0,37.7506262,-122.4947254,8445.0
60750329011008,60750329011,6075032901,94116.0,782,land - zero population,0,0,37.7487635,-122.4945962,8566.0
60750329011009,60750329011,6075032901,94116.0,782,land - zero population,0,0,37.748748,-122.494902,2649.0
60750327007005,60750327007,6075032700,94122.0,782,land - zero population,0,0,37.7646355,-122.4957289,423.0
60750327007004,60750327007,6075032700,94122.0,782,land - populated,2,0,37.7638196,-122.4956618,6778.0
60750327007006,60750327007,6075032700,94122.0,544,land - zero population,0,0,37.7637333,-122.4959452,2792.0
60759803001061,60759803001,6075980300,94122.0,544,land - zero population,0,0,37.7650493,-122.4960349,1099.0
60750351001000,60750351001,6075035100,94122.0,544,land - zero population,0,0,37.7646126,-122.4962862,425.0
60750351001001,60750351001,6075035100,94122.0,544,land - zero population,0,0,37.7639941,-122.4962288,4666.0
60750351001004,60750351001,6075035100,94122.0,544,land - zero population,0,0,37.763201,-122.4962686,3768.0
60750351001002,60750351001,6075035100,94122.0,544,land - populated,217,37,37.7636141,-122.4970146,19435.0
60750327007009,60750327007,6075032700,94122.0,782,land - zero population,0,0,37.7629585,-122.4955229,1500.0
60750327007010,60750327007,6075032700,94122.0,782,land - zero population,0,0,37.7618169,-122.4955107,8475.0
60750327007011,60750327007,6075032700,94122.0,544,land - zero population,0,0,37.7618043,-122.4958135,2586.0
60750351002000,60750351002,6075035100,94122.0,544,land - zero population,0,0,37.7617922,-122.4961168,8493.0
60750351002001,60750351002,6075035100,94122.0,544,land - populated,225,28,37.761757,-122.496884,19517.0
60750351001003,60750351001,6075035100,94122.0,544,land - zero population,0,0,37.7645814,-122.4970521,810.0
60759803001029,60759803001,6075980300,94122.0,544,land - zero population,0,0,37.7648661,-122.4980087,24046.0
60750351001006,60750351001,6075035100,94122.0,544,land - zero population,0,0,37.7645278,-122.498153,730.0
60750351001005,60750351001,6075035100,94122.0,544,land - populated,218,42,37.7635666,-122.4980845,19461.0
60750351002002,60750351002,6075035100,94122.0,544,land - populated,232,35,37.7617099,-122.4979542,19562.0
60750351002003,60750351002,6075035100,94122.0,544,land - populated,166,23,37.7616628,-122.499026,19566.0
60750327007012,60750327007,6075032700,94122.0,782,land - zero population,0,0,37.7599538,-122.4953814,8573.0
60750327007014,60750327007,6075032700,94122.0,782,land - zero population,0,0,37.7599299,-122.4956817,2479.0
60750351003000,60750351003,6075035100,94122.0,544,land - zero population,0,0,37.7599275,-122.4959839,8585.0
60750351003001,60750351003,6075035100,94122.0,544,land - populated,202,37,37.7598919,-122.4967527,19610.0
60750327006007,60750327006,6075032700,94122.0,782,land - zero population,0,0,37.7580855,-122.4952505,8536.0
60750327006008,60750327006,6075032700,94122.0,544,land - zero population,0,0,37.7580713,-122.4955521,2500.0
60750351004000,60750351004,6075035100,94122.0,544,land - zero population,0,0,37.7580596,-122.4958534,8522.0
60750351004001,60750351004,6075035100,94122.0,544,land - populated,169,31,37.7580255,-122.4966215,19568.0
60750351003002,60750351003,6075035100,94122.0,544,land - populated,203,32,37.7598454,-122.4978232,19641.0
60750351003003,60750351003,6075035100,94122.0,544,land - populated,206,42,37.7597985,-122.498895,19646.0
60750351004002,60750351004,6075035100,94122.0,544,land - populated,149,30,37.7579787,-122.497692,19590.0
60750351004003,60750351004,6075035100,94122.0,544,land - populated,96,19,37.757932,-122.4987635,19614.0
60750351001008,60750351001,6075035100,94122.0,544,land - zero population,0,0,37.7644792,-122.4992133,756.0
60750351001007,60750351001,6075035100,94122.0,544,land - populated,203,32,37.7635178,-122.4991565,19457.0
60750351001010,60750351001,6075035100,94122.0,544,land - zero population,0,0,37.7644321,-122.5002903,710.0
60750351001009,60750351001,6075035100,94122.0,544,land - populated,173,26,37.7634717,-122.5002282,19461.0
60750351002004,60750351002,6075035100,94122.0,544,land - populated,243,35,37.7616154,-122.5000973,19539.0
60750351001012,60750351001,6075035100,94122.0,544,land - zero population,0,0,37.764386,-122.5013686,734.0
60750351001011,60750351001,6075035100,94122.0,544,land - populated,207,24,37.7634243,-122.5012991,19471.0
60750351001014,60750351001,6075035100,94122.0,544,land - zero population,0,0,37.7643354,-122.5024368,717.0
60750351001013,60750351001,6075035100,94122.0,544,land - populated,177,21,37.7633765,-122.5023718,19497.0
60750351002005,60750351002,6075035100,94122.0,544,land - populated,222,35,37.761568,-122.501169,19590.0
60750351002006,60750351002,6075035100,94122.0,544,land - populated,169,18,37.7615208,-122.502242,19585.0
60750351003004,60750351003,6075035100,94122.0,544,land - populated,167,14,37.7597511,-122.4999662,19614.0
60750351003005,60750351003,6075035100,94122.0,544,land - populated,193,32,37.7597046,-122.501037,19618.0
60750351004004,60750351004,6075035100,94122.0,544,land - populated,186,40,37.757885,-122.499835,19596.0
60750351004005,60750351004,6075035100,94122.0,544,land - populated,226,50,37.757838,-122.500905,19560.0
60750351003006,60750351003,6075035100,94122.0,544,land - populated,181,24,37.7596564,-122.5021099,19691.0
60750351004006,60750351004,6075035100,94122.0,544,land - populated,54,8,37.7577911,-122.5019778,19697.0
60750352014000,60750352014,6075035201,94122.0,544,land - populated,169,28,37.7577432,-122.503052,19620.0
60750327006006,60750327006,6075032700,94122.0,782,land - zero population,0,0,37.7562212,-122.4951187,8501.0
60750327006009,60750327006,6075032700,94122.0,544,land - zero population,0,0,37.7562075,-122.4954221,2607.0
60750351005000,60750351005,6075035100,94122.0,544,land - zero population,0,0,37.7561926,-122.4957259,8518.0
60750351005001,60750351005,6075035100,94122.0,544,land - populated,135,27,37.756161,-122.4964924,19535.0
60750329021008,60750329021,6075032902,94122.0,782,land - zero population,0,0,37.7543561,-122.4949857,8417.0
60750329021009,60750329021,6075032902,94122.0,782,land - zero population,0,0,37.7543633,-122.4952927,2760.0
60750351006000,60750351006,6075035100,94122.0,544,land - zero population,0,0,37.7543305,-122.4955975,8430.0
60750351006001,60750351006,6075035100,94122.0,544,land - populated,134,31,37.7542948,-122.4963628,19510.0
60750351005002,60750351005,6075035100,94122.0,544,land - populated,171,25,37.7561117,-122.4975611,19646.0
60750351005003,60750351005,6075035100,94122.0,544,land - populated,162,23,37.7560635,-122.4986326,19690.0
60750351006002,60750351006,6075035100,94122.0,544,land - populated,181,29,37.7542487,-122.4974321,19491.0
60750351006003,60750351006,6075035100,94122.0,544,land - populated,170,24,37.7542002,-122.4985022,19490.0
60750329022009,60750329022,6075032902,94122.0,782,land - zero population,0,0,37.7524741,-122.495161,2739.0
60750351007000,60750351007,6075035100,94122.0,750,land - zero population,0,0,37.7524687,-122.4954653,8395.0
60750351007001,60750351007,6075035100,94122.0,750,land - populated,171,40,37.7524344,-122.496232,19646.0
60750329023009,60750329023,6075032902,94116.0,782,land - zero population,0,0,37.7506132,-122.4950312,2735.0
60750353001000,60750353001,6075035300,94116.0,750,land - zero population,0,0,37.7506033,-122.4953355,8383.0
60750353001002,60750353001,6075035300,94116.0,750,land - zero population,0,0,37.7487385,-122.4952046,8437.0
60750351007002,60750351007,6075035100,94122.0,750,land - populated,185,35,37.7523852,-122.4973026,19582.0
60750351007003,60750351007,6075035100,94122.0,750,land - populated,180,36,37.7523373,-122.4983716,19625.0
60750353001001,60750353001,6075035300,94116.0,750,land - populated,15,0,37.7490135,-122.4973883,195962.0
60750351005004,60750351005,6075035100,94122.0,544,land - populated,222,35,37.7560154,-122.4997039,19689.0
60750351005005,60750351005,6075035100,94122.0,544,land - populated,153,24,37.7559657,-122.5007753,19756.0
60750351006004,60750351006,6075035100,94122.0,544,land - populated,157,13,37.7541509,-122.4995731,19487.0
60750351006005,60750351006,6075035100,94122.0,544,land - populated,179,35,37.7541032,-122.5006461,19510.0
60750351005006,60750351005,6075035100,94122.0,544,land - populated,132,22,37.7559192,-122.501848,19787.0
60750352013000,60750352013,6075035201,94122.0,544,land - populated,169,30,37.7558755,-122.50292,19708.0
60750351006006,60750351006,6075035100,94122.0,544,land - populated,140,25,37.7540534,-122.5017189,19421.0
60750352015000,60750352015,6075035201,94122.0,544,land - populated,171,31,37.7540111,-122.502792,19536.0
60750351007004,60750351007,6075035100,94122.0,750,land - populated,177,24,37.7522911,-122.4994433,19646.0
60750351007005,60750351007,6075035100,94122.0,750,land - populated,170,26,37.7522437,-122.500516,19661.0
60750351007008,60750351007,6075035100,94116.0,750,land - populated,172,31,37.7503793,-122.5003855,19598.0
60750351007006,60750351007,6075035100,94122.0,750,land - populated,205,41,37.7521965,-122.5015889,19655.0
60750352011000,60750352011,6075035201,94122.0,750,land - populated,151,27,37.7521486,-122.5026619,19653.0
60750351007007,60750351007,6075035100,94116.0,750,land - populated,162,31,37.750332,-122.5014586,19603.0
60750352012010,60750352012,6075035201,94116.0,750,land - populated,185,29,37.7502841,-122.5025316,19608.0
60750479022001,60750479022,6075047902,94121.0,664,land - populated,174,24,37.7804045,-122.50356,15751.0
60750479022004,60750479022,6075047902,94121.0,664,land - zero population,0,0,37.7794707,-122.5035369,3947.0
60750479022002,60750479022,6075047902,94121.0,664,land - populated,234,22,37.7804269,-122.5046349,14124.0
60750479022003,60750479022,6075047902,94121.0,664,land - populated,46,1,37.779494,-122.5046026,5424.0
60750479022009,60750479022,6075047902,94121.0,664,land - zero population,0,0,37.7792334,-122.5034747,1054.0
60750479022008,60750479022,6075047902,94121.0,664,land - populated,196,30,37.7782473,-122.5034124,19719.0
60750479022010,60750479022,6075047902,94121.0,664,land - zero population,0,0,37.7791839,-122.5045537,1072.0
60750479022011,60750479022,6075047902,94121.0,664,land - populated,180,26,37.7781976,-122.5044841,19625.0
60750479021000,60750479021,6075047902,94121.0,664,land - populated,169,15,37.7804486,-122.5057094,12693.0
60750479021004,60750479021,6075047902,94121.0,664,land - populated,26,3,37.7794919,-122.505671,7511.0
60750479021003,60750479021,6075047902,94121.0,664,land - populated,58,11,37.7795128,-122.5067443,8936.0
60750479021001,60750479021,6075047902,94121.0,664,land - populated,90,15,37.7803677,-122.5070167,13121.0
60750479022012,60750479022,6075047902,94121.0,664,land - populated,164,21,37.7781757,-122.5055573,20213.0
60750479021009,60750479021,6075047902,94121.0,664,land - populated,154,26,37.7781256,-122.5066287,20176.0
60750479013001,60750479013,6075047901,94121.0,664,land - populated,167,21,37.7763787,-122.503276,19657.0
60750479013002,60750479013,6075047901,94121.0,664,land - populated,214,24,37.7763297,-122.5043485,19611.0
60750479013005,60750479013,6075047901,94121.0,664,land - populated,165,23,37.774463,-122.5042125,19618.0
60750479013003,60750479013,6075047901,94121.0,664,land - populated,175,23,37.7762816,-122.5054185,19575.0
60750479015000,60750479015,6075047901,94121.0,664,land - populated,194,28,37.7762323,-122.5064893,19637.0
60750479013004,60750479013,6075047901,94121.0,664,land - populated,197,26,37.7744144,-122.5052818,19559.0
60750479015006,60750479015,6075047901,94121.0,664,land - populated,188,29,37.7743654,-122.5063522,19674.0
60759802001004,60759802001,6075980200,94121.0,664,land - populated,208,19,37.7813878,-122.5081879,57289.0
60750479021005,60750479021,6075047902,94121.0,664,land - populated,52,3,37.7794968,-122.5077995,9605.0
60750479021002,60750479021,6075047902,94121.0,664,land - populated,111,14,37.7803032,-122.5087651,13630.0
60750479021008,60750479021,6075047902,94121.0,664,land - populated,119,15,37.7780775,-122.5076975,20108.0
60750479021006,60750479021,6075047902,94121.0,664,land - populated,60,11,37.7794384,-122.508865,9398.0
60750479021007,60750479021,6075047902,94121.0,664,land - populated,120,14,37.778029,-122.5087645,20109.0
60750479012008,60750479012,6075047901,94121.0,664,land - zero population,0,0,37.780591,-122.5109828,25431.0
60750479012009,60750479012,6075047901,94121.0,664,land - populated,92,2,37.7775919,-122.5108703,134833.0
60750479015001,60750479015,6075047901,94121.0,664,land - populated,67,10,37.7766452,-122.5075931,9877.0
60750479015004,60750479015,6075047901,94121.0,664,land - populated,66,7,37.775712,-122.5075245,9663.0
60750479015002,60750479015,6075047901,94121.0,664,land - populated,87,7,37.7765965,-122.50866,9882.0
60750479015003,60750479015,6075047901,94121.0,664,land - populated,94,11,37.7756629,-122.5085916,9664.0
60750479015005,60750479015,6075047901,94121.0,664,land - populated,160,21,37.7743165,-122.5074225,19555.0
60750479015007,60750479015,6075047901,94121.0,664,land - populated,169,15,37.7742672,-122.5084905,19591.0
60750479012011,60750479012,6075047901,94121.0,664,land - populated,280,30,37.7742179,-122.509564,19761.0
60750479012010,60750479012,6075047901,94121.0,664,land - populated,340,62,37.7740821,-122.510649,21111.0
60750479012004,60750479012,6075047901,94121.0,664,land - populated,8,0,37.7740108,-122.5112408,2622.0
60750479014005,60750479014,6075047901,94121.0,664,land - populated,196,33,37.772597,-122.5040765,19597.0
60750479014006,60750479014,6075047901,94121.0,664,land - populated,204,37,37.7725482,-122.5051454,19516.0
60759803001018,60759803001,6075980300,94121.0,664,land - zero population,0,0,37.7712479,-122.5033205,3119.0
60750479012015,60750479012,6075047901,94121.0,664,land - populated,187,26,37.7724993,-122.506216,19650.0
60759803001019,60759803001,6075980300,94121.0,664,land - zero population,0,0,37.7692259,-122.5053951,202819.0
60750479012014,60750479012,6075047901,94121.0,664,land - populated,217,25,37.7724507,-122.5072862,19504.0
60750479012013,60750479012,6075047901,94121.0,664,land - populated,192,21,37.7724017,-122.508355,19576.0
60759803001020,60759803001,6075980300,94121.0,664,land - populated,15,0,37.7706539,-122.5091442,44491.0
60750479012012,60750479012,6075047901,94121.0,664,land - populated,4,0,37.7723535,-122.5094283,19661.0
60750479012016,60750479012,6075047901,94121.0,664,land - populated,217,20,37.7722557,-122.5105239,19549.0
60750479012005,60750479012,6075047901,94121.0,664,land - zero population,0,0,37.7721293,-122.5111662,2188.0
60759803001021,60759803001,6075980300,94121.0,664,land - zero population,0,0,37.7708731,-122.5109805,1224.0
60759803001024,60759803001,6075980300,94122.0,664,land - populated,1,0,37.7670218,-122.5086108,182906.0
60750479012003,60750479012,6075047901,94121.0,664,land - zero population,0,0,37.781286,-122.513657,256634.0
60750479012006,60750479012,6075047901,94121.0,664,land - zero population,0,0,37.7759363,-122.5114859,2196.0
60759803001022,60759803001,6075980300,94122.0,664,land - zero population,0,0,37.7673784,-122.5117627,165734.0
60750352021001,60750352021,6075035202,94122.0,544,land - zero population,0,0,37.7642872,-122.5035069,678.0
60750352021000,60750352021,6075035202,94122.0,544,land - populated,194,19,37.7633293,-122.5034451,19478.0
60750352021003,60750352021,6075035202,94122.0,544,land - populated,5,0,37.7642415,-122.5045771,668.0
60759803001028,60759803001,6075980300,94122.0,544,land - zero population,0,0,37.7647514,-122.5051643,76640.0
60750352021002,60750352021,6075035202,94122.0,544,land - populated,202,24,37.7632824,-122.5045174,19480.0
60750352022000,60750352022,6075035202,94122.0,544,land - populated,174,30,37.7614732,-122.5033145,19567.0
60750352022001,60750352022,6075035202,94122.0,544,land - populated,175,29,37.7614258,-122.5043865,19567.0
60750352021005,60750352021,6075035202,94122.0,544,land - zero population,0,0,37.7641919,-122.5056561,711.0
60750352021004,60750352021,6075035202,94122.0,544,land - populated,260,28,37.7632333,-122.5055883,19433.0
60750352021007,60750352021,6075035202,94122.0,544,land - zero population,0,0,37.7641464,-122.5067304,688.0
60750352021006,60750352021,6075035202,94122.0,544,land - populated,279,40,37.7631875,-122.5066593,19459.0
60750352022002,60750352022,6075035202,94122.0,544,land - populated,219,38,37.7613782,-122.505458,19549.0
60750352022003,60750352022,6075035202,94122.0,544,land - populated,246,35,37.761331,-122.506529,19553.0
60750352023000,60750352023,6075035202,94122.0,544,land - populated,204,31,37.75961,-122.503183,19613.0
60750352023001,60750352023,6075035202,94122.0,544,land - populated,161,33,37.7595624,-122.5042547,19634.0
60750352014001,60750352014,6075035201,94122.0,544,land - populated,175,36,37.7576969,-122.5041238,19615.0
60750352014002,60750352014,6075035201,94122.0,544,land - populated,177,29,37.7576499,-122.5051953,19621.0
60750352023002,60750352023,6075035202,94122.0,544,land - populated,178,31,37.7595154,-122.5053266,19605.0
60750352023003,60750352023,6075035202,94122.0,544,land - populated,193,30,37.7594685,-122.506398,19585.0
60750352014003,60750352014,6075035201,94122.0,544,land - populated,173,26,37.7576029,-122.5062667,19627.0
60750352021009,60750352021,6075035202,94122.0,544,land - zero population,0,0,37.7640991,-122.5077913,685.0
60750352021008,60750352021,6075035202,94122.0,544,land - populated,260,32,37.7631399,-122.5077299,19418.0
60750352021010,60750352021,6075035202,94122.0,544,land - populated,336,54,37.7630928,-122.5087991,19450.0
60750352021011,60750352021,6075035202,94122.0,544,land - zero population,0,0,37.7640549,-122.5088857,770.0
60750352022004,60750352022,6075035202,94122.0,544,land - populated,339,29,37.7612838,-122.507599,19512.0
60750352022005,60750352022,6075035202,94122.0,544,land - populated,283,31,37.7612358,-122.5086693,19557.0
60750352021013,60750352021,6075035202,94122.0,664,land - zero population,0,0,37.7640351,-122.5096629,444.0
60750352021012,60750352021,6075035202,94122.0,544,land - zero population,0,0,37.7630941,-122.5095364,7253.0
60750352012000,60750352012,6075035201,94122.0,664,land - zero population,0,0,37.7640198,-122.5100582,487.0
60759803001025,60759803001,6075980300,94122.0,664,land - zero population,0,0,37.766414,-122.5103225,8570.0
60750352022006,60750352022,6075035202,94122.0,544,land - populated,38,1,37.7612644,-122.5093593,5420.0
60750352023004,60750352023,6075035202,94122.0,544,land - populated,253,22,37.7594216,-122.5074678,19540.0
60750352023005,60750352023,6075035202,94122.0,544,land - populated,310,30,37.7593722,-122.5085396,19664.0
60750352023006,60750352023,6075035202,94122.0,544,land - populated,13,1,37.7594366,-122.5091812,3494.0
60750352014004,60750352014,6075035201,94122.0,544,land - populated,180,32,37.757556,-122.5073365,19563.0
60750352014005,60750352014,6075035201,94122.0,544,land - populated,298,22,37.757518,-122.5084397,20814.0
60750352013001,60750352013,6075035201,94122.0,544,land - populated,184,28,37.7558329,-122.5039932,19546.0
60750352013002,60750352013,6075035201,94122.0,544,land - populated,185,38,37.7557857,-122.505064,19561.0
60750352015001,60750352015,6075035201,94122.0,544,land - populated,106,12,37.7539691,-122.5038628,19608.0
60750352015002,60750352015,6075035201,94122.0,544,land - populated,188,32,37.7539212,-122.504934,19637.0
60750352013003,60750352013,6075035201,94122.0,544,land - populated,161,21,37.7557386,-122.5061353,19575.0
60750352013004,60750352013,6075035201,94122.0,544,land - populated,189,23,37.7556911,-122.5072053,19526.0
60750352015003,60750352015,6075035201,94122.0,544,land - populated,172,23,37.7538741,-122.5060053,19608.0
60750352015004,60750352015,6075035201,94122.0,544,land - populated,191,33,37.7538264,-122.5070752,19591.0
60750352011001,60750352011,6075035201,94122.0,750,land - populated,152,24,37.7521013,-122.503733,19615.0
60750352011002,60750352011,6075035201,94122.0,750,land - populated,186,26,37.7520531,-122.5048049,19693.0
60750352012009,60750352012,6075035201,94116.0,750,land - populated,169,25,37.7502365,-122.5036036,19537.0
60750352012008,60750352012,6075035201,94116.0,750,land - populated,159,23,37.7501885,-122.5046753,19602.0
60750352011003,60750352011,6075035201,94122.0,750,land - populated,167,23,37.7520064,-122.5058765,19615.0
60750352011004,60750352011,6075035201,94122.0,750,land - populated,218,34,37.7519605,-122.5069466,19568.0
60750352012007,60750352012,6075035201,94116.0,750,land - populated,173,30,37.7501417,-122.5057483,19558.0
60750352012006,60750352012,6075035201,94116.0,750,land - populated,198,39,37.7500955,-122.5068174,19533.0
60750352013005,60750352013,6075035201,94122.0,544,land - populated,169,16,37.7556582,-122.5082666,19220.0
60750352012001,60750352012,6075035201,94122.0,544,land - zero population,0,0,37.7565622,-122.50912,62545.0
60750352015005,60750352015,6075035201,94122.0,544,land - populated,190,33,37.7538013,-122.5080847,17319.0
60750352012002,60750352012,6075035201,94122.0,544,land - zero population,0,0,37.7565031,-122.5093854,17421.0
60750352012003,60750352012,6075035201,94122.0,544,land - zero population,0,0,37.7566148,-122.5104339,282954.0
60750352011005,60750352011,6075035201,94122.0,750,land - populated,183,32,37.751939,-122.5078975,15174.0
60750352012005,60750352012,6075035201,94116.0,750,land - populated,112,8,37.7500807,-122.5077105,13031.0
60759806001007,60759806001,6075980600,94124.0,830,land - zero population,0,0,37.734843,-122.3676838,3571.0
60750179021074,60750179021,6075017902,94124.0,830,land - zero population,0,0,37.7349867,-122.3684883,11112.0
60750179021073,60750179021,6075017902,94124.0,830,land - zero population,0,0,37.7345212,-122.3693893,15261.0
60759806001006,60759806001,6075980600,94124.0,830,land - zero population,0,0,37.7339929,-122.3684512,2035.0
60759806001004,60759806001,6075980600,94124.0,830,land - zero population,0,0,37.7333668,-122.3690131,1998.0
60750179021072,60750179021,6075017902,94124.0,830,land - zero population,0,0,37.7339001,-122.369955,15416.0
60759806001009,60759806001,6075980600,94124.0,830,land - zero population,0,0,37.7327423,-122.3695723,1939.0
60750179021065,60750179021,6075017902,94124.0,830,land - zero population,0,0,37.735012,-122.370613,3098.0
60750179021064,60750179021,6075017902,94124.0,830,land - zero population,0,0,37.7347119,-122.3714872,11740.0
60750179021071,60750179021,6075017902,94124.0,830,land - zero population,0,0,37.7333287,-122.3703746,10775.0
60750231032001,60750231032,6075023103,94124.0,830,land - zero population,0,0,37.7331452,-122.3708425,4693.0
60750231032000,60750231032,6075023103,94124.0,830,land - zero population,0,0,37.7338673,-122.3719034,4763.0
60759806001043,60759806001,6075980600,94124.0,625,land - zero population,0,0,37.727012,-122.3586997,17550.0
60759806001031,60759806001,6075980600,94124.0,830,land - zero population,0,0,37.729639,-122.3605825,99085.0
60759806001002,60759806001,6075980600,94124.0,830,land - zero population,0,0,37.7304157,-122.3636226,13107.0
60759806001030,60759806001,6075980600,94124.0,830,land - zero population,0,0,37.7298593,-122.362842,9152.0
60759806001029,60759806001,6075980600,94124.0,830,land - zero population,0,0,37.729331,-122.3637512,8219.0
60759806001033,60759806001,6075980600,94124.0,830,land - zero population,0,0,37.729192,-122.36307,1086.0
60759806001032,60759806001,6075980600,94124.0,830,land - zero population,0,0,37.7286573,-122.3630273,726.0
60759806001036,60759806001,6075980600,94124.0,830,land - zero population,0,0,37.7285728,-122.3631633,609.0
60759806001041,60759806001,6075980600,94124.0,625,land - zero population,0,0,37.7267528,-122.3598391,7064.0
60759806001038,60759806001,6075980600,94124.0,830,land - zero population,0,0,37.7272667,-122.361076,2922.0
60759806001039,60759806001,6075980600,94124.0,625,land - zero population,0,0,37.72636,-122.3614184,27363.0
60759806001035,60759806001,6075980600,94124.0,830,land - zero population,0,0,37.7277737,-122.3632011,23121.0
60759806001037,60759806001,6075980600,94124.0,830,land - zero population,0,0,37.7269399,-122.3630299,26417.0
60759806001042,60759806001,6075980600,94124.0,625,land - zero population,0,0,37.7252933,-122.3627763,2201.0
60759806001045,60759806001,6075980600,94124.0,625,land - zero population,0,0,37.7259822,-122.3633536,13042.0
60759806001040,60759806001,6075980600,94124.0,625,land - zero population,0,0,37.7227508,-122.3624562,248852.0
60759806001047,60759806001,6075980600,94124.0,625,land - zero population,0,0,37.7238035,-122.3762783,458555.0
60759806001001,60759806001,6075980600,94124.0,830,land - zero population,0,0,37.7309467,-122.3644803,13349.0
60759806001028,60759806001,6075980600,94124.0,830,land - zero population,0,0,37.7292561,-122.3654251,32137.0
60759806001034,60759806001,6075980600,94124.0,830,land - zero population,0,0,37.7284161,-122.3655485,7279.0
60759806001005,60759806001,6075980600,94124.0,830,land - zero population,0,0,37.7301359,-122.3670291,9521.0
60759806001020,60759806001,6075980600,94124.0,830,land - zero population,0,0,37.7300038,-122.3677699,24656.0
60759806001026,60759806001,6075980600,94124.0,830,land - zero population,0,0,37.7274518,-122.3649728,26391.0
60759806001027,60759806001,6075980600,94124.0,830,land - zero population,0,0,37.7263872,-122.3650606,5884.0
60759806001015,60759806001,6075980600,94124.0,830,land - zero population,0,0,37.7275752,-122.3669263,15652.0
60759806001063,60759806001,6075980600,94124.0,830,land - zero population,0,0,37.7270942,-122.3673512,1136.0
60759806001003,60759806001,6075980600,94124.0,830,land - zero population,0,0,37.7312255,-122.3680879,146018.0
60759806001019,60759806001,6075980600,94124.0,830,land - zero population,0,0,37.7290266,-122.3680193,21652.0
60759806001062,60759806001,6075980600,94124.0,830,land - zero population,0,0,37.728429,-122.3686555,11939.0
60759806001021,60759806001,6075980600,94124.0,830,land - zero population,0,0,37.7289459,-122.3695909,5172.0
60759806001008,60759806001,6075980600,94124.0,830,land - zero population,0,0,37.7319507,-122.370225,1936.0
60750231032002,60750231032,6075023103,94124.0,830,land - zero population,0,0,37.7319647,-122.3715897,50263.0
60759806001022,60759806001,6075980600,94124.0,830,land - zero population,0,0,37.7283273,-122.3701484,5052.0
60759806001010,60759806001,6075980600,94124.0,830,land - populated,13,1,37.7291975,-122.3710751,7766.0
60759806001011,60759806001,6075980600,94124.0,830,land - populated,130,19,37.7289083,-122.3714674,10599.0
60759806001012,60759806001,6075980600,94124.0,830,land - populated,135,40,37.728379,-122.3719181,18019.0
60759806001018,60759806001,6075980600,94124.0,830,land - zero population,0,0,37.7278087,-122.3692141,11755.0
60759806001016,60759806001,6075980600,94124.0,830,land - zero population,0,0,37.7272518,-122.3698282,10309.0
60759806001017,60759806001,6075980600,94124.0,830,land - zero population,0,0,37.7277181,-122.3707047,5216.0
60759806001014,60759806001,6075980600,94124.0,830,land - populated,121,34,37.7268878,-122.3718931,234048.0
60759806001044,60759806001,6075980600,94124.0,625,land - zero population,0,0,37.7234723,-122.364479,26358.0
60759806001025,60759806001,6075980600,94124.0,625,land - zero population,0,0,37.7237686,-122.3658925,51745.0
60759806001024,60759806001,6075980600,94124.0,625,land - zero population,0,0,37.7234273,-122.3671999,57677.0
60759806001052,60759806001,6075980600,94124.0,625,land - zero population,0,0,37.7182502,-122.364037,18285.0
60759806001055,60759806001,6075980600,94124.0,625,land - zero population,0,0,37.7173725,-122.3647079,21694.0
60759806001058,60759806001,6075980600,94124.0,625,land - zero population,0,0,37.719818,-122.3664662,47041.0
60759806001056,60759806001,6075980600,94124.0,625,land - zero population,0,0,37.7192065,-122.3675686,55896.0
60759806001023,60759806001,6075980600,94124.0,625,land - zero population,0,0,37.7231655,-122.3685424,52051.0
60759806001051,60759806001,6075980600,94124.0,625,land - zero population,0,0,37.7228115,-122.36976,50679.0
60759806001064,60759806001,6075980600,94124.0,625,land - zero population,0,0,37.7232065,-122.371513,27223.0
60759806001065,60759806001,6075980600,94124.0,625,land - zero population,0,0,37.7218368,-122.3710241,23342.0
60759806001050,60759806001,6075980600,94124.0,625,land - zero population,0,0,37.7208268,-122.3704506,16697.0
60759806001054,60759806001,6075980600,94124.0,625,land - zero population,0,0,37.7211307,-122.3719823,5711.0
60759806001053,60759806001,6075980600,94124.0,625,land - zero population,0,0,37.7198377,-122.3695819,10213.0
60759809001001,60759809001,6075980900,94124.0,830,land - zero population,0,0,37.7455105,-122.3746435,0.0
60750231031000,60750231031,6075023103,94124.0,830,land - zero population,0,0,37.7416723,-122.3728287,323643.0
60759809001132,60759809001,6075980900,94124.0,830,land - zero population,0,0,37.7447113,-122.3795737,493522.0
60759809001133,60759809001,6075980900,94124.0,830,land - zero population,0,0,37.7420073,-122.3800142,9302.0
60750179021080,60750179021,6075017902,94124.0,830,land - zero population,0,0,37.7396974,-122.3723605,1147.0
60750179021005,60750179021,6075017902,94124.0,830,land - zero population,0,0,37.7395815,-122.3726922,3503.0
60750231031003,60750231031,6075023103,94124.0,830,land - zero population,0,0,37.7380245,-122.372256,70476.0
60750231031002,60750231031,6075023103,94124.0,830,land - zero population,0,0,37.7386177,-122.375089,4446.0
60750179021066,60750179021,6075017902,94124.0,830,land - zero population,0,0,37.736286,-122.3751003,13458.0
60750179021004,60750179021,6075017902,94124.0,830,land - zero population,0,0,37.7353563,-122.3733155,58226.0
60750179021070,60750179021,6075017902,94124.0,830,land - zero population,0,0,37.7344304,-122.3724266,12406.0
60750179021069,60750179021,6075017902,94124.0,830,land - zero population,0,0,37.7339107,-122.3733,8910.0
60750231032003,60750231032,6075023103,94124.0,830,land - zero population,0,0,37.7327194,-122.3731704,30440.0
60750179021078,60750179021,6075017902,94124.0,830,land - zero population,0,0,37.7333137,-122.3738999,8179.0
60750179021068,60750179021,6075017902,94124.0,830,land - zero population,0,0,37.7346084,-122.3744418,11985.0
60750179021067,60750179021,6075017902,94124.0,830,land - zero population,0,0,37.7354602,-122.3757403,2488.0
60750231032014,60750231032,6075023103,94124.0,830,land - zero population,0,0,37.7349533,-122.375342,5283.0
60750179021075,60750179021,6075017902,94124.0,830,land - zero population,0,0,37.7337622,-122.374677,6220.0
60750179021077,60750179021,6075017902,94124.0,830,land - zero population,0,0,37.732846,-122.3744548,4282.0
60750179021076,60750179021,6075017902,94124.0,830,land - zero population,0,0,37.7331529,-122.3751664,4356.0
60750231032013,60750231032,6075023103,94124.0,830,land - zero population,0,0,37.7342667,-122.3756039,10735.0
60750231032012,60750231032,6075023103,94124.0,830,land - zero population,0,0,37.7336672,-122.3761834,13616.0
60750231032004,60750231032,6075023103,94124.0,830,land - zero population,0,0,37.7327891,-122.3752352,729.0
60750231031001,60750231031,6075023103,94124.0,830,land - zero population,0,0,37.737651,-122.3767958,81520.0
60750231031008,60750231031,6075023103,94124.0,830,land - zero population,0,0,37.7382948,-122.380156,2405.0
60750231031004,60750231031,6075023103,94124.0,830,land - zero population,0,0,37.7354331,-122.3764841,15896.0
60750231031005,60750231031,6075023103,94124.0,830,land - populated,372,141,37.7353062,-122.3781944,87705.0
60750231032005,60750231032,6075023103,94124.0,830,land - populated,16,3,37.7327633,-122.3762223,13743.0
60750231032009,60750231032,6075023103,94124.0,830,land - zero population,0,0,37.7331278,-122.377207,3407.0
60750231031007,60750231031,6075023103,94124.0,830,land - populated,7,1,37.736084,-122.380167,21337.0
60759809001040,60759809001,6075980900,94124.0,830,land - zero population,0,0,37.7472836,-122.3821311,31843.0
60759809001134,60759809001,6075980900,94124.0,830,land - zero population,0,0,37.740676,-122.3809075,210383.0
60759809001119,60759809001,6075980900,94124.0,830,land - zero population,0,0,37.7450001,-122.3850776,5397.0
60759809001035,60759809001,6075980900,94107.0,830,land - populated,17,0,37.7483817,-122.3868561,12497.0
60759809001036,60759809001,6075980900,94107.0,838,land - zero population,0,0,37.7483549,-122.3873979,1573.0
60759809001037,60759809001,6075980900,94107.0,838,land - zero population,0,0,37.747661,-122.3873343,298.0
60759809001041,60759809001,6075980900,94124.0,838,land - zero population,0,0,37.7470992,-122.3872825,278.0
60759809001042,60759809001,6075980900,94124.0,838,land - zero population,0,0,37.7466186,-122.3872297,1142.0
60759809001117,60759809001,6075980900,94124.0,830,land - zero population,0,0,37.7455957,-122.3871318,1156.0
60759809001121,60759809001,6075980900,94124.0,830,land - zero population,0,0,37.7446534,-122.387239,874.0
60759809001043,60759809001,6075980900,94124.0,838,land - zero population,0,0,37.7466644,-122.3877017,5361.0
60759809001116,60759809001,6075980900,94124.0,838,land - zero population,0,0,37.7454496,-122.3879652,26024.0
60759809001118,60759809001,6075980900,94124.0,830,land - zero population,0,0,37.7437701,-122.3857443,101398.0
60759809001135,60759809001,6075980900,94124.0,830,land - zero population,0,0,37.7419345,-122.3850656,26076.0
60759809001136,60759809001,6075980900,94124.0,830,land - zero population,0,0,37.7414303,-122.3856448,3073.0
60759809001140,60759809001,6075980900,94124.0,830,land - zero population,0,0,37.741067,-122.3859465,16332.0
60759809001120,60759809001,6075980900,94124.0,830,land - zero population,0,0,37.7438873,-122.3875021,815.0
60759809001122,60759809001,6075980900,94124.0,838,land - zero population,0,0,37.7437337,-122.3876994,656.0
60759809001123,60759809001,6075980900,94124.0,838,land - zero population,0,0,37.7431595,-122.3880008,3595.0
60750612001000,60750612001,6075061200,94124.0,830,land - zero population,0,0,37.7423293,-122.3872207,2179.0
60750612001001,60750612001,6075061200,94124.0,830,land - zero population,0,0,37.741632,-122.3876176,18112.0
60750612001002,60750612001,6075061200,94124.0,838,land - zero population,0,0,37.7422954,-122.3880635,931.0
60759809001129,60759809001,6075980900,94124.0,838,land - populated,2,0,37.742467,-122.388439,5786.0
60750612001003,60750612001,6075061200,94124.0,838,land - zero population,0,0,37.7415,-122.3883411,938.0
60750612001006,60750612001,6075061200,94124.0,625,land - populated,2,0,37.740551,-122.3882613,5342.0
60759809001138,60759809001,6075980900,94124.0,830,land - zero population,0,0,37.7398152,-122.3827956,6613.0
60759809001139,60759809001,6075980900,94124.0,830,land - zero population,0,0,37.7394788,-122.3831508,32861.0
60750231021000,60750231021,6075023102,94124.0,830,land - populated,230,30,37.738568,-122.383948,68368.0
60750231031006,60750231031,6075023103,94124.0,830,land - populated,896,322,37.735733,-122.38143,146637.0
60750231021014,60750231021,6075023102,94124.0,830,land - populated,118,43,37.7332242,-122.3805132,11756.0
60750231021009,60750231021,6075023102,94124.0,625,land - populated,14,3,37.7352418,-122.3839899,16172.0
60750231021008,60750231021,6075023102,94124.0,625,land - populated,175,35,37.7340648,-122.3837721,30907.0
60750231021003,60750231021,6075023102,94124.0,625,land - populated,18,1,37.7379106,-122.3861785,1956.0
60750231021001,60750231021,6075023102,94124.0,625,land - populated,723,187,37.7371897,-122.3859322,81050.0
60750612001004,60750612001,6075061200,94124.0,830,land - zero population,0,0,37.7404543,-122.3864924,17267.0
60750612001005,60750612001,6075061200,94124.0,625,land - populated,100,24,37.7398274,-122.387054,17350.0
60750612001008,60750612001,6075061200,94124.0,625,land - populated,205,30,37.7392021,-122.387617,17275.0
60750612001011,60750612001,6075061200,94124.0,625,land - populated,178,35,37.7385708,-122.3881618,17082.0
60750231021002,60750231021,6075023102,94124.0,625,land - zero population,0,0,37.7360732,-122.3846124,2910.0
60750231021010,60750231021,6075023102,94124.0,625,land - populated,50,4,37.7359065,-122.3853342,8436.0
60750231021011,60750231021,6075023102,94124.0,625,land - populated,71,14,37.7358417,-122.3862529,16402.0
60750231022000,60750231022,6075023102,94124.0,625,land - zero population,0,0,37.7337185,-122.3855453,3791.0
60750231021012,60750231021,6075023102,94124.0,625,land - populated,109,29,37.734327,-122.3852597,16827.0
60750231021013,60750231021,6075023102,94124.0,625,land - zero population,0,0,37.7332743,-122.3847725,594.0
60750231022002,60750231022,6075023102,94124.0,625,land - populated,49,13,37.7334558,-122.3855741,3132.0
60750231022003,60750231022,6075023102,94124.0,625,land - zero population,0,0,37.7329752,-122.3855128,944.0
60750231021004,60750231021,6075023102,94124.0,625,land - zero population,0,0,37.7365075,-122.386815,2528.0
60750612001021,60750612001,6075061200,94124.0,625,land - populated,6,3,37.736069,-122.3879235,1682.0
60750612001020,60750612001,6075061200,94124.0,625,land - populated,176,33,37.7356688,-122.3881267,14433.0
60750231022001,60750231022,6075023102,94124.0,625,land - populated,285,83,37.7342552,-122.3866654,28718.0
60750231022006,60750231022,6075023102,94124.0,625,land - populated,180,42,37.7333181,-122.387264,17584.0
60750231022007,60750231022,6075023102,94124.0,625,land - populated,177,39,37.7326949,-122.3878272,16906.0
60750231032011,60750231032,6075023103,94124.0,830,land - populated,22,4,37.7307167,-122.3726676,17326.0
60750231032015,60750231032,6075023103,94124.0,830,land - populated,163,59,37.7294599,-122.3737799,16561.0
60750231032010,60750231032,6075023103,94124.0,830,land - zero population,0,0,37.731779,-122.374542,17278.0
60750231032006,60750231032,6075023103,94124.0,830,land - populated,525,208,37.7316184,-122.3761093,80630.0
60750231032016,60750231032,6075023103,94124.0,830,land - populated,22,9,37.7287708,-122.3748188,30861.0
60759806001013,60759806001,6075980600,94124.0,830,land - populated,68,16,37.728029,-122.3729417,10764.0
60750231032007,60750231032,6075023103,94124.0,625,land - populated,408,193,37.7306318,-122.3771527,42682.0
60750231032008,60750231032,6075023103,94124.0,830,land - populated,230,75,37.7321344,-122.3786949,24375.0
60750231021005,60750231021,6075023102,94124.0,625,land - populated,37,11,37.7312332,-122.3797263,3933.0
60750231032017,60750231032,6075023103,94124.0,625,land - populated,766,261,37.729651,-122.3789393,100947.0
60759806001057,60759806001,6075980600,94124.0,625,land - zero population,0,0,37.7272721,-122.3784954,10180.0
60750232002018,60750232002,6075023200,94124.0,625,land - zero population,0,0,37.7267753,-122.3790446,17247.0
60750232002019,60750232002,6075023200,94124.0,625,land - populated,3,0,37.7261477,-122.3796042,17254.0
60759806001048,60759806001,6075980600,94124.0,625,land - zero population,0,0,37.7232447,-122.3731374,34897.0
60759806001049,60759806001,6075980600,94124.0,625,land - zero population,0,0,37.7220315,-122.3727354,17742.0
60750231021007,60750231021,6075023102,94124.0,625,land - populated,200,80,37.7314592,-122.3803922,10647.0
60750231021006,60750231021,6075023102,94124.0,625,land - populated,233,73,37.7322839,-122.3820062,62246.0
60750231032018,60750231032,6075023103,94124.0,625,land - populated,298,124,37.7289859,-122.3813038,33246.0
60750231022005,60750231022,6075023102,94124.0,625,land - populated,84,34,37.7318837,-122.3829687,6988.0
60750232002013,60750232002,6075023200,94124.0,625,land - populated,171,41,37.7288947,-122.3827787,17284.0
60750232002012,60750232002,6075023200,94124.0,625,land - populated,245,95,37.7282685,-122.3833409,17274.0
60750232002015,60750232002,6075023200,94124.0,625,land - zero population,0,0,37.7275505,-122.3805793,8947.0
60750232002014,60750232002,6075023200,94124.0,625,land - populated,44,11,37.7281402,-122.381268,8320.0
60750232002020,60750232002,6075023200,94124.0,625,land - zero population,0,0,37.727099,-122.3812859,13805.0
60750232002011,60750232002,6075023200,94124.0,625,land - populated,14,3,37.7276402,-122.3822094,3475.0
60750232002010,60750232002,6075023200,94124.0,625,land - populated,45,18,37.7265807,-122.3820322,17308.0
60750232002017,60750232002,6075023200,94124.0,625,land - populated,163,44,37.7276422,-122.3839026,17300.0
60750232002009,60750232002,6075023200,94124.0,625,land - populated,8,3,37.7259531,-122.3825933,17331.0
60750232002008,60750232002,6075023200,94124.0,625,land - populated,3,0,37.7247697,-122.3834142,205062.0
60750231022004,60750231022,6075023102,94124.0,625,land - populated,725,229,37.7314825,-122.3844109,87978.0
60750232002000,60750232002,6075023200,94124.0,625,land - populated,151,37,37.7299519,-122.3846413,17180.0
60750232002001,60750232002,6075023200,94124.0,625,land - populated,165,37,37.7293269,-122.3852053,17200.0
60750232002002,60750232002,6075023200,94124.0,625,land - populated,168,44,37.7287019,-122.3857693,17239.0
60750232003007,60750232003,6075023200,94124.0,625,land - populated,166,36,37.7310117,-122.3865087,17355.0
60750232003008,60750232003,6075023200,94124.0,625,land - populated,221,62,37.7303872,-122.3870731,17337.0
60750232003006,60750232003,6075023200,94124.0,625,land - populated,169,41,37.7320751,-122.388384,17321.0
60750232003011,60750232003,6075023200,94124.0,625,land - populated,195,51,37.7297621,-122.3876372,17316.0
60750232001010,60750232001,6075023200,94124.0,625,land - populated,184,44,37.7291368,-122.3882021,17309.0
60750232002016,60750232002,6075023200,94124.0,625,land - populated,134,43,37.7270155,-122.3844649,17327.0
60750232002003,60750232002,6075023200,94124.0,625,land - populated,157,33,37.7280764,-122.3863341,17296.0
60750232002004,60750232002,6075023200,94124.0,625,land - populated,135,33,37.7274498,-122.3868963,17278.0
60750232002005,60750232002,6075023200,94124.0,625,land - zero population,0,0,37.7268259,-122.3874571,17174.0
60750232002006,60750232002,6075023200,94124.0,625,land - populated,80,2,37.7261993,-122.388019,17419.0
60750234002017,60750234002,6075023400,94124.0,453,land - zero population,0,0,37.7211935,-122.3842604,44460.0
60750234002000,60750234002,6075023400,94124.0,453,land - zero population,0,0,37.723326,-122.3863437,32571.0
60750234002002,60750234002,6075023400,94124.0,453,land - zero population,0,0,37.7222004,-122.3859721,17075.0
60750234002014,60750234002,6075023400,94124.0,453,land - populated,302,146,37.7193588,-122.3878154,24010.0
60750234002001,60750234002,6075023400,94124.0,453,land - zero population,0,0,37.7229472,-122.3881248,34441.0
60750234002016,60750234002,6075023400,94124.0,453,land - zero population,0,0,37.7215848,-122.3865287,17006.0
60750234002013,60750234002,6075023400,94124.0,453,land - populated,102,41,37.7205239,-122.3871473,9595.0
60750234002012,60750234002,6075023400,94124.0,453,land - populated,308,102,37.7183373,-122.385429,78460.0
60750234002015,60750234002,6075023400,94124.0,453,land - populated,134,62,37.7200279,-122.3876234,11328.0
60750610001002,60750610001,6075061000,94124.0,453,land - zero population,0,0,37.7132283,-122.3846994,357442.0
60750610001030,60750610001,6075061000,94124.0,453,land - populated,20,2,37.7146063,-122.3881274,25655.0
60750610001029,60750610001,6075061000,94124.0,453,land - zero population,0,0,37.712073,-122.3869063,2235.0
60759809001033,60759809001,6075980900,94107.0,838,land - populated,12,0,37.7486247,-122.388617,43862.0
60759809001044,60759809001,6075980900,94124.0,838,land - zero population,0,0,37.7462861,-122.389477,27706.0
60759809001045,60759809001,6075980900,94124.0,838,land - zero population,0,0,37.7455168,-122.3904064,17259.0
60759809001027,60759809001,6075980900,94107.0,838,land - populated,3,0,37.7479043,-122.3911685,82865.0
60759809001046,60759809001,6075980900,94124.0,838,land - zero population,0,0,37.7448891,-122.3909723,17298.0
60759809001115,60759809001,6075980900,94124.0,838,land - zero population,0,0,37.7444584,-122.3885564,17105.0
60759809001124,60759809001,6075980900,94124.0,838,land - zero population,0,0,37.7438277,-122.3891119,17311.0
60759809001130,60759809001,6075980900,94124.0,838,land - populated,18,1,37.7417684,-122.3888567,8364.0
60750612001007,60750612001,6075061200,94124.0,838,land - zero population,0,0,37.7407136,-122.3886185,955.0
60759809001048,60759809001,6075980900,94124.0,838,land - populated,3,0,37.7410659,-122.3892733,11033.0
60759809001047,60759809001,6075980900,94124.0,838,land - zero population,0,0,37.7428413,-122.3920576,208903.0
60759809001131,60759809001,6075980900,94107.0,838,land - zero population,0,0,37.747977,-122.3935394,5298.0
60759809001022,60759809001,6075980900,94107.0,838,land - zero population,0,0,37.7467876,-122.3938704,879.0
60759809001023,60759809001,6075980900,94107.0,838,land - zero population,0,0,37.746934,-122.3945829,12027.0
60759809001113,60759809001,6075980900,94107.0,838,land - zero population,0,0,37.7458636,-122.3926448,14096.0
60759809001049,60759809001,6075980900,94107.0,838,land - zero population,0,0,37.7466406,-122.3935822,7600.0
60759809001051,60759809001,6075980900,94107.0,838,land - zero population,0,0,37.745987,-122.3942468,332.0
60759809001050,60759809001,6075980900,94107.0,838,land - zero population,0,0,37.7454101,-122.3943448,9078.0
60759809001052,60759809001,6075980900,94107.0,838,land - zero population,0,0,37.7456474,-122.3945853,930.0
60759809001024,60759809001,6075980900,94107.0,838,land - zero population,0,0,37.7478945,-122.3950711,29882.0
60759809001053,60759809001,6075980900,94107.0,838,land - zero population,0,0,37.746079,-122.3955862,33221.0
60759809001059,60759809001,6075980900,94107.0,838,land - zero population,0,0,37.7451401,-122.396408,16989.0
60759809001099,60759809001,6075980900,94124.0,838,land - zero population,0,0,37.7436426,-122.3950826,16612.0
60759809001074,60759809001,6075980900,94107.0,838,land - zero population,0,0,37.7445949,-122.395483,348.0
60759809001075,60759809001,6075980900,94124.0,838,land - zero population,0,0,37.7442514,-122.3955055,5072.0
60759809001098,60759809001,6075980900,94124.0,838,land - zero population,0,0,37.7427446,-122.395473,15182.0
60759809001073,60759809001,6075980900,94124.0,838,land - zero population,0,0,37.7442256,-122.3957689,854.0
60759809001071,60759809001,6075980900,94124.0,838,land - zero population,0,0,37.7440335,-122.3961514,1558.0
60759809001072,60759809001,6075980900,94124.0,838,land - zero population,0,0,37.7439657,-122.3960531,438.0
60759809001076,60759809001,6075980900,94124.0,838,land - zero population,0,0,37.7434372,-122.3965365,309.0
60759809001097,60759809001,6075980900,94124.0,838,land - zero population,0,0,37.7425407,-122.3959988,6053.0
60759809001096,60759809001,6075980900,94124.0,507,land - zero population,0,0,37.7421145,-122.3962351,14033.0
60750612001009,60750612001,6075061200,94124.0,625,land - zero population,0,0,37.7398725,-122.3886654,2670.0
60750612001010,60750612001,6075061200,94124.0,838,land - zero population,0,0,37.739927,-122.3888956,940.0
60750612001012,60750612001,6075061200,94124.0,625,land - zero population,0,0,37.7393561,-122.388977,349.0
60750612001013,60750612001,6075061200,94124.0,838,land - zero population,0,0,37.7391389,-122.3891739,958.0
60759809001127,60759809001,6075980900,94124.0,838,land - populated,21,1,37.7403633,-122.3896913,13589.0
60759809001128,60759809001,6075980900,94124.0,838,land - zero population,0,0,37.7396585,-122.3901108,16354.0
60750612001014,60750612001,6075061200,94124.0,625,land - populated,140,27,37.7378802,-122.3885986,14695.0
60750612001015,60750612001,6075061200,94124.0,507,land - zero population,0,0,37.73835,-122.3894519,948.0
60750612001016,60750612001,6075061200,94124.0,625,land - populated,205,63,37.7371775,-122.389017,12027.0
60750612001018,60750612001,6075061200,94124.0,625,land - populated,59,19,37.736476,-122.3894349,9421.0
60750612002014,60750612002,6075061200,94124.0,507,land - populated,12,2,37.7383187,-122.3896552,1558.0
60750612001017,60750612001,6075061200,94124.0,507,land - zero population,0,0,37.7375639,-122.389729,948.0
60750612002013,60750612002,6075061200,94124.0,507,land - populated,33,10,37.7376877,-122.3900311,4241.0
60750612001019,60750612001,6075061200,94124.0,625,land - zero population,0,0,37.7367843,-122.3900026,917.0
60750612002012,60750612002,6075061200,94124.0,507,land - populated,52,11,37.7369941,-122.390443,6920.0
60750612002000,60750612002,6075061200,94124.0,507,land - populated,116,21,37.7390086,-122.3906096,17350.0
60750612002001,60750612002,6075061200,94124.0,507,land - populated,370,106,37.7383849,-122.3911762,17274.0
60750612002002,60750612002,6075061200,94124.0,507,land - populated,216,49,37.7377542,-122.3917432,17599.0
60750612002003,60750612002,6075061200,94124.0,507,land - populated,284,70,37.7371257,-122.3923044,17083.0
60750612001022,60750612001,6075061200,94124.0,625,land - populated,142,41,37.7350127,-122.3885603,17293.0
60750612001025,60750612001,6075061200,94124.0,625,land - populated,1,0,37.7345159,-122.3893451,21621.0
60750612001023,60750612001,6075061200,94124.0,625,land - populated,187,5,37.7357734,-122.3898499,6820.0
60750612001024,60750612001,6075061200,94124.0,625,land - zero population,0,0,37.7359889,-122.3902783,920.0
60750612001029,60750612001,6075061200,94124.0,625,land - populated,155,31,37.733759,-122.3896964,17108.0
60750232003001,60750232003,6075023200,94124.0,625,land - populated,147,40,37.7331077,-122.3901822,16157.0
60750612002011,60750612002,6075061200,94124.0,507,land - populated,98,13,37.7362898,-122.3908557,9571.0
60750612002010,60750612002,6075061200,94124.0,507,land - populated,169,32,37.7355853,-122.3912754,12317.0
60750612001026,60750612001,6075061200,94124.0,507,land - zero population,0,0,37.7351955,-122.3905563,915.0
60750612001027,60750612001,6075061200,94124.0,625,land - populated,11,3,37.734453,-122.390633,1407.0
60750612001028,60750612001,6075061200,94124.0,507,land - zero population,0,0,37.7344077,-122.390832,909.0
60750612002009,60750612002,6075061200,94124.0,507,land - populated,183,58,37.7348817,-122.391695,14839.0
60750232003000,60750232003,6075023200,94124.0,507,land - zero population,0,0,37.7336189,-122.3911082,912.0
60750232003002,60750232003,6075023200,94124.0,625,land - populated,97,16,37.7324004,-122.3906022,13464.0
60750232003003,60750232003,6075023200,94124.0,507,land - zero population,0,0,37.7328288,-122.3913844,910.0
60750612002015,60750612002,6075061200,94124.0,507,land - populated,225,49,37.734202,-122.3920993,16374.0
60750612002016,60750612002,6075061200,94124.0,507,land - populated,2,0,37.7338337,-122.392319,2432.0
60750612002017,60750612002,6075061200,94124.0,507,land - populated,178,41,37.7334481,-122.392543,19070.0
60759809001106,60759809001,6075980900,94124.0,507,land - zero population,0,0,37.7389087,-122.3934381,77683.0
60759809001105,60759809001,6075980900,94124.0,507,land - zero population,0,0,37.740458,-122.3941985,21150.0
60750612002004,60750612002,6075061200,94124.0,507,land - populated,227,53,37.7365068,-122.3928693,17387.0
60759809001104,60759809001,6075980900,94124.0,507,land - populated,6,0,37.7401239,-122.3961915,65298.0
60759809001108,60759809001,6075980900,94124.0,507,land - zero population,0,0,37.7386242,-122.3965965,17116.0
60759809001107,60759809001,6075980900,94124.0,507,land - populated,13,4,37.7378542,-122.3952379,7802.0
60750612002006,60750612002,6075061200,94124.0,507,land - populated,48,14,37.7367094,-122.3948901,9501.0
60750612002007,60750612002,6075061200,94124.0,507,land - populated,66,18,37.7373914,-122.3956751,3866.0
60750612002008,60750612002,6075061200,94124.0,507,land - populated,37,11,37.7370771,-122.3959589,3834.0
60750612002005,60750612002,6075061200,94124.0,507,land - populated,206,34,37.7358839,-122.3934369,17376.0
60750230031007,60750230031,6075023003,94124.0,507,land - populated,186,31,37.735092,-122.3940871,24675.0
60750230032000,60750230032,6075023003,94124.0,507,land - populated,208,45,37.7329954,-122.3933418,17490.0
60750230031006,60750230031,6075023003,94124.0,507,land - populated,62,5,37.7342682,-122.3945105,10645.0
60750230031000,60750230031,6075023003,94124.0,507,land - populated,172,38,37.7363198,-122.3958726,17111.0
60750230031001,60750230031,6075023003,94124.0,507,land - populated,355,81,37.7357195,-122.3959133,41358.0
60750230031014,60750230031,6075023003,94124.0,507,land - populated,143,26,37.7336134,-122.3955397,17249.0
60750230031015,60750230031,6075023003,94124.0,507,land - populated,17,1,37.7333266,-122.3947633,4690.0
60750230031016,60750230031,6075023003,94124.0,507,land - populated,44,7,37.7325823,-122.3953136,6171.0
60750230031005,60750230031,6075023003,94124.0,507,land - populated,40,5,37.7339174,-122.3964176,5485.0
60750230031004,60750230031,6075023003,94124.0,507,land - populated,389,67,37.7345298,-122.3970938,36598.0
60759809001055,60759809001,6075980900,94107.0,838,land - populated,17,0,37.7479765,-122.3999163,170082.0
60759809001054,60759809001,6075980900,94107.0,838,land - populated,10,0,37.7458936,-122.3989022,88275.0
60759809001070,60759809001,6075980900,94107.0,838,land - zero population,0,0,37.7445581,-122.3970666,15783.0
60759809001077,60759809001,6075980900,94124.0,838,land - zero population,0,0,37.7438298,-122.3972968,10304.0
60759809001081,60759809001,6075980900,94124.0,507,land - zero population,0,0,37.7428249,-122.3970279,406.0
60759809001080,60759809001,6075980900,94124.0,507,land - zero population,0,0,37.7427743,-122.397127,457.0
60759809001068,60759809001,6075980900,94124.0,838,land - zero population,0,0,37.7434934,-122.3976799,5523.0
60759809001069,60759809001,6075980900,94124.0,838,land - zero population,0,0,37.7443035,-122.3982375,3607.0
60759809001079,60759809001,6075980900,94124.0,838,land - zero population,0,0,37.7430833,-122.397949,10694.0
60759809001095,60759809001,6075980900,94124.0,507,land - zero population,0,0,37.7412296,-122.397052,34041.0
60759809001093,60759809001,6075980900,94124.0,838,land - zero population,0,0,37.7418808,-122.3979173,625.0
60759809001094,60759809001,6075980900,94124.0,507,land - zero population,0,0,37.7416763,-122.3980535,601.0
60759809001067,60759809001,6075980900,94124.0,838,land - zero population,0,0,37.7436562,-122.3989211,2756.0
60759809001078,60759809001,6075980900,94124.0,838,land - zero population,0,0,37.7435152,-122.3987248,1087.0
60759809001066,60759809001,6075980900,94110.0,838,land - zero population,0,0,37.7435911,-122.4003708,43686.0
60759809001082,60759809001,6075980900,94124.0,838,land - zero population,0,0,37.7423011,-122.3989454,34051.0
60759809001103,60759809001,6075980900,94124.0,507,land - zero population,0,0,37.7408263,-122.398825,393.0
60759809001091,60759809001,6075980900,94124.0,838,land - zero population,0,0,37.7413699,-122.399791,16704.0
60759809001090,60759809001,6075980900,94124.0,838,land - zero population,0,0,37.7407518,-122.4003508,17077.0
60759809001065,60759809001,6075980900,94110.0,838,land - populated,17,0,37.7446611,-122.4019881,49711.0
60750251003017,60750251003,6075025100,94110.0,838,land - zero population,0,0,37.7481765,-122.4036971,407.0
60759809001060,60759809001,6075980900,94110.0,838,land - zero population,0,0,37.7473992,-122.4034553,933.0
60750251003006,60750251003,6075025100,94110.0,838,land - zero population,0,0,37.7484307,-122.404,320.0
60750251003015,60750251003,6075025100,94110.0,838,land - populated,2,0,37.7477914,-122.4039385,1961.0
60750251003013,60750251003,6075025100,94110.0,680,land - zero population,0,0,37.7481183,-122.4042633,884.0
60750251003014,60750251003,6075025100,94110.0,838,land - zero population,0,0,37.7479364,-122.4041581,1712.0
60750251003016,60750251003,6075025100,94110.0,838,land - zero population,0,0,37.7471158,-122.4039119,4577.0
60750251003012,60750251003,6075025100,94110.0,680,land - zero population,0,0,37.748457,-122.4044613,1909.0
60759809001061,60759809001,6075980900,94110.0,838,land - populated,7,0,37.7447728,-122.403711,47144.0
60759809001062,60759809001,6075980900,94110.0,838,land - zero population,0,0,37.7459955,-122.4041806,9711.0
60750251003018,60750251003,6075025100,94110.0,838,land - zero population,0,0,37.7464918,-122.4043541,6434.0
60750251003019,60750251003,6075025100,94110.0,838,land - zero population,0,0,37.7460204,-122.4047656,6226.0
60750251003023,60750251003,6075025100,94110.0,838,land - zero population,0,0,37.7449766,-122.4046294,8475.0
60759809001064,60759809001,6075980900,94124.0,838,land - zero population,0,0,37.742618,-122.4019494,22738.0
60759809001088,60759809001,6075980900,94124.0,838,land - zero population,0,0,37.7407428,-122.4017659,21351.0
60759809001089,60759809001,6075980900,94124.0,838,land - zero population,0,0,37.741908,-122.4023445,19980.0
60759809001063,60759809001,6075980900,94110.0,838,land - zero population,0,0,37.7428637,-122.403644,9214.0
60759809001084,60759809001,6075980900,94110.0,838,land - zero population,0,0,37.7424502,-122.4047455,3204.0
60759809001086,60759809001,6075980900,94124.0,838,land - zero population,0,0,37.7398055,-122.403637,23522.0
60759809001109,60759809001,6075980900,94124.0,507,land - populated,3,0,37.7396751,-122.3984497,16803.0
60750230011024,60750230011,6075023001,94124.0,507,land - populated,170,33,37.7380009,-122.3971624,17394.0
60750230012000,60750230012,6075023001,94124.0,507,land - populated,20,0,37.7368841,-122.397082,3243.0
60750230011023,60750230011,6075023001,94124.0,507,land - populated,169,31,37.7374868,-122.3978795,13986.0
60750230011030,60750230011,6075023001,94124.0,507,land - populated,114,23,37.7369762,-122.3986496,10205.0
60759809001092,60759809001,6075980900,94124.0,838,land - zero population,0,0,37.7405059,-122.3991607,389.0
60759809001102,60759809001,6075980900,94124.0,507,land - zero population,0,0,37.7402072,-122.3993811,378.0
60750230011004,60750230011,6075023001,94124.0,507,land - populated,104,33,37.7390485,-122.3990093,17012.0
60750230011003,60750230011,6075023001,94124.0,507,land - zero population,0,0,37.7395838,-122.3999417,348.0
60750230011000,60750230011,6075023001,94124.0,838,land - zero population,0,0,37.739806,-122.4003413,1007.0
60750230011001,60750230011,6075023001,94124.0,838,land - zero population,0,0,37.7396111,-122.4002814,2683.0
60750230011002,60750230011,6075023001,94124.0,838,land - zero population,0,0,37.7392529,-122.4002877,513.0
60750230011021,60750230011,6075023001,94124.0,507,land - zero population,0,0,37.7389155,-122.4005479,325.0
60750230011022,60750230011,6075023001,94124.0,507,land - populated,177,36,37.7384234,-122.3995787,17010.0
60750230011020,60750230011,6075023001,94124.0,507,land - populated,189,46,37.7378068,-122.400162,17317.0
60750230012001,60750230012,6075023001,94124.0,507,land - populated,100,21,37.736286,-122.3978515,9560.0
60750230012008,60750230012,6075023001,94124.0,507,land - populated,65,10,37.7347842,-122.3986496,5444.0
60750230031003,60750230031,6075023003,94124.0,507,land - populated,212,47,37.7323525,-122.3981756,16916.0
60750230012002,60750230012,6075023001,94124.0,507,land - populated,80,18,37.7358475,-122.3992724,8115.0
60750230012003,60750230012,6075023001,94124.0,507,land - populated,114,21,37.7353814,-122.3989075,11496.0
60750230012004,60750230012,6075023001,94124.0,507,land - populated,222,36,37.7345956,-122.3996158,19037.0
60750230031002,60750230031,6075023003,94124.0,507,land - populated,203,48,37.7327644,-122.3989012,17292.0
60750230012007,60750230012,6075023001,94124.0,507,land - populated,199,50,37.7331854,-122.3996275,13516.0
60750230012005,60750230012,6075023001,94124.0,507,land - populated,227,40,37.7343181,-122.4004866,14857.0
60750230011008,60750230011,6075023001,94124.0,838,land - zero population,0,0,37.7391982,-122.4010218,7905.0
60750230011006,60750230011,6075023001,94124.0,838,land - populated,8,0,37.7387456,-122.4018589,12642.0
60759809001114,60759809001,6075980900,94124.0,838,land - zero population,0,0,37.7394469,-122.4027414,16531.0
60750230011007,60750230011,6075023001,94124.0,838,land - zero population,0,0,37.7391838,-122.4025804,3432.0
60750230011005,60750230011,6075023001,94124.0,838,land - zero population,0,0,37.7383261,-122.4011582,440.0
60750230011026,60750230011,6075023001,94124.0,507,land - zero population,0,0,37.7376831,-122.4017729,836.0
60750230011029,60750230011,6075023001,94124.0,507,land - populated,141,23,37.7364551,-122.4009878,65212.0
60750230011009,60750230011,6075023001,94124.0,838,land - zero population,0,0,37.7377786,-122.4017953,565.0
60750230011010,60750230011,6075023001,94124.0,838,land - zero population,0,0,37.7383114,-122.4027473,16867.0
60750230011013,60750230011,6075023001,94124.0,838,land - zero population,0,0,37.7372202,-122.4025082,720.0
60750230011028,60750230011,6075023001,94124.0,507,land - zero population,0,0,37.7371164,-122.4023753,2034.0
60759809001087,60759809001,6075980900,94124.0,838,land - populated,2,0,37.7403761,-122.4036675,11217.0
60759809001083,60759809001,6075980900,94124.0,838,land - populated,1,0,37.7404544,-122.4046527,44290.0
60750230011012,60750230011,6075023001,94124.0,838,land - zero population,0,0,37.7386047,-122.404655,732.0
60750230011014,60750230011,6075023001,94124.0,838,land - zero population,0,0,37.737691,-122.4032026,12862.0
60750230011027,60750230011,6075023001,94124.0,507,land - zero population,0,0,37.736688,-122.4029372,2210.0
60750230011025,60750230011,6075023001,94124.0,838,land - zero population,0,0,37.7367412,-122.4032465,886.0
60750230011015,60750230011,6075023001,94124.0,838,land - populated,2,0,37.7370207,-122.4035168,4748.0
60750230011011,60750230011,6075023001,94124.0,838,land - populated,1,0,37.7375355,-122.4043596,20211.0
60750230011043,60750230011,6075023001,94124.0,507,land - populated,124,24,37.7351893,-122.4023343,11674.0
60750230012006,60750230012,6075023001,94124.0,507,land - populated,192,37,37.7338951,-122.4010871,15676.0
60750230013000,60750230013,6075023001,94124.0,507,land - populated,401,77,37.7329718,-122.401198,27843.0
60750230011042,60750230011,6075023001,94124.0,507,land - zero population,0,0,37.7343757,-122.4025187,625.0
60750230011031,60750230011,6075023001,94124.0,507,land - populated,255,46,37.7354657,-122.4032257,18188.0
60750230011032,60750230011,6075023001,94124.0,838,land - zero population,0,0,37.7362345,-122.4041316,1316.0
60750230011033,60750230011,6075023001,94124.0,838,land - populated,6,0,37.7363304,-122.4043245,2205.0
60750230011039,60750230011,6075023001,94124.0,507,land - populated,165,30,37.7352528,-122.4041274,16653.0
60750230011041,60750230011,6075023001,94124.0,507,land - populated,60,18,37.7341546,-122.4031794,4357.0
60750230011040,60750230011,6075023001,94124.0,507,land - populated,131,24,37.733887,-122.404033,8884.0
60750230011046,60750230011,6075023001,94134.0,507,land - populated,92,15,37.7337667,-122.4047963,8220.0
60750232003009,60750232003,6075023200,94124.0,625,land - populated,138,46,37.7314479,-122.3889466,17300.0
60750232003010,60750232003,6075023200,94124.0,625,land - populated,223,66,37.7308215,-122.3895095,17288.0
60750232001009,60750232001,6075023200,94124.0,625,land - populated,195,52,37.7285104,-122.3887653,17288.0
60750232001003,60750232001,6075023200,94124.0,625,land - populated,169,44,37.7301955,-122.3900726,17291.0
60750232003004,60750232003,6075023200,94124.0,625,land - populated,108,27,37.7316955,-122.3910209,10796.0
60750232001000,60750232001,6075023200,94124.0,625,land - populated,67,22,37.7309919,-122.3914359,8114.0
60750232003005,60750232003,6075023200,94124.0,507,land - zero population,0,0,37.732031,-122.3916636,874.0
60750230032004,60750230032,6075023003,94124.0,507,land - populated,96,21,37.7316096,-122.3922149,11724.0
60750232001001,60750232001,6075023200,94124.0,507,land - zero population,0,0,37.7312445,-122.3919387,941.0
60750232001002,60750232001,6075023200,94124.0,625,land - populated,29,4,37.7303116,-122.3918618,5706.0
60750232001014,60750232001,6075023200,94124.0,507,land - zero population,0,0,37.7303644,-122.3922466,638.0
60750232001004,60750232001,6075023200,94124.0,625,land - populated,210,60,37.7295696,-122.3906353,17266.0
60750232001005,60750232001,6075023200,94124.0,625,land - populated,161,35,37.7289428,-122.391198,17330.0
60750232001006,60750232001,6075023200,94124.0,625,land - populated,4,1,37.7296144,-122.392253,2809.0
60750232001007,60750232001,6075023200,94124.0,507,land - zero population,0,0,37.7296667,-122.3924905,934.0
60750232001013,60750232001,6075023200,94124.0,625,land - populated,125,24,37.7283106,-122.3917434,16924.0
60750232001011,60750232001,6075023200,94124.0,625,land - zero population,0,0,37.7290835,-122.3925619,477.0
60750232001008,60750232001,6075023200,94124.0,625,land - populated,154,34,37.7278851,-122.3893291,17307.0
60750232001015,60750232001,6075023200,94124.0,625,land - populated,35,6,37.7272577,-122.3898902,17295.0
60750232001016,60750232001,6075023200,94124.0,625,land - zero population,0,0,37.7266333,-122.3904543,17261.0
60750232002007,60750232002,6075023200,94124.0,625,land - populated,2,0,37.7255722,-122.3885842,17272.0
60750234001006,60750234001,6075023400,94124.0,625,land - zero population,0,0,37.7249461,-122.3891463,17332.0
60750234001007,60750234001,6075023400,94124.0,453,land - zero population,0,0,37.724324,-122.3897102,17170.0
60750232001017,60750232001,6075023200,94124.0,625,land - populated,97,23,37.7276302,-122.3921957,14991.0
60750234001005,60750234001,6075023400,94124.0,625,land - zero population,0,0,37.7260133,-122.3910181,17113.0
60750234001008,60750234001,6075023400,94124.0,453,land - zero population,0,0,37.7253854,-122.3915716,17323.0
60750234001009,60750234001,6075023400,94124.0,453,land - zero population,0,0,37.724759,-122.3921416,17398.0
60750230032003,60750230032,6075023003,94124.0,507,land - populated,234,44,37.7316718,-122.3930019,15750.0
60750230032002,60750230032,6075023003,94124.0,507,land - zero population,0,0,37.731798,-122.3938868,15753.0
60750230032005,60750230032,6075023003,94124.0,507,land - populated,82,20,37.7300532,-122.392928,13748.0
60750232001012,60750232001,6075023200,94124.0,507,land - zero population,0,0,37.7288742,-122.392768,923.0
60750230032006,60750230032,6075023003,94124.0,507,land - populated,223,65,37.7301633,-122.3938707,12696.0
60750233001000,60750233001,6075023300,94124.0,507,land - populated,38,6,37.7288772,-122.3939673,25651.0
60750230032001,60750230032,6075023003,94124.0,507,land - populated,135,19,37.7319279,-122.3948123,16740.0
60750230032009,60750230032,6075023003,94124.0,507,land - populated,46,6,37.7314162,-122.3956148,3844.0
60750230031012,60750230031,6075023003,94124.0,507,land - populated,103,26,37.731593,-122.3965773,9093.0
60750230032008,60750230032,6075023003,94124.0,507,land - populated,77,17,37.7304212,-122.3957287,14428.0
60750230031013,60750230031,6075023003,94124.0,507,land - populated,167,40,37.7305643,-122.3966248,11067.0
60750230032007,60750230032,6075023003,94124.0,507,land - populated,163,40,37.7302904,-122.3947686,12702.0
60750232001018,60750232001,6075023200,94124.0,625,land - zero population,0,0,37.72812,-122.3930599,974.0
60750233001025,60750233001,6075023300,94124.0,507,land - zero population,0,0,37.7280711,-122.3932537,1216.0
60750234001001,60750234001,6075023400,94124.0,625,land - zero population,0,0,37.7273567,-122.3934012,944.0
60750234001000,60750234001,6075023400,94124.0,625,land - populated,88,2,37.726941,-122.3926448,12942.0
60750233001024,60750233001,6075023300,94124.0,507,land - populated,41,15,37.7274552,-122.393657,3396.0
60750234001003,60750234001,6075023400,94124.0,507,land - zero population,0,0,37.7266099,-122.3937357,921.0
60750234001002,60750234001,6075023400,94124.0,453,land - zero population,0,0,37.7259476,-122.3932948,19543.0
60750234001004,60750234001,6075023400,94124.0,453,land - zero population,0,0,37.7258557,-122.3940734,948.0
60750234001011,60750234001,6075023400,94124.0,507,land - zero population,0,0,37.7247251,-122.3945905,2002.0
60750233001001,60750233001,6075023300,94124.0,507,land - populated,27,9,37.7281366,-122.3947583,17722.0
60750233001026,60750233001,6075023300,94124.0,507,land - zero population,0,0,37.7272509,-122.3948548,19494.0
60750233001002,60750233001,6075023300,94124.0,507,land - zero population,0,0,37.7254482,-122.3957902,108724.0
60750234001012,60750234001,6075023400,94124.0,453,land - zero population,0,0,37.7236977,-122.3902722,17446.0
60750234002003,60750234002,6075023400,94124.0,453,land - zero population,0,0,37.7220129,-122.3889754,17133.0
60750234002004,60750234002,6075023400,94124.0,453,land - populated,29,8,37.7213883,-122.3895399,17071.0
60750234002005,60750234002,6075023400,94124.0,453,land - populated,220,66,37.7207678,-122.3901101,16892.0
60750234001013,60750234001,6075023400,94124.0,453,land - zero population,0,0,37.7230687,-122.3908363,17305.0
60750234001014,60750234001,6075023400,94124.0,453,land - populated,5,1,37.7224448,-122.3914008,17315.0
60750234002006,60750234002,6075023400,94124.0,453,land - populated,200,44,37.7201374,-122.3906638,17139.0
60750234001015,60750234001,6075023400,94124.0,453,land - populated,43,4,37.7218172,-122.3919582,17198.0
60750234001028,60750234001,6075023400,94124.0,453,land - populated,157,42,37.721192,-122.3925214,17302.0
60750234002011,60750234002,6075023400,94124.0,453,land - populated,146,58,37.7190645,-122.3888305,16121.0
60750234002018,60750234002,6075023400,94124.0,453,land - populated,166,58,37.7177671,-122.3889992,59212.0
60750610001006,60750610001,6075061000,94124.0,453,land - populated,57,5,37.7162577,-122.3893707,8439.0
60750610001010,60750610001,6075061000,94124.0,453,land - populated,185,49,37.7171409,-122.3904031,16742.0
60750234002007,60750234002,6075023400,94124.0,453,land - populated,222,56,37.7195188,-122.3912183,16664.0
60750234002008,60750234002,6075023400,94124.0,453,land - populated,166,35,37.7188996,-122.3917716,17198.0
60750234002010,60750234002,6075023400,94124.0,453,land - populated,115,39,37.7180422,-122.3918559,7814.0
60750234001010,60750234001,6075023400,94124.0,453,land - zero population,0,0,37.7240127,-122.3932814,45899.0
60750234001016,60750234001,6075023400,94124.0,453,land - populated,12,5,37.7229653,-122.3939673,19921.0
60750234001018,60750234001,6075023400,94124.0,453,land - populated,148,40,37.7222757,-122.3944165,17908.0
60750234001027,60750234001,6075023400,94124.0,453,land - populated,183,45,37.7205744,-122.3930787,16823.0
60750234001017,60750234001,6075023400,94124.0,507,land - zero population,0,0,37.723597,-122.3951079,987.0
60750234001019,60750234001,6075023400,94124.0,507,land - zero population,0,0,37.7228314,-122.3954525,1114.0
60750234001020,60750234001,6075023400,94124.0,453,land - populated,171,42,37.721588,-122.3948689,15807.0
60750234001022,60750234001,6075023400,94124.0,453,land - populated,173,51,37.7209103,-122.3953159,13410.0
60750234001021,60750234001,6075023400,94124.0,513,land - zero population,0,0,37.7220652,-122.3957925,865.0
60750234001023,60750234001,6075023400,94124.0,513,land - zero population,0,0,37.721343,-122.3961142,816.0
60750233001020,60750233001,6075023300,94124.0,513,land - populated,180,55,37.7216916,-122.396503,15846.0
60750234001024,60750234001,6075023400,94124.0,453,land - populated,104,27,37.7202356,-122.3957672,11571.0
60750234001025,60750234001,6075023400,94124.0,513,land - zero population,0,0,37.72061,-122.3964496,934.0
60750234002009,60750234002,6075023400,94124.0,453,land - populated,47,6,37.7185363,-122.3927976,8626.0
60750234001026,60750234001,6075023400,94124.0,453,land - populated,222,59,37.7199567,-122.3936342,17291.0
60750234001029,60750234001,6075023400,94124.0,453,land - populated,197,51,37.7193354,-122.3942061,17455.0
60750610001012,60750610001,6075061000,94124.0,453,land - zero population,0,0,37.7195476,-122.396214,9432.0
60750610001025,60750610001,6075061000,94124.0,453,land - populated,348,95,37.7161606,-122.3949474,189972.0
60750610001027,60750610001,6075061000,94124.0,453,land - populated,74,14,37.7176908,-122.3963162,9713.0
60750230031008,60750230031,6075023003,94124.0,507,land - populated,192,38,37.7320102,-122.3972376,14007.0
60750230031011,60750230031,6075023003,94124.0,507,land - populated,157,31,37.7306748,-122.3974651,12709.0
60750230031010,60750230031,6075023003,94124.0,507,land - populated,169,30,37.7308042,-122.398361,12752.0
60750233001009,60750233001,6075023300,94124.0,507,land - populated,128,31,37.7294373,-122.3970373,9785.0
60750233001006,60750233001,6075023300,94124.0,507,land - populated,220,50,37.7287088,-122.3975302,13875.0
60750230031009,60750230031,6075023003,94124.0,507,land - populated,218,39,37.7309956,-122.3994273,17292.0
60750233001010,60750233001,6075023300,94124.0,507,land - populated,3,1,37.7294698,-122.3991601,34882.0
60750233001005,60750233001,6075023300,94124.0,507,land - populated,146,37,37.727957,-122.3973355,7279.0
60750233001007,60750233001,6075023300,94124.0,507,land - populated,258,58,37.7277127,-122.3979462,13511.0
60750233001004,60750233001,6075023300,94124.0,507,land - populated,211,61,37.7271356,-122.3982136,10039.0
60750233001008,60750233001,6075023300,94124.0,507,land - populated,215,45,37.7280061,-122.4001786,45837.0
60750233001003,60750233001,6075023300,94124.0,507,land - populated,180,33,37.725473,-122.3990042,182704.0
60750230013003,60750230013,6075023001,94124.0,507,land - populated,131,28,37.7318189,-122.4010606,9710.0
60750230013002,60750230013,6075023001,94124.0,507,land - populated,256,43,37.7307176,-122.4007888,19172.0
60750230013005,60750230013,6075023001,94124.0,507,land - populated,17,2,37.7306492,-122.4027082,3888.0
60750230013004,60750230013,6075023001,94124.0,507,land - populated,225,43,37.730053,-122.4014867,17246.0
60750230013007,60750230013,6075023001,94124.0,507,land - populated,224,43,37.7294129,-122.4019867,16197.0
60750230013008,60750230013,6075023001,94124.0,507,land - populated,85,12,37.7286074,-122.4020767,7455.0
60750230013001,60750230013,6075023001,94124.0,507,land - populated,658,110,37.7322968,-122.4029097,68467.0
60750257022008,60750257022,6075025702,94134.0,507,land - populated,1,0,37.7303408,-122.4034306,13623.0
60750257022006,60750257022,6075025702,94134.0,513,land - zero population,0,0,37.73146,-122.4043418,8333.0
60750230013006,60750230013,6075023001,94124.0,507,land - zero population,0,0,37.7302753,-122.40304,1871.0
60750257022009,60750257022,6075025702,94134.0,513,land - zero population,0,0,37.7294921,-122.4032448,6459.0
60750257022005,60750257022,6075025702,94134.0,513,land - zero population,0,0,37.7298265,-122.4037491,11930.0
60750257022019,60750257022,6075025702,94134.0,513,land - populated,183,32,37.729306,-122.4048435,12954.0
60750257022020,60750257022,6075025702,94134.0,513,land - populated,128,42,37.7290244,-122.403841,17496.0
60750230013009,60750230013,6075023001,94124.0,507,land - zero population,0,0,37.7279497,-122.4020897,314.0
60750257022024,60750257022,6075025702,94124.0,507,land - zero population,0,0,37.7279903,-122.4021797,36.0
60750257021000,60750257021,6075025702,94124.0,507,land - populated,1,0,37.7273604,-122.4022226,5708.0
60750257021001,60750257021,6075025702,94134.0,513,land - zero population,0,0,37.7272508,-122.4025832,3727.0
60750257021012,60750257021,6075025702,94134.0,507,land - zero population,0,0,37.7245981,-122.4012897,4564.0
60750257021013,60750257021,6075025702,94134.0,513,land - zero population,0,0,37.7245756,-122.4015526,4769.0
60750257021011,60750257021,6075025702,94134.0,507,land - zero population,0,0,37.726144,-122.4018175,4169.0
60750257021010,60750257021,6075025702,94134.0,513,land - zero population,0,0,37.7260213,-122.4021023,3726.0
60750257021009,60750257021,6075025702,94134.0,513,land - populated,86,27,37.7259213,-122.4025518,7891.0
60750257021014,60750257021,6075025702,94134.0,513,land - populated,111,21,37.7245733,-122.4020021,9068.0
60750257021002,60750257021,6075025702,94134.0,513,land - populated,94,22,37.727115,-122.4030342,8136.0
60750257022021,60750257022,6075025702,94134.0,513,land - populated,106,27,37.7281033,-122.4043439,12977.0
60750257021003,60750257021,6075025702,94134.0,513,land - populated,241,46,37.7269037,-122.4038476,13003.0
60750257021004,60750257021,6075025702,94134.0,513,land - populated,210,31,37.7266449,-122.4048421,12867.0
60750257021008,60750257021,6075025702,94134.0,513,land - populated,170,29,37.7257041,-122.4033508,12989.0
60750258001000,60750258001,6075025800,94134.0,513,land - populated,174,29,37.7245057,-122.402854,12992.0
60750257021007,60750257021,6075025702,94134.0,513,land - populated,164,35,37.7254455,-122.4043435,12799.0
60750258001001,60750258001,6075025800,94134.0,513,land - populated,167,32,37.7242472,-122.4038455,12806.0
60750233001013,60750233001,6075023300,94124.0,513,land - populated,116,32,37.7218347,-122.3972599,11043.0
60750233001021,60750233001,6075023300,94124.0,513,land - zero population,0,0,37.7205993,-122.3968524,2784.0
60750233001019,60750233001,6075023300,94124.0,513,land - populated,1,0,37.7208723,-122.397533,2105.0
60750233001014,60750233001,6075023300,94124.0,513,land - zero population,0,0,37.7219846,-122.3977709,7923.0
60750233001015,60750233001,6075023300,94124.0,513,land - populated,172,28,37.722089,-122.3983373,12571.0
60750233001017,60750233001,6075023300,94124.0,513,land - populated,84,17,37.7208009,-122.3985552,15688.0
60750233001022,60750233001,6075023300,94124.0,513,land - populated,43,13,37.7201916,-122.3984071,12408.0
60750233001016,60750233001,6075023300,94124.0,513,land - populated,236,47,37.722268,-122.3991142,16090.0
60750233001012,60750233001,6075023300,94124.0,513,land - populated,21,3,37.723232,-122.4004133,3091.0
60750233001011,60750233001,6075023300,94124.0,513,land - populated,139,28,37.7226571,-122.3998484,11879.0
60750258002000,60750258002,6075025800,94134.0,513,land - zero population,0,0,37.7230545,-122.4006823,2768.0
60750233001023,60750233001,6075023300,94124.0,513,land - zero population,0,0,37.7202856,-122.3993967,1531.0
60750258002016,60750258002,6075025800,94124.0,513,land - zero population,0,0,37.7203718,-122.3996372,2461.0
60750258002005,60750258002,6075025800,94124.0,513,land - zero population,0,0,37.7220095,-122.4002466,2321.0
60750233001018,60750233001,6075023300,94124.0,513,land - zero population,0,0,37.7211687,-122.3997602,514.0
60750258002006,60750258002,6075025800,94124.0,513,land - zero population,0,0,37.7213312,-122.3999916,1126.0
60750258002004,60750258002,6075025800,94124.0,513,land - zero population,0,0,37.7218923,-122.4004567,1387.0
60750258002011,60750258002,6075025800,94134.0,513,land - zero population,0,0,37.7217753,-122.4006323,282.0
60750258002007,60750258002,6075025800,94134.0,513,land - zero population,0,0,37.7214763,-122.4003077,739.0
60750258002017,60750258002,6075025800,94124.0,513,land - zero population,0,0,37.7209532,-122.3998829,909.0
60750258002010,60750258002,6075025800,94134.0,513,land - zero population,0,0,37.7209895,-122.4001595,1926.0
60750258002015,60750258002,6075025800,94124.0,513,land - zero population,0,0,37.7203933,-122.3999316,1307.0
60750258002009,60750258002,6075025800,94134.0,513,land - zero population,0,0,37.7204136,-122.4001744,294.0
60750258002008,60750258002,6075025800,94134.0,513,land - populated,5,0,37.7201761,-122.4004238,16365.0
60750610001013,60750610001,6075061000,94124.0,513,land - zero population,0,0,37.719844,-122.3967896,984.0
60750610001023,60750610001,6075061000,94124.0,453,land - zero population,0,0,37.7191424,-122.3971964,987.0
60750610001022,60750610001,6075061000,94124.0,453,land - populated,66,12,37.7188685,-122.3967094,7997.0
60750610001024,60750610001,6075061000,94124.0,453,land - populated,80,16,37.7182503,-122.3972688,7962.0
60750233001027,60750233001,6075023300,94124.0,513,land - populated,70,16,37.7195368,-122.3978512,16806.0
60750233001028,60750233001,6075023300,94124.0,513,land - zero population,0,0,37.7180628,-122.3985435,3554.0
60750233001029,60750233001,6075023300,94124.0,513,land - populated,95,31,37.7187562,-122.3982381,8302.0
60750233001030,60750233001,6075023300,94124.0,513,land - zero population,0,0,37.718051,-122.3986043,405.0
60750610001026,60750610001,6075061000,94124.0,453,land - populated,76,18,37.7174433,-122.3971812,2400.0
60750264022000,60750264022,6075026402,94124.0,513,land - zero population,0,0,37.7179897,-122.3986829,1194.0
60750264022004,60750264022,6075026402,94134.0,513,land - zero population,0,0,37.7168426,-122.3984905,2505.0
60750264022005,60750264022,6075026402,94134.0,513,land - zero population,0,0,37.7169414,-122.3987025,2427.0
60750264022006,60750264022,6075026402,94134.0,513,land - zero population,0,0,37.7165342,-122.3986678,474.0
60750264022028,60750264022,6075026402,94134.0,513,land - zero population,0,0,37.7159726,-122.398567,263.0
60750264022027,60750264022,6075026402,94134.0,513,land - zero population,0,0,37.7161065,-122.3986409,304.0
60750258002014,60750258002,6075025800,94134.0,513,land - zero population,0,0,37.7196223,-122.3997358,3064.0
60750258002022,60750258002,6075025800,94124.0,513,land - zero population,0,0,37.719382,-122.3992952,4989.0
60750258002021,60750258002,6075025800,94124.0,513,land - zero population,0,0,37.7187031,-122.3992039,1171.0
60750264022001,60750264022,6075026402,94124.0,513,land - zero population,0,0,37.7180711,-122.3989285,2601.0
60750258002023,60750258002,6075025800,94124.0,513,land - zero population,0,0,37.7184557,-122.3990811,1019.0
60750258002020,60750258002,6075025800,94134.0,513,land - zero population,0,0,37.7186676,-122.3994886,2038.0
60750258002019,60750258002,6075025800,94124.0,513,land - zero population,0,0,37.7181333,-122.3993163,797.0
60750258002013,60750258002,6075025800,94134.0,513,land - zero population,0,0,37.7196783,-122.399973,1682.0
60750258002012,60750258002,6075025800,94134.0,513,land - zero population,0,0,37.71866,-122.3997677,3291.0
60750258002024,60750258002,6075025800,94134.0,521,land - zero population,0,0,37.718045,-122.3999544,2986.0
60750264022016,60750264022,6075026402,94134.0,521,land - populated,118,28,37.7184907,-122.4005881,7689.0
60750264022002,60750264022,6075026402,94124.0,513,land - zero population,0,0,37.7175349,-122.3988973,1398.0
60750264022003,60750264022,6075026402,94134.0,513,land - zero population,0,0,37.7174729,-122.3991302,1664.0
60750258002027,60750258002,6075025800,94134.0,513,land - zero population,0,0,37.7178226,-122.3993158,459.0
60750258002018,60750258002,6075025800,94134.0,513,land - zero population,0,0,37.7176125,-122.3995014,2773.0
60750264022010,60750264022,6075026402,94134.0,513,land - zero population,0,0,37.7171696,-122.3992596,814.0
60750264022007,60750264022,6075026402,94134.0,513,land - zero population,0,0,37.7169501,-122.3989672,604.0
60750264022008,60750264022,6075026402,94134.0,513,land - zero population,0,0,37.7164913,-122.3988342,1277.0
60750264022009,60750264022,6075026402,94134.0,521,land - zero population,0,0,37.7161971,-122.3990657,5306.0
60750264022011,60750264022,6075026402,94134.0,513,land - zero population,0,0,37.7168151,-122.3993778,816.0
60750258002026,60750258002,6075025800,94134.0,521,land - zero population,0,0,37.7168483,-122.3996991,3506.0
60750258002025,60750258002,6075025800,94134.0,521,land - zero population,0,0,37.7174942,-122.3997919,1616.0
60750264022017,60750264022,6075026402,94134.0,521,land - populated,77,20,37.7172785,-122.4001912,5088.0
60750264022018,60750264022,6075026402,94134.0,521,land - populated,7,1,37.7164164,-122.3999116,1085.0
60750258002001,60750258002,6075025800,94134.0,513,land - zero population,0,0,37.7235164,-122.4011452,1018.0
60750258002003,60750258002,6075025800,94134.0,513,land - zero population,0,0,37.7227398,-122.4008086,3234.0
60750258002002,60750258002,6075025800,94134.0,513,land - populated,84,24,37.7227864,-122.4012909,12967.0
60750258001005,60750258001,6075025800,94134.0,513,land - populated,182,34,37.7233048,-122.4023583,12968.0
60750258002029,60750258002,6075025800,94134.0,513,land - zero population,0,0,37.7214036,-122.4015708,2198.0
60750258002030,60750258002,6075025800,94134.0,513,land - populated,123,14,37.7208136,-122.40134,10115.0
60750258002028,60750258002,6075025800,94134.0,513,land - populated,233,45,37.7221063,-122.4018586,12799.0
60750258002032,60750258002,6075025800,94134.0,513,land - zero population,0,0,37.7211494,-122.4025483,2224.0
60750258002031,60750258002,6075025800,94134.0,513,land - populated,95,11,37.7205485,-122.4022969,10567.0
60750258001004,60750258001,6075025800,94134.0,513,land - populated,132,23,37.7230479,-122.4033379,12573.0
60750258001002,60750258001,6075025800,94134.0,513,land - populated,151,36,37.7239958,-122.4048325,12696.0
60750258001003,60750258001,6075025800,94134.0,513,land - populated,134,27,37.7228007,-122.4043212,13061.0
60750258001007,60750258001,6075025800,94134.0,513,land - populated,118,22,37.7218506,-122.4028386,12598.0
60750258001006,60750258001,6075025800,94134.0,513,land - populated,117,27,37.7215973,-122.4038201,12781.0
60750259003001,60750259003,6075025900,94134.0,513,land - populated,84,11,37.7202845,-122.4032858,10768.0
60750259003000,60750259003,6075025900,94134.0,513,land - zero population,0,0,37.720895,-122.403526,2257.0
60750259003003,60750259003,6075025900,94134.0,513,land - zero population,0,0,37.720638,-122.4045136,2278.0
60750258002034,60750258002,6075025800,94134.0,513,land - populated,139,27,37.71971,-122.4009771,9954.0
60750264022015,60750264022,6075026402,94134.0,521,land - populated,159,40,37.7182474,-122.4013615,12864.0
60750258002033,60750258002,6075025800,94134.0,513,land - populated,106,31,37.7194538,-122.4018443,12797.0
60750264022014,60750264022,6075026402,94134.0,521,land - populated,153,34,37.7170453,-122.4008609,12822.0
60750264022022,60750264022,6075026402,94134.0,521,land - populated,111,20,37.7179877,-122.402338,12750.0
60750264022021,60750264022,6075026402,94134.0,521,land - populated,151,32,37.7167858,-122.4018429,12706.0
60750259003008,60750259003,6075025900,94134.0,513,land - populated,103,28,37.7191945,-122.4028284,12800.0
60750259003007,60750259003,6075025900,94134.0,513,land - populated,73,16,37.719063,-122.4037782,9743.0
60750259003002,60750259003,6075025900,94134.0,513,land - populated,130,26,37.7200374,-122.4042743,10489.0
60750264021003,60750264021,6075026402,94134.0,521,land - populated,225,50,37.7183736,-122.4043784,18706.0
60750264021004,60750264021,6075026402,94134.0,521,land - populated,60,4,37.7177779,-122.4031688,8278.0
60750264021005,60750264021,6075026402,94134.0,521,land - populated,215,30,37.7171201,-122.4037111,21724.0
60750264023000,60750264023,6075026402,94134.0,521,land - populated,217,43,37.716417,-122.4038829,24011.0
60750251003011,60750251003,6075025100,94110.0,680,land - populated,54,5,37.7483612,-122.4054981,18535.0
60750251001000,60750251001,6075025100,94110.0,680,land - populated,17,2,37.7480711,-122.4054682,625.0
60750251001001,60750251001,6075025100,94110.0,680,land - populated,56,9,37.7477428,-122.4054157,5349.0
60750251001002,60750251001,6075025100,94110.0,680,land - zero population,0,0,37.7473377,-122.4050688,1227.0
60750251001003,60750251001,6075025100,94110.0,680,land - populated,49,5,37.7470562,-122.4055386,5680.0
60750251001005,60750251001,6075025100,94110.0,680,land - zero population,0,0,37.74778,-122.4062995,828.0
60750251001004,60750251001,6075025100,94110.0,680,land - populated,40,6,37.7474746,-122.4062753,4788.0
60750251003020,60750251003,6075025100,94110.0,680,land - zero population,0,0,37.7459682,-122.4051278,14960.0
60750251001012,60750251001,6075025100,94110.0,680,land - populated,113,18,37.7460171,-122.4057835,13361.0
60750251001014,60750251001,6075025100,94110.0,680,land - populated,50,6,37.7458375,-122.4063515,7041.0
60750251001015,60750251001,6075025100,94110.0,680,land - populated,14,0,37.7462389,-122.4068053,2890.0
60750251001024,60750251001,6075025100,94110.0,680,land - populated,38,6,37.7448972,-122.4061986,5563.0
60750251001007,60750251001,6075025100,94110.0,680,land - populated,9,3,37.7485771,-122.4073102,1074.0
60750251001006,60750251001,6075025100,94110.0,680,land - populated,107,23,37.7480998,-122.4070565,11254.0
60750251001013,60750251001,6075025100,94110.0,680,land - populated,129,20,37.7470039,-122.4072609,12002.0
60750251001026,60750251001,6075025100,94110.0,680,land - zero population,0,0,37.7483546,-122.4083071,648.0
60750251001009,60750251001,6075025100,94110.0,680,land - zero population,0,0,37.7481908,-122.4084123,1475.0
60750251001008,60750251001,6075025100,94110.0,680,land - populated,168,24,37.7475268,-122.4083579,17506.0
60750251001016,60750251001,6075025100,94110.0,680,land - populated,48,3,37.7465036,-122.4073715,6531.0
60750251001023,60750251001,6075025100,94110.0,680,land - populated,42,5,37.7457902,-122.4071771,6642.0
60750251002001,60750251002,6075025100,94110.0,680,land - populated,36,5,37.7452188,-122.4078572,4186.0
60750251001020,60750251001,6075025100,94110.0,680,land - populated,44,10,37.7465789,-122.4085955,3427.0
60750251002000,60750251002,6075025100,94110.0,680,land - populated,62,6,37.7455376,-122.4083104,7036.0
60750251002002,60750251002,6075025100,94110.0,680,land - populated,52,6,37.7447717,-122.4082804,6041.0
60750251003024,60750251003,6075025100,94110.0,838,land - zero population,0,0,37.7440841,-122.4050397,4590.0
60750251003025,60750251003,6075025100,94110.0,838,land - zero population,0,0,37.7442038,-122.4055071,1196.0
60750251003026,60750251003,6075025100,94110.0,838,land - zero population,0,0,37.7437234,-122.4058684,1151.0
60759809001085,60759809001,6075980900,94110.0,838,land - zero population,0,0,37.7426597,-122.4051969,2542.0
60750251003027,60750251003,6075025100,94110.0,838,land - populated,1,0,37.7435416,-122.4054222,4460.0
60750251003021,60750251003,6075025100,94110.0,680,land - populated,58,8,37.7444478,-122.4064292,5408.0
60750251003022,60750251003,6075025100,94110.0,680,land - populated,42,5,37.7440044,-122.4066797,5000.0
60750251003029,60750251003,6075025100,94110.0,838,land - zero population,0,0,37.7401108,-122.4078653,9445.0
60759809001100,60759809001,6075980900,94110.0,838,land - populated,1,0,37.7407296,-122.405879,41277.0
60750251003028,60750251003,6075025100,94110.0,838,land - zero population,0,0,37.7415176,-122.4067879,32553.0
60750251002006,60750251002,6075025100,94110.0,680,land - populated,97,13,37.7442978,-122.4074939,15853.0
60750251003031,60750251003,6075025100,94110.0,680,land - populated,65,10,37.74308,-122.4074341,12595.0
60750251002005,60750251002,6075025100,94110.0,680,land - populated,74,14,37.7440645,-122.4083205,6929.0
60750251003030,60750251003,6075025100,94110.0,680,land - populated,40,1,37.7415364,-122.40782,28042.0
60750251002007,60750251002,6075025100,94110.0,680,land - populated,158,24,37.7423528,-122.4084955,12332.0
60750251001011,60750251001,6075025100,94110.0,680,land - zero population,0,0,37.7483418,-122.4091851,793.0
60750251001010,60750251001,6075025100,94110.0,680,land - populated,75,9,37.7480138,-122.4091976,5050.0
60750251001021,60750251001,6075025100,94110.0,680,land - populated,125,17,37.7468638,-122.4097805,15023.0
60750251001018,60750251001,6075025100,94110.0,680,land - zero population,0,0,37.7483244,-122.4100948,755.0
60750251001017,60750251001,6075025100,94110.0,680,land - populated,106,17,37.7478474,-122.4100668,7620.0
60750252001000,60750252001,6075025200,94110.0,680,land - zero population,0,0,37.7483052,-122.411004,771.0
60750252001001,60750252001,6075025200,94110.0,680,land - populated,124,19,37.7477967,-122.41097,8574.0
60750251001022,60750251001,6075025100,94110.0,680,land - zero population,0,0,37.747274,-122.4103222,848.0
60750251001019,60750251001,6075025100,94110.0,680,land - populated,146,23,37.7460189,-122.4093213,17641.0
60750251001025,60750251001,6075025100,94110.0,680,land - populated,76,14,37.7452914,-122.4097056,9804.0
60750251002003,60750251002,6075025100,94110.0,680,land - populated,71,8,37.7446686,-122.4096254,9226.0
60750252002011,60750252002,6075025200,94110.0,680,land - populated,57,10,37.7447827,-122.4109184,9317.0
60750229012010,60750229012,6075022901,94110.0,603,land - populated,151,53,37.7486211,-122.4120558,6255.0
60750252001002,60750252001,6075025200,94110.0,680,land - populated,151,30,37.7477295,-122.4125414,21198.0
60750252001003,60750252001,6075025200,94110.0,680,land - zero population,0,0,37.7482717,-122.4125786,2033.0
60750252001004,60750252001,6075025200,94110.0,680,land - populated,1,0,37.7470593,-122.4120623,11856.0
60750252002000,60750252002,6075025200,94110.0,680,land - populated,148,26,37.7460915,-122.411039,15903.0
60750252002001,60750252002,6075025200,94110.0,680,land - populated,191,27,37.7460294,-122.4120002,15183.0
60750252002002,60750252002,6075025200,94110.0,680,land - populated,277,31,37.7452883,-122.4126422,34268.0
60750251002004,60750251002,6075025100,94110.0,680,land - populated,123,15,37.7438537,-122.4094374,17231.0
60750251002008,60750251002,6075025100,94110.0,680,land - populated,55,10,37.7428081,-122.4090613,5019.0
60750251002009,60750251002,6075025100,94110.0,680,land - populated,28,5,37.7427246,-122.4096847,3847.0
60750251002011,60750251002,6075025100,94110.0,680,land - populated,61,10,37.741841,-122.4091336,6818.0
60750251002010,60750251002,6075025100,94110.0,656,land - populated,46,2,37.7421437,-122.4100665,8284.0
60750251002013,60750251002,6075025100,94110.0,656,land - zero population,0,0,37.7417135,-122.4104731,978.0
60750251002012,60750251002,6075025100,94110.0,680,land - populated,16,3,37.7415432,-122.4099961,4465.0
60750252003018,60750252003,6075025200,94110.0,680,land - zero population,0,0,37.7414586,-122.4109144,580.0
60750252003019,60750252003,6075025200,94110.0,680,land - populated,118,19,37.7405919,-122.4108661,13354.0
60750252002010,60750252002,6075025200,94110.0,680,land - populated,61,6,37.743794,-122.4113001,22101.0
60750252003000,60750252003,6075025200,94110.0,656,land - populated,22,3,37.7419433,-122.411014,5690.0
60750252003010,60750252003,6075025200,94110.0,656,land - populated,8,2,37.7415655,-122.4116509,1958.0
60750252003011,60750252003,6075025200,94110.0,656,land - populated,124,17,37.7406054,-122.4116716,11440.0
60750252003009,60750252003,6075025200,94110.0,656,land - populated,6,1,37.7415922,-122.4122654,2017.0
60750252003001,60750252003,6075025200,94110.0,656,land - populated,68,8,37.7419975,-122.4126177,15227.0
60750252003008,60750252003,6075025200,94110.0,656,land - populated,14,2,37.74162,-122.4128824,1989.0
60750252003012,60750252003,6075025200,94110.0,656,land - populated,109,14,37.7408344,-122.4123248,7207.0
60750252003007,60750252003,6075025200,94110.0,656,land - populated,99,18,37.7408649,-122.4129474,7286.0
60759809001125,60759809001,6075980900,94110.0,838,land - zero population,0,0,37.7386017,-122.4061646,8616.0
60759809001126,60759809001,6075980900,94110.0,838,land - zero population,0,0,37.7389226,-122.4066195,4094.0
60750230011017,60750230011,6075023001,94124.0,838,land - zero population,0,0,37.7384169,-122.4053289,545.0
60750230011016,60750230011,6075023001,94124.0,838,land - zero population,0,0,37.7373537,-122.4052988,18247.0
60750230011019,60750230011,6075023001,94110.0,838,land - zero population,0,0,37.7381432,-122.4062976,1330.0
60750230011018,60750230011,6075023001,94110.0,838,land - zero population,0,0,37.737232,-122.4062522,16718.0
60750230011045,60750230011,6075023001,94110.0,838,land - zero population,0,0,37.7371366,-122.4068028,1739.0
60750257012000,60750257012,6075025701,94134.0,838,land - zero population,0,0,37.7364561,-122.4068934,7762.0
60759809001101,60759809001,6075980900,94110.0,838,land - zero population,0,0,37.7402191,-122.4069393,6608.0
60750251003042,60750251003,6075025100,94110.0,838,land - zero population,0,0,37.7392371,-122.4073462,3791.0
60750251003043,60750251003,6075025100,94110.0,838,land - zero population,0,0,37.7387926,-122.4069938,2120.0
60750251003046,60750251003,6075025100,94110.0,838,land - zero population,0,0,37.7386581,-122.4071244,413.0
60750251003041,60750251003,6075025100,94110.0,838,land - zero population,0,0,37.738662,-122.4075165,3292.0
60750251003040,60750251003,6075025100,94110.0,838,land - zero population,0,0,37.7389224,-122.4078328,3773.0
60750251003039,60750251003,6075025100,94110.0,838,land - zero population,0,0,37.7388714,-122.4080465,2837.0
60750251003045,60750251003,6075025100,94110.0,838,land - zero population,0,0,37.7381389,-122.4071547,1285.0
60750257012001,60750257012,6075025701,94110.0,838,land - zero population,0,0,37.7378152,-122.4072945,941.0
60750251003044,60750251003,6075025100,94110.0,838,land - zero population,0,0,37.7380969,-122.4075259,2594.0
60750257012002,60750257012,6075025701,94110.0,838,land - populated,1,0,37.7370759,-122.4073646,7598.0
60750257012003,60750257012,6075025701,94110.0,838,land - zero population,0,0,37.7369126,-122.4076462,2470.0
60750251003047,60750251003,6075025100,94110.0,838,land - zero population,0,0,37.737865,-122.4079491,384.0
60750251003037,60750251003,6075025100,94110.0,680,land - zero population,0,0,37.7378431,-122.4082721,1152.0
60750257012004,60750257012,6075025701,94110.0,680,land - zero population,0,0,37.7370005,-122.4079524,4478.0
60750254023009,60750254023,6075025402,94110.0,680,land - zero population,0,0,37.7369307,-122.4085212,5115.0
60750230011034,60750230011,6075023001,94124.0,838,land - zero population,0,0,37.7361042,-122.4052398,5382.0
60750230011037,60750230011,6075023001,94134.0,838,land - zero population,0,0,37.7357553,-122.4051785,1308.0
60750230011038,60750230011,6075023001,94134.0,507,land - populated,72,8,37.7350102,-122.4050681,12981.0
60750230011044,60750230011,6075023001,94134.0,507,land - populated,20,2,37.7350357,-122.4058039,4165.0
60750230011035,60750230011,6075023001,94134.0,838,land - zero population,0,0,37.7359411,-122.4061491,7493.0
60750230011036,60750230011,6075023001,94134.0,838,land - zero population,0,0,37.7354721,-122.405982,945.0
60750257022000,60750257022,6075025702,94134.0,507,land - populated,1,0,37.7347329,-122.4061052,4991.0
60750257022003,60750257022,6075025702,94134.0,507,land - zero population,0,0,37.7344929,-122.4063154,980.0
60750257012015,60750257012,6075025701,94134.0,838,land - zero population,0,0,37.7353122,-122.4065167,491.0
60750257022001,60750257022,6075025702,94134.0,507,land - zero population,0,0,37.7349208,-122.4066023,968.0
60750257012014,60750257012,6075025701,94134.0,838,land - zero population,0,0,37.7352428,-122.4067714,270.0
60750257022002,60750257022,6075025702,94134.0,513,land - zero population,0,0,37.7346556,-122.4067149,3094.0
60750257022007,60750257022,6075025702,94134.0,507,land - zero population,0,0,37.7335451,-122.4053323,8858.0
60750257022004,60750257022,6075025702,94134.0,513,land - zero population,0,0,37.7334256,-122.405676,3402.0
60750257012036,60750257012,6075025701,94134.0,513,land - populated,95,20,37.7335899,-122.4068878,6427.0
60750257022011,60750257022,6075025702,94134.0,513,land - zero population,0,0,37.7333598,-122.4059435,6501.0
60750257012040,60750257012,6075025701,94134.0,513,land - populated,32,8,37.7325249,-122.4063258,6862.0
60750257012039,60750257012,6075025701,94134.0,513,land - populated,117,27,37.7330561,-122.4066059,6599.0
60750257012006,60750257012,6075025701,94134.0,838,land - zero population,0,0,37.7360002,-122.407189,327.0
60750257012008,60750257012,6075025701,94134.0,838,land - zero population,0,0,37.7360937,-122.4073553,4.0
60750257012007,60750257012,6075025701,94134.0,838,land - zero population,0,0,37.7358306,-122.4071567,426.0
60750257012005,60750257012,6075025701,94134.0,838,land - zero population,0,0,37.7355003,-122.4069141,650.0
60750257012018,60750257012,6075025701,94134.0,680,land - zero population,0,0,37.7356452,-122.4073429,2345.0
60750257012010,60750257012,6075025701,94134.0,680,land - zero population,0,0,37.7361233,-122.4077155,1956.0
60750257012009,60750257012,6075025701,94134.0,680,land - zero population,0,0,37.735874,-122.4075411,280.0
60750257012019,60750257012,6075025701,94134.0,680,land - zero population,0,0,37.7354751,-122.4075224,261.0
60750257012016,60750257012,6075025701,94134.0,680,land - zero population,0,0,37.7358075,-122.4077392,799.0
60750257012020,60750257012,6075025701,94134.0,680,land - zero population,0,0,37.7356858,-122.4078343,335.0
60750257012026,60750257012,6075025701,94134.0,513,land - zero population,0,0,37.7351745,-122.4070366,639.0
60750257012017,60750257012,6075025701,94134.0,680,land - zero population,0,0,37.7353721,-122.407083,700.0
60750257012025,60750257012,6075025701,94134.0,513,land - zero population,0,0,37.7349804,-122.4075404,1085.0
60750257012023,60750257012,6075025701,94134.0,680,land - zero population,0,0,37.7353369,-122.4078202,3323.0
60750257012024,60750257012,6075025701,94134.0,513,land - zero population,0,0,37.7349772,-122.4078684,1285.0
60750257012030,60750257012,6075025701,94134.0,513,land - zero population,0,0,37.7345618,-122.4075497,7568.0
60750257012011,60750257012,6075025701,94110.0,680,land - zero population,0,0,37.7364148,-122.4081114,3611.0
60750257012012,60750257012,6075025701,94134.0,680,land - zero population,0,0,37.7360711,-122.4083255,1056.0
60750257012021,60750257012,6075025701,94134.0,680,land - zero population,0,0,37.7356249,-122.4082964,2341.0
60750254023010,60750254023,6075025402,94110.0,680,land - zero population,0,0,37.7362835,-122.4085917,402.0
60750254023011,60750254023,6075025402,94110.0,680,land - zero population,0,0,37.7360555,-122.408783,950.0
60750257012013,60750257012,6075025701,94134.0,680,land - zero population,0,0,37.7359112,-122.4085204,982.0
60750257012028,60750257012,6075025701,94134.0,680,land - zero population,0,0,37.7356489,-122.4088445,428.0
60750257012022,60750257012,6075025701,94134.0,680,land - zero population,0,0,37.7350513,-122.4085104,1737.0
60750257012035,60750257012,6075025701,94134.0,513,land - zero population,0,0,37.7346631,-122.4088568,5087.0
60750257012031,60750257012,6075025701,94134.0,513,land - populated,60,16,37.7340992,-122.4071654,5601.0
60750257012029,60750257012,6075025701,94134.0,513,land - zero population,0,0,37.73417,-122.4085535,5804.0
60750257012048,60750257012,6075025701,94134.0,513,land - zero population,0,0,37.7343737,-122.408896,1092.0
60750257012038,60750257012,6075025701,94134.0,513,land - populated,243,53,37.7325618,-122.4082286,12978.0
60750257012037,60750257012,6075025701,94134.0,513,land - populated,208,29,37.7331029,-122.4084884,13099.0
60750251003032,60750251003,6075025100,94110.0,680,land - populated,65,13,37.7405027,-122.4091924,11700.0
60750251003035,60750251003,6075025100,94110.0,680,land - populated,61,8,37.7392838,-122.4092261,5000.0
60750251003034,60750251003,6075025100,94110.0,680,land - populated,43,4,37.739321,-122.4098425,5079.0
60750251003038,60750251003,6075025100,94110.0,680,land - populated,40,4,37.7385155,-122.4099176,4744.0
60750251003033,60750251003,6075025100,94110.0,680,land - populated,139,34,37.740542,-122.410001,13565.0
60750254023000,60750254023,6075025402,94110.0,680,land - populated,102,18,37.7389574,-122.4104978,9907.0
60750251003036,60750251003,6075025100,94110.0,680,land - populated,130,20,37.7380466,-122.409115,39544.0
60750254023005,60750254023,6075025402,94110.0,680,land - populated,79,7,37.7375245,-122.4106295,7463.0
60750254023001,60750254023,6075025402,94110.0,680,land - populated,102,15,37.739001,-122.4111173,9948.0
60750254023002,60750254023,6075025402,94110.0,680,land - populated,106,25,37.7390235,-122.4117376,9740.0
60750252003013,60750252003,6075025200,94110.0,656,land - populated,64,7,37.7398396,-122.412424,4845.0
60750252003014,60750252003,6075025200,94110.0,656,land - populated,94,17,37.739671,-122.4130518,7373.0
60750254022000,60750254022,6075025402,94110.0,680,land - populated,86,10,37.7388922,-122.4123614,7659.0
60750254022001,60750254022,6075025402,94110.0,680,land - populated,84,11,37.7387165,-122.4129952,5037.0
60750254023004,60750254023,6075025402,94110.0,680,land - populated,83,14,37.7375697,-122.4112495,7632.0
60750254023003,60750254023,6075025402,94110.0,680,land - populated,95,10,37.7376048,-122.4118714,7603.0
60750254022005,60750254022,6075025402,94110.0,680,land - populated,82,17,37.7376398,-122.412492,7584.0
60750254023008,60750254023,6075025402,94110.0,680,land - zero population,0,0,37.7362625,-122.408999,1841.0
60750254023007,60750254023,6075025402,94110.0,680,land - zero population,0,0,37.7362703,-122.409218,2155.0
60750254023012,60750254023,6075025402,94110.0,680,land - zero population,0,0,37.7354572,-122.409657,3463.0
60750257012027,60750257012,6075025701,94134.0,680,land - zero population,0,0,37.7351511,-122.4090171,6419.0
60750254023013,60750254023,6075025402,94110.0,680,land - zero population,0,0,37.7353557,-122.4094918,2579.0
60750254023021,60750254023,6075025402,94110.0,680,land - zero population,0,0,37.7350958,-122.4095726,1102.0
60750254023006,60750254023,6075025402,94110.0,680,land - populated,160,44,37.7361513,-122.4102688,25127.0
60750254023015,60750254023,6075025402,94110.0,680,land - zero population,0,0,37.7352993,-122.4103441,2173.0
60750257012049,60750257012,6075025701,94134.0,680,land - zero population,0,0,37.7344817,-122.4101947,1706.0
60750254023020,60750254023,6075025402,94110.0,680,land - zero population,0,0,37.7348305,-122.4102819,2035.0
60750254023014,60750254023,6075025402,94110.0,680,land - zero population,0,0,37.7350612,-122.4105964,1673.0
60750257012034,60750257012,6075025701,94134.0,513,land - zero population,0,0,37.7340304,-122.4102648,5311.0
60750257012044,60750257012,6075025701,94134.0,513,land - populated,131,23,37.7325477,-122.4102972,8943.0
60750257012032,60750257012,6075025701,94134.0,513,land - populated,218,38,37.733173,-122.4105399,37719.0
60750254023017,60750254023,6075025402,94110.0,680,land - populated,73,6,37.736358,-122.4113621,7169.0
60750254023016,60750254023,6075025402,94110.0,680,land - populated,77,16,37.7363928,-122.4119818,7188.0
60750254023018,60750254023,6075025402,94110.0,680,land - populated,21,5,37.7353026,-122.4114833,5543.0
60750254022006,60750254022,6075025402,94110.0,680,land - populated,46,9,37.7364285,-122.4126015,7170.0
60750254023019,60750254023,6075025402,94110.0,680,land - populated,78,16,37.7352291,-122.4120857,7021.0
60750254032003,60750254032,6075025403,94110.0,680,land - populated,137,30,37.7344245,-122.412101,10237.0
60750254022011,60750254022,6075025402,94110.0,680,land - populated,90,19,37.7352619,-122.4127065,7042.0
60750257012033,60750257012,6075025701,94134.0,513,land - zero population,0,0,37.7332612,-122.411651,7246.0
60750254032000,60750254032,6075025403,94110.0,680,land - zero population,0,0,37.7336861,-122.4121222,15463.0
60750257012050,60750257012,6075025701,94110.0,513,land - zero population,0,0,37.7333653,-122.4120882,11279.0
60750229012009,60750229012,6075022901,94110.0,603,land - populated,130,42,37.7485889,-122.4131514,5971.0
60750252001010,60750252001,6075025200,94110.0,680,land - zero population,0,0,37.7482365,-122.4143018,1030.0
60750252001009,60750252001,6075025200,94110.0,680,land - populated,121,0,37.7477287,-122.4142248,11380.0
60750252001005,60750252001,6075025200,94110.0,680,land - populated,165,21,37.7470362,-122.4150582,16782.0
60750252002003,60750252002,6075025200,94110.0,680,land - populated,174,24,37.7459543,-122.4138555,13056.0
60750252002004,60750252002,6075025200,94110.0,680,land - populated,136,21,37.7458957,-122.4146215,12141.0
60750252001011,60750252001,6075025200,94110.0,680,land - zero population,0,0,37.7482128,-122.4153822,783.0
60750209002005,60750209002,6075020900,94110.0,603,land - populated,211,39,37.7486201,-122.4166681,12571.0
60750252001007,60750252001,6075025200,94110.0,680,land - zero population,0,0,37.748182,-122.4170367,2110.0
60750252001006,60750252001,6075025200,94110.0,680,land - populated,686,139,37.7475787,-122.4170668,36312.0
60750252001008,60750252001,6075025200,94110.0,680,land - populated,205,34,37.7466887,-122.4171103,16892.0
60750252002006,60750252002,6075025200,94110.0,680,land - populated,99,11,37.745747,-122.4160741,10416.0
60750252002007,60750252002,6075025200,94110.0,680,land - populated,40,7,37.7452924,-122.4155174,5403.0
60750252002005,60750252002,6075025200,94110.0,680,land - populated,118,8,37.7462319,-122.4161584,12185.0
60750252002008,60750252002,6075025200,94110.0,680,land - populated,85,15,37.7443371,-122.4138698,22366.0
60750252002009,60750252002,6075025200,94110.0,680,land - zero population,0,0,37.7429941,-122.4138632,89964.0
60750252003006,60750252003,6075025200,94110.0,656,land - populated,103,16,37.7408951,-122.413567,7160.0
60750252003002,60750252003,6075025200,94110.0,656,land - populated,39,6,37.741988,-122.4140986,5551.0
60750252003003,60750252003,6075025200,94110.0,656,land - populated,42,8,37.7419588,-122.4147041,4750.0
60750252003005,60750252003,6075025200,94110.0,656,land - populated,76,7,37.7409351,-122.4141844,7386.0
60750252003004,60750252003,6075025200,94110.0,656,land - populated,73,9,37.7409646,-122.4148089,7389.0
60750252004000,60750252004,6075025200,94110.0,680,land - populated,3,0,37.7444355,-122.4154953,10034.0
60750252004001,60750252004,6075025200,94110.0,680,land - populated,118,20,37.7440684,-122.4165018,14573.0
60750253001000,60750253001,6075025300,94110.0,680,land - populated,161,36,37.7443509,-122.4170405,13956.0
60750252004003,60750252004,6075025200,94110.0,656,land - populated,21,3,37.7418747,-122.415351,3425.0
60750252004004,60750252004,6075025200,94110.0,656,land - populated,68,9,37.7409931,-122.4154307,7304.0
60750252004005,60750252004,6075025200,94110.0,656,land - populated,92,13,37.7410218,-122.416048,7265.0
60750252004006,60750252004,6075025200,94110.0,656,land - populated,74,11,37.7410519,-122.4166667,7322.0
60750209003005,60750209003,6075020900,94110.0,420,land - populated,112,16,37.7486064,-122.4186607,8709.0
60750253004003,60750253004,6075025300,94110.0,680,land - populated,19,4,37.7462611,-122.4181209,1238.0
60750253001002,60750253001,6075025300,94110.0,680,land - populated,117,18,37.745437,-122.4180011,10616.0
60750253004002,60750253004,6075025300,94110.0,680,land - populated,137,6,37.7462988,-122.4187692,8661.0
60750253004008,60750253004,6075025300,94110.0,680,land - populated,126,22,37.7456663,-122.4191448,7985.0
60750253004001,60750253004,6075025300,94110.0,680,land - zero population,0,0,37.7481331,-122.4192463,1670.0
60750209003004,60750209003,6075020900,94110.0,420,land - populated,76,4,37.7485525,-122.4197596,8447.0
60750253004000,60750253004,6075025300,94110.0,680,land - populated,200,16,37.7471912,-122.4195155,26500.0
60750253004007,60750253004,6075025300,94110.0,420,land - zero population,0,0,37.7481026,-122.4208763,980.0
60750253004006,60750253004,6075025300,94110.0,680,land - populated,63,0,37.7472093,-122.4208365,19546.0
60750253004005,60750253004,6075025300,94110.0,680,land - populated,224,34,37.7450759,-122.4208031,21175.0
60750253001001,60750253001,6075025300,94110.0,680,land - populated,170,26,37.7445838,-122.4176061,14548.0
60750253001004,60750253001,6075025300,94110.0,680,land - populated,34,5,37.7442953,-122.4183807,4758.0
60750253001003,60750253001,6075025300,94110.0,680,land - populated,117,21,37.7445023,-122.4188373,8054.0
60750253001008,60750253001,6075025300,94110.0,680,land - populated,137,26,37.7428742,-122.4187117,9836.0
60750253001005,60750253001,6075025300,94110.0,680,land - populated,51,10,37.7430636,-122.4191793,6107.0
60750252004002,60750252004,6075025200,94110.0,680,land - populated,236,51,37.7418285,-122.4174642,32192.0
60750252004007,60750252004,6075025200,94110.0,656,land - populated,49,7,37.7409407,-122.4172509,5309.0
60750253001007,60750253001,6075025300,94110.0,680,land - populated,108,16,37.7424984,-122.418218,10894.0
60750253002000,60750253002,6075025300,94110.0,656,land - populated,43,4,37.7414934,-122.4189938,4687.0
60750253004004,60750253004,6075025300,94110.0,680,land - populated,459,46,37.7441373,-122.4201356,33547.0
60750253001006,60750253001,6075025300,94110.0,680,land - populated,116,16,37.743252,-122.4196495,9893.0
60750253003003,60750253003,6075025300,94110.0,656,land - populated,102,10,37.7427483,-122.4210315,4118.0
60750253002001,60750253002,6075025300,94110.0,656,land - populated,69,9,37.7417749,-122.4194818,6116.0
60750253002002,60750253002,6075025300,94110.0,656,land - populated,69,12,37.7422555,-122.4200944,5312.0
60750253002005,60750253002,6075025300,94110.0,656,land - populated,129,28,37.7407262,-122.4201623,8956.0
60750253002003,60750253002,6075025300,94110.0,656,land - populated,64,9,37.7417942,-122.4203973,4780.0
60750253002004,60750253002,6075025300,94110.0,656,land - populated,45,7,37.7413535,-122.4206773,4788.0
60750253002009,60750253002,6075025300,94110.0,656,land - populated,113,20,37.7407677,-122.4210612,8019.0
60750252003015,60750252003,6075025200,94110.0,656,land - populated,115,21,37.7396229,-122.4136718,8276.0
60750254022002,60750254022,6075025402,94110.0,680,land - populated,37,8,37.7386431,-122.4136438,3826.0
60750252003016,60750252003,6075025200,94110.0,656,land - populated,114,15,37.739616,-122.4142954,8725.0
60750252003017,60750252003,6075025200,94110.0,656,land - populated,105,18,37.7396374,-122.4149127,8842.0
60750254021000,60750254021,6075025402,94110.0,680,land - populated,37,13,37.7386354,-122.4142672,3274.0
60750254021001,60750254021,6075025402,94110.0,656,land - populated,3,0,37.7386534,-122.4148975,3061.0
60750254022004,60750254022,6075025402,94110.0,680,land - populated,14,2,37.737674,-122.4131113,7566.0
60750254022003,60750254022,6075025402,94110.0,680,land - populated,103,17,37.73771,-122.4137337,7664.0
60750254022007,60750254022,6075025402,94110.0,680,land - populated,81,14,37.7364637,-122.413221,7179.0
60750254022008,60750254022,6075025402,94110.0,680,land - populated,82,11,37.7364991,-122.4138437,7237.0
60750254021005,60750254021,6075025402,94110.0,680,land - populated,77,13,37.7377451,-122.4143574,7593.0
60750254021004,60750254021,6075025402,94110.0,656,land - populated,84,20,37.7377792,-122.4149748,7495.0
60750254021006,60750254021,6075025402,94110.0,680,land - populated,80,16,37.7365352,-122.4144662,7165.0
60750254021007,60750254021,6075025402,94110.0,656,land - populated,87,19,37.7365704,-122.415084,7121.0
60750252004011,60750252004,6075025200,94110.0,656,land - populated,122,19,37.73968,-122.4155326,8658.0
60750254021002,60750254021,6075025402,94110.0,656,land - populated,32,5,37.7387009,-122.4155165,3214.0
60750252004010,60750252004,6075025200,94110.0,656,land - populated,111,15,37.7397259,-122.4161522,8474.0
60750252004012,60750252004,6075025200,94110.0,656,land - populated,87,8,37.7397716,-122.4167719,8301.0
60750254021003,60750254021,6075025402,94110.0,656,land - populated,97,13,37.7378141,-122.4155897,7526.0
60750254021008,60750254021,6075025402,94110.0,656,land - populated,90,13,37.7366062,-122.4157005,7127.0
60750254012000,60750254012,6075025401,94110.0,656,land - populated,68,10,37.7381278,-122.4162054,11641.0
60750254021009,60750254021,6075025402,94110.0,656,land - populated,80,15,37.7366429,-122.416337,7574.0
60750254022010,60750254022,6075025402,94110.0,680,land - populated,92,13,37.7352958,-122.4133267,7062.0
60750254022009,60750254022,6075025402,94110.0,680,land - populated,90,18,37.7353296,-122.4139492,7149.0
60750254021013,60750254021,6075025402,94110.0,680,land - populated,95,18,37.7353624,-122.414572,7128.0
60750254032002,60750254032,6075025403,94110.0,680,land - populated,176,32,37.7341083,-122.4133539,9953.0
60750254032001,60750254032,6075025403,94110.0,680,land - zero population,0,0,37.7330359,-122.414146,18099.0
60750254021011,60750254021,6075025402,94110.0,656,land - populated,89,14,37.7354297,-122.415809,7155.0
60750254021012,60750254021,6075025402,94110.0,656,land - populated,81,17,37.735396,-122.4151912,7130.0
60750254021010,60750254021,6075025402,94110.0,656,land - populated,117,24,37.7354643,-122.4164444,7604.0
60750254032006,60750254032,6075025403,94110.0,656,land - populated,103,19,37.7339437,-122.4154002,10576.0
60750254032007,60750254032,6075025403,94110.0,656,land - populated,118,24,37.7340741,-122.4159311,9426.0
60750254032008,60750254032,6075025403,94110.0,656,land - populated,102,15,37.7338858,-122.4165924,12615.0
60750252004008,60750252004,6075025200,94110.0,656,land - populated,98,22,37.7398213,-122.4173925,8143.0
60750252004009,60750252004,6075025200,94110.0,656,land - populated,58,7,37.7397175,-122.4180034,6506.0
60750254012001,60750254012,6075025401,94110.0,656,land - populated,90,11,37.738735,-122.4171643,10162.0
60750253002008,60750253002,6075025300,94110.0,656,land - populated,91,11,37.740044,-122.4184673,8986.0
60750253002007,60750253002,6075025300,94110.0,656,land - populated,97,16,37.7402718,-122.4190344,8605.0
60750254012002,60750254012,6075025401,94110.0,656,land - populated,75,14,37.738832,-122.4183475,7579.0
60750254012004,60750254012,6075025401,94110.0,656,land - populated,94,8,37.7380454,-122.4172453,8574.0
60750254012005,60750254012,6075025401,94110.0,656,land - populated,80,23,37.7374047,-122.4173354,9412.0
60750254012008,60750254012,6075025401,94110.0,656,land - populated,175,24,37.7367261,-122.4178402,16608.0
60750254012003,60750254012,6075025401,94110.0,656,land - populated,62,11,37.7381822,-122.4185492,7407.0
60750254012006,60750254012,6075025401,94110.0,656,land - populated,36,7,37.7375062,-122.418433,5425.0
60750253002006,60750253002,6075025300,94110.0,656,land - populated,82,14,37.7404984,-122.41959,8620.0
60750254011000,60750254011,6075025401,94110.0,656,land - populated,147,27,37.7388363,-122.4195503,16081.0
60750254011001,60750254011,6075025401,94110.0,656,land - populated,75,13,37.7397639,-122.420335,6185.0
60750254012007,60750254012,6075025401,94110.0,656,land - zero population,0,0,37.7372056,-122.4199466,36881.0
60750254032009,60750254032,6075025403,94110.0,656,land - populated,84,21,37.7344134,-122.4171976,6333.0
60750254032015,60750254032,6075025403,94110.0,656,land - populated,95,20,37.7344514,-122.4178348,5914.0
60750254012009,60750254012,6075025401,94110.0,656,land - populated,248,48,37.7360243,-122.4183245,22129.0
60750254032010,60750254032,6075025403,94110.0,656,land - populated,338,62,37.7353321,-122.4184936,23997.0
60750254032016,60750254032,6075025403,94110.0,656,land - populated,78,18,37.7344841,-122.4184576,5946.0
60750254032005,60750254032,6075025403,94110.0,656,land - populated,57,11,37.7333995,-122.4176061,13707.0
60750254032004,60750254032,6075025403,94110.0,680,land - populated,631,188,37.7325309,-122.4183068,46415.0
60750254032011,60750254032,6075025403,94110.0,656,land - populated,99,15,37.7345239,-122.4192094,8332.0
60750254032012,60750254032,6075025403,94110.0,656,land - populated,104,19,37.7340431,-122.4200503,44855.0
60750257022010,60750257022,6075025702,94134.0,513,land - populated,36,11,37.7313708,-122.4048851,10831.0
60750257022013,60750257022,6075025702,94134.0,513,land - populated,96,17,37.7316975,-122.4058352,12771.0
60750257022012,60750257022,6075025702,94134.0,513,land - populated,166,26,37.7305072,-122.4053381,12989.0
60750257022014,60750257022,6075025702,94134.0,513,land - populated,245,62,37.7314205,-122.4068152,12235.0
60750257022018,60750257022,6075025702,94134.0,513,land - populated,174,35,37.7290459,-122.4058347,12908.0
60750257022017,60750257022,6075025702,94134.0,513,land - populated,204,36,37.730247,-122.4063314,12850.0
60750257022023,60750257022,6075025702,94134.0,513,land - populated,165,32,37.7287884,-122.4068203,12797.0
60750257022015,60750257022,6075025702,94134.0,513,land - populated,208,41,37.7311454,-122.4077918,11850.0
60750257012041,60750257012,6075025701,94134.0,513,land - populated,191,37,37.7320247,-122.4079674,12960.0
60750257013000,60750257013,6075025701,94134.0,513,land - populated,67,15,37.7308685,-122.4087689,11457.0
60750257022016,60750257022,6075025702,94134.0,513,land - populated,147,29,37.7299897,-122.4073171,12789.0
60750257023000,60750257023,6075025702,94134.0,513,land - populated,133,29,37.7285306,-122.4078057,12901.0
60750257013012,60750257013,6075025701,94134.0,513,land - populated,182,45,37.7297318,-122.4083024,12852.0
60750257023001,60750257023,6075025702,94134.0,513,land - populated,139,31,37.7282725,-122.408793,12849.0
60750257022022,60750257022,6075025702,94134.0,513,land - zero population,0,0,37.7277165,-122.405828,25642.0
60750257021005,60750257021,6075025702,94134.0,513,land - populated,160,35,37.7263862,-122.4058267,12783.0
60750257021006,60750257021,6075025702,94134.0,513,land - populated,175,40,37.7251879,-122.4053287,12799.0
60750257023006,60750257023,6075025702,94134.0,513,land - populated,101,27,37.7261296,-122.4068122,12860.0
60750257023011,60750257023,6075025702,94134.0,513,land - populated,198,38,37.7249281,-122.4063136,12844.0
60750257023005,60750257023,6075025702,94134.0,513,land - zero population,0,0,37.7273291,-122.4073087,12896.0
60750257023004,60750257023,6075025702,94134.0,513,land - populated,161,28,37.7270704,-122.4082967,12832.0
60750257023007,60750257023,6075025702,94134.0,513,land - populated,63,12,37.7258705,-122.407799,12830.0
60750257023010,60750257023,6075025702,94134.0,513,land - populated,127,30,37.7246693,-122.4072977,12878.0
60750257023008,60750257023,6075025702,94134.0,513,land - populated,130,27,37.7256127,-122.4087845,12821.0
60750257023009,60750257023,6075025702,94134.0,513,land - populated,110,13,37.7244138,-122.4082844,12818.0
60750257012042,60750257012,6075025701,94134.0,513,land - populated,150,27,37.7314461,-122.4098522,9755.0
60750257013001,60750257013,6075025701,94134.0,513,land - populated,147,31,37.7305912,-122.4097486,11064.0
60750257012043,60750257012,6075025701,94134.0,513,land - populated,139,19,37.731995,-122.4100758,9390.0
60750257013011,60750257013,6075025701,94134.0,513,land - zero population,0,0,37.7293455,-122.4097818,25639.0
60750257013002,60750257013,6075025701,94134.0,513,land - populated,121,16,37.7303027,-122.4107157,10307.0
60750257012046,60750257012,6075025701,94134.0,513,land - populated,157,23,37.7314352,-122.4119243,13756.0
60750257012047,60750257012,6075025701,94134.0,513,land - populated,237,50,37.7308235,-122.4117274,13792.0
60750257012045,60750257012,6075025701,94134.0,513,land - populated,122,16,37.7320462,-122.4121253,13749.0
60750257013003,60750257013,6075025701,94134.0,513,land - populated,129,24,37.7299968,-122.4116774,9288.0
60750257013010,60750257013,6075025701,94134.0,513,land - populated,149,34,37.7289589,-122.4112597,12822.0
60750257013004,60750257013,6075025701,94134.0,614,land - populated,96,19,37.7296891,-122.4126407,8208.0
60750257013009,60750257013,6075025701,94134.0,614,land - populated,100,19,37.7287012,-122.412245,12817.0
60750257023002,60750257023,6075025702,94134.0,513,land - populated,158,30,37.7280147,-122.409778,12851.0
60750257023003,60750257023,6075025702,94134.0,513,land - populated,73,8,37.7268128,-122.409282,12818.0
60750259001000,60750259001,6075025900,94134.0,513,land - populated,116,25,37.727757,-122.4107635,12871.0
60750259001007,60750259001,6075025900,94134.0,513,land - populated,130,25,37.7253546,-122.4097705,12851.0
60750259001001,60750259001,6075025900,94134.0,513,land - populated,180,42,37.7268625,-122.4116645,52414.0
60750259001006,60750259001,6075025900,94134.0,513,land - zero population,0,0,37.7234533,-122.4105033,33069.0
60750259002000,60750259002,6075025900,94134.0,513,land - populated,200,43,37.7235645,-122.4060856,18066.0
60750259002008,60750259002,6075025900,94134.0,513,land - populated,274,44,37.7215632,-122.4065439,103550.0
60750259003005,60750259003,6075025900,94134.0,513,land - zero population,0,0,37.7202503,-122.4060019,4663.0
60750259002001,60750259002,6075025900,94134.0,513,land - populated,33,5,37.7237481,-122.4069143,6835.0
60750259002002,60750259002,6075025900,94134.0,513,land - populated,101,19,37.7232285,-122.407794,12542.0
60750259002003,60750259002,6075025900,94134.0,513,land - populated,122,28,37.7229584,-122.4087744,12833.0
60750259002009,60750259002,6075025900,94134.0,513,land - populated,126,22,37.7203046,-122.4087663,12734.0
60750259003004,60750259003,6075025900,94134.0,513,land - populated,106,18,37.7198794,-122.4052183,8379.0
60750264021000,60750264021,6075026402,94134.0,521,land - populated,115,24,37.7188298,-122.4054709,12093.0
60750264021001,60750264021,6075026402,94134.0,521,land - populated,126,24,37.7190688,-122.4062694,12346.0
60750259003006,60750259003,6075025900,94134.0,521,land - populated,29,7,37.7197928,-122.4064535,3707.0
60750264021002,60750264021,6075026402,94134.0,521,land - populated,210,52,37.7178848,-122.4061443,14382.0
60750264023001,60750264023,6075026402,94134.0,521,land - populated,190,37,37.7172259,-122.4065205,16030.0
60750264023003,60750264023,6075026402,94134.0,521,land - populated,165,48,37.7165505,-122.4068144,15388.0
60759805011013,60759805011,6075980501,94134.0,521,land - zero population,0,0,37.7198641,-122.4074846,2209.0
60750264023002,60750264023,6075026402,94134.0,521,land - populated,95,23,37.7175071,-122.408027,8218.0
60750264023005,60750264023,6075026402,94134.0,521,land - populated,57,17,37.7161323,-122.4086522,3234.0
60750259001008,60750259001,6075025900,94134.0,513,land - zero population,0,0,37.7241573,-122.4092722,12825.0
60750259002004,60750259002,6075025900,94134.0,513,land - populated,108,21,37.7227019,-122.4097592,12793.0
60750259002005,60750259002,6075025900,94134.0,513,land - populated,119,25,37.7224437,-122.4107438,12844.0
60750259002007,60750259002,6075025900,94134.0,513,land - populated,86,6,37.7214995,-122.4092629,12812.0
60750259002011,60750259002,6075025900,94134.0,513,land - populated,106,23,37.7212514,-122.4102643,13161.0
60750259002006,60750259002,6075025900,94134.0,513,land - populated,152,30,37.7221865,-122.411729,12789.0
60750259002012,60750259002,6075025900,94134.0,513,land - populated,93,16,37.7209683,-122.411237,12577.0
60759805011011,60759805011,6075980501,94134.0,513,land - zero population,0,0,37.719475,-122.4089801,4671.0
60750259002010,60750259002,6075025900,94134.0,513,land - populated,107,21,37.72005,-122.4097541,12534.0
60750259002013,60750259002,6075025900,94134.0,513,land - populated,96,20,37.7197928,-122.4107385,12640.0
60759805011012,60759805011,6075980501,94134.0,521,land - zero population,0,0,37.7190006,-122.4107886,4039.0
60750264023006,60750264023,6075026402,94134.0,521,land - populated,47,11,37.7163434,-122.4094375,3209.0
60759805011010,60759805011,6075980501,94134.0,521,land - populated,419,36,37.7171172,-122.41059,178283.0
60750264023007,60750264023,6075026402,94134.0,521,land - populated,16,4,37.7164953,-122.4101275,1643.0
60759805011006,60759805011,6075980501,94134.0,867,land - zero population,0,0,37.7184334,-122.4129153,5154.0
60750257011007,60750257011,6075025701,94134.0,614,land - populated,109,21,37.7306964,-122.4131791,9732.0
60750257011006,60750257011,6075025701,94134.0,614,land - populated,140,37,37.7304745,-122.4138238,9907.0
60750257013005,60750257013,6075025701,94134.0,614,land - populated,60,10,37.7293814,-122.4136037,7126.0
60750257013008,60750257013,6075025701,94134.0,614,land - populated,164,33,37.7284439,-122.4132303,12824.0
60750257011005,60750257011,6075025701,94134.0,614,land - populated,83,16,37.7302538,-122.4144734,10034.0
60750257013006,60750257013,6075025701,94134.0,614,land - populated,69,15,37.7290827,-122.4145789,6295.0
60750257011001,60750257011,6075025701,94134.0,614,land - zero population,0,0,37.7316853,-122.4161809,10823.0
60750257011000,60750257011,6075025701,94134.0,614,land - populated,558,111,37.7311681,-122.4167485,69683.0
60750257011004,60750257011,6075025701,94134.0,614,land - populated,79,11,37.7300737,-122.4151507,11203.0
60750257011003,60750257011,6075025701,94134.0,614,land - populated,85,17,37.7296871,-122.4158413,11218.0
60750256002000,60750256002,6075025600,94134.0,614,land - populated,83,12,37.728802,-122.415561,5871.0
60750256002001,60750256002,6075025600,94134.0,614,land - populated,34,3,37.7285498,-122.4165757,5940.0
60750257013007,60750257013,6075025701,94134.0,614,land - populated,135,14,37.7281862,-122.4142155,12820.0
60750259001002,60750259001,6075025900,94134.0,614,land - populated,110,26,37.726813,-122.4148053,11033.0
60750259001005,60750259001,6075025900,94134.0,614,land - populated,119,28,37.7243259,-122.413712,12813.0
60750256002009,60750256002,6075025600,94134.0,614,land - populated,95,9,37.7279278,-122.4152034,12900.0
60750259001003,60750259001,6075025900,94134.0,614,land - populated,64,14,37.7266331,-122.4157914,8936.0
60750256002008,60750256002,6075025600,94134.0,614,land - populated,148,20,37.727671,-122.416186,12678.0
60750259001004,60750259001,6075025900,94134.0,614,land - populated,469,78,37.725498,-122.4161018,82936.0
60750257011009,60750257011,6075025701,94110.0,614,land - zero population,0,0,37.7319586,-122.4180825,13828.0
60750257011002,60750257011,6075025701,94110.0,614,land - zero population,0,0,37.7317204,-122.4191306,9921.0
60750257011008,60750257011,6075025701,94134.0,614,land - populated,214,36,37.7296225,-122.4178294,42897.0
60750256002002,60750256002,6075025600,94134.0,614,land - populated,125,17,37.7284764,-122.4176477,9877.0
60750256002003,60750256002,6075025600,94134.0,614,land - zero population,0,0,37.728413,-122.418692,14185.0
60750256001001,60750256001,6075025600,94134.0,614,land - populated,210,48,37.7303344,-122.4206732,15840.0
60750256001000,60750256001,6075025600,94134.0,614,land - populated,285,44,37.7302013,-122.4198618,22009.0
60750256001016,60750256001,6075025600,94134.0,614,land - populated,41,10,37.7288276,-122.4199817,3255.0
60750256004011,60750256004,6075025600,94134.0,614,land - populated,48,8,37.7286597,-122.4210008,5047.0
60750256002007,60750256002,6075025600,94134.0,614,land - populated,117,14,37.7274149,-122.4171657,12827.0
60750256002006,60750256002,6075025600,94134.0,614,land - populated,147,26,37.727156,-122.418155,12952.0
60750256002005,60750256002,6075025600,94134.0,614,land - populated,121,22,37.7268979,-122.4191433,12797.0
60750259001009,60750259001,6075025900,94134.0,614,land - populated,99,11,37.724493,-122.4181484,12773.0
60750256002010,60750256002,6075025600,94134.0,614,land - populated,110,11,37.7256953,-122.418646,12809.0
60750259001010,60750259001,6075025900,94134.0,614,land - populated,102,9,37.7242351,-122.4191334,12896.0
60750256002004,60750256002,6075025600,94134.0,614,land - populated,154,39,37.7280903,-122.4196366,12624.0
60750256003005,60750256003,6075025600,94134.0,614,land - populated,133,31,37.7266404,-122.4201267,12823.0
60750256003000,60750256003,6075025600,94134.0,614,land - populated,116,18,37.7278346,-122.420621,12668.0
60750256003004,60750256003,6075025600,94134.0,614,land - populated,98,19,37.7263827,-122.4211115,12830.0
60750256003006,60750256003,6075025600,94134.0,614,land - populated,121,16,37.7254389,-122.4196298,12847.0
60750256003007,60750256003,6075025600,94134.0,614,land - populated,120,22,37.725182,-122.4206156,12818.0
60750259001011,60750259001,6075025900,94134.0,614,land - populated,119,18,37.7240679,-122.4146964,12691.0
60759805011000,60759805011,6075980501,94134.0,614,land - populated,10,3,37.7210518,-122.4135725,162018.0
60750259001012,60750259001,6075025900,94134.0,614,land - populated,297,48,37.7236792,-122.4161743,25550.0
60750259001014,60750259001,6075025900,94134.0,614,land - populated,78,12,37.7225768,-122.416236,8248.0
60759805011004,60759805011,6075980501,94134.0,614,land - zero population,0,0,37.7183205,-122.4161232,4624.0
60750259001013,60750259001,6075025900,94134.0,614,land - populated,130,31,37.7232967,-122.4176523,12629.0
60759805011003,60759805011,6075980501,94134.0,614,land - zero population,0,0,37.7206641,-122.4189007,259962.0
60759805011005,60759805011,6075980501,94134.0,867,land - populated,83,35,37.7161733,-122.4193747,521360.0
60750610001008,60750610001,6075061000,94124.0,453,land - populated,26,4,37.7153438,-122.3889202,6191.0
60750610001004,60750610001,6075061000,94124.0,453,land - populated,958,106,37.7137227,-122.3920201,396936.0
60750610001000,60750610001,6075061000,94124.0,453,land - populated,10,2,37.7167568,-122.3816519,585293.0
60750610001011,60750610001,6075061000,94124.0,453,land - zero population,0,0,37.7112266,-122.391733,1472.0
60750610001001,60750610001,6075061000,94124.0,453,land - zero population,0,0,37.7104147,-122.3919022,24062.0
60750610001007,60750610001,6075061000,94134.0,453,land - zero population,0,0,37.7124637,-122.396124,1173.0
60750610002008,60750610002,6075061000,94134.0,521,land - populated,134,25,37.7118862,-122.3966562,14043.0
60750610001016,60750610001,6075061000,94124.0,453,land - zero population,0,0,37.7107845,-122.3926513,739.0
60750610001017,60750610001,6075061000,94134.0,453,land - zero population,0,0,37.7101122,-122.3927095,1629.0
60750610001009,60750610001,6075061000,94134.0,453,land - zero population,0,0,37.7113013,-122.3936999,1830.0
60750610001015,60750610001,6075061000,94134.0,453,land - zero population,0,0,37.7101822,-122.3937045,41330.0
60750610001014,60750610001,6075061000,94134.0,453,land - zero population,0,0,37.7086668,-122.3939148,11954.0
60750610001020,60750610001,6075061000,94134.0,453,land - zero population,0,0,37.7099441,-122.394911,12399.0
60750610001019,60750610001,6075061000,94134.0,453,land - zero population,0,0,37.7098661,-122.3953262,5551.0
60750610001005,60750610001,6075061000,94134.0,453,land - zero population,0,0,37.7116037,-122.3957565,3550.0
60750610002022,60750610002,6075061000,94134.0,521,land - populated,9,2,37.7113209,-122.3960702,4861.0
60750610002018,60750610002,6075061000,94134.0,521,land - populated,71,14,37.7103438,-122.3960988,11474.0
60750610001018,60750610001,6075061000,94134.0,453,land - zero population,0,0,37.7085665,-122.3950229,1247.0
60750610002023,60750610002,6075061000,94134.0,521,land - zero population,0,0,37.708516,-122.3955838,3403.0
60750610001028,60750610001,6075061000,94134.0,453,land - zero population,0,0,37.7140513,-122.3972232,7859.0
60750610002000,60750610002,6075061000,94134.0,453,land - zero population,0,0,37.715821,-122.3982714,1319.0
60750610002001,60750610002,6075061000,94134.0,453,land - zero population,0,0,37.7156837,-122.3984202,883.0
60750610002002,60750610002,6075061000,94134.0,521,land - zero population,0,0,37.715541,-122.3986484,902.0
60750610002003,60750610002,6075061000,94134.0,521,land - populated,120,21,37.7124183,-122.398498,28625.0
60750610002006,60750610002,6075061000,94134.0,521,land - populated,152,32,37.7140667,-122.3986781,20833.0
60750610002007,60750610002,6075061000,94134.0,521,land - populated,137,25,37.7121957,-122.3974029,16225.0
60750264022026,60750264022,6075026402,94134.0,521,land - zero population,0,0,37.7157383,-122.3987917,583.0
60750264022029,60750264022,6075026402,94134.0,513,land - zero population,0,0,37.7156479,-122.3987463,336.0
60750264022030,60750264022,6075026402,94134.0,521,land - zero population,0,0,37.7141483,-122.3996948,4910.0
60750264022013,60750264022,6075026402,94134.0,521,land - populated,135,28,37.7158451,-122.4003098,14037.0
60750264022012,60750264022,6075026402,94134.0,521,land - populated,178,35,37.7148316,-122.3997724,16730.0
60750610002005,60750610002,6075061000,94134.0,521,land - populated,97,22,37.7133223,-122.3988483,6729.0
60750610002004,60750610002,6075061000,94134.0,521,land - populated,142,23,37.7124269,-122.3992337,13157.0
60750610002011,60750610002,6075061000,94134.0,521,land - populated,167,28,37.7127004,-122.4000816,14721.0
60750610002021,60750610002,6075061000,94134.0,521,land - populated,87,14,37.710622,-122.3970916,8732.0
60750610002020,60750610002,6075061000,94134.0,521,land - populated,115,25,37.710827,-122.397953,8706.0
60750610002017,60750610002,6075061000,94134.0,521,land - populated,181,34,37.70941,-122.3987113,117514.0
60750610002019,60750610002,6075061000,94134.0,521,land - populated,73,8,37.711032,-122.398813,8706.0
60750610002009,60750610002,6075061000,94134.0,521,land - populated,92,11,37.7112372,-122.3996744,8731.0
60750610002010,60750610002,6075061000,94134.0,521,land - populated,102,26,37.7114442,-122.4005129,8275.0
60750264022020,60750264022,6075026402,94134.0,521,land - populated,116,16,37.7155867,-122.4013489,12891.0
60750264022019,60750264022,6075026402,94134.0,521,land - populated,99,16,37.7147018,-122.4011643,13027.0
60750264022025,60750264022,6075026402,94134.0,521,land - populated,142,20,37.7140225,-122.4013927,13383.0
60750264023009,60750264023,6075026402,94134.0,521,land - populated,108,24,37.7152406,-122.4022535,9862.0
60750264022024,60750264022,6075026402,94134.0,521,land - populated,85,16,37.7135226,-122.4012019,7616.0
60750264022023,60750264022,6075026402,94134.0,521,land - populated,58,16,37.7129926,-122.4013354,8262.0
60750610002012,60750610002,6075061000,94134.0,521,land - populated,24,6,37.7123982,-122.4010151,4984.0
60750610002013,60750610002,6075061000,94134.0,521,land - zero population,0,0,37.7125327,-122.4014732,3031.0
60750264032000,60750264032,6075026403,94134.0,521,land - populated,181,43,37.7138158,-122.4027587,15558.0
60750264023008,60750264023,6075026402,94134.0,521,land - populated,242,51,37.7157862,-122.4042969,21918.0
60750264023010,60750264023,6075026402,94134.0,521,land - populated,274,52,37.7150726,-122.4044376,24621.0
60750264032001,60750264032,6075026403,94134.0,521,land - populated,225,46,37.7143843,-122.404853,22852.0
60750264032007,60750264032,6075026403,94134.0,521,land - populated,255,47,37.7130613,-122.4034474,18154.0
60750264032006,60750264032,6075026403,94134.0,521,land - populated,140,25,37.7124907,-122.4039582,16546.0
60750264032005,60750264032,6075026403,94134.0,521,land - populated,114,20,37.7118826,-122.4044702,15057.0
60750610002016,60750610002,6075061000,94134.0,521,land - zero population,0,0,37.7102222,-122.4014048,16587.0
60750610002014,60750610002,6075061000,94134.0,521,land - zero population,0,0,37.7109522,-122.4025055,44717.0
60750610002015,60750610002,6075061000,94134.0,521,land - zero population,0,0,37.7117439,-122.4031561,2323.0
60750264032011,60750264032,6075026403,94134.0,867,land - populated,152,31,37.7109979,-122.4045138,9746.0
60750610002027,60750610002,6075061000,94134.0,521,land - zero population,0,0,37.7108032,-122.4039323,1474.0
60750610002024,60750610002,6075061000,94134.0,521,land - populated,7,1,37.7091322,-122.4034201,50733.0
60750610002025,60750610002,6075061000,94134.0,867,land - zero population,0,0,37.7096474,-122.404712,2948.0
60750264032002,60750264032,6075026403,94134.0,521,land - populated,183,42,37.7139035,-122.4056288,14789.0
60750264032003,60750264032,6075026403,94134.0,521,land - populated,191,42,37.7132514,-122.4059647,14322.0
60750264032004,60750264032,6075026403,94134.0,521,land - populated,174,40,37.7125911,-122.4063067,13596.0
60750264023004,60750264023,6075026402,94134.0,521,land - populated,167,34,37.7158786,-122.4071004,15798.0
60750264012000,60750264012,6075026401,94134.0,521,land - populated,180,27,37.7152032,-122.4073974,15672.0
60750264012008,60750264012,6075026401,94134.0,521,land - populated,202,40,37.714528,-122.4076867,15717.0
60750264032009,60750264032,6075026403,94134.0,867,land - populated,140,28,37.7118767,-122.4072231,11217.0
60750264012007,60750264012,6075026401,94134.0,521,land - populated,191,28,37.7138514,-122.4079803,15808.0
60750264012006,60750264012,6075026401,94134.0,521,land - populated,226,40,37.7131738,-122.4082703,15793.0
60750264012009,60750264012,6075026401,94134.0,867,land - populated,168,34,37.7121344,-122.4081264,11104.0
60750264032010,60750264032,6075026403,94134.0,867,land - populated,123,28,37.711323,-122.4055205,11114.0
60750264032008,60750264032,6075026403,94134.0,867,land - populated,146,13,37.7116073,-122.4064026,8906.0
60750264031001,60750264031,6075026403,94134.0,867,land - populated,184,37,37.7100196,-122.4060463,14996.0
60750264031000,60750264031,6075026403,94134.0,867,land - populated,49,7,37.7098049,-122.4051965,14578.0
60750610002026,60750610002,6075061000,94134.0,867,land - zero population,0,0,37.7085253,-122.4052693,1206.0
60750264031009,60750264031,6075026403,94134.0,867,land - populated,65,10,37.7086595,-122.4059044,8372.0
60750264031008,60750264031,6075026403,94134.0,867,land - populated,147,37,37.7087571,-122.4067875,7067.0
60750264031002,60750264031,6075026403,94134.0,867,land - populated,190,35,37.7102621,-122.4069237,15887.0
60750264031003,60750264031,6075026403,94134.0,867,land - populated,203,43,37.7105194,-122.4078277,16055.0
60750264031004,60750264031,6075026403,94134.0,867,land - populated,221,42,37.7107716,-122.4087356,15965.0
60750264012001,60750264012,6075026401,94134.0,521,land - populated,168,31,37.7157885,-122.409532,15960.0
60750264012002,60750264012,6075026401,94134.0,521,land - populated,197,30,37.7151082,-122.4098162,15825.0
60750264012003,60750264012,6075026401,94134.0,521,land - populated,207,38,37.714426,-122.4101093,15912.0
60750264012005,60750264012,6075026401,94134.0,867,land - populated,8,1,37.7125058,-122.4094863,22027.0
60750264012004,60750264012,6075026401,94134.0,521,land - populated,202,30,37.7137468,-122.4103996,15538.0
60750264011008,60750264011,6075026401,94134.0,867,land - populated,139,33,37.7128829,-122.4108613,11219.0
60750264011000,60750264011,6075026401,94134.0,521,land - populated,219,57,37.7143416,-122.4126043,16778.0
60750264011007,60750264011,6075026401,94134.0,521,land - populated,141,38,37.7131388,-122.4117947,11169.0
60750264011006,60750264011,6075026401,94134.0,521,land - populated,120,27,37.7133958,-122.4127303,11123.0
60750264031005,60750264031,6075026403,94134.0,867,land - populated,221,53,37.7110269,-122.4096349,15841.0
60750264031006,60750264031,6075026403,94134.0,867,land - populated,249,44,37.7112788,-122.4105394,16040.0
60750264031007,60750264031,6075026403,94134.0,867,land - populated,587,119,37.7091629,-122.4097639,83992.0
60750264011009,60750264011,6075026401,94134.0,867,land - populated,207,39,37.7115352,-122.4114608,16389.0
60750264042000,60750264042,6075026404,94134.0,867,land - populated,247,84,37.710039,-122.4121489,14976.0
60750264042001,60750264042,6075026404,94134.0,867,land - populated,216,67,37.7102667,-122.4129138,8703.0
60750264042008,60750264042,6075026404,94134.0,867,land - populated,84,24,37.7090405,-122.41256,6017.0
60750264011001,60750264011,6075026401,94134.0,521,land - populated,137,40,37.7148959,-122.4146155,12805.0
60750264011005,60750264011,6075026401,94134.0,521,land - populated,157,30,37.7136524,-122.413665,10982.0
60750264011010,60750264011,6075026401,94134.0,867,land - populated,758,198,37.7120574,-122.4133254,49159.0
60750264011004,60750264011,6075026401,94134.0,521,land - populated,137,25,37.7139083,-122.4145933,10817.0
60750264011003,60750264011,6075026401,94134.0,521,land - populated,45,4,37.7142733,-122.4153112,5313.0
60750264011002,60750264011,6075026401,94134.0,521,land - zero population,0,0,37.7144854,-122.4157671,9817.0
60750264011011,60750264011,6075026401,94134.0,867,land - populated,235,54,37.7125803,-122.4151853,16116.0
60750264041000,60750264041,6075026404,94134.0,867,land - populated,366,77,37.711108,-122.413654,25432.0
60750264042003,60750264042,6075026404,94134.0,867,land - populated,84,13,37.7103426,-122.4144478,6355.0
60750264042002,60750264042,6075026404,94134.0,867,land - populated,346,90,37.7095201,-122.4140175,24908.0
60750264042007,60750264042,6075026404,94134.0,867,land - zero population,0,0,37.7085952,-122.4132045,8497.0
60750264042006,60750264042,6075026404,94134.0,867,land - populated,48,10,37.7084099,-122.4145807,4720.0
60750264041001,60750264041,6075026404,94134.0,867,land - populated,291,63,37.7108028,-122.4159808,19947.0
60750264042004,60750264042,6075026404,94134.0,867,land - populated,137,35,37.7091694,-122.4153173,8933.0
60750264042005,60750264042,6075026404,94134.0,867,land - populated,89,15,37.7085774,-122.4156396,5619.0
60750264041002,60750264041,6075026404,94134.0,867,land - populated,176,46,37.7095383,-122.4167168,10069.0
60750264041005,60750264041,6075026404,94134.0,867,land - populated,131,26,37.7087222,-122.4165682,7536.0
60750605021000,60750605021,6075060502,94134.0,867,land - populated,415,174,37.712971,-122.4183697,47040.0
60750605021001,60750605021,6075060502,94134.0,867,land - populated,321,123,37.7125014,-122.4200629,24895.0
60750605022000,60750605022,6075060502,94134.0,867,land - populated,501,198,37.7114544,-122.4175066,37450.0
60750605023000,60750605023,6075060502,94134.0,867,land - populated,207,70,37.7101901,-122.4180077,20977.0
60750264041003,60750264041,6075026404,94134.0,867,land - populated,257,64,37.7088439,-122.4174777,9539.0
60750264041004,60750264041,6075026404,94134.0,867,land - populated,379,89,37.708989,-122.4188876,27096.0
60750605022001,60750605022,6075060502,94134.0,867,land - populated,387,149,37.7114966,-122.4203564,36497.0
60750605023005,60750605023,6075060502,94134.0,867,land - populated,207,37,37.7092731,-122.4201284,14859.0
60750605023004,60750605023,6075060502,94134.0,867,land - populated,152,25,37.7093455,-122.4209591,9986.0
60750605023006,60750605023,6075060502,94134.0,593,land - zero population,0,0,37.7084306,-122.4205097,884.0
60750210004003,60750210004,6075021000,94110.0,420,land - populated,171,3,37.7484809,-122.4214012,15426.0
60750215001000,60750215001,6075021500,94110.0,420,land - zero population,0,0,37.7480449,-122.4218894,970.0
60750215001001,60750215001,6075021500,94110.0,680,land - populated,67,6,37.7476048,-122.4218649,7845.0
60750215001010,60750215001,6075021500,94110.0,680,land - populated,101,16,37.7468339,-122.4219199,5785.0
60750210004004,60750210004,6075021000,94110.0,420,land - zero population,0,0,37.7483847,-122.4225337,635.0
60750215001002,60750215001,6075021500,94110.0,680,land - zero population,0,0,37.7476,-122.422424,890.0
60750215001009,60750215001,6075021500,94110.0,680,land - zero population,0,0,37.7467677,-122.4223465,833.0
60750215002000,60750215002,6075021500,94110.0,680,land - populated,23,5,37.7460857,-122.4220513,2986.0
60750253004009,60750253004,6075025300,94110.0,680,land - populated,341,46,37.7453629,-122.4215951,23853.0
60750253004010,60750253004,6075025300,94110.0,680,land - zero population,0,0,37.7447495,-122.4223894,2083.0
60750210004005,60750210004,6075021000,94110.0,420,land - populated,191,19,37.7483081,-122.4236594,17059.0
60750215001003,60750215001,6075021500,94110.0,420,land - populated,224,25,37.7475055,-122.4235629,17263.0
60750215001008,60750215001,6075021500,94110.0,420,land - populated,229,20,37.7467066,-122.4234888,17005.0
60750210004006,60750210004,6075021000,94110.0,420,land - zero population,0,0,37.7482317,-122.4248061,1144.0
60750215001004,60750215001,6075021500,94110.0,420,land - zero population,0,0,37.7474309,-122.4247279,1137.0
60750215002001,60750215002,6075021500,94110.0,420,land - populated,208,28,37.7459095,-122.4233875,17693.0
60750215002006,60750215002,6075021500,94110.0,420,land - populated,250,52,37.7451133,-122.4233739,16604.0
60750215001007,60750215001,6075021500,94110.0,420,land - zero population,0,0,37.7466378,-122.4246511,1131.0
60750215002002,60750215002,6075021500,94131.0,420,land - zero population,0,0,37.7458366,-122.4245774,1089.0
60750215002005,60750215002,6075021500,94110.0,420,land - zero population,0,0,37.7450365,-122.424499,1116.0
60750253003000,60750253003,6075025300,94110.0,680,land - populated,219,34,37.7432075,-122.422149,23226.0
60750253003001,60750253003,6075025300,94110.0,680,land - zero population,0,0,37.7431213,-122.4229725,2033.0
60750253003002,60750253003,6075025300,94110.0,656,land - populated,110,14,37.7422853,-122.4213299,8497.0
60750253003008,60750253003,6075025300,94110.0,656,land - populated,118,24,37.7417557,-122.4216736,5953.0
60750253003007,60750253003,6075025300,94110.0,656,land - populated,151,24,37.7411706,-122.422053,9971.0
60750253003004,60750253003,6075025300,94110.0,680,land - populated,121,15,37.7420392,-122.4227436,6750.0
60750253003006,60750253003,6075025300,94110.0,680,land - populated,159,21,37.7412218,-122.4231624,9256.0
60750215002007,60750215002,6075021500,94110.0,420,land - populated,178,20,37.7443085,-122.4234677,13861.0
60750215003000,60750215003,6075021500,94110.0,575,land - populated,169,24,37.7435034,-122.4235777,10982.0
60750215003005,60750215003,6075021500,94110.0,575,land - populated,87,8,37.7426949,-122.4236935,7925.0
60750215003004,60750215003,6075021500,94131.0,575,land - zero population,0,0,37.7426367,-122.4242718,1122.0
60750215002008,60750215002,6075021500,94110.0,420,land - zero population,0,0,37.7442358,-122.4244232,1118.0
60750215003001,60750215003,6075021500,94110.0,575,land - zero population,0,0,37.7434352,-122.4243478,1129.0
60750218001000,60750218001,6075021800,94110.0,575,land - populated,49,3,37.7417785,-122.4238365,5747.0
60750253003005,60750253003,6075025300,94110.0,680,land - zero population,0,0,37.7414245,-122.4236317,2811.0
60750218001001,60750218001,6075021800,94110.0,575,land - zero population,0,0,37.7413382,-122.4241445,2788.0
60750218001002,60750218001,6075021800,94131.0,575,land - populated,156,17,37.7410269,-122.4249572,34154.0
60750214002009,60750214002,6075021400,94131.0,420,land - populated,175,16,37.7481615,-122.4259805,17381.0
60750215001005,60750215001,6075021500,94131.0,420,land - populated,170,26,37.7473619,-122.4259039,17319.0
60750215001006,60750215001,6075021500,94131.0,420,land - populated,165,19,37.746565,-122.4258274,17270.0
60750215002003,60750215002,6075021500,94131.0,420,land - populated,216,33,37.7457665,-122.42575,17441.0
60750215002004,60750215002,6075021500,94131.0,420,land - populated,216,26,37.7449648,-122.4256772,17452.0
60750214002006,60750214002,6075021400,94131.0,420,land - populated,160,21,37.7480295,-122.4281955,17482.0
60750215005000,60750215005,6075021500,94131.0,420,land - populated,157,22,37.74723,-122.4281195,17512.0
60750215005003,60750215005,6075021500,94131.0,420,land - populated,70,10,37.7466296,-122.4280638,8768.0
60750215005004,60750215005,6075021500,94131.0,420,land - populated,94,16,37.7462295,-122.428023,8759.0
60750215004000,60750215004,6075021500,94131.0,420,land - populated,196,24,37.7448311,-122.427891,17471.0
60750215005005,60750215005,6075021500,94131.0,420,land - populated,193,21,37.7456311,-122.4279655,17418.0
60750215002009,60750215002,6075021500,94131.0,420,land - populated,176,27,37.7441656,-122.4256008,17368.0
60750215003002,60750215003,6075021500,94131.0,575,land - populated,168,26,37.7433654,-122.4255255,17481.0
60750215003003,60750215003,6075021500,94131.0,575,land - populated,218,23,37.7425645,-122.4254494,17391.0
60750218001003,60750218001,6075021800,94131.0,575,land - populated,260,27,37.7409345,-122.4262141,23937.0
60750218001004,60750218001,6075021800,94131.0,575,land - populated,217,39,37.740873,-122.427249,23858.0
60750215004003,60750215004,6075021500,94131.0,420,land - populated,137,9,37.7440312,-122.4278147,17365.0
60750215004004,60750215004,6075021500,94131.0,575,land - populated,227,31,37.7432316,-122.4277378,17459.0
60750215003006,60750215003,6075021500,94131.0,575,land - populated,35,11,37.7424306,-122.427662,17402.0
60750218001005,60750218001,6075021800,94131.0,575,land - populated,216,38,37.7409009,-122.4282675,21906.0
60750218001006,60750218001,6075021800,94131.0,575,land - populated,130,25,37.7411682,-122.4293168,15142.0
60750254011002,60750254011,6075025401,94110.0,656,land - populated,134,15,37.7404297,-122.4219709,9488.0
60750254011004,60750254011,6075025401,94110.0,656,land - populated,123,21,37.7396295,-122.4224695,39020.0
60750254011003,60750254011,6075025401,94110.0,656,land - populated,219,34,37.7396434,-122.4231901,16857.0
60750254011005,60750254011,6075025401,94110.0,656,land - populated,246,71,37.7377073,-122.4221878,15064.0
60750254013000,60750254013,6075025401,94110.0,656,land - populated,225,35,37.7369752,-122.422471,19535.0
60750253003009,60750253003,6075025300,94110.0,656,land - zero population,0,0,37.7403024,-122.4236246,4822.0
60750253003010,60750253003,6075025300,94110.0,575,land - zero population,0,0,37.740271,-122.4240524,1527.0
60750254011008,60750254011,6075025401,94110.0,575,land - zero population,0,0,37.7386763,-122.4245691,4880.0
60750218002001,60750218002,6075021800,94110.0,575,land - populated,106,9,37.7394114,-122.4251762,8150.0
60750218002000,60750218002,6075021800,94110.0,575,land - zero population,0,0,37.7387163,-122.424837,7815.0
60750254011006,60750254011,6075025401,94110.0,656,land - populated,316,58,37.7380337,-122.4235361,12031.0
60750254011007,60750254011,6075025401,94110.0,575,land - populated,125,23,37.7383436,-122.4242825,13672.0
60750254013001,60750254013,6075025401,94110.0,656,land - populated,15,2,37.7369182,-122.4239721,1739.0
60750254013002,60750254013,6075025401,94110.0,575,land - populated,279,53,37.7366508,-122.4251425,23392.0
60750254013006,60750254013,6075025401,94110.0,656,land - populated,242,38,37.7354982,-122.4215563,19215.0
60750254013004,60750254013,6075025401,94110.0,656,land - populated,267,48,37.736211,-122.421892,20723.0
60750254031004,60750254031,6075025403,94112.0,656,land - populated,82,13,37.7349183,-122.4232114,12774.0
60750254032013,60750254032,6075025403,94110.0,656,land - populated,395,101,37.7329297,-122.4216459,63667.0
60750254032014,60750254032,6075025403,94110.0,656,land - populated,3,0,37.7325639,-122.4217368,601.0
60750254031006,60750254031,6075025403,94112.0,656,land - populated,57,7,37.7340623,-122.4231949,9018.0
60750254031017,60750254031,6075025403,94110.0,656,land - populated,68,16,37.7326737,-122.4226528,11517.0
60750254031016,60750254031,6075025403,94110.0,656,land - populated,54,11,37.7333376,-122.4229014,9491.0
60750254031000,60750254031,6075025403,94110.0,656,land - populated,133,20,37.7356216,-122.4237525,11519.0
60750254013005,60750254013,6075025401,94110.0,656,land - populated,63,8,37.7363172,-122.4238692,6436.0
60750254031005,60750254031,6075025403,94110.0,656,land - zero population,0,0,37.7350291,-122.4242345,1143.0
60750254031011,60750254031,6075025403,94112.0,575,land - zero population,0,0,37.7348076,-122.4252634,864.0
60750254031007,60750254031,6075025403,94112.0,656,land - zero population,0,0,37.7340728,-122.4237718,948.0
60750254031015,60750254031,6075025403,94112.0,656,land - populated,8,4,37.7332419,-122.4236356,687.0
60750254031018,60750254031,6075025403,94112.0,656,land - zero population,0,0,37.7325738,-122.4235347,593.0
60750254031008,60750254031,6075025403,94112.0,656,land - populated,62,16,37.7339479,-122.4243267,8983.0
60750254031009,60750254031,6075025403,94112.0,656,land - populated,225,39,37.7343432,-122.4250819,18301.0
60750254031014,60750254031,6075025403,94112.0,656,land - populated,49,7,37.7331889,-122.4243763,9509.0
60750254031019,60750254031,6075025403,94112.0,656,land - populated,63,7,37.7324955,-122.4244124,11407.0
60750218002009,60750218002,6075021800,94110.0,575,land - populated,51,9,37.7386335,-122.4254807,6018.0
60750218002002,60750218002,6075021800,94131.0,575,land - populated,156,30,37.739339,-122.4266505,15664.0
60750218002011,60750218002,6075021800,94131.0,575,land - populated,18,1,37.7370328,-122.4262569,7436.0
60750254013003,60750254013,6075025401,94110.0,575,land - zero population,0,0,37.7369418,-122.4259046,3531.0
60750218002008,60750218002,6075021800,94131.0,575,land - populated,119,18,37.7383282,-122.4267817,14233.0
60750218002010,60750218002,6075021800,94131.0,575,land - populated,164,23,37.7375706,-122.4264815,16549.0
60750218002003,60750218002,6075021800,94131.0,575,land - populated,179,33,37.739727,-122.4288299,21142.0
60750218002007,60750218002,6075021800,94131.0,575,land - populated,70,15,37.7380973,-122.4277098,9284.0
60750218002006,60750218002,6075021800,94131.0,575,land - zero population,0,0,37.7381862,-122.4280822,680.0
60750218002005,60750218002,6075021800,94131.0,575,land - populated,21,0,37.7382747,-122.4283652,3997.0
60750218003005,60750218003,6075021800,94131.0,575,land - populated,103,18,37.7365359,-122.4280671,11039.0
60750218003000,60750218003,6075021800,94131.0,575,land - populated,76,12,37.7375992,-122.4291624,11056.0
60750218003001,60750218003,6075021800,94131.0,575,land - populated,93,14,37.737066,-122.4286162,11015.0
60750254031001,60750254031,6075025403,94112.0,575,land - populated,160,23,37.7358278,-122.4257728,10762.0
60750254031012,60750254031,6075025403,94112.0,575,land - populated,244,39,37.7349905,-122.4259799,12836.0
60750254031013,60750254031,6075025403,94112.0,575,land - populated,115,17,37.7346439,-122.4268556,11608.0
60750254031010,60750254031,6075025403,94112.0,575,land - zero population,0,0,37.7341161,-122.4259533,253.0
60750254031021,60750254031,6075025403,94112.0,656,land - zero population,0,0,37.7327729,-122.4258851,1307.0
60750254031020,60750254031,6075025403,94112.0,656,land - populated,326,63,37.7326251,-122.4263197,35533.0
60750255001004,60750255001,6075025500,94112.0,575,land - populated,83,13,37.7339681,-122.4270948,9551.0
60750254031002,60750254031,6075025403,94110.0,575,land - zero population,0,0,37.735662,-122.4275576,4082.0
60750218003006,60750218003,6075021800,94110.0,575,land - populated,122,25,37.73566,-122.4282256,16362.0
60750254031003,60750254031,6075025403,94112.0,575,land - populated,101,16,37.7354855,-122.4256363,11791.0
60750218003004,60750218003,6075021800,94131.0,575,land - populated,128,22,37.7357074,-122.4293374,11065.0
60750255001003,60750255001,6075025500,94112.0,575,land - populated,170,32,37.734206,-122.4281877,12693.0
60750255001001,60750255001,6075025500,94112.0,575,land - populated,81,13,37.733996,-122.4290559,9495.0
60750255001005,60750255001,6075025500,94112.0,575,land - populated,298,52,37.7328919,-122.4284381,29068.0
60750255001006,60750255001,6075025500,94112.0,575,land - populated,109,19,37.7329177,-122.4288985,8803.0
60750214002007,60750214002,6075021400,94131.0,420,land - populated,132,18,37.7478974,-122.4304104,17289.0
60750215005001,60750215005,6075021500,94131.0,420,land - populated,148,19,37.7470974,-122.4303385,17464.0
60750214003007,60750214003,6075021400,94131.0,420,land - populated,129,24,37.7486942,-122.4304935,17393.0
60750215005002,60750215005,6075021500,94131.0,420,land - populated,156,23,37.7462956,-122.4302616,17484.0
60750215005006,60750215005,6075021500,94131.0,420,land - populated,147,34,37.7454959,-122.4301836,17325.0
60750215004001,60750215004,6075021500,94131.0,420,land - populated,142,24,37.7446974,-122.4301073,17517.0
60750214003006,60750214003,6075021400,94114.0,420,land - populated,208,36,37.7485625,-122.4327055,17372.0
60750214002008,60750214002,6075021400,94131.0,420,land - populated,172,13,37.7477632,-122.432624,17454.0
60750216001000,60750216001,6075021600,94131.0,420,land - populated,193,16,37.7469784,-122.4325462,16817.0
60750216001006,60750216001,6075021600,94131.0,420,land - zero population,0,0,37.7465488,-122.4328203,1254.0
60750216001005,60750216001,6075021600,94131.0,420,land - populated,320,23,37.7457689,-122.4326245,39680.0
60750215004002,60750215004,6075021500,94131.0,420,land - populated,160,25,37.7438972,-122.4300307,17424.0
60750215004005,60750215004,6075021500,94131.0,575,land - populated,202,33,37.7430978,-122.4299525,17459.0
60750215003007,60750215003,6075021500,94131.0,575,land - populated,167,30,37.7422977,-122.4298743,17434.0
60750218001007,60750218001,6075021800,94131.0,575,land - populated,113,14,37.7411303,-122.4303634,13326.0
60750217003018,60750217003,6075021700,94131.0,575,land - populated,70,9,37.7413171,-122.4312658,9545.0
60750216001010,60750216001,6075021600,94131.0,420,land - populated,138,17,37.744564,-122.4323223,16698.0
60750216001011,60750216001,6075021600,94131.0,420,land - populated,151,21,37.7437718,-122.43225,17823.0
60750216001013,60750216001,6075021600,94131.0,575,land - populated,129,21,37.7429749,-122.4320946,16240.0
60750216001014,60750216001,6075021600,94131.0,575,land - populated,64,16,37.7422562,-122.4321828,18273.0
60750217003001,60750217003,6075021700,94131.0,575,land - populated,155,26,37.7415088,-122.4331782,49121.0
60750213001005,60750213001,6075021300,94131.0,420,land - populated,142,25,37.7484294,-122.4349192,17443.0
60750213001006,60750213001,6075021300,94131.0,420,land - populated,159,19,37.7476333,-122.4348388,17336.0
60750216001001,60750216001,6075021600,94131.0,420,land - populated,124,24,37.7468412,-122.4347744,17184.0
60750216001004,60750216001,6075021600,94131.0,420,land - populated,84,14,37.7460618,-122.4349801,13055.0
60750216001008,60750216001,6075021600,94131.0,420,land - populated,104,15,37.7452167,-122.4346127,17508.0
60750213002009,60750213002,6075021300,94114.0,420,land - populated,144,26,37.7482973,-122.4371175,17120.0
60750213002010,60750213002,6075021300,94131.0,420,land - populated,111,27,37.7475061,-122.4370401,16754.0
60750216001002,60750216001,6075021600,94131.0,420,land - populated,87,10,37.7467082,-122.4369674,17365.0
60750216001003,60750216001,6075021600,94131.0,420,land - populated,92,17,37.7458978,-122.4368823,17267.0
60750216001007,60750216001,6075021600,94131.0,420,land - populated,110,24,37.7450944,-122.436813,17002.0
60750216001009,60750216001,6075021600,94131.0,420,land - populated,94,14,37.744428,-122.4345241,16868.0
60750216001012,60750216001,6075021600,94131.0,420,land - populated,86,20,37.7436326,-122.4344795,17705.0
60750217003000,60750217003,6075021700,94131.0,575,land - populated,58,11,37.7428701,-122.4339379,9233.0
60750217003004,60750217003,6075021700,94131.0,420,land - zero population,0,0,37.7416416,-122.4354365,486.0
60750216002015,60750216002,6075021600,94131.0,420,land - populated,563,90,37.744042,-122.437169,58475.0
60750217001012,60750217001,6075021700,94131.0,722,land - zero population,0,0,37.74335,-122.437421,4311.0
60750217001010,60750217001,6075021700,94131.0,722,land - populated,258,18,37.7415192,-122.4374031,28358.0
60750218002004,60750218002,6075021800,94131.0,575,land - populated,153,15,37.7394797,-122.4300678,26360.0
60750217003008,60750217003,6075021700,94131.0,575,land - populated,31,6,37.7387992,-122.4299844,12046.0
60750217003002,60750217003,6075021700,94131.0,575,land - zero population,0,0,37.7414518,-122.4318543,1264.0
60750218003002,60750218003,6075021800,94131.0,575,land - populated,85,19,37.7367687,-122.4304351,11070.0
60750217003007,60750217003,6075021700,94131.0,575,land - populated,208,55,37.738091,-122.429972,35552.0
60750217003006,60750217003,6075021700,94131.0,575,land - populated,85,7,37.7389954,-122.4323078,12919.0
60750217003016,60750217003,6075021700,94131.0,575,land - populated,150,35,37.7370893,-122.4331312,25805.0
60750218003003,60750218003,6075021800,94131.0,575,land - populated,82,13,37.7362391,-122.4298845,10999.0
60750218004006,60750218004,6075021800,94112.0,575,land - zero population,0,0,37.7344519,-122.4302838,6021.0
60750218004007,60750218004,6075021800,94131.0,575,land - populated,148,22,37.7346969,-122.4308752,15809.0
60750218004002,60750218004,6075021800,94131.0,575,land - populated,122,21,37.735262,-122.4313992,15035.0
60750255001002,60750255001,6075025500,94112.0,575,land - populated,39,10,37.733965,-122.4298926,2961.0
60750255001007,60750255001,6075025500,94112.0,575,land - populated,38,12,37.7335651,-122.4298715,3574.0
60750255001000,60750255001,6075025500,94112.0,575,land - zero population,0,0,37.7340242,-122.4304244,7773.0
60750255001008,60750255001,6075025500,94112.0,575,land - populated,21,3,37.7334078,-122.4309857,6230.0
60750255001012,60750255001,6075025500,94112.0,575,land - populated,36,3,37.732964,-122.4306368,5092.0
60750255001011,60750255001,6075025500,94112.0,575,land - zero population,0,0,37.7325063,-122.4305954,2579.0
60750255001013,60750255001,6075025500,94112.0,575,land - populated,65,7,37.7326922,-122.4314539,6340.0
60750218004000,60750218004,6075021800,94131.0,575,land - populated,86,15,37.7358626,-122.4317705,12143.0
60750218004013,60750218004,6075021800,94131.0,575,land - populated,121,12,37.7351032,-122.4334235,12144.0
60750218004014,60750218004,6075021800,94112.0,575,land - zero population,0,0,37.7334292,-122.4319727,994.0
60750218004003,60750218004,6075021800,94131.0,575,land - populated,39,8,37.7342101,-122.4322324,6163.0
60750255001009,60750255001,6075025500,94112.0,575,land - zero population,0,0,37.733186,-122.4318627,435.0
60750255001014,60750255001,6075025500,94112.0,575,land - populated,6,0,37.7326098,-122.4319067,373.0
60750255002000,60750255002,6075025500,94112.0,575,land - zero population,0,0,37.7328732,-122.4320618,449.0
60750255002001,60750255002,6075025500,94112.0,575,land - zero population,0,0,37.7330567,-122.4323221,370.0
60750255002010,60750255002,6075025500,94112.0,575,land - zero population,0,0,37.7324421,-122.432431,6060.0
60750218004004,60750218004,6075021800,94131.0,575,land - populated,52,6,37.7337796,-122.432644,16439.0
60750218004005,60750218004,6075021800,94131.0,575,land - populated,41,8,37.7343236,-122.4332534,4363.0
60750311001006,60750311001,6075031100,94112.0,575,land - zero population,0,0,37.7332664,-122.4327726,295.0
60750255002003,60750255002,6075025500,94112.0,575,land - zero population,0,0,37.7326542,-122.4332324,3094.0
60750255002002,60750255002,6075025500,94112.0,575,land - zero population,0,0,37.7325043,-122.4331144,3323.0
60750217003003,60750217003,6075021700,94131.0,575,land - populated,130,15,37.740484,-122.4337013,55384.0
60750217003009,60750217003,6075021700,94131.0,575,land - populated,338,69,37.7374938,-122.433121,41269.0
60750217003013,60750217003,6075021700,94131.0,575,land - populated,54,6,37.7390044,-122.4347187,9800.0
60750217003017,60750217003,6075021700,94131.0,575,land - populated,60,10,37.7369109,-122.4337402,8864.0
60750217003015,60750217003,6075021700,94131.0,575,land - populated,56,7,37.7382376,-122.4354249,13231.0
60750217002000,60750217002,6075021700,94131.0,575,land - populated,62,13,37.7375217,-122.4355092,8238.0
60750217002001,60750217002,6075021700,94131.0,575,land - populated,38,7,37.7370698,-122.4354976,6285.0
60750217003005,60750217003,6075021700,94131.0,722,land - zero population,0,0,37.741189,-122.435545,1608.0
60750217003010,60750217003,6075021700,94131.0,575,land - populated,175,35,37.7391582,-122.435783,24417.0
60750217003012,60750217003,6075021700,94131.0,575,land - zero population,0,0,37.7394645,-122.4362489,1661.0
60750217001013,60750217001,6075021700,94131.0,722,land - populated,111,14,37.739262,-122.437334,16091.0
60750217003014,60750217003,6075021700,94131.0,575,land - populated,48,6,37.7375795,-122.4368285,10246.0
60750217003011,60750217003,6075021700,94131.0,722,land - populated,5,2,37.738394,-122.4372163,715.0
60750217002006,60750217002,6075021700,94131.0,575,land - populated,101,18,37.736902,-122.4372658,13556.0
60750218004001,60750218004,6075021800,94131.0,575,land - populated,164,33,37.7360588,-122.4335532,18458.0
60750218004012,60750218004,6075021800,94131.0,575,land - populated,64,9,37.7353572,-122.4342523,7458.0
60750217002003,60750217002,6075021700,94131.0,575,land - populated,60,12,37.7364176,-122.4348435,7388.0
60750217002002,60750217002,6075021700,94131.0,575,land - populated,38,7,37.7363427,-122.4352894,5247.0
60750218004009,60750218004,6075021800,94131.0,575,land - populated,57,9,37.7350655,-122.4348019,10434.0
60750311001002,60750311001,6075031100,94112.0,575,land - zero population,0,0,37.7334384,-122.4335767,1330.0
60750218004008,60750218004,6075021800,94131.0,575,land - populated,38,5,37.7342585,-122.4343787,4907.0
60750218004010,60750218004,6075021800,94131.0,575,land - zero population,0,0,37.7338275,-122.4345147,2585.0
60750311001001,60750311001,6075031100,94112.0,575,land - zero population,0,0,37.7330778,-122.4337594,7378.0
60750311001000,60750311001,6075031100,94112.0,575,land - zero population,0,0,37.7327392,-122.4336154,4119.0
60750255002004,60750255002,6075025500,94112.0,575,land - zero population,0,0,37.7326189,-122.4335603,983.0
60750311001005,60750311001,6075031100,94131.0,575,land - zero population,0,0,37.7336326,-122.4345683,828.0
60750218004011,60750218004,6075021800,94131.0,575,land - populated,41,9,37.7342719,-122.4352718,7605.0
60750311001021,60750311001,6075031100,94131.0,575,land - zero population,0,0,37.7337944,-122.4354034,684.0
60750311001004,60750311001,6075031100,94131.0,575,land - populated,125,16,37.732981,-122.4347892,10778.0
60750217002016,60750217002,6075021700,94131.0,575,land - populated,53,10,37.7344276,-122.4361034,7519.0
60750217002005,60750217002,6075021700,94131.0,575,land - populated,124,17,37.7362366,-122.4367164,16524.0
60750217002004,60750217002,6075021700,94131.0,575,land - populated,152,26,37.7354472,-122.4366672,23175.0
60750217002015,60750217002,6075021700,94131.0,575,land - populated,35,11,37.7347038,-122.4374165,16138.0
60750311001011,60750311001,6075031100,94131.0,575,land - zero population,0,0,37.7339605,-122.4362637,610.0
60750311001020,60750311001,6075031100,94131.0,575,land - populated,14,0,37.7330756,-122.4356505,11936.0
60750311001010,60750311001,6075031100,94131.0,575,land - populated,127,18,37.7330913,-122.4366064,15224.0
60750311001014,60750311001,6075031100,94131.0,575,land - zero population,0,0,37.7342153,-122.4375615,1328.0
60750254032017,60750254032,6075025403,94110.0,656,land - zero population,0,0,37.7320615,-122.4178405,15474.0
60750256001004,60750256001,6075025600,94112.0,614,land - populated,81,18,37.7310236,-122.4227813,7297.0
60750256001002,60750256001,6075025600,94112.0,614,land - populated,152,25,37.7302106,-122.4214983,15116.0
60750256004010,60750256004,6075025600,94134.0,614,land - populated,89,12,37.7285081,-122.4220172,7195.0
60750256001003,60750256001,6075025600,94112.0,614,land - populated,140,20,37.7300349,-122.4224088,14581.0
60750256004012,60750256004,6075025600,94134.0,614,land - populated,107,31,37.7283527,-122.423041,9362.0
60750256001006,60750256001,6075025600,94112.0,614,land - zero population,0,0,37.7315245,-122.4234135,6522.0
60750256001005,60750256001,6075025600,94112.0,614,land - zero population,0,0,37.731271,-122.4238016,10885.0
60750254032018,60750254032,6075025403,94112.0,656,land - zero population,0,0,37.7316917,-122.4252008,2734.0
60750256001011,60750256001,6075025600,94112.0,614,land - populated,233,42,37.7305608,-122.4247858,19002.0
60750256001012,60750256001,6075025600,94112.0,614,land - zero population,0,0,37.7309973,-122.4251125,3468.0
60750256001010,60750256001,6075025600,94112.0,614,land - populated,402,83,37.7299621,-122.4242205,27321.0
60750256004000,60750256004,6075025600,94134.0,614,land - populated,423,66,37.7290807,-122.4236319,31431.0
60750256003001,60750256003,6075025600,94134.0,614,land - populated,122,11,37.7275792,-122.4216059,12721.0
60750256003002,60750256003,6075025600,94134.0,614,land - populated,103,22,37.7273232,-122.4225934,12802.0
60750260022002,60750260022,6075026002,94134.0,614,land - populated,24,4,37.726737,-122.4232663,3676.0
60750256003003,60750256003,6075025600,94134.0,614,land - populated,129,28,37.7261251,-122.4220978,12868.0
60750256003008,60750256003,6075025600,94134.0,614,land - populated,104,19,37.7249255,-122.4216017,12803.0
60750260022003,60750260022,6075026002,94134.0,614,land - populated,142,24,37.7258808,-122.4231664,14410.0
60750260022005,60750260022,6075026002,94134.0,614,land - populated,107,23,37.724669,-122.4225861,12730.0
60750260022001,60750260022,6075026002,94112.0,614,land - populated,208,37,37.7265291,-122.4242655,25987.0
60750260022000,60750260022,6075026002,94112.0,614,land - populated,234,50,37.7275564,-122.4245527,22192.0
60750260022006,60750260022,6075026002,94112.0,614,land - populated,90,20,37.7243854,-122.4235,11124.0
60750256001007,60750256001,6075025600,94112.0,614,land - zero population,0,0,37.7315041,-122.4256355,1931.0
60750256001015,60750256001,6075025600,94112.0,614,land - zero population,0,0,37.7313223,-122.4258299,1471.0
60750256001008,60750256001,6075025600,94112.0,614,land - zero population,0,0,37.7317341,-122.4271369,3844.0
60750256004003,60750256004,6075025600,94112.0,614,land - populated,238,46,37.730462,-122.427238,16910.0
60750256004002,60750256004,6075025600,94112.0,614,land - populated,179,34,37.7297096,-122.4271758,16266.0
60750256004001,60750256004,6075025600,94112.0,614,land - populated,228,33,37.728965,-122.4271122,16560.0
60750256001009,60750256001,6075025600,94112.0,614,land - zero population,0,0,37.7315226,-122.4273977,6424.0
60750256001014,60750256001,6075025600,94112.0,614,land - zero population,0,0,37.7313171,-122.4275201,3132.0
60750256001013,60750256001,6075025600,94112.0,614,land - populated,53,8,37.7310353,-122.4277753,11977.0
60750255001023,60750255001,6075025500,94112.0,575,land - populated,47,7,37.7314728,-122.429053,4976.0
60750255001024,60750255001,6075025500,94112.0,575,land - zero population,0,0,37.7311648,-122.4291487,974.0
60750256004004,60750256004,6075025600,94112.0,614,land - populated,36,6,37.7303283,-122.4290186,9637.0
60750260021003,60750260021,6075026002,94112.0,614,land - populated,60,8,37.7282798,-122.4282553,5367.0
60750256004006,60750256004,6075025600,94112.0,614,land - populated,257,51,37.7295763,-122.4293737,15439.0
60750260021000,60750260021,6075026002,94112.0,614,land - populated,229,58,37.7277957,-122.4254137,18605.0
60750260021001,60750260021,6075026002,94112.0,614,land - populated,190,26,37.7279525,-122.426354,14683.0
60750260021002,60750260021,6075026002,94112.0,614,land - populated,140,19,37.7281157,-122.427316,10234.0
60750260022004,60750260022,6075026002,94112.0,614,land - populated,345,46,37.7249633,-122.4260155,36579.0
60750260021008,60750260021,6075026002,94112.0,614,land - populated,130,16,37.7261135,-122.4267084,16003.0
60750260022009,60750260022,6075026002,94112.0,614,land - populated,204,35,37.7241814,-122.4270695,17224.0
60750260021007,60750260021,6075026002,94112.0,614,land - populated,183,24,37.7264885,-122.427493,16549.0
60750260021006,60750260021,6075026002,94112.0,614,land - populated,218,52,37.7268741,-122.4282931,16718.0
60750260021005,60750260021,6075026002,94112.0,614,land - populated,248,46,37.7272512,-122.4290963,16459.0
60750260011011,60750260011,6075026001,94112.0,614,land - populated,195,39,37.7245559,-122.4278756,15885.0
60750260011010,60750260011,6075026001,94112.0,614,land - populated,238,47,37.7249271,-122.4286658,16693.0
60750260022011,60750260022,6075026002,94112.0,614,land - zero population,0,0,37.7237893,-122.423991,805.0
60750260022007,60750260022,6075026002,94112.0,614,land - populated,189,25,37.7236759,-122.4251794,23418.0
60750260022010,60750260022,6075026002,94112.0,614,land - populated,76,20,37.7230116,-122.4247265,15207.0
60750260031005,60750260031,6075026003,94112.0,481,land - populated,85,23,37.7210828,-122.4252514,9509.0
60759805011001,60759805011,6075980501,94112.0,614,land - populated,3,1,37.7195925,-122.4232305,186046.0
60759805011002,60759805011,6075980501,94134.0,867,land - zero population,0,0,37.7189412,-122.4197496,3389.0
60759805011007,60759805011,6075980501,94112.0,867,land - zero population,0,0,37.7178335,-122.422609,1746.0
60759805011008,60759805011,6075980501,94112.0,481,land - zero population,0,0,37.7185912,-122.4245262,67018.0
60750260022008,60750260022,6075026002,94112.0,614,land - populated,136,22,37.7237802,-122.4262797,16027.0
60750260031004,60750260031,6075026003,94112.0,481,land - populated,179,35,37.7214628,-122.4258382,16672.0
60750260031003,60750260031,6075026003,94112.0,481,land - populated,174,21,37.7218473,-122.4266481,17021.0
60750260031002,60750260031,6075026003,94112.0,481,land - populated,193,41,37.7222292,-122.4274498,16377.0
60750260031001,60750260031,6075026003,94112.0,481,land - populated,212,46,37.7226134,-122.4282516,17045.0
60750260031000,60750260031,6075026003,94112.0,481,land - populated,277,60,37.72299,-122.4290484,16018.0
60750260031008,60750260031,6075026003,94112.0,481,land - populated,213,46,37.7202913,-122.4278182,16701.0
60750260031009,60750260031,6075026003,94112.0,481,land - populated,136,30,37.7206729,-122.428621,16253.0
60750260031010,60750260031,6075026003,94112.0,481,land - populated,206,45,37.721058,-122.4294225,16774.0
60750260031006,60750260031,6075026003,94112.0,481,land - populated,169,28,37.7194946,-122.4262704,15170.0
60750260031007,60750260031,6075026003,94112.0,481,land - populated,211,53,37.7199076,-122.4270095,16484.0
60750260032005,60750260032,6075026003,94112.0,481,land - populated,186,34,37.7179706,-122.4273811,16672.0
60750260032006,60750260032,6075026003,94112.0,481,land - populated,91,16,37.7174071,-122.4269116,8218.0
60750260032004,60750260032,6075026003,94112.0,481,land - populated,166,28,37.7183525,-122.428182,16640.0
60750260032003,60750260032,6075026003,94112.0,481,land - populated,204,41,37.7187374,-122.4289862,16831.0
60750260032007,60750260032,6075026003,94112.0,481,land - populated,84,7,37.7163296,-122.4275143,10248.0
60750260032008,60750260032,6075026003,94134.0,481,land - populated,96,19,37.7166534,-122.4283926,11484.0
60750260032009,60750260032,6075026003,94134.0,481,land - populated,168,32,37.7169411,-122.4292622,13503.0
60750255001010,60750255001,6075025500,94112.0,575,land - zero population,0,0,37.7321511,-122.4295152,5396.0
60750255001016,60750255001,6075025500,94112.0,575,land - populated,25,3,37.731885,-122.4297138,8586.0
60750255001020,60750255001,6075025500,94112.0,575,land - populated,54,16,37.7315907,-122.4303109,4423.0
60750256004005,60750256004,6075025600,94112.0,614,land - zero population,0,0,37.7303368,-122.4296978,918.0
60750255001022,60750255001,6075025500,94112.0,575,land - zero population,0,0,37.7308289,-122.4302972,1536.0
60750255001025,60750255001,6075025500,94112.0,575,land - populated,130,21,37.7305275,-122.4300542,9956.0
60750255001015,60750255001,6075025500,94112.0,575,land - zero population,0,0,37.7322171,-122.4313705,1676.0
60750255001017,60750255001,6075025500,94112.0,575,land - zero population,0,0,37.7319557,-122.4312913,2676.0
60750255001019,60750255001,6075025500,94112.0,575,land - populated,65,8,37.731437,-122.4311354,5678.0
60750255001021,60750255001,6075025500,94112.0,575,land - populated,110,19,37.7310416,-122.4304989,6851.0
60750256004008,60750256004,6075025600,94112.0,614,land - populated,236,48,37.7288815,-122.4295625,18079.0
60750256004007,60750256004,6075025600,94112.0,614,land - zero population,0,0,37.7295385,-122.4304914,700.0
60750255002030,60750255002,6075025500,94112.0,575,land - populated,127,24,37.7297709,-122.4308651,6795.0
60750256004009,60750256004,6075025600,94112.0,614,land - zero population,0,0,37.72898,-122.4310412,523.0
60750255001018,60750255001,6075025500,94112.0,575,land - zero population,0,0,37.7318106,-122.4316431,453.0
60750255002011,60750255002,6075025500,94112.0,575,land - zero population,0,0,37.732076,-122.4323322,1775.0
60750255002022,60750255002,6075025500,94112.0,575,land - populated,124,17,37.731643,-122.432107,21854.0
60750255002009,60750255002,6075025500,94112.0,575,land - zero population,0,0,37.7320772,-122.4333176,2023.0
60750255002023,60750255002,6075025500,94112.0,575,land - populated,63,4,37.7310576,-122.4327983,6966.0
60750255002028,60750255002,6075025500,94112.0,575,land - populated,189,37,37.7299431,-122.4320055,14120.0
60750255002025,60750255002,6075025500,94112.0,575,land - zero population,0,0,37.7302239,-122.4323053,2502.0
60750255002029,60750255002,6075025500,94112.0,575,land - populated,80,14,37.7292572,-122.4315601,7226.0
60750255002024,60750255002,6075025500,94112.0,575,land - populated,208,45,37.7302327,-122.4331042,17946.0
60750255002027,60750255002,6075025500,94112.0,575,land - populated,229,44,37.7290103,-122.4325965,15831.0
60750255003008,60750255003,6075025500,94112.0,575,land - populated,165,29,37.7284861,-122.4331278,16395.0
60750260021004,60750260021,6075026002,94112.0,614,land - populated,391,0,37.7277885,-122.4305679,43864.0
60750260011009,60750260011,6075026001,94112.0,614,land - populated,222,41,37.7253123,-122.4294671,16557.0
60750260011000,60750260011,6075026001,94112.0,729,land - populated,84,9,37.7256942,-122.4302666,16565.0
60750260011001,60750260011,6075026001,94112.0,729,land - populated,220,32,37.7260157,-122.4311111,15278.0
60750260011002,60750260011,6075026001,94112.0,729,land - populated,83,13,37.7263991,-122.4319108,15393.0
60750260011003,60750260011,6075026001,94112.0,729,land - populated,271,51,37.7267632,-122.4326966,14506.0
60750260011006,60750260011,6075026001,94112.0,729,land - populated,282,63,37.7245194,-122.4322423,16582.0
60750260011005,60750260011,6075026001,94112.0,729,land - populated,267,49,37.7249018,-122.4330437,16629.0
60750255002008,60750255002,6075025500,94112.0,575,land - zero population,0,0,37.7321238,-122.4336744,276.0
60750255002014,60750255002,6075025500,94112.0,575,land - zero population,0,0,37.7316473,-122.43401,5224.0
60750255002007,60750255002,6075025500,94112.0,575,land - zero population,0,0,37.7319161,-122.4343205,2136.0
60750255002013,60750255002,6075025500,94112.0,575,land - zero population,0,0,37.7318258,-122.4340722,1172.0
60750255002021,60750255002,6075025500,94112.0,575,land - populated,49,8,37.7307268,-122.4343087,4974.0
60750311001007,60750311001,6075031100,94112.0,575,land - zero population,0,0,37.7322309,-122.4345856,423.0
60750255002006,60750255002,6075025500,94112.0,575,land - zero population,0,0,37.7319039,-122.4346691,1997.0
60750311001003,60750311001,6075031100,94112.0,575,land - populated,8,0,37.7322813,-122.4349018,904.0
60750255002005,60750255002,6075025500,94112.0,575,land - zero population,0,0,37.7319687,-122.434835,1439.0
60750255002015,60750255002,6075025500,94112.0,575,land - zero population,0,0,37.7315824,-122.4348227,613.0
60750255006000,60750255006,6075025500,94112.0,575,land - zero population,0,0,37.7315782,-122.435325,265.0
60750255002012,60750255002,6075025500,94112.0,575,land - zero population,0,0,37.7317362,-122.4354145,831.0
60750255006001,60750255006,6075025500,94112.0,575,land - zero population,0,0,37.731421,-122.4355263,595.0
60750255002020,60750255002,6075025500,94112.0,575,land - populated,93,25,37.7307656,-122.4348098,11649.0
60750255002016,60750255002,6075025500,94112.0,575,land - zero population,0,0,37.7313106,-122.4352951,457.0
60750255002019,60750255002,6075025500,94112.0,575,land - zero population,0,0,37.7309526,-122.4355025,669.0
60750255002026,60750255002,6075025500,94112.0,575,land - zero population,0,0,37.7295465,-122.4337003,807.0
60750255003001,60750255003,6075025500,94112.0,575,land - zero population,0,0,37.729018,-122.4342266,861.0
60750255003000,60750255003,6075025500,94112.0,575,land - populated,74,10,37.7293055,-122.4346263,6799.0
60750255006009,60750255006,6075025500,94112.0,575,land - populated,103,16,37.7300486,-122.4355046,10975.0
60750255003007,60750255003,6075025500,94112.0,729,land - zero population,0,0,37.7284511,-122.4347244,828.0
60750255003002,60750255003,6075025500,94112.0,729,land - populated,54,10,37.7287134,-122.4351482,6440.0
60750311001008,60750311001,6075031100,94112.0,575,land - populated,23,3,37.7318639,-122.4356156,4131.0
60750311001009,60750311001,6075031100,94131.0,575,land - populated,122,14,37.7320556,-122.4365094,13212.0
60750255002017,60750255002,6075025500,94112.0,575,land - zero population,0,0,37.7311917,-122.435757,1553.0
60750255002018,60750255002,6075025500,94112.0,575,land - zero population,0,0,37.7309721,-122.4357184,904.0
60750255006008,60750255006,6075025500,94112.0,729,land - zero population,0,0,37.7305704,-122.4360772,901.0
60750255006006,60750255006,6075025500,94112.0,729,land - zero population,0,0,37.7309482,-122.4363609,747.0
60750255006007,60750255006,6075025500,94112.0,729,land - zero population,0,0,37.7307357,-122.4362942,3042.0
60750311001019,60750311001,6075031100,94131.0,575,land - zero population,0,0,37.7315835,-122.4370712,736.0
60750255006011,60750255006,6075025500,94112.0,729,land - zero population,0,0,37.7303457,-122.4370069,906.0
60750255006002,60750255006,6075025500,94131.0,729,land - zero population,0,0,37.7309695,-122.4371853,6797.0
60750255006005,60750255006,6075025500,94112.0,729,land - zero population,0,0,37.7304732,-122.437149,2204.0
60750255006010,60750255006,6075025500,94112.0,729,land - populated,180,35,37.7296436,-122.4362167,14993.0
60750255006018,60750255006,6075025500,94112.0,729,land - populated,311,49,37.7287398,-122.4370326,35959.0
60750255003006,60750255003,6075025500,94112.0,729,land - populated,201,35,37.7279402,-122.4336577,15854.0
60750255003005,60750255003,6075025500,94112.0,729,land - populated,231,53,37.7273694,-122.4341494,16004.0
60750255003004,60750255003,6075025500,94112.0,729,land - zero population,0,0,37.7274703,-122.435523,2215.0
60750255003009,60750255003,6075025500,94112.0,729,land - populated,207,45,37.7266597,-122.4346756,22202.0
60750260011004,60750260011,6075026001,94112.0,729,land - populated,239,48,37.7252765,-122.4338278,15853.0
60750255004002,60750255004,6075025500,94112.0,729,land - populated,176,28,37.7259252,-122.4351522,14835.0
60750255004003,60750255004,6075025500,94112.0,729,land - populated,170,25,37.7253136,-122.4355458,14084.0
60750255003003,60750255003,6075025500,94112.0,729,land - populated,168,32,37.7277183,-122.4359553,15180.0
60750255004001,60750255004,6075025500,94112.0,729,land - zero population,0,0,37.7257795,-122.4365041,2809.0
60750255004004,60750255004,6075025500,94112.0,729,land - populated,195,30,37.724705,-122.435939,13169.0
60750255004000,60750255004,6075025500,94112.0,729,land - populated,219,40,37.7259756,-122.436972,18934.0
60750255004006,60750255004,6075025500,94112.0,729,land - zero population,0,0,37.7242878,-122.4372758,1578.0
60750260011012,60750260011,6075026001,94112.0,481,land - populated,278,50,37.7233711,-122.4298361,16851.0
60750260011008,60750260011,6075026001,94112.0,729,land - populated,276,61,37.7237548,-122.4306427,16626.0
60750260011007,60750260011,6075026001,94112.0,729,land - populated,255,48,37.7241373,-122.4314427,16599.0
60750260031011,60750260031,6075026003,94112.0,481,land - populated,255,51,37.7214371,-122.4302249,16165.0
60750260012005,60750260012,6075026001,94112.0,481,land - populated,256,49,37.72182,-122.4310163,16555.0
60750260012004,60750260012,6075026001,94112.0,481,land - populated,259,54,37.7222017,-122.4318193,16510.0
60750260012003,60750260012,6075026001,94112.0,481,land - populated,302,69,37.7225841,-122.4326193,16505.0
60750260012002,60750260012,6075026001,94112.0,481,land - populated,243,45,37.7229658,-122.4334192,16526.0
60750260012006,60750260012,6075026001,94112.0,481,land - populated,247,33,37.7202678,-122.4321951,16600.0
60750260012007,60750260012,6075026001,94112.0,481,land - populated,112,22,37.7206501,-122.4329952,16598.0
60750260032002,60750260032,6075026003,94112.0,481,land - populated,255,51,37.7191189,-122.4297908,16555.0
60750260032001,60750260032,6075026003,94112.0,481,land - populated,224,49,37.7195044,-122.4305928,16827.0
60750260032000,60750260032,6075026003,94112.0,481,land - populated,265,49,37.7198858,-122.4313976,16534.0
60750260032010,60750260032,6075026003,94112.0,481,land - populated,258,52,37.7172171,-122.4301451,15943.0
60750260032011,60750260032,6075026003,94112.0,481,land - populated,193,28,37.7175621,-122.4309657,16552.0
60750260032013,60750260032,6075026003,94112.0,481,land - populated,248,40,37.7183292,-122.4325699,16564.0
60750260042001,60750260042,6075026004,94112.0,481,land - populated,214,46,37.7187123,-122.4333696,16538.0
60750260032012,60750260032,6075026003,94112.0,481,land - populated,160,28,37.7179464,-122.4317668,16650.0
60750260042009,60750260042,6075026004,94112.0,481,land - populated,219,27,37.7160065,-122.432141,16618.0
60750260042008,60750260042,6075026004,94112.0,481,land - populated,210,52,37.7163914,-122.432942,16595.0
60750260012001,60750260012,6075026001,94112.0,729,land - populated,232,54,37.7233488,-122.4342196,16570.0
60750260012000,60750260012,6075026001,94112.0,729,land - populated,197,46,37.7237229,-122.4350043,15871.0
60750260012008,60750260012,6075026001,94112.0,481,land - populated,307,76,37.7210316,-122.4337955,16578.0
60750260012009,60750260012,6075026001,94112.0,481,land - populated,248,46,37.7214136,-122.4345957,16586.0
60750260012010,60750260012,6075026001,94112.0,729,land - populated,308,54,37.7217956,-122.4353962,16582.0
60750261001000,60750261001,6075026100,94112.0,729,land - populated,10,1,37.723609,-122.435937,3705.0
60750255004005,60750255004,6075025500,94112.0,729,land - populated,150,20,37.7241474,-122.4365378,11931.0
60750261001001,60750261001,6075026100,94112.0,729,land - populated,29,3,37.7234599,-122.4365619,4252.0
60750260012011,60750260012,6075026001,94112.0,729,land - populated,242,40,37.7221688,-122.4361778,15796.0
60750261001002,60750261001,6075026100,94112.0,729,land - zero population,0,0,37.7236109,-122.4372539,767.0
60750261001006,60750261001,6075026100,94112.0,729,land - populated,144,35,37.723006,-122.4368977,9382.0
60750260041003,60750260041,6075026004,94112.0,729,land - populated,243,38,37.7202385,-122.4365715,16601.0
60750261001007,60750261001,6075026100,94112.0,729,land - populated,287,56,37.7220639,-122.4375535,19495.0
60750260041002,60750260041,6075026004,94112.0,729,land - zero population,0,0,37.7213705,-122.4373046,290.0
60750260041000,60750260041,6075026004,94112.0,729,land - populated,202,22,37.7206055,-122.4373424,15350.0
60750260042000,60750260042,6075026004,94112.0,481,land - populated,201,61,37.7190938,-122.4341706,16581.0
60750260041005,60750260041,6075026004,94112.0,481,land - populated,209,44,37.7194763,-122.4349717,16573.0
60750260042002,60750260042,6075026004,94112.0,481,land - populated,191,34,37.7171571,-122.434543,16549.0
60750260042007,60750260042,6075026004,94112.0,481,land - populated,268,57,37.7167749,-122.433743,16602.0
60750260042003,60750260042,6075026004,94112.0,481,land - populated,204,43,37.7175397,-122.4353429,16593.0
60750260041004,60750260041,6075026004,94112.0,481,land - populated,262,49,37.7198584,-122.4357708,16528.0
60750260041007,60750260041,6075026004,94112.0,481,land - populated,201,40,37.7183102,-122.4369593,17096.0
60750260041006,60750260041,6075026004,94112.0,481,land - populated,214,48,37.7179216,-122.436145,16594.0
60750260042004,60750260042,6075026004,94112.0,481,land - populated,131,25,37.7163084,-122.4362808,9715.0
60750260041018,60750260041,6075026004,94112.0,481,land - populated,145,34,37.7166564,-122.4371077,10471.0
60750216002000,60750216002,6075021600,94131.0,420,land - populated,93,4,37.7473884,-122.4396241,59027.0
60750216002014,60750216002,6075021600,94131.0,420,land - populated,122,8,37.7457968,-122.4390804,18417.0
60750216002001,60750216002,6075021600,94131.0,420,land - populated,49,3,37.7481265,-122.4407718,32546.0
60750216002010,60750216002,6075021600,94131.0,722,land - populated,504,18,37.745916,-122.4414719,37562.0
60750217001011,60750217001,6075021700,94131.0,722,land - populated,216,17,37.7403673,-122.436303,43172.0
60750217001001,60750217001,6075021700,94131.0,420,land - zero population,0,0,37.7443835,-122.4389483,4258.0
60750217001009,60750217001,6075021700,94131.0,722,land - populated,183,32,37.7414919,-122.4385992,26654.0
60750216002011,60750216002,6075021600,94131.0,722,land - zero population,0,0,37.7466492,-122.4402036,3678.0
60750213002004,60750213002,6075021300,94131.0,420,land - populated,187,23,37.7485567,-122.4433331,37377.0
60750216002013,60750216002,6075021600,94131.0,722,land - zero population,0,0,37.7466994,-122.4428331,973.0
60750216002012,60750216002,6075021600,94131.0,722,land - populated,141,7,37.7464621,-122.4423503,14518.0
60750216002009,60750216002,6075021600,94131.0,722,land - populated,76,4,37.7448218,-122.4422328,10562.0
60750216002002,60750216002,6075021600,94131.0,722,land - zero population,0,0,37.7466145,-122.4437209,533.0
60750213002006,60750213002,6075021300,94131.0,478,land - zero population,0,0,37.7485015,-122.444057,4706.0
60750204021013,60750204021,6075020402,94131.0,478,land - populated,360,11,37.7486457,-122.4444118,24320.0
60750204021014,60750204021,6075020402,94131.0,420,land - zero population,0,0,37.7468109,-122.4447245,261.0
60750216002006,60750216002,6075021600,94131.0,722,land - populated,63,13,37.745379,-122.4437821,12695.0
60750216002005,60750216002,6075021600,94131.0,722,land - populated,132,20,37.7449861,-122.4443554,25093.0
60750216002003,60750216002,6075021600,94131.0,722,land - populated,118,13,37.7464225,-122.4452552,22518.0
60750216002008,60750216002,6075021600,94131.0,722,land - populated,155,16,37.7438788,-122.4435555,29505.0
60750217001000,60750217001,6075021700,94131.0,722,land - populated,338,54,37.7417731,-122.4433903,568830.0
60750217001002,60750217001,6075021700,94131.0,722,land - populated,29,6,37.7400326,-122.4384809,4675.0
60750217001014,60750217001,6075021700,94131.0,722,land - populated,41,1,37.7386969,-122.4382121,11226.0
60750217001007,60750217001,6075021700,94131.0,722,land - populated,38,7,37.739602,-122.4394759,7103.0
60750217002008,60750217002,6075021700,94131.0,722,land - zero population,0,0,37.7384741,-122.4384745,1139.0
60750217002007,60750217002,6075021700,94131.0,575,land - populated,128,24,37.7380926,-122.4386376,19844.0
60750217002010,60750217002,6075021700,94131.0,575,land - populated,85,26,37.7374667,-122.4389359,11199.0
60750217002013,60750217002,6075021700,94131.0,575,land - populated,74,11,37.7364749,-122.4392851,11271.0
60750217002012,60750217002,6075021700,94131.0,722,land - zero population,0,0,37.7381871,-122.4401485,783.0
60750217002011,60750217002,6075021700,94131.0,722,land - zero population,0,0,37.7375021,-122.4397788,393.0
60750217002009,60750217002,6075021700,94131.0,575,land - populated,76,16,37.7363456,-122.4384794,10547.0
60750217002014,60750217002,6075021700,94131.0,575,land - populated,56,13,37.7354222,-122.4388421,6923.0
60750217002017,60750217002,6075021700,94131.0,575,land - populated,29,4,37.7349879,-122.4391125,9233.0
60750307002016,60750307002,6075030700,94131.0,575,land - zero population,0,0,37.734605,-122.4390567,1396.0
60750311001015,60750311001,6075031100,94131.0,575,land - populated,81,7,37.7336738,-122.4381704,10634.0
60750311001013,60750311001,6075031100,94131.0,575,land - populated,217,34,37.7330343,-122.4381067,25765.0
60750307002004,60750307002,6075030700,94131.0,575,land - populated,129,22,37.7340892,-122.4395503,24387.0
60750307002000,60750307002,6075030700,94131.0,722,land - zero population,0,0,37.7354017,-122.4409402,1320.0
60750307002001,60750307002,6075030700,94131.0,722,land - populated,71,10,37.735577,-122.4422248,16650.0
60750307002005,60750307002,6075030700,94131.0,575,land - populated,44,3,37.7348269,-122.4415583,8241.0
60750307002006,60750307002,6075030700,94131.0,575,land - populated,74,7,37.7337002,-122.4403889,13151.0
60750307002007,60750307002,6075030700,94131.0,575,land - populated,68,11,37.7337347,-122.4414716,13585.0
60750311005000,60750311005,6075031100,94131.0,575,land - populated,135,21,37.7327332,-122.4408888,16538.0
60750217001004,60750217001,6075021700,94127.0,722,land - zero population,0,0,37.7376034,-122.4423853,5106.0
60750307002003,60750307002,6075030700,94131.0,722,land - zero population,0,0,37.7356663,-122.4432905,1833.0
60750307001026,60750307001,6075030700,94127.0,722,land - populated,227,37,37.7387538,-122.4451432,38338.0
60750307002008,60750307002,6075030700,94131.0,842,land - populated,102,21,37.7341807,-122.4431977,16223.0
60750307002017,60750307002,6075030700,94131.0,842,land - populated,133,24,37.7334574,-122.4431662,16515.0
60750311005001,60750311005,6075031100,94131.0,842,land - populated,127,13,37.7327227,-122.4431729,16588.0
60750307002002,60750307002,6075030700,94131.0,722,land - populated,77,13,37.735331,-122.442944,12449.0
60750307001029,60750307001,6075030700,94131.0,722,land - populated,7,3,37.7357301,-122.4442921,2032.0
60750307001028,60750307001,6075030700,94131.0,722,land - populated,193,20,37.7360626,-122.4445017,61408.0
60750307002009,60750307002,6075030700,94127.0,842,land - populated,52,13,37.7341518,-122.4449282,8607.0
60750311005002,60750311005,6075031100,94127.0,842,land - populated,141,30,37.7327122,-122.4454539,16478.0
60750204021006,60750204021,6075020402,94131.0,478,land - populated,58,8,37.7482143,-122.4464794,11085.0
60750216002004,60750216002,6075021600,94131.0,722,land - zero population,0,0,37.7467799,-122.4461642,2542.0
60750204021003,60750204021,6075020402,94131.0,478,land - populated,174,23,37.7473693,-122.4465108,33635.0
60750216002007,60750216002,6075021600,94131.0,722,land - populated,44,9,37.7459076,-122.4460204,8601.0
60750217001008,60750217001,6075021700,94131.0,722,land - zero population,0,0,37.7464982,-122.4475552,399.0
60750305001011,60750305001,6075030500,94131.0,478,land - populated,78,12,37.749313,-122.4466833,35943.0
60750217001005,60750217001,6075021700,94131.0,722,land - zero population,0,0,37.7461032,-122.4493062,3793.0
60750307001012,60750307001,6075030700,94127.0,722,land - populated,47,6,37.7414817,-122.4468097,12337.0
60750307001000,60750307001,6075030700,94127.0,722,land - populated,34,5,37.7423788,-122.4477347,13770.0
60750307001008,60750307001,6075030700,94127.0,722,land - populated,248,46,37.7395351,-122.4432384,90767.0
60750307001007,60750307001,6075030700,94127.0,722,land - populated,4,0,37.741394,-122.4486003,350.0
60750307001001,60750307001,6075030700,94127.0,722,land - populated,135,22,37.7423914,-122.4492184,18914.0
60750307001006,60750307001,6075030700,94127.0,722,land - populated,84,19,37.7416883,-122.4496346,15765.0
60750305002006,60750305002,6075030500,94131.0,478,land - populated,217,38,37.747975,-122.4505656,39364.0
60750217001006,60750217001,6075021700,94131.0,478,land - zero population,0,0,37.74569,-122.4512257,1178.0
60750217001003,60750217001,6075021700,94127.0,722,land - zero population,0,0,37.7441795,-122.4505631,6424.0
60750305003001,60750305003,6075030500,94131.0,478,land - populated,463,157,37.7477817,-122.4529934,151381.0
60750306001000,60750306001,6075030600,94127.0,876,land - zero population,0,0,37.7456426,-122.4527094,1832.0
60750306002000,60750306002,6075030600,94127.0,876,land - zero population,0,0,37.7450868,-122.4525367,2402.0
60750306002001,60750306002,6075030600,94127.0,722,land - populated,34,7,37.7446723,-122.4525995,6366.0
60750306001001,60750306001,6075030600,94127.0,876,land - populated,77,13,37.7452172,-122.4533148,14367.0
60750306002002,60750306002,6075030600,94127.0,722,land - populated,108,22,37.744053,-122.4510459,22843.0
60750306002004,60750306002,6075030600,94127.0,722,land - populated,39,6,37.7439339,-122.4519089,7901.0
60750307001002,60750307001,6075030700,94127.0,722,land - zero population,0,0,37.7422799,-122.449965,800.0
60750307001016,60750307001,6075030700,94127.0,722,land - populated,57,14,37.7411267,-122.4501295,11623.0
60750307001005,60750307001,6075030700,94127.0,722,land - populated,1,0,37.7420909,-122.4509125,9834.0
60750307001020,60750307001,6075030700,94127.0,722,land - populated,103,15,37.740852,-122.4515469,19872.0
60750306002003,60750306002,6075030600,94127.0,722,land - populated,25,3,37.7443179,-122.4523055,4568.0
60750306002005,60750306002,6075030600,94127.0,722,land - populated,84,22,37.7432504,-122.4522573,13937.0
60750306002006,60750306002,6075030600,94127.0,722,land - populated,17,0,37.7437701,-122.4531765,3067.0
60750306002008,60750306002,6075030600,94127.0,876,land - zero population,0,0,37.7442999,-122.4538018,991.0
60750306002007,60750306002,6075030600,94127.0,722,land - populated,4,0,37.7440749,-122.4535446,5519.0
60750306002009,60750306002,6075030600,94127.0,722,land - populated,5,1,37.7435853,-122.4539709,3087.0
60750307001003,60750307001,6075030700,94127.0,722,land - populated,118,24,37.742491,-122.4521229,19323.0
60750307001004,60750307001,6075030700,94127.0,722,land - populated,96,27,37.7425192,-122.4539418,15235.0
60750307001015,60750307001,6075030700,94127.0,722,land - populated,39,10,37.7416646,-122.4535705,8180.0
60750307001014,60750307001,6075030700,94127.0,722,land - populated,39,8,37.7409339,-122.4537214,9231.0
60750307001009,60750307001,6075030700,94127.0,722,land - populated,6,2,37.7402536,-122.4465855,777.0
60750307001027,60750307001,6075030700,94127.0,722,land - populated,3,0,37.7387009,-122.4458351,3189.0
60750307001025,60750307001,6075030700,94127.0,722,land - populated,90,19,37.7385652,-122.4466841,14756.0
60750307001017,60750307001,6075030700,94127.0,722,land - populated,132,20,37.7403196,-122.4477948,19168.0
60750307001024,60750307001,6075030700,94127.0,722,land - populated,95,15,37.7388797,-122.4474982,14730.0
60750307002013,60750307002,6075030700,94127.0,722,land - populated,196,48,37.7374412,-122.4476759,26219.0
60750307001023,60750307001,6075030700,94127.0,722,land - populated,129,29,37.7391219,-122.4483818,17900.0
60750307001018,60750307001,6075030700,94127.0,722,land - populated,64,14,37.7399936,-122.4492523,12161.0
60750307001022,60750307001,6075030700,94127.0,722,land - zero population,0,0,37.7386437,-122.4497124,22824.0
60750307002012,60750307002,6075030700,94127.0,722,land - populated,63,12,37.7369347,-122.4485981,10819.0
60750307001010,60750307001,6075030700,94127.0,722,land - populated,97,8,37.7364354,-122.4468589,18271.0
60750307002011,60750307002,6075030700,94127.0,842,land - populated,142,29,37.7356333,-122.4473812,20623.0
60750307002010,60750307002,6075030700,94127.0,842,land - populated,243,53,37.7347664,-122.4474312,35899.0
60750307002014,60750307002,6075030700,94127.0,842,land - populated,226,37,37.7335562,-122.4467728,40482.0
60750311005003,60750311005,6075031100,94127.0,842,land - populated,140,32,37.7327022,-122.4477319,16546.0
60750307003004,60750307003,6075030700,94127.0,722,land - populated,52,6,37.7362202,-122.4493175,8270.0
60750307003005,60750307003,6075030700,94127.0,842,land - populated,109,22,37.7350164,-122.4495287,15556.0
60750307002015,60750307002,6075030700,94127.0,842,land - populated,13,2,37.7340457,-122.4486079,2539.0
60750307003007,60750307003,6075030700,94127.0,842,land - populated,170,29,37.7336701,-122.4497943,22769.0
60750307001019,60750307001,6075030700,94127.0,722,land - populated,39,3,37.7398128,-122.4500688,8320.0
60750307003000,60750307003,6075030700,94127.0,722,land - populated,106,24,37.7372232,-122.4503095,14377.0
60750307003001,60750307003,6075030700,94127.0,722,land - populated,108,30,37.7374936,-122.4511339,13134.0
60750307001021,60750307001,6075030700,94127.0,722,land - populated,177,36,37.7399648,-122.4510653,26523.0
60750307003002,60750307003,6075030700,94127.0,722,land - populated,76,12,37.7367422,-122.4523083,17231.0
60750307003003,60750307003,6075030700,94127.0,722,land - populated,161,26,37.7360353,-122.4507676,28668.0
60750307003006,60750307003,6075030700,94127.0,722,land - populated,149,26,37.734307,-122.4505878,26595.0
60750311005004,60750311005,6075031100,94127.0,842,land - populated,112,19,37.7326924,-122.4500137,16607.0
60750307003017,60750307003,6075030700,94127.0,722,land - populated,75,15,37.7347612,-122.4519993,12282.0
60750307003018,60750307003,6075030700,94127.0,722,land - populated,66,12,37.7361878,-122.4531281,11152.0
60750307003016,60750307003,6075030700,94127.0,722,land - populated,73,18,37.7345552,-122.4538924,13303.0
60750307003008,60750307003,6075030700,94127.0,842,land - populated,104,24,37.7333859,-122.4522116,14755.0
60750311005005,60750311005,6075031100,94127.0,842,land - populated,110,18,37.732682,-122.4522894,16447.0
60750311001012,60750311001,6075031100,94131.0,575,land - populated,161,19,37.7320025,-122.4386042,16549.0
60750311001018,60750311001,6075031100,94131.0,575,land - zero population,0,0,37.7315858,-122.4385588,2087.0
60750311001016,60750311001,6075031100,94131.0,575,land - populated,27,4,37.7309583,-122.437807,8334.0
60750255006004,60750255006,6075025500,94131.0,729,land - zero population,0,0,37.7305293,-122.4379181,6768.0
60750311001017,60750311001,6075031100,94131.0,575,land - populated,88,12,37.7312032,-122.4386483,15917.0
60750311001022,60750311001,6075031100,94131.0,575,land - populated,14,0,37.7305943,-122.4393857,2165.0
60750255006016,60750255006,6075025500,94131.0,729,land - zero population,0,0,37.7301079,-122.4380017,1039.0
60750255006015,60750255006,6075025500,94112.0,729,land - zero population,0,0,37.7300966,-122.4384304,4906.0
60750255006021,60750255006,6075025500,94112.0,729,land - populated,53,7,37.7283811,-122.4378322,6542.0
60750255006019,60750255006,6075025500,94112.0,729,land - populated,62,9,37.7289807,-122.4386126,7702.0
60750255006020,60750255006,6075025500,94112.0,729,land - populated,53,9,37.7287001,-122.4381962,7029.0
60750255006003,60750255006,6075025500,94112.0,729,land - zero population,0,0,37.7301567,-122.4395137,14.0
60750255006014,60750255006,6075025500,94112.0,729,land - populated,34,8,37.7296057,-122.4394723,3536.0
60750255006017,60750255006,6075025500,94112.0,729,land - populated,83,14,37.72927,-122.4390446,8622.0
60750311005011,60750311005,6075031100,94131.0,575,land - populated,142,23,37.731993,-122.4408831,16476.0
60750311002001,60750311002,6075031100,94131.0,575,land - zero population,0,0,37.7315776,-122.4409128,2037.0
60750311002000,60750311002,6075031100,94131.0,575,land - populated,158,29,37.7311298,-122.4408772,17937.0
60750311002008,60750311002,6075031100,94131.0,575,land - populated,161,25,37.7303518,-122.4409617,16328.0
60750255006013,60750255006,6075025500,94112.0,729,land - populated,36,12,37.7292952,-122.4401742,5243.0
60750311002011,60750311002,6075031100,94131.0,575,land - populated,41,8,37.7297304,-122.4415645,3586.0
60750311002012,60750311002,6075031100,94131.0,575,land - zero population,0,0,37.7293478,-122.441674,10731.0
60750255006012,60750255006,6075025500,94131.0,729,land - zero population,0,0,37.7292034,-122.4414459,9641.0
60750255006023,60750255006,6075025500,94112.0,729,land - populated,297,59,37.7284228,-122.4414579,27864.0
60750255006032,60750255006,6075025500,94112.0,729,land - populated,270,50,37.7265115,-122.4378245,25946.0
60750255006022,60750255006,6075025500,94112.0,729,land - populated,143,20,37.7279794,-122.4393017,21225.0
60750255006031,60750255006,6075025500,94112.0,729,land - populated,128,32,37.7263533,-122.4388261,12950.0
60750255006030,60750255006,6075025500,94112.0,729,land - populated,110,24,37.7268272,-122.4396526,14797.0
60750255004007,60750255004,6075025500,94112.0,729,land - populated,118,18,37.7243253,-122.4378554,12977.0
60750255005003,60750255005,6075025500,94112.0,729,land - populated,34,6,37.7251964,-122.4392218,4810.0
60750255005002,60750255005,6075025500,94112.0,729,land - populated,30,7,37.725432,-122.4396669,4805.0
60750255005004,60750255005,6075025500,94112.0,729,land - populated,140,39,37.7246623,-122.4386938,12897.0
60750255006027,60750255006,6075025500,94112.0,729,land - populated,65,12,37.7271846,-122.4403232,7352.0
60750255006028,60750255006,6075025500,94112.0,729,land - populated,66,11,37.7274403,-122.4407802,7954.0
60750255005001,60750255005,6075025500,94112.0,729,land - populated,146,19,37.7255722,-122.4405383,16645.0
60750255005005,60750255005,6075025500,94112.0,729,land - populated,50,15,37.7246531,-122.4397589,4895.0
60750255005000,60750255005,6075025500,94112.0,729,land - populated,129,21,37.7261432,-122.4414487,14447.0
60750255005007,60750255005,6075025500,94112.0,729,land - populated,145,24,37.7246597,-122.4412822,15140.0
60750311005010,60750311005,6075031100,94131.0,842,land - populated,194,24,37.7319806,-122.4431617,16549.0
60750311002003,60750311002,6075031100,94131.0,842,land - zero population,0,0,37.7315674,-122.4431923,1865.0
60750311002002,60750311002,6075031100,94131.0,842,land - populated,186,32,37.7311203,-122.4431565,18076.0
60750311002007,60750311002,6075031100,94131.0,842,land - populated,138,15,37.7303095,-122.4431538,18105.0
60750311002010,60750311002,6075031100,94131.0,842,land - populated,158,30,37.7295144,-122.4431847,17260.0
60750311002013,60750311002,6075031100,94112.0,842,land - populated,43,4,37.7288101,-122.4437146,7153.0
60750255006026,60750255006,6075025500,94112.0,729,land - zero population,0,0,37.7233358,-122.4475873,16448.0
60750311005009,60750311005,6075031100,94127.0,842,land - populated,231,30,37.7319691,-122.4458005,21745.0
60750311002004,60750311002,6075031100,94112.0,842,land - zero population,0,0,37.7315586,-122.4454126,1885.0
60750311002005,60750311002,6075031100,94112.0,842,land - populated,188,22,37.7311099,-122.4454382,18116.0
60750311002006,60750311002,6075031100,94112.0,842,land - populated,156,21,37.7302989,-122.4454318,18020.0
60750311002009,60750311002,6075031100,94112.0,842,land - populated,124,15,37.7294914,-122.4454284,17973.0
60750311002014,60750311002,6075031100,94112.0,842,land - populated,118,16,37.7286845,-122.4454205,18030.0
60750255006029,60750255006,6075025500,94112.0,729,land - populated,191,31,37.7272898,-122.4423634,21109.0
60750255006024,60750255006,6075025500,94112.0,729,land - populated,124,16,37.7273218,-122.4437748,12963.0
60750255005008,60750255005,6075025500,94112.0,729,land - populated,363,57,37.7242443,-122.443122,28972.0
60750311003004,60750311003,6075031100,94112.0,842,land - populated,102,16,37.7279165,-122.4456298,14262.0
60750255006025,60750255006,6075025500,94112.0,729,land - populated,1,0,37.7250384,-122.444836,133856.0
60750261001005,60750261001,6075026100,94112.0,729,land - zero population,0,0,37.7236722,-122.4379033,529.0
60750255004008,60750255004,6075025500,94112.0,729,land - zero population,0,0,37.723708,-122.4386243,340.0
60750261001003,60750261001,6075026100,94112.0,729,land - zero population,0,0,37.7226712,-122.4379983,3178.0
60750261004001,60750261004,6075026100,94112.0,729,land - populated,1,0,37.7235401,-122.4393315,569.0
60750261001004,60750261001,6075026100,94112.0,729,land - populated,146,22,37.7227407,-122.4386635,22874.0
60750260041001,60750260041,6075026004,94112.0,729,land - zero population,0,0,37.7205913,-122.4378943,863.0
60750261001010,60750261001,6075026100,94112.0,729,land - populated,237,36,37.7213036,-122.4395864,14510.0
60750255005006,60750255005,6075025500,94112.0,729,land - populated,168,36,37.7239067,-122.4399298,14875.0
60750261004006,60750261004,6075026100,94112.0,729,land - populated,2,0,37.7234123,-122.4404632,604.0
60750261004000,60750261004,6075026100,94112.0,729,land - populated,206,46,37.7228634,-122.4397259,12190.0
60750261004005,60750261004,6075026100,94112.0,729,land - populated,122,36,37.7229635,-122.4406741,9083.0
60750255005010,60750255005,6075025500,94112.0,729,land - populated,121,24,37.7240073,-122.4416583,10510.0
60750261004007,60750261004,6075026100,94112.0,729,land - populated,72,22,37.7230618,-122.4416668,3816.0
60750261001011,60750261001,6075026100,94112.0,729,land - populated,292,58,37.7192088,-122.4417598,22925.0
60750260041010,60750260041,6075026004,94112.0,729,land - zero population,0,0,37.7196678,-122.4385929,520.0
60750260041009,60750260041,6075026004,94112.0,729,land - populated,148,41,37.7194818,-122.4382127,6682.0
60750260041008,60750260041,6075026004,94112.0,729,land - populated,219,49,37.718697,-122.4377781,16661.0
60750261001008,60750261001,6075026100,94112.0,729,land - populated,447,78,37.719639,-122.4393552,46089.0
60750260041011,60750260041,6075026004,94112.0,729,land - populated,104,8,37.7187079,-122.4388013,7903.0
60750260041012,60750260041,6075026004,94112.0,729,land - zero population,0,0,37.7188897,-122.4391812,631.0
60750260041017,60750260041,6075026004,94112.0,481,land - populated,170,40,37.7170037,-122.4379363,11237.0
60750260041016,60750260041,6075026004,94112.0,729,land - populated,162,26,37.7173598,-122.4387797,12459.0
60750260041013,60750260041,6075026004,94112.0,729,land - populated,135,35,37.7176918,-122.4395744,11164.0
60750263011006,60750263011,6075026301,94112.0,481,land - populated,129,23,37.7159981,-122.4386642,10042.0
60750263011007,60750263011,6075026301,94112.0,729,land - populated,135,30,37.716338,-122.4394999,9494.0
60750260041015,60750260041,6075026004,94112.0,729,land - zero population,0,0,37.7180672,-122.4398027,604.0
60750261001012,60750261001,6075026100,94112.0,729,land - populated,61,10,37.719853,-122.4408233,4436.0
60750261001009,60750261001,6075026100,94112.0,729,land - zero population,0,0,37.7214394,-122.4387985,4971.0
60750260041014,60750260041,6075026004,94112.0,729,land - zero population,0,0,37.7174544,-122.4402707,289.0
60750263011008,60750263011,6075026301,94112.0,729,land - populated,93,19,37.7166707,-122.4403196,8630.0
60750263012002,60750263012,6075026301,94112.0,593,land - zero population,0,0,37.7162205,-122.4406592,709.0
60750261002020,60750261002,6075026100,94112.0,729,land - populated,67,16,37.7173413,-122.4408454,10259.0
60750261002021,60750261002,6075026100,94112.0,729,land - populated,112,25,37.7179439,-122.4414273,10152.0
60750261002019,60750261002,6075026100,94112.0,691,land - zero population,0,0,37.7168749,-122.4413136,1065.0
60750261004008,60750261004,6075026100,94112.0,729,land - zero population,0,0,37.7232563,-122.4417943,798.0
60750255005009,60750255005,6075025500,94112.0,729,land - populated,168,33,37.7235246,-122.4422811,10253.0
60750261004020,60750261004,6075026100,94112.0,729,land - populated,243,31,37.7224462,-122.4425943,21881.0
60750261004021,60750261004,6075026100,94112.0,729,land - zero population,0,0,37.7231248,-122.4429118,305.0
60750261004002,60750261004,6075026100,94112.0,729,land - populated,54,8,37.7213361,-122.4425351,91457.0
60750261004024,60750261004,6075026100,94112.0,729,land - populated,212,38,37.720259,-122.4435793,16468.0
60750261004004,60750261004,6075026100,94112.0,729,land - zero population,0,0,37.7230045,-122.4439937,716.0
60750261004003,60750261004,6075026100,94112.0,729,land - zero population,0,0,37.722706,-122.444079,7095.0
60750261004009,60750261004,6075026100,94112.0,729,land - populated,179,33,37.7209003,-122.4455089,16282.0
60750261002003,60750261002,6075026100,94112.0,729,land - zero population,0,0,37.7182423,-122.4418147,1424.0
60750261002002,60750261002,6075026100,94112.0,729,land - populated,138,24,37.71849,-122.4421093,7805.0
60750261002004,60750261002,6075026100,94112.0,691,land - zero population,0,0,37.7180773,-122.4426293,559.0
60750261002000,60750261002,6075026100,94112.0,729,land - populated,190,38,37.7189956,-122.4427643,11667.0
60750261002005,60750261002,6075026100,94112.0,691,land - populated,69,8,37.7180289,-122.4431625,8114.0
60750261002001,60750261002,6075026100,94112.0,729,land - zero population,0,0,37.7186065,-122.4432901,871.0
60750261002018,60750261002,6075026100,94112.0,691,land - zero population,0,0,37.7175314,-122.4419631,885.0
60750261002006,60750261002,6075026100,94112.0,691,land - zero population,0,0,37.7176488,-122.4425663,613.0
60750261002016,60750261002,6075026100,94112.0,691,land - populated,407,70,37.7167055,-122.4421295,24490.0
60750261002017,60750261002,6075026100,94112.0,691,land - zero population,0,0,37.7172459,-122.4430792,982.0
60750261002015,60750261002,6075026100,94112.0,691,land - populated,150,24,37.7162421,-122.4436403,10787.0
60750261004023,60750261004,6075026100,94112.0,729,land - populated,224,34,37.7197848,-122.4441324,13242.0
60750261003004,60750261003,6075026100,94112.0,729,land - zero population,0,0,37.7195079,-122.4444071,1438.0
60750261003003,60750261003,6075026100,94112.0,691,land - populated,162,27,37.7192413,-122.444636,10816.0
60750261003005,60750261003,6075026100,94112.0,691,land - populated,139,32,37.7187289,-122.4450701,10917.0
60750261003006,60750261003,6075026100,94112.0,691,land - populated,66,5,37.7181778,-122.4455031,9250.0
60750261002007,60750261002,6075026100,94112.0,691,land - populated,165,24,37.7178872,-122.4438306,12973.0
60750261002008,60750261002,6075026100,94112.0,691,land - populated,288,62,37.7170494,-122.4446444,21213.0
60750261002009,60750261002,6075026100,94112.0,691,land - populated,4,0,37.716523,-122.4439997,1686.0
60750311004002,60750311004,6075031100,94112.0,842,land - zero population,0,0,37.7315517,-122.4469366,520.0
60750311004000,60750311004,6075031100,94112.0,842,land - populated,172,28,37.7311022,-122.4477188,18244.0
60750311004007,60750311004,6075031100,94112.0,842,land - populated,39,4,37.7302908,-122.4477145,18066.0
60750311004013,60750311004,6075031100,94112.0,842,land - populated,120,16,37.7294825,-122.4477093,18091.0
60750311003014,60750311003,6075031100,94112.0,842,land - populated,113,18,37.7286904,-122.4476718,17288.0
60750311005008,60750311005,6075031100,94127.0,842,land - populated,107,14,37.7319575,-122.4480806,11447.0
60750311004001,60750311004,6075031100,94112.0,842,land - zero population,0,0,37.7315467,-122.4480779,1202.0
60750311003002,60750311003,6075031100,94112.0,842,land - populated,53,11,37.7271287,-122.4460869,6699.0
60750311003005,60750311003,6075031100,94112.0,842,land - populated,38,6,37.7270822,-122.4472919,11037.0
60750311003000,60750311003,6075031100,94112.0,842,land - zero population,0,0,37.7256325,-122.4468275,53421.0
60750311003003,60750311003,6075031100,94112.0,842,land - zero population,0,0,37.7256748,-122.4477519,9779.0
60750311003001,60750311003,6075031100,94112.0,842,land - zero population,0,0,37.7244958,-122.4473035,5667.0
60750311003009,60750311003,6075031100,94112.0,842,land - populated,90,13,37.7276978,-122.4498987,67246.0
60750311005007,60750311005,6075031100,94127.0,842,land - populated,148,23,37.7319501,-122.4500079,16568.0
60750311004004,60750311004,6075031100,94127.0,842,land - zero population,0,0,37.731538,-122.4499971,1837.0
60750311004003,60750311004,6075031100,94112.0,842,land - populated,132,25,37.7310912,-122.4500049,18108.0
60750311004008,60750311004,6075031100,94112.0,842,land - populated,136,18,37.7302813,-122.449998,18041.0
60750311004012,60750311004,6075031100,94112.0,842,land - populated,171,27,37.7294722,-122.4499927,18067.0
60750311003010,60750311003,6075031100,94112.0,842,land - populated,167,30,37.7287159,-122.4499845,15672.0
60750311004011,60750311004,6075031100,94112.0,842,land - populated,93,13,37.7294644,-122.4517867,10354.0
60750311003011,60750311003,6075031100,94112.0,842,land - populated,78,14,37.7287029,-122.4517829,9181.0
60750311005006,60750311005,6075031100,94127.0,842,land - populated,174,22,37.7319391,-122.4522833,16486.0
60750311004006,60750311004,6075031100,94127.0,842,land - zero population,0,0,37.7315287,-122.4522655,1699.0
60750311004005,60750311004,6075031100,94112.0,842,land - populated,181,30,37.7310833,-122.4522772,18044.0
60750310002000,60750310002,6075031000,94112.0,488,land - populated,51,6,37.7305194,-122.45374,9723.0
60750311004009,60750311004,6075031100,94112.0,842,land - populated,130,16,37.7302715,-122.4522713,17953.0
60750311004010,60750311004,6075031100,94112.0,488,land - populated,70,14,37.7294897,-122.4532043,11261.0
60750311003012,60750311003,6075031100,94112.0,488,land - populated,69,19,37.7288168,-122.4532406,9390.0
60750311003007,60750311003,6075031100,94112.0,842,land - zero population,0,0,37.7257048,-122.4506882,43234.0
60750311003006,60750311003,6075031100,94112.0,842,land - zero population,0,0,37.7264078,-122.449067,84777.0
60750311003013,60750311003,6075031100,94112.0,842,land - zero population,0,0,37.7255933,-122.4520004,16135.0
60750261004022,60750261004,6075026100,94112.0,729,land - zero population,0,0,37.7229558,-122.4460163,1989.0
60750261004012,60750261004,6075026100,94112.0,729,land - zero population,0,0,37.7229596,-122.4474766,316.0
60750261004010,60750261004,6075026100,94112.0,729,land - zero population,0,0,37.7220462,-122.4466506,42983.0
60750261003000,60750261003,6075026100,94112.0,729,land - zero population,0,0,37.7204229,-122.4458473,1186.0
60750261004011,60750261004,6075026100,94112.0,691,land - zero population,0,0,37.7209543,-122.4472337,1181.0
60750261003002,60750261003,6075026100,94112.0,691,land - zero population,0,0,37.7200981,-122.4471235,1420.0
60750261004016,60750261004,6075026100,94112.0,691,land - zero population,0,0,37.7203518,-122.4476011,14074.0
60750261004013,60750261004,6075026100,94112.0,729,land - zero population,0,0,37.7221958,-122.447952,3784.0
60750312022000,60750312022,6075031202,94112.0,842,land - zero population,0,0,37.722961,-122.4486966,1373.0
60750312022001,60750312022,6075031202,94112.0,842,land - populated,25,5,37.7223119,-122.4489138,20985.0
60750312022002,60750312022,6075031202,94112.0,842,land - zero population,0,0,37.7216269,-122.4482549,715.0
60750261004015,60750261004,6075026100,94112.0,729,land - zero population,0,0,37.7212102,-122.4478917,290.0
60750261004014,60750261004,6075026100,94112.0,729,land - zero population,0,0,37.7212934,-122.448105,317.0
60750312022008,60750312022,6075031202,94112.0,842,land - zero population,0,0,37.7213635,-122.4482988,257.0
60750312022006,60750312022,6075031202,94112.0,842,land - zero population,0,0,37.7215794,-122.4488658,693.0
60750261004017,60750261004,6075026100,94112.0,691,land - zero population,0,0,37.7204201,-122.4482068,3638.0
60750312022003,60750312022,6075031202,94112.0,842,land - zero population,0,0,37.7219158,-122.4497025,670.0
60750312022005,60750312022,6075031202,94112.0,842,land - populated,194,45,37.7209366,-122.4492936,12601.0
60750261003001,60750261003,6075026100,94112.0,691,land - populated,113,22,37.7197622,-122.4463044,24090.0
60750261003007,60750261003,6075026100,94112.0,691,land - populated,174,41,37.7188502,-122.4468535,10593.0
60750261003010,60750261003,6075026100,94112.0,691,land - populated,160,31,37.7182809,-122.4472027,10553.0
60750261003015,60750261003,6075026100,94112.0,691,land - populated,98,18,37.7176633,-122.4459639,7749.0
60750261002010,60750261002,6075026100,94112.0,691,land - populated,110,14,37.7164009,-122.4460636,10629.0
60750261003014,60750261003,6075026100,94112.0,691,land - populated,106,19,37.7169299,-122.4466271,10612.0
60750261003011,60750261003,6075026100,94112.0,691,land - populated,59,11,37.7175736,-122.4471467,4719.0
60750261003012,60750261003,6075026100,94112.0,691,land - populated,77,14,37.7178608,-122.4478196,4090.0
60750261003013,60750261003,6075026100,94112.0,691,land - populated,39,8,37.7170212,-122.447465,4895.0
60750261004019,60750261004,6075026100,94112.0,691,land - zero population,0,0,37.7192052,-122.4480081,3485.0
60750261004018,60750261004,6075026100,94112.0,691,land - zero population,0,0,37.7190522,-122.4483744,2714.0
60750312022007,60750312022,6075031202,94112.0,842,land - populated,42,4,37.7199824,-122.448663,13849.0
60750261003009,60750261003,6075026100,94112.0,691,land - zero population,0,0,37.718583,-122.4481997,539.0
60750261003017,60750261003,6075026100,94112.0,691,land - zero population,0,0,37.7182098,-122.4484933,1363.0
60750312022011,60750312022,6075031202,94112.0,842,land - populated,111,20,37.7194073,-122.4492512,10972.0
60750312022009,60750312022,6075031202,94112.0,842,land - populated,53,10,37.7182728,-122.4491113,3781.0
60750312022010,60750312022,6075031202,94112.0,842,land - populated,74,12,37.7185165,-122.4497993,7039.0
60750261003008,60750261003,6075026100,94112.0,691,land - populated,14,1,37.71762,-122.4482423,6596.0
60750261003016,60750261003,6075026100,94112.0,691,land - zero population,0,0,37.7176905,-122.4485222,1506.0
60750262001000,60750262001,6075026200,94112.0,691,land - zero population,0,0,37.7171519,-122.4487698,14855.0
60750314002000,60750314002,6075031400,94112.0,820,land - populated,110,25,37.7164786,-122.4496662,24129.0
60750311003008,60750311003,6075031100,94112.0,842,land - zero population,0,0,37.723493,-122.4499871,1513.0
60750312011000,60750312011,6075031201,94112.0,842,land - populated,23,2,37.7229799,-122.4506416,3036.0
60750312011001,60750312011,6075031201,94112.0,842,land - populated,90,13,37.7226332,-122.4505213,8903.0
60750312011002,60750312011,6075031201,94112.0,842,land - zero population,0,0,37.7225727,-122.4512642,2440.0
60750312011012,60750312011,6075031201,94112.0,842,land - zero population,0,0,37.7230114,-122.4519355,797.0
60750312022004,60750312022,6075031202,94112.0,842,land - populated,182,28,37.7212658,-122.4501217,12510.0
60750312022013,60750312022,6075031202,94112.0,842,land - populated,121,21,37.7200839,-122.4508743,11420.0
60750312011003,60750312011,6075031201,94112.0,842,land - populated,403,64,37.722037,-122.4516864,33557.0
60750312011013,60750312011,6075031201,94112.0,842,land - populated,111,23,37.7203846,-122.4516269,9411.0
60750312011004,60750312011,6075031201,94112.0,842,land - zero population,0,0,37.7231615,-122.4527172,404.0
60750310002013,60750310002,6075031000,94112.0,842,land - zero population,0,0,37.7233485,-122.4536022,521.0
60750312012000,60750312012,6075031201,94112.0,842,land - populated,226,56,37.7225898,-122.45362,14501.0
60750312011005,60750312011,6075031201,94112.0,842,land - populated,246,32,37.7210641,-122.4525354,22379.0
60750312011006,60750312011,6075031201,94112.0,842,land - populated,220,42,37.7209463,-122.453599,17830.0
60750312022012,60750312022,6075031202,94112.0,842,land - populated,126,20,37.7197532,-122.4500498,11409.0
60750312022015,60750312022,6075031202,94112.0,842,land - populated,50,12,37.718805,-122.4506894,7974.0
60750312022014,60750312022,6075031202,94112.0,842,land - populated,88,11,37.7190899,-122.4515265,8796.0
60750312022019,60750312022,6075031202,94112.0,842,land - populated,184,32,37.7171662,-122.450101,17395.0
60750312022018,60750312022,6075031202,94112.0,842,land - populated,194,38,37.7175241,-122.4508941,15685.0
60750312022017,60750312022,6075031202,94112.0,842,land - populated,171,33,37.7178214,-122.4517167,13710.0
60750312022016,60750312022,6075031202,94112.0,842,land - populated,128,22,37.7181195,-122.4525247,11424.0
60750312021000,60750312021,6075031202,94112.0,842,land - populated,310,47,37.7191281,-122.4531347,36290.0
60750314001004,60750314001,6075031400,94112.0,820,land - populated,139,20,37.716465,-122.4528493,14880.0
60750314001003,60750314001,6075031400,94112.0,820,land - populated,102,19,37.7170131,-122.453455,11492.0
60759805011009,60759805011,6075980501,94134.0,867,land - populated,282,67,37.7129352,-122.42446,184557.0
60750605023001,60750605023,6075060502,94134.0,867,land - populated,564,143,37.7103502,-122.4216808,45236.0
60750605023003,60750605023,6075060502,94134.0,867,land - populated,166,53,37.7095343,-122.4216255,9454.0
60750605023008,60750605023,6075060502,94134.0,593,land - zero population,0,0,37.7088323,-122.4219432,593.0
60750605023009,60750605023,6075060502,94134.0,593,land - zero population,0,0,37.7086434,-122.4212709,634.0
60750605023002,60750605023,6075060502,94134.0,867,land - populated,163,32,37.7096708,-122.4222747,8722.0
60750605023010,60750605023,6075060502,94134.0,593,land - zero population,0,0,37.7090874,-122.4228206,1129.0
60750605023007,60750605023,6075060502,94134.0,593,land - populated,133,24,37.7085515,-122.4224003,18077.0
60750263023007,60750263023,6075026302,94134.0,593,land - zero population,0,0,37.7096529,-122.4239807,1444.0
60750263023017,60750263023,6075026302,94134.0,593,land - populated,431,110,37.7089559,-122.4252262,35552.0
60750263023000,60750263023,6075026302,94134.0,481,land - populated,58,7,37.7140278,-122.4293351,242891.0
60750263023004,60750263023,6075026302,94112.0,867,land - zero population,0,0,37.7107942,-122.4258145,2950.0
60750263023006,60750263023,6075026302,94112.0,593,land - populated,32,4,37.7104979,-122.4271946,2253.0
60750263023020,60750263023,6075026302,94134.0,593,land - populated,32,9,37.7092893,-122.4258737,814.0
60750263023018,60750263023,6075026302,94134.0,593,land - zero population,0,0,37.7085914,-122.4260259,993.0
60750263023019,60750263023,6075026302,94134.0,593,land - populated,105,22,37.7088401,-122.4265035,8852.0
60750263023002,60750263023,6075026302,94112.0,481,land - zero population,0,0,37.7118613,-122.4283753,2705.0
60750263023005,60750263023,6075026302,94112.0,593,land - populated,625,98,37.7101474,-122.4275082,80121.0
60750263023021,60750263023,6075026302,94112.0,593,land - populated,368,70,37.7114729,-122.4285376,19498.0
60750263023016,60750263023,6075026302,94112.0,593,land - populated,51,10,37.708876,-122.4287897,10845.0
60750263023001,60750263023,6075026302,94112.0,481,land - zero population,0,0,37.7125347,-122.4307971,2117.0
60750263023009,60750263023,6075026302,94112.0,593,land - populated,280,61,37.712117,-122.4310773,18877.0
60750260042010,60750260042,6075026004,94112.0,481,land - populated,67,11,37.7149156,-122.432975,6843.0
60750263023003,60750263023,6075026302,94112.0,481,land - zero population,0,0,37.7128693,-122.4324221,751.0
60750263023010,60750263023,6075026302,94112.0,593,land - populated,24,4,37.7126384,-122.4324511,3189.0
60750263021000,60750263021,6075026302,94112.0,481,land - zero population,0,0,37.7130393,-122.4332254,735.0
60750263021001,60750263021,6075026302,94112.0,593,land - populated,55,12,37.7129169,-122.4332251,1066.0
60750263022000,60750263022,6075026302,94112.0,593,land - populated,59,11,37.7122293,-122.4328497,5806.0
60750263023011,60750263023,6075026302,94112.0,593,land - populated,119,24,37.7100104,-122.4301397,20668.0
60750263023008,60750263023,6075026302,94112.0,593,land - populated,168,41,37.7113319,-122.430944,14022.0
60750263023015,60750263023,6075026302,94112.0,593,land - populated,18,1,37.7085207,-122.4298166,4611.0
60750263023012,60750263023,6075026302,94112.0,593,land - populated,17,2,37.7097713,-122.4307323,3083.0
60750263023022,60750263023,6075026302,94112.0,593,land - populated,75,18,37.7085682,-122.4311086,11559.0
60750263022003,60750263022,6075026302,94112.0,593,land - populated,7,1,37.7118023,-122.4322669,2510.0
60750263022010,60750263022,6075026302,94112.0,593,land - populated,92,13,37.7099177,-122.4315747,11731.0
60750263022009,60750263022,6075026302,94112.0,593,land - populated,88,16,37.7104881,-122.4321661,11866.0
60750263022002,60750263022,6075026302,94112.0,593,land - populated,119,24,37.7110305,-122.4327385,11681.0
60750263022001,60750263022,6075026302,94112.0,593,land - populated,80,9,37.7114855,-122.4334208,9698.0
60750263023013,60750263023,6075026302,94112.0,593,land - populated,123,19,37.7089115,-122.43198,16735.0
60750263023014,60750263023,6075026302,94112.0,593,land - zero population,0,0,37.7089399,-122.4314299,2722.0
60750263022011,60750263022,6075026302,94112.0,593,land - populated,165,29,37.7089412,-122.4331842,16724.0
60750260042011,60750260042,6075026004,94112.0,481,land - populated,96,22,37.7152644,-122.4338048,7536.0
60750263011000,60750263011,6075026301,94112.0,481,land - populated,191,32,37.713968,-122.433665,13023.0
60750263011001,60750263011,6075026301,94112.0,481,land - populated,101,16,37.7142989,-122.4344941,12824.0
60750260042006,60750260042,6075026004,94112.0,481,land - zero population,0,0,37.7156123,-122.4346314,8284.0
60750260042005,60750260042,6075026004,94112.0,481,land - populated,100,14,37.7159604,-122.4354564,8982.0
60750263011002,60750263011,6075026301,94112.0,481,land - populated,140,27,37.7146393,-122.4353293,12248.0
60750263021003,60750263021,6075026302,94112.0,593,land - zero population,0,0,37.7132967,-122.4341333,715.0
60750263021002,60750263021,6075026302,94112.0,593,land - populated,129,24,37.712777,-122.433997,12696.0
60750263021005,60750263021,6075026302,94112.0,593,land - zero population,0,0,37.7136579,-122.434952,734.0
60750263021010,60750263021,6075026302,94112.0,593,land - populated,148,36,37.7122025,-122.435074,10064.0
60750263011003,60750263011,6075026301,94112.0,481,land - populated,148,28,37.7149784,-122.4361629,11689.0
60750263021006,60750263021,6075026302,94112.0,593,land - zero population,0,0,37.7140217,-122.4357622,701.0
60750263012007,60750263012,6075026301,94112.0,593,land - zero population,0,0,37.7143921,-122.4365889,707.0
60750263011004,60750263011,6075026301,94112.0,481,land - populated,111,16,37.7153191,-122.4369945,11146.0
60750263012008,60750263012,6075026301,94112.0,593,land - zero population,0,0,37.7147568,-122.4374027,723.0
60750263012006,60750263012,6075026301,94112.0,593,land - populated,191,31,37.7142272,-122.4372364,13106.0
60750263021004,60750263021,6075026302,94112.0,593,land - populated,155,26,37.7134943,-122.4356027,13181.0
60750263021007,60750263021,6075026302,94112.0,593,land - populated,82,14,37.712798,-122.4356922,6739.0
60750263021008,60750263021,6075026302,94112.0,593,land - populated,188,39,37.7127123,-122.4366158,12788.0
60750263021011,60750263021,6075026302,94112.0,593,land - populated,188,37,37.7116741,-122.4345188,14735.0
60750263022004,60750263022,6075026302,94112.0,593,land - populated,133,36,37.7107972,-122.434482,9762.0
60750263022007,60750263022,6075026302,94112.0,593,land - zero population,0,0,37.7101801,-122.4340496,12028.0
60750263022008,60750263022,6075026302,94112.0,593,land - populated,166,34,37.7095622,-122.4336175,14332.0
60750263022012,60750263022,6075026302,94112.0,593,land - populated,81,8,37.7088395,-122.4349018,13984.0
60750263022013,60750263022,6075026302,94112.0,593,land - zero population,0,0,37.7081926,-122.4350819,456.0
60750263022005,60750263022,6075026302,94112.0,593,land - populated,106,15,37.7104364,-122.4359922,12352.0
60750263021009,60750263021,6075026302,94112.0,593,land - populated,163,28,37.7118578,-122.4367157,14614.0
60750263021012,60750263021,6075026302,94112.0,593,land - populated,176,33,37.7111732,-122.4367985,19767.0
60750263022006,60750263022,6075026302,94112.0,593,land - populated,86,12,37.7097637,-122.4356193,11261.0
60750263032013,60750263032,6075026303,94112.0,593,land - populated,104,22,37.7096887,-122.4373719,15272.0
60750263032011,60750263032,6075026303,94112.0,593,land - populated,271,54,37.7089846,-122.4372902,30873.0
60750263011005,60750263011,6075026301,94112.0,481,land - populated,151,21,37.7156582,-122.437829,10641.0
60750263012004,60750263012,6075026301,94112.0,593,land - zero population,0,0,37.7151223,-122.438217,720.0
60750263012005,60750263012,6075026301,94112.0,593,land - zero population,0,0,37.7154914,-122.4390401,733.0
60750263012003,60750263012,6075026301,94112.0,593,land - populated,204,42,37.7149593,-122.4388681,13097.0
60750263012010,60750263012,6075026301,94112.0,593,land - populated,254,45,37.7140387,-122.4394201,17224.0
60750263013000,60750263013,6075026301,94112.0,593,land - populated,210,47,37.7129118,-122.4376798,16124.0
60750263012009,60750263012,6075026301,94112.0,593,land - populated,181,27,37.7138594,-122.4382163,13394.0
60750263013001,60750263013,6075026301,94112.0,593,land - populated,83,12,37.7125545,-122.4385638,6583.0
60750263013002,60750263013,6075026301,94112.0,593,land - populated,58,9,37.7124177,-122.4390738,6742.0
60750263013003,60750263013,6075026301,94112.0,593,land - populated,70,14,37.712273,-122.4395811,6507.0
60750263012001,60750263012,6075026301,94112.0,593,land - zero population,0,0,37.715851,-122.4398421,729.0
60750263012000,60750263012,6075026301,94112.0,593,land - populated,128,25,37.7156951,-122.4405065,13199.0
60750263012011,60750263012,6075026301,94112.0,593,land - populated,144,14,37.7151948,-122.4411451,8717.0
60750263012014,60750263012,6075026301,94112.0,593,land - populated,307,61,37.7138335,-122.4404458,26697.0
60750263013004,60750263013,6075026301,94112.0,593,land - populated,78,15,37.7121328,-122.4400955,6658.0
60750263013005,60750263013,6075026301,94112.0,593,land - populated,72,13,37.7119935,-122.4406075,6407.0
60750263012015,60750263012,6075026301,94112.0,593,land - populated,193,38,37.7131566,-122.4413704,13783.0
60750263032000,60750263032,6075026303,94112.0,593,land - populated,78,23,37.7115516,-122.4384852,7088.0
60750263032002,60750263032,6075026303,94112.0,593,land - zero population,0,0,37.7108683,-122.4385766,613.0
60750263032014,60750263032,6075026303,94112.0,593,land - populated,64,7,37.7105405,-122.4376368,10881.0
60750263032001,60750263032,6075026303,94112.0,593,land - populated,202,26,37.7107757,-122.4391321,19775.0
60750263032015,60750263032,6075026303,94112.0,593,land - populated,159,31,37.7086893,-122.4384871,17721.0
60750263032003,60750263032,6075026303,94112.0,593,land - populated,105,24,37.7107779,-122.4400973,7035.0
60750263032004,60750263032,6075026303,94112.0,593,land - populated,65,10,37.7106468,-122.4406098,7001.0
60750263013006,60750263013,6075026301,94112.0,593,land - populated,61,15,37.7118598,-122.4411171,6498.0
60750263013007,60750263013,6075026301,94112.0,593,land - populated,101,16,37.7117216,-122.4416375,6650.0
60750263032005,60750263032,6075026303,94112.0,593,land - populated,69,14,37.7105104,-122.4411195,7041.0
60750263032006,60750263032,6075026303,94112.0,593,land - populated,67,16,37.7103736,-122.4416331,7132.0
60750263032010,60750263032,6075026303,94112.0,593,land - populated,205,35,37.7093861,-122.4403781,18396.0
60750263032016,60750263032,6075026303,94112.0,593,land - populated,36,9,37.7085288,-122.4397037,5667.0
60750263032009,60750263032,6075026303,94112.0,593,land - populated,174,30,37.7089277,-122.4416483,18752.0
60750261002024,60750261002,6075026100,94112.0,691,land - populated,129,29,37.7152672,-122.4424707,9980.0
60750263012012,60750263012,6075026301,94112.0,593,land - populated,234,46,37.7144351,-122.4418836,13272.0
60750263012013,60750263012,6075026301,94112.0,593,land - populated,104,14,37.7139384,-122.4427465,8163.0
60750261002023,60750261002,6075026100,94112.0,691,land - populated,155,31,37.7157562,-122.4430326,10473.0
60750261002025,60750261002,6075026100,94112.0,691,land - populated,181,38,37.7142974,-122.4434838,10156.0
60750263012016,60750263012,6075026301,94112.0,593,land - populated,236,52,37.7128904,-122.4423515,13770.0
60750263012017,60750263012,6075026301,94112.0,593,land - populated,177,26,37.7128369,-122.4432841,13539.0
60750261002014,60750261002,6075026100,94112.0,691,land - populated,149,33,37.7153145,-122.4447429,13058.0
60750261002022,60750261002,6075026100,94112.0,691,land - populated,209,51,37.7147792,-122.4440637,10767.0
60750261002013,60750261002,6075026100,94112.0,691,land - zero population,0,0,37.715746,-122.4450194,1259.0
60750261002011,60750261002,6075026100,94112.0,691,land - populated,112,18,37.7159337,-122.4454844,9853.0
60750261002012,60750261002,6075026100,94112.0,691,land - zero population,0,0,37.7154046,-122.4456269,407.0
60750261002026,60750261002,6075026100,94112.0,691,land - zero population,0,0,37.7152654,-122.4456623,263.0
60750262001007,60750262001,6075026200,94112.0,691,land - populated,190,32,37.7143937,-122.4452687,11636.0
60750262001008,60750262001,6075026200,94112.0,691,land - populated,127,35,37.7133628,-122.444571,11744.0
60750263012018,60750263012,6075026301,94112.0,593,land - populated,228,41,37.7124449,-122.4439686,10860.0
60750262001014,60750262001,6075026200,94112.0,691,land - populated,257,40,37.7123733,-122.4457544,15629.0
60750263013008,60750263013,6075026301,94112.0,593,land - populated,76,18,37.7115846,-122.4421484,6213.0
60750263013009,60750263013,6075026301,94112.0,593,land - populated,112,17,37.7114375,-122.4426727,7059.0
60750263032007,60750263032,6075026303,94112.0,593,land - populated,96,14,37.7104392,-122.4425989,8117.0
60750263013010,60750263013,6075026301,94112.0,593,land - populated,174,31,37.7112755,-122.4433326,9680.0
60750263032008,60750263032,6075026303,94112.0,593,land - populated,116,22,37.7098121,-122.4422969,7709.0
60750263032019,60750263032,6075026303,94112.0,593,land - populated,33,8,37.7084344,-122.4426285,3598.0
60750263032017,60750263032,6075026303,94112.0,593,land - populated,184,46,37.7087078,-122.4435066,13291.0
60750263031005,60750263031,6075026303,94112.0,593,land - populated,176,31,37.7098996,-122.4442324,14748.0
60750263031001,60750263031,6075026303,94112.0,593,land - populated,281,46,37.7107769,-122.4447656,30061.0
60750263031000,60750263031,6075026303,94112.0,593,land - populated,349,70,37.7117969,-122.4451265,15648.0
60750263031006,60750263031,6075026303,94112.0,593,land - populated,231,49,37.7092674,-122.4439527,16211.0
60750263031004,60750263031,6075026303,94112.0,691,land - populated,236,49,37.7089725,-122.4457885,17685.0
60750263032018,60750263032,6075026303,94112.0,691,land - zero population,0,0,37.7083636,-122.445154,1828.0
60750262001005,60750262001,6075026200,94112.0,691,land - zero population,0,0,37.7149692,-122.4465599,1706.0
60750262001009,60750262001,6075026200,94112.0,691,land - populated,216,36,37.7139484,-122.4458351,11632.0
60750262001006,60750262001,6075026200,94112.0,691,land - populated,26,5,37.7147526,-122.4464666,5116.0
60750262001003,60750262001,6075026200,94112.0,691,land - populated,57,11,37.7157382,-122.4469412,4994.0
60750262001004,60750262001,6075026200,94112.0,691,land - populated,108,12,37.7152439,-122.447055,11024.0
60750262001011,60750262001,6075026200,94112.0,691,land - populated,175,27,37.7139369,-122.4478237,12717.0
60750262001010,60750262001,6075026200,94112.0,691,land - populated,158,29,37.7134328,-122.4464299,13882.0
60750262001013,60750262001,6075026200,94112.0,691,land - populated,169,20,37.712971,-122.4471578,13262.0
60750262002006,60750262002,6075026200,94112.0,691,land - populated,146,25,37.7118825,-122.4477714,12620.0
60750262001012,60750262001,6075026200,94112.0,691,land - zero population,0,0,37.7142681,-122.4481056,2042.0
60750262001002,60750262001,6075026200,94112.0,691,land - populated,210,41,37.7144727,-122.4485594,14578.0
60750262001001,60750262001,6075026200,94112.0,691,land - populated,256,58,37.714695,-122.4496962,72551.0
60750262002005,60750262002,6075026200,94112.0,691,land - populated,181,28,37.7124091,-122.4484223,14413.0
60750262002000,60750262002,6075026200,94112.0,691,land - populated,257,45,37.7129252,-122.4498735,21098.0
60750262002001,60750262002,6075026200,94112.0,691,land - populated,79,17,37.7126737,-122.4494659,6085.0
60750262002007,60750262002,6075026200,94112.0,691,land - populated,95,17,37.7114384,-122.4471209,12060.0
60750263031003,60750263031,6075026303,94112.0,691,land - populated,20,2,37.7108945,-122.4470613,5938.0
60750263031002,60750263031,6075026303,94112.0,691,land - populated,152,30,37.710054,-122.4469238,30861.0
60750263031011,60750263031,6075026303,94112.0,691,land - populated,132,27,37.7087647,-122.4469268,10611.0
60750262002008,60750262002,6075026200,94112.0,691,land - populated,62,11,37.7105273,-122.4485287,6779.0
60750262002009,60750262002,6075026200,94112.0,691,land - populated,214,47,37.7108627,-122.4491344,13975.0
60750262002004,60750262002,6075026200,94112.0,691,land - populated,147,24,37.7113879,-122.4497884,13148.0
60750263031008,60750263031,6075026303,94112.0,691,land - populated,214,31,37.7090123,-122.4488622,14652.0
60750263031012,60750263031,6075026303,94112.0,691,land - populated,155,23,37.7085097,-122.4483274,12001.0
60750263031007,60750263031,6075026303,94112.0,691,land - populated,328,63,37.709589,-122.4492804,16163.0
60750314002001,60750314002,6075031400,94112.0,820,land - populated,50,5,37.7146925,-122.4512219,10433.0
60750262002003,60750262002,6075026200,94112.0,691,land - populated,108,22,37.7122499,-122.4500891,6869.0
60750262002002,60750262002,6075026200,94112.0,691,land - zero population,0,0,37.7136576,-122.4493253,3768.0
60750314002003,60750314002,6075031400,94112.0,820,land - populated,459,79,37.715581,-122.4535799,42000.0
60750314002002,60750314002,6075031400,94112.0,820,land - populated,634,132,37.7148688,-122.4531438,49923.0
60750314002005,60750314002,6075031400,94112.0,820,land - zero population,0,0,37.71334,-122.4528913,8158.0
60750314002009,60750314002,6075031400,94112.0,820,land - zero population,0,0,37.7123167,-122.453837,11435.0
60750262002010,60750262002,6075026200,94112.0,691,land - populated,151,33,37.711726,-122.4507723,9137.0
60750262003009,60750262003,6075026200,94112.0,691,land - populated,195,31,37.7103595,-122.4503724,11909.0
60750262003008,60750262003,6075026200,94112.0,691,land - populated,118,14,37.71135,-122.4516214,9907.0
60750262003010,60750262003,6075026200,94112.0,691,land - populated,114,22,37.7100038,-122.4510454,9909.0
60750263031013,60750263031,6075026303,94112.0,691,land - zero population,0,0,37.7082463,-122.4499377,267.0
60750263031009,60750263031,6075026303,94112.0,691,land - populated,194,43,37.7087017,-122.4511968,24818.0
60750262003007,60750262003,6075026200,94112.0,691,land - populated,143,30,37.7109191,-122.4522073,10248.0
60750262003003,60750262003,6075026200,94112.0,691,land - zero population,0,0,37.7116163,-122.4525442,1419.0
60750262003012,60750262003,6075026200,94112.0,691,land - populated,249,46,37.7099499,-122.4528959,13227.0
60750262003001,60750262003,6075026200,94112.0,691,land - zero population,0,0,37.7116359,-122.4535166,20019.0
60750262003002,60750262003,6075026200,94112.0,691,land - populated,57,15,37.7111159,-122.4538207,4084.0
60750262003006,60750262003,6075026200,94112.0,691,land - populated,260,60,37.7104574,-122.4535442,13577.0
60750262003005,60750262003,6075026200,94112.0,691,land - zero population,0,0,37.7108118,-122.4539902,1710.0
60750262003011,60750262003,6075026200,94112.0,691,land - populated,245,49,37.7094485,-122.4521026,15777.0
60750263031010,60750263031,6075026303,94112.0,691,land - populated,51,14,37.7083967,-122.4530827,6350.0
60750262004012,60750262004,6075026200,94112.0,691,land - zero population,0,0,37.7087218,-122.4534664,4671.0
60750306001019,60750306001,6075030600,94127.0,876,land - zero population,0,0,37.7458907,-122.4543034,660.0
60750306001002,60750306001,6075030600,94127.0,876,land - populated,64,12,37.74525,-122.4546808,11461.0
60750306001020,60750306001,6075030600,94127.0,478,land - zero population,0,0,37.746226,-122.4550639,679.0
60750306001016,60750306001,6075030600,94127.0,478,land - zero population,0,0,37.7464331,-122.4558927,689.0
60750306001003,60750306001,6075030600,94127.0,876,land - populated,103,19,37.7452244,-122.4557744,18776.0
60750306001015,60750306001,6075030600,94127.0,478,land - zero population,0,0,37.7467911,-122.4579475,1229.0
60750306001004,60750306001,6075030600,94127.0,876,land - populated,78,17,37.7457123,-122.4563666,13225.0
60750306001018,60750306001,6075030600,94127.0,478,land - zero population,0,0,37.7466223,-122.4567371,649.0
60750306001005,60750306001,6075030600,94127.0,876,land - populated,58,13,37.7460766,-122.4570985,10031.0
60750306001006,60750306001,6075030600,94127.0,876,land - populated,26,6,37.7464332,-122.4578945,7415.0
60750306001008,60750306001,6075030600,94127.0,876,land - populated,48,8,37.7452204,-122.4579855,13357.0
60750306001013,60750306001,6075030600,94127.0,876,land - populated,71,12,37.7440618,-122.454726,15394.0
60750306002010,60750306002,6075030600,94127.0,876,land - zero population,0,0,37.743522,-122.4547686,1572.0
60750306002011,60750306002,6075030600,94127.0,722,land - populated,86,9,37.7427454,-122.4548121,16359.0
60750306001014,60750306001,6075030600,94127.0,876,land - populated,64,17,37.7442169,-122.4556816,10762.0
60750306002013,60750306002,6075030600,94127.0,876,land - populated,8,2,37.7406579,-122.4582194,4723.0
60750306002015,60750306002,6075030600,94127.0,876,land - zero population,0,0,37.7432743,-122.4555976,482.0
60750306002014,60750306002,6075030600,94127.0,876,land - populated,25,2,37.7425622,-122.4560429,11444.0
60750306003012,60750306003,6075030600,94127.0,876,land - zero population,0,0,37.743752,-122.4562597,563.0
60750306003013,60750306003,6075030600,94127.0,876,land - zero population,0,0,37.7441628,-122.4578481,1751.0
60750306003000,60750306003,6075030600,94127.0,876,land - populated,100,24,37.7445545,-122.4579462,17227.0
60750306002012,60750306002,6075030600,94127.0,722,land - populated,97,24,37.7412533,-122.4561845,17310.0
60750306002016,60750306002,6075030600,94127.0,876,land - populated,72,18,37.7412631,-122.4579451,18881.0
60750306001011,60750306001,6075030600,94116.0,478,land - zero population,0,0,37.7470237,-122.4589363,952.0
60750304001013,60750304001,6075030400,94116.0,478,land - zero population,0,0,37.7479069,-122.4587585,2664.0
60750306001007,60750306001,6075030600,94127.0,876,land - zero population,0,0,37.7464981,-122.4585071,574.0
60750306001017,60750306001,6075030600,94127.0,876,land - populated,11,2,37.745799,-122.4581239,2956.0
60750306001009,60750306001,6075030600,94116.0,876,land - populated,42,4,37.7458727,-122.4591165,11682.0
60750306001010,60750306001,6075030600,94116.0,876,land - populated,46,14,37.7461745,-122.4596703,9679.0
60750306003002,60750306003,6075030600,94127.0,876,land - populated,24,5,37.7450742,-122.4600266,6805.0
60750304001010,60750304001,6075030400,94116.0,876,land - populated,40,9,37.7483931,-122.4603739,8761.0
60750304001012,60750304001,6075030400,94116.0,876,land - populated,165,20,37.7471702,-122.4601795,32269.0
60750304001011,60750304001,6075030400,94116.0,876,land - populated,62,15,37.7472987,-122.4610569,14053.0
60750304001009,60750304001,6075030400,94116.0,876,land - populated,57,18,37.7481923,-122.4614482,14755.0
60750304001008,60750304001,6075030400,94116.0,876,land - populated,30,8,37.7483734,-122.4621779,6770.0
60750306001012,60750306001,6075030600,94116.0,876,land - populated,48,14,37.7462026,-122.4602381,9848.0
60750306003003,60750306003,6075030600,94127.0,876,land - populated,3,1,37.7453094,-122.4607528,807.0
60750306003004,60750306003,6075030600,94127.0,876,land - zero population,0,0,37.745215,-122.4609338,1152.0
60750304001015,60750304001,6075030400,94116.0,876,land - zero population,0,0,37.7459813,-122.4618825,995.0
60750304001016,60750304001,6075030400,94116.0,876,land - zero population,0,0,37.7461134,-122.4620156,624.0
60750306003010,60750306003,6075030600,94127.0,876,land - populated,245,50,37.7431578,-122.4581912,66555.0
60750306003001,60750306003,6075030600,94127.0,876,land - populated,21,6,37.7446299,-122.4595358,5619.0
60750306003011,60750306003,6075030600,94127.0,876,land - populated,21,5,37.7429019,-122.4592332,9318.0
60750306003015,60750306003,6075030600,94127.0,876,land - populated,174,47,37.7422462,-122.4597762,43682.0
60750306003008,60750306003,6075030600,94127.0,876,land - populated,22,2,37.7441216,-122.4602035,5330.0
60750306003006,60750306003,6075030600,94127.0,876,land - populated,28,7,37.7444979,-122.4607684,6819.0
60750306003009,60750306003,6075030600,94127.0,876,land - zero population,0,0,37.7438417,-122.4604543,1204.0
60750306003005,60750306003,6075030600,94127.0,876,land - populated,97,26,37.744423,-122.462199,21561.0
60750306003007,60750306003,6075030600,94127.0,876,land - populated,44,6,37.7437529,-122.4618113,12255.0
60750306003014,60750306003,6075030600,94127.0,876,land - zero population,0,0,37.7430099,-122.4618156,278.0
60750308001000,60750308001,6075030800,94127.0,876,land - populated,125,23,37.7419128,-122.4611775,19324.0
60750308001013,60750308001,6075030800,94127.0,876,land - populated,25,4,37.740716,-122.4603175,8732.0
60750308001007,60750308001,6075030800,94127.0,876,land - populated,89,23,37.7415387,-122.4618884,13233.0
60750307001013,60750307001,6075030700,94127.0,722,land - populated,230,32,37.7390718,-122.4547307,211117.0
60750307003013,60750307003,6075030700,94127.0,722,land - populated,163,29,37.7373482,-122.4570949,46719.0
60750307003012,60750307003,6075030700,94127.0,722,land - populated,124,23,37.7365347,-122.4573203,38833.0
60750307003010,60750307003,6075030700,94127.0,722,land - populated,161,23,37.7352714,-122.4546301,37458.0
60750307003009,60750307003,6075030700,94127.0,722,land - populated,165,34,37.734096,-122.45477,36535.0
60750310001011,60750310001,6075031000,94127.0,722,land - populated,57,10,37.7326795,-122.4542883,11351.0
60750310001000,60750310001,6075031000,94127.0,722,land - populated,69,18,37.7335795,-122.4553795,13321.0
60750307003011,60750307003,6075030700,94127.0,722,land - populated,182,19,37.7360266,-122.457207,49579.0
60750310001001,60750310001,6075031000,94127.0,722,land - populated,61,11,37.733438,-122.4563314,13090.0
60750310001002,60750310001,6075031000,94127.0,722,land - populated,34,6,37.7341837,-122.4580652,17530.0
60750310001003,60750310001,6075031000,94127.0,722,land - populated,68,17,37.733171,-122.4571706,13050.0
60750310001004,60750310001,6075031000,94127.0,722,land - populated,73,11,37.733,-122.4580935,16895.0
60750306002017,60750306002,6075030600,94127.0,722,land - populated,102,22,37.7399606,-122.4582102,20892.0
60750306002018,60750306002,6075030600,94127.0,722,land - zero population,0,0,37.7404306,-122.4586396,1222.0
60750308002009,60750308002,6075030800,94127.0,722,land - populated,50,11,37.7396103,-122.4595474,9472.0
60750308002000,60750308002,6075030800,94127.0,876,land - zero population,0,0,37.7404125,-122.4600084,2188.0
60750307003014,60750307003,6075030700,94127.0,722,land - populated,64,10,37.7380723,-122.4586961,13537.0
60750308002001,60750308002,6075030800,94127.0,722,land - populated,168,35,37.7391965,-122.4615703,51309.0
60750308001012,60750308001,6075030800,94127.0,876,land - populated,43,9,37.7404849,-122.4621747,11990.0
60750308002011,60750308002,6075030800,94127.0,722,land - populated,36,9,37.7383157,-122.4601972,7841.0
60750308002010,60750308002,6075030800,94127.0,722,land - populated,167,36,37.7370732,-122.4605166,47438.0
60750307003015,60750307003,6075030700,94127.0,722,land - populated,78,17,37.7349841,-122.4584959,17641.0
60750309001012,60750309001,6075030900,94127.0,722,land - populated,88,17,37.7340015,-122.4600644,22556.0
60750310001005,60750310001,6075031000,94127.0,722,land - populated,59,17,37.732586,-122.459538,15402.0
60750309001007,60750309001,6075030900,94127.0,722,land - populated,54,12,37.7351611,-122.4615387,11493.0
60750309001011,60750309001,6075030900,94127.0,722,land - populated,65,13,37.7338521,-122.460794,14582.0
60750309001010,60750309001,6075030900,94127.0,722,land - populated,101,19,37.7334105,-122.4615292,23309.0
60750304001021,60750304001,6075030400,94116.0,876,land - populated,30,3,37.7469442,-122.4622587,11318.0
60750304002007,60750304002,6075030400,94116.0,876,land - populated,47,10,37.7474592,-122.4630583,13280.0
60750304002006,60750304002,6075030400,94116.0,876,land - populated,85,34,37.7475277,-122.4639308,15785.0
60750304001020,60750304001,6075030400,94116.0,876,land - populated,42,14,37.7463042,-122.4631183,10930.0
60750304001014,60750304001,6075030400,94116.0,876,land - populated,92,18,37.7449313,-122.4628405,22350.0
60750304002013,60750304002,6075030400,94116.0,876,land - zero population,0,0,37.7465687,-122.4641783,739.0
60750304001019,60750304001,6075030400,94116.0,876,land - populated,69,13,37.7453542,-122.463597,14940.0
60750304002005,60750304002,6075030400,94116.0,876,land - populated,39,9,37.7473569,-122.4649896,10647.0
60750304003012,60750304003,6075030400,94116.0,876,land - populated,45,9,37.7482773,-122.4654629,11768.0
60750304003011,60750304003,6075030400,94116.0,876,land - zero population,0,0,37.7474693,-122.4659445,825.0
60750304001022,60750304001,6075030400,94116.0,876,land - populated,56,11,37.7457002,-122.4646815,14571.0
60750304002012,60750304002,6075030400,94116.0,876,land - populated,32,6,37.7464096,-122.4649712,9278.0
60750304001018,60750304001,6075030400,94116.0,876,land - populated,64,14,37.7446868,-122.4652803,12174.0
60750306003016,60750306003,6075030600,94127.0,876,land - zero population,0,0,37.7431853,-122.4623941,661.0
60750308001001,60750308001,6075030800,94127.0,876,land - populated,79,24,37.7430258,-122.4629668,12348.0
60750308001006,60750308001,6075030800,94127.0,876,land - populated,46,6,37.7423422,-122.4632211,9676.0
60750308001008,60750308001,6075030800,94127.0,876,land - populated,36,6,37.7411898,-122.4625665,7431.0
60750308001005,60750308001,6075030800,94127.0,876,land - populated,52,16,37.7417001,-122.4635653,8463.0
60750308001009,60750308001,6075030800,94127.0,876,land - populated,55,11,37.7410334,-122.4639896,11947.0
60750304001017,60750304001,6075030400,94116.0,876,land - populated,76,20,37.7439963,-122.465002,15610.0
60750308001002,60750308001,6075030800,94127.0,876,land - zero population,0,0,37.742928,-122.464302,15540.0
60750308001004,60750308001,6075030800,94127.0,876,land - populated,40,4,37.7414876,-122.4650951,17581.0
60750308001003,60750308001,6075030800,94127.0,876,land - populated,146,38,37.7424553,-122.4656927,27070.0
60750304003001,60750304003,6075030400,94116.0,876,land - populated,44,7,37.7485573,-122.4668915,10701.0
60750304002008,60750304002,6075030400,94116.0,876,land - populated,75,14,37.7468799,-122.4668469,18674.0
60750304003002,60750304003,6075030400,94116.0,876,land - populated,165,32,37.7479152,-122.4675056,29127.0
60750304003003,60750304003,6075030400,94116.0,876,land - populated,119,21,37.7480508,-122.4689542,18259.0
60750304003004,60750304003,6075030400,94116.0,876,land - populated,136,18,37.7479646,-122.4700288,19449.0
60750304002009,60750304002,6075030400,94116.0,876,land - populated,412,81,37.7454019,-122.4684292,123287.0
60750304002010,60750304002,6075030400,94116.0,876,land - populated,69,14,37.7445489,-122.4671815,13577.0
60750304002011,60750304002,6075030400,94127.0,876,land - populated,72,14,37.7438359,-122.4670994,14506.0
60750308005000,60750308005,6075030800,94127.0,876,land - populated,118,20,37.7424884,-122.4667321,19415.0
60750308005001,60750308005,6075030800,94127.0,876,land - populated,117,19,37.742478,-122.4676793,17669.0
60750308004001,60750308004,6075030800,94127.0,876,land - populated,46,7,37.7408574,-122.4675102,10321.0
60750308005002,60750308005,6075030800,94116.0,876,land - populated,108,19,37.7425846,-122.4685993,17167.0
60750308004002,60750308004,6075030800,94127.0,876,land - populated,74,17,37.7407301,-122.468435,14085.0
60750308005003,60750308005,6075030800,94116.0,876,land - populated,105,14,37.7423798,-122.4696337,19618.0
60750308004003,60750308004,6075030800,94127.0,876,land - populated,112,20,37.7406803,-122.4694786,19081.0
60750308002003,60750308002,6075030800,94127.0,876,land - zero population,0,0,37.7401384,-122.4624553,2705.0
60750308002002,60750308002,6075030800,94127.0,722,land - populated,80,19,37.7393156,-122.4626006,20294.0
60750308001011,60750308001,6075030800,94127.0,876,land - zero population,0,0,37.7404122,-122.4632414,874.0
60750308002004,60750308002,6075030800,94127.0,722,land - populated,59,18,37.7391888,-122.4637138,15647.0
60750308002012,60750308002,6075030800,94127.0,722,land - populated,74,18,37.7375079,-122.4626707,15343.0
60750308001010,60750308001,6075030800,94127.0,876,land - populated,62,9,37.7403394,-122.464268,13390.0
60750308001017,60750308001,6075030800,94127.0,876,land - zero population,0,0,37.7398632,-122.4645662,1324.0
60750308002005,60750308002,6075030800,94127.0,722,land - populated,23,6,37.7394992,-122.4646313,5954.0
60750308002008,60750308002,6075030800,94127.0,722,land - zero population,0,0,37.7389299,-122.4645951,2327.0
60750308001014,60750308001,6075030800,94127.0,876,land - populated,64,7,37.7400351,-122.4659035,15762.0
60750308002006,60750308002,6075030800,94127.0,722,land - populated,38,6,37.7390856,-122.4655156,7773.0
60750308001015,60750308001,6075030800,94127.0,876,land - zero population,0,0,37.7394756,-122.4656997,919.0
60750308002007,60750308002,6075030800,94127.0,722,land - populated,76,25,37.7380908,-122.4643287,19896.0
60750308003013,60750308003,6075030800,94127.0,722,land - populated,75,15,37.7373714,-122.4646265,20463.0
60750308003016,60750308003,6075030800,94127.0,722,land - populated,26,6,37.7365815,-122.4649743,16852.0
60750309001000,60750309001,6075030900,94127.0,722,land - populated,80,22,37.735705,-122.4626032,25125.0
60750308003017,60750308003,6075030800,94127.0,722,land - populated,43,15,37.7362282,-122.4634816,10899.0
60750309001009,60750309001,6075030900,94127.0,722,land - populated,77,19,37.7338625,-122.4625237,13297.0
60750309001001,60750309001,6075030900,94127.0,722,land - populated,117,31,37.7338618,-122.4637152,33682.0
60750309001003,60750309001,6075030900,94127.0,722,land - zero population,0,0,37.7357476,-122.4645194,1201.0
60750308003018,60750308003,6075030800,94127.0,722,land - populated,13,1,37.7355879,-122.4650049,7906.0
60750309001006,60750309001,6075030900,94127.0,722,land - zero population,0,0,37.7350063,-122.4649135,1806.0
60750308003015,60750308003,6075030800,94127.0,722,land - populated,41,10,37.7357789,-122.4658584,12894.0
60750309001014,60750309001,6075030900,94127.0,722,land - zero population,0,0,37.7349685,-122.4657311,1470.0
60750309001004,60750309001,6075030900,94127.0,722,land - populated,39,10,37.7335453,-122.4644867,16650.0
60750309001005,60750309001,6075030900,94127.0,722,land - populated,24,7,37.7343643,-122.4648824,9049.0
60750309002000,60750309002,6075030900,94127.0,722,land - populated,4,0,37.7327497,-122.4650555,1188.0
60750309001013,60750309001,6075030900,94127.0,722,land - populated,36,12,37.734085,-122.4656692,14307.0
60750309002001,60750309002,6075030900,94127.0,488,land - populated,61,12,37.7324457,-122.4658996,22505.0
60750308001016,60750308001,6075030800,94127.0,876,land - zero population,0,0,37.7402843,-122.4663843,1050.0
60750308004000,60750308004,6075030800,94127.0,876,land - populated,34,6,37.7404814,-122.466857,14574.0
60750308003001,60750308003,6075030800,94127.0,876,land - populated,82,7,37.738582,-122.4676371,22815.0
60750308003000,60750308003,6075030800,94127.0,876,land - zero population,0,0,37.7388491,-122.4680282,1797.0
60750308003012,60750308003,6075030800,94127.0,722,land - populated,56,18,37.7382007,-122.4663882,16324.0
60750308003002,60750308003,6075030800,94127.0,876,land - zero population,0,0,37.7382981,-122.4672374,3047.0
60750308003011,60750308003,6075030800,94127.0,722,land - populated,50,12,37.737357,-122.4668724,15540.0
60750308004007,60750308004,6075030800,94127.0,876,land - populated,72,13,37.7390758,-122.4684121,19535.0
60750308004006,60750308004,6075030800,94127.0,876,land - populated,65,10,37.7393843,-122.4692175,13263.0
60750308004008,60750308004,6075030800,94127.0,876,land - populated,106,6,37.7375942,-122.4701232,14531.0
60750308003003,60750308003,6075030800,94127.0,876,land - populated,43,7,37.7370711,-122.469466,15182.0
60750308003004,60750308003,6075030800,94127.0,876,land - zero population,0,0,37.7373019,-122.4698388,1528.0
60750308003014,60750308003,6075030800,94127.0,722,land - populated,52,10,37.7359731,-122.4667617,18930.0
60750308003010,60750308003,6075030800,94127.0,722,land - populated,66,10,37.7360825,-122.4676579,19387.0
60750309005000,60750309005,6075030900,94127.0,722,land - populated,46,9,37.733966,-122.466568,17078.0
60750309002002,60750309002,6075030900,94127.0,722,land - zero population,0,0,37.7330919,-122.4663406,1140.0
60750309005001,60750309005,6075030900,94127.0,722,land - populated,52,9,37.7340114,-122.467486,14264.0
60750309005002,60750309005,6075030900,94127.0,722,land - populated,38,7,37.7340155,-122.4683241,13646.0
60750309005010,60750309005,6075030900,94127.0,488,land - zero population,0,0,37.7331057,-122.4674223,707.0
60750309005011,60750309005,6075030900,94127.0,488,land - populated,49,5,37.7324273,-122.4673854,10954.0
60750309005013,60750309005,6075030900,94127.0,722,land - zero population,0,0,37.7331347,-122.4682673,680.0
60750309005012,60750309005,6075030900,94127.0,488,land - populated,38,3,37.7324549,-122.4682711,10867.0
60750308003009,60750308003,6075030800,94127.0,722,land - populated,49,5,37.7360316,-122.4684931,20004.0
60750308003008,60750308003,6075030800,94127.0,722,land - populated,53,14,37.735623,-122.4693068,14101.0
60750308003005,60750308003,6075030800,94127.0,876,land - zero population,0,0,37.7361101,-122.4699524,3634.0
60750308003006,60750308003,6075030800,94127.0,722,land - populated,8,0,37.7352337,-122.4703223,12349.0
60750309005003,60750309005,6075030900,94127.0,722,land - populated,45,5,37.7340056,-122.4691815,13789.0
60750309005014,60750309005,6075030900,94127.0,488,land - zero population,0,0,37.7331624,-122.4691116,741.0
60750309005015,60750309005,6075030900,94127.0,488,land - populated,57,14,37.7324921,-122.4691528,10846.0
60750309005004,60750309005,6075030900,94127.0,722,land - populated,43,8,37.7339965,-122.4700333,12404.0
60750309005017,60750309005,6075030900,94127.0,722,land - zero population,0,0,37.733192,-122.4699973,639.0
60750309005016,60750309005,6075030900,94127.0,488,land - populated,47,5,37.7325231,-122.4700333,10891.0
60750310001012,60750310001,6075031000,94127.0,722,land - populated,71,18,37.7319478,-122.4542127,12388.0
60750310002001,60750310002,6075031000,94112.0,488,land - zero population,0,0,37.7315073,-122.4541766,1021.0
60750310002002,60750310002,6075031000,94112.0,488,land - populated,37,5,37.731128,-122.4542218,6427.0
60750310002003,60750310002,6075031000,94112.0,488,land - populated,45,4,37.7308368,-122.4549452,9710.0
60750310001010,60750310001,6075031000,94127.0,722,land - populated,58,14,37.7321336,-122.4554756,11888.0
60750310002004,60750310002,6075031000,94127.0,722,land - zero population,0,0,37.731409,-122.4553415,504.0
60750310002005,60750310002,6075031000,94112.0,488,land - populated,59,14,37.7306519,-122.4557205,10882.0
60750310002007,60750310002,6075031000,94112.0,488,land - populated,60,13,37.7295368,-122.4544401,11612.0
60750310002008,60750310002,6075031000,94112.0,488,land - populated,50,10,37.7294363,-122.4552339,9586.0
60750310002009,60750310002,6075031000,94112.0,488,land - populated,42,4,37.7293122,-122.456036,8455.0
60750310001009,60750310001,6075031000,94127.0,722,land - populated,55,16,37.7319386,-122.4563089,10768.0
60750310002006,60750310002,6075031000,94127.0,722,land - zero population,0,0,37.7312711,-122.4561863,599.0
60750310002011,60750310002,6075031000,94112.0,488,land - zero population,0,0,37.7310892,-122.4570196,559.0
60750310002010,60750310002,6075031000,94112.0,488,land - populated,57,7,37.7304964,-122.4565853,11862.0
60750310001008,60750310001,6075031000,94127.0,722,land - populated,35,4,37.7317129,-122.4571457,10395.0
60750310001007,60750310001,6075031000,94112.0,722,land - populated,58,14,37.7316548,-122.458099,14610.0
60750310001014,60750310001,6075031000,94112.0,488,land - zero population,0,0,37.7308066,-122.4577309,813.0
60750310002022,60750310002,6075031000,94112.0,488,land - zero population,0,0,37.7294269,-122.4565629,1209.0
60750310002014,60750310002,6075031000,94112.0,488,land - populated,78,11,37.7285145,-122.4569119,15232.0
60750310002016,60750310002,6075031000,94112.0,488,land - populated,50,14,37.7302309,-122.4573822,10779.0
60750310002015,60750310002,6075031000,94112.0,488,land - populated,37,12,37.7296666,-122.4576117,7261.0
60750310002020,60750310002,6075031000,94112.0,488,land - populated,81,18,37.7284682,-122.457756,14086.0
60750310002012,60750310002,6075031000,94112.0,842,land - populated,161,23,37.7261091,-122.454392,207538.0
60750310002018,60750310002,6075031000,94112.0,488,land - populated,75,13,37.7267925,-122.4568835,13059.0
60750310002019,60750310002,6075031000,94112.0,488,land - populated,81,12,37.7267042,-122.4577504,14081.0
60750310002024,60750310002,6075031000,94112.0,488,land - zero population,0,0,37.725629,-122.4566627,549.0
60750310002023,60750310002,6075031000,94112.0,488,land - populated,97,23,37.7247555,-122.4568629,11218.0
60750310002025,60750310002,6075031000,94112.0,488,land - populated,51,9,37.7255976,-122.4574658,9424.0
60750310002027,60750310002,6075031000,94112.0,488,land - populated,33,7,37.7246929,-122.4576904,7439.0
60750312012008,60750312012,6075031201,94112.0,488,land - zero population,0,0,37.7242263,-122.4577595,445.0
60750310001013,60750310001,6075031000,94112.0,722,land - zero population,0,0,37.7308635,-122.4581131,1106.0
60750310002017,60750310002,6075031000,94112.0,488,land - zero population,0,0,37.7304401,-122.4582223,663.0
60750310003001,60750310003,6075031000,94112.0,488,land - zero population,0,0,37.7307099,-122.4590424,461.0
60750310001006,60750310001,6075031000,94112.0,722,land - populated,51,13,37.7314484,-122.4593473,22138.0
60750310002029,60750310002,6075031000,94112.0,488,land - zero population,0,0,37.7297689,-122.4582164,636.0
60750310003000,60750310003,6075031000,94112.0,488,land - populated,41,7,37.7302285,-122.4590558,10687.0
60750310003006,60750310003,6075031000,94112.0,488,land - populated,40,10,37.7296629,-122.4588228,7327.0
60750310002021,60750310002,6075031000,94112.0,488,land - zero population,0,0,37.7285359,-122.4582102,1925.0
60750310003010,60750310003,6075031000,94112.0,488,land - populated,69,13,37.7284666,-122.4586637,14090.0
60750310003004,60750310003,6075031000,94112.0,488,land - zero population,0,0,37.7293718,-122.459879,1476.0
60750310003009,60750310003,6075031000,94112.0,488,land - populated,81,19,37.7285017,-122.4595053,15025.0
60750309001015,60750309001,6075030900,94127.0,722,land - populated,35,7,37.7320545,-122.4610455,9231.0
60750310003005,60750310003,6075031000,94112.0,488,land - zero population,0,0,37.7308033,-122.4589241,1600.0
60750310001015,60750310001,6075031000,94127.0,722,land - populated,65,9,37.7310725,-122.4607873,16637.0
60750309001008,60750309001,6075030900,94127.0,722,land - populated,115,25,37.7318439,-122.4621716,28110.0
60750310003002,60750310003,6075031000,94127.0,488,land - populated,116,19,37.7297558,-122.4604818,22901.0
60750310003003,60750310003,6075031000,94127.0,722,land - zero population,0,0,37.7301465,-122.4611066,823.0
60750309001017,60750309001,6075030900,94127.0,488,land - zero population,0,0,37.7319249,-122.4639603,2446.0
60750310003007,60750310003,6075031000,94112.0,488,land - populated,30,9,37.7290434,-122.4612181,5060.0
60750310002030,60750310002,6075031000,94112.0,488,land - zero population,0,0,37.7266412,-122.4582027,1886.0
60750310003011,60750310003,6075031000,94112.0,488,land - populated,81,22,37.7267021,-122.4586541,14029.0
60750310003012,60750310003,6075031000,94112.0,488,land - populated,83,15,37.7267902,-122.4595205,13067.0
60750310002026,60750310002,6075031000,94112.0,488,land - zero population,0,0,37.7253986,-122.4581961,628.0
60750310003019,60750310003,6075031000,94112.0,488,land - populated,47,12,37.7255926,-122.4589289,9498.0
60750310002028,60750310002,6075031000,94112.0,488,land - zero population,0,0,37.724702,-122.458192,704.0
60750310003020,60750310003,6075031000,94112.0,488,land - populated,28,4,37.7249223,-122.4591233,12482.0
60750312012010,60750312012,6075031201,94112.0,488,land - populated,6,0,37.7244247,-122.4586994,535.0
60750310003018,60750310003,6075031000,94112.0,488,land - zero population,0,0,37.7256411,-122.4597502,485.0
60750312013000,60750312013,6075031201,94112.0,488,land - zero population,0,0,37.724611,-122.4595825,387.0
60750310003008,60750310003,6075031000,94112.0,488,land - populated,48,11,37.7281608,-122.4603629,9805.0
60750310003016,60750310003,6075031000,94112.0,488,land - populated,109,18,37.7263206,-122.4603531,9920.0
60750310003014,60750310003,6075031000,94112.0,488,land - populated,109,5,37.7265645,-122.4611838,7343.0
60750310003015,60750310003,6075031000,94112.0,488,land - populated,103,14,37.7278598,-122.4617051,14274.0
60750310003017,60750310003,6075031000,94112.0,488,land - populated,93,18,37.7252797,-122.4604507,10443.0
60750312013003,60750312013,6075031201,94112.0,488,land - zero population,0,0,37.7248486,-122.46072,507.0
60750312013002,60750312013,6075031201,94112.0,488,land - populated,105,23,37.7242367,-122.4607579,11799.0
60750310003013,60750310003,6075031000,94112.0,488,land - populated,457,49,37.725621,-122.4620808,38119.0
60750312013008,60750312013,6075031201,94112.0,488,land - zero population,0,0,37.7251003,-122.4617198,757.0
60750312013007,60750312013,6075031201,94112.0,488,land - populated,108,18,37.724361,-122.4617841,14383.0
60750312012002,60750312012,6075031201,94112.0,842,land - zero population,0,0,37.7235645,-122.454625,539.0
60750312012001,60750312012,6075031201,94112.0,842,land - populated,227,37,37.7226948,-122.4546323,16835.0
60750312012004,60750312012,6075031201,94112.0,842,land - zero population,0,0,37.7237788,-122.4556408,544.0
60750312012003,60750312012,6075031201,94112.0,842,land - populated,285,57,37.7228005,-122.4556481,18886.0
60750312011007,60750312011,6075031201,94112.0,842,land - populated,279,68,37.7209432,-122.454612,18114.0
60750312011008,60750312011,6075031201,94112.0,842,land - populated,294,52,37.7209408,-122.4556297,17999.0
60750312012006,60750312012,6075031201,94112.0,842,land - zero population,0,0,37.7240323,-122.4568403,335.0
60750312012005,60750312012,6075031201,94112.0,842,land - populated,231,41,37.7229152,-122.4566616,21380.0
60750312012007,60750312012,6075031201,94112.0,488,land - populated,261,43,37.7230173,-122.4576829,23470.0
60750312011009,60750312011,6075031201,94112.0,842,land - populated,294,40,37.7209376,-122.4566487,18158.0
60750312011010,60750312011,6075031201,94112.0,842,land - populated,263,44,37.720935,-122.4576705,18096.0
60750312021001,60750312021,6075031202,94112.0,842,land - populated,263,51,37.7191349,-122.454601,18082.0
60750312021002,60750312021,6075031202,94112.0,842,land - populated,271,52,37.7191379,-122.4556175,17706.0
60750314001002,60750314001,6075031400,94112.0,820,land - populated,62,6,37.7175834,-122.4540334,7570.0
60750314001005,60750314001,6075031400,94112.0,820,land - populated,178,38,37.7162224,-122.4549049,18369.0
60750314001000,60750314001,6075031400,94112.0,820,land - populated,92,9,37.717879,-122.4552251,12841.0
60750314001001,60750314001,6075031400,94112.0,820,land - populated,166,37,37.7170414,-122.4551992,15047.0
60750312021003,60750312021,6075031202,94112.0,842,land - populated,199,40,37.719131,-122.4566359,18136.0
60750312021004,60750312021,6075031202,94112.0,842,land - populated,160,25,37.7191308,-122.4576609,17909.0
60750314005002,60750314005,6075031400,94112.0,820,land - populated,269,47,37.7170413,-122.4575807,24754.0
60750314005000,60750314005,6075031400,94112.0,820,land - populated,233,42,37.7178507,-122.4576022,22436.0
60750312012009,60750312012,6075031201,94112.0,488,land - populated,98,28,37.7240294,-122.458726,7429.0
60750312012011,60750312012,6075031201,94112.0,488,land - populated,276,41,37.7227467,-122.4586964,18148.0
60750312013001,60750312013,6075031201,94112.0,488,land - populated,81,10,37.724142,-122.4597463,9772.0
60750312013005,60750312013,6075031201,94112.0,488,land - populated,212,39,37.7227429,-122.4597171,18110.0
60750312011011,60750312011,6075031201,94112.0,842,land - populated,239,44,37.7209321,-122.4586908,18105.0
60750312014000,60750312014,6075031201,94112.0,488,land - populated,274,49,37.7209292,-122.459711,18101.0
60750312013004,60750312013,6075031201,94112.0,488,land - populated,244,40,37.722739,-122.460737,18063.0
60750312013006,60750312013,6075031201,94112.0,488,land - populated,134,47,37.7227345,-122.4617579,18120.0
60750312014001,60750312014,6075031201,94112.0,488,land - populated,244,26,37.7209265,-122.4607295,18048.0
60750312014002,60750312014,6075031201,94132.0,488,land - populated,174,15,37.720922,-122.4617492,18160.0
60750312021005,60750312021,6075031202,94112.0,842,land - populated,191,42,37.7191277,-122.4586814,17947.0
60750312014005,60750312014,6075031201,94112.0,746,land - populated,201,44,37.7191262,-122.4597028,17904.0
60750314005003,60750314005,6075031400,94112.0,820,land - populated,120,26,37.7170238,-122.4596476,9663.0
60750312014004,60750312014,6075031201,94112.0,746,land - populated,198,43,37.7191246,-122.4607228,17829.0
60750312014003,60750312014,6075031201,94112.0,746,land - populated,120,16,37.7191221,-122.461742,17818.0
60750314005001,60750314005,6075031400,94112.0,820,land - populated,217,25,37.7178315,-122.4608719,27411.0
60750314005005,60750314005,6075031400,94112.0,820,land - populated,303,58,37.7161654,-122.4608426,29390.0
60750314005004,60750314005,6075031400,94112.0,820,land - populated,239,56,37.7170072,-122.461428,19989.0
60750309001016,60750309001,6075030900,94127.0,722,land - populated,91,16,37.7313549,-122.4629537,24513.0
60750309002004,60750309002,6075030900,94127.0,488,land - populated,106,20,37.7301911,-122.463043,23279.0
60750309002015,60750309002,6075030900,94127.0,488,land - populated,47,3,37.7291589,-122.4626487,11971.0
60750309002014,60750309002,6075030900,94127.0,488,land - populated,95,19,37.7284793,-122.4626369,18487.0
60750309002005,60750309002,6075030900,94127.0,488,land - populated,48,8,37.7299452,-122.4640368,8825.0
60750309002013,60750309002,6075030900,94127.0,488,land - populated,39,8,37.7288192,-122.4640973,7300.0
60750309001002,60750309001,6075030900,94127.0,722,land - zero population,0,0,37.7321744,-122.4642604,262.0
60750309002003,60750309002,6075030900,94127.0,488,land - populated,28,3,37.7316491,-122.4643732,8135.0
60750309002006,60750309002,6075030900,94127.0,488,land - populated,69,13,37.7307993,-122.4649087,11400.0
60750309002007,60750309002,6075030900,94127.0,488,land - populated,49,8,37.7311254,-122.4654684,7638.0
60750309002008,60750309002,6075030900,94127.0,488,land - populated,32,6,37.7311692,-122.4659042,7875.0
60750309002012,60750309002,6075030900,94127.0,488,land - populated,62,15,37.7290937,-122.4646855,9786.0
60750309002011,60750309002,6075030900,94127.0,488,land - populated,85,22,37.7288808,-122.4661468,46283.0
60750309002019,60750309002,6075030900,94112.0,488,land - populated,153,28,37.7268611,-122.46309,20888.0
60750309002020,60750309002,6075030900,94127.0,488,land - populated,41,8,37.7267116,-122.4638016,11462.0
60750309003009,60750309003,6075030900,94112.0,488,land - zero population,0,0,37.7253764,-122.4625178,382.0
60750309003008,60750309003,6075030900,94112.0,488,land - populated,20,1,37.7251478,-122.4629283,6790.0
60750309003012,60750309003,6075030900,94112.0,488,land - populated,25,4,37.7245813,-122.4627987,6055.0
60750309003010,60750309003,6075030900,94112.0,488,land - zero population,0,0,37.725673,-122.4633276,827.0
60750309003006,60750309003,6075030900,94127.0,488,land - zero population,0,0,37.7259364,-122.4640301,325.0
60750309003005,60750309003,6075030900,94127.0,488,land - populated,35,7,37.7254772,-122.4638561,6503.0
60750309002016,60750309002,6075030900,94127.0,488,land - populated,118,16,37.727402,-122.4650497,13961.0
60750309002018,60750309002,6075030900,94127.0,488,land - populated,82,15,37.7271591,-122.464379,14715.0
60750309003002,60750309003,6075030900,94127.0,488,land - zero population,0,0,37.7262702,-122.464929,540.0
60750309002017,60750309002,6075030900,94127.0,488,land - populated,99,19,37.7276739,-122.4656937,12499.0
60750309003003,60750309003,6075030900,94127.0,488,land - zero population,0,0,37.7265911,-122.4657131,561.0
60750309003004,60750309003,6075030900,94127.0,488,land - zero population,0,0,37.7260689,-122.4643984,293.0
60750309003019,60750309003,6075030900,94127.0,488,land - populated,73,14,37.7242153,-122.464821,21227.0
60750309003013,60750309003,6075030900,94127.0,488,land - populated,81,23,37.7243434,-122.4658528,21302.0
60750309002009,60750309002,6075030900,94127.0,488,land - populated,48,8,37.7311417,-122.4665411,12472.0
60750309005021,60750309005,6075030900,94127.0,488,land - populated,115,29,37.7305265,-122.4676492,23033.0
60750309002010,60750309002,6075030900,94127.0,488,land - populated,112,15,37.729484,-122.4671653,17114.0
60750309004014,60750309004,6075030900,94127.0,488,land - zero population,0,0,37.7286486,-122.4679073,544.0
60750309005020,60750309005,6075030900,94127.0,488,land - populated,99,22,37.7308016,-122.468474,18469.0
60750309005019,60750309005,6075030900,94127.0,488,land - populated,61,13,37.7309865,-122.4693261,15354.0
60750309004004,60750309004,6075030900,94127.0,488,land - zero population,0,0,37.7294176,-122.4684001,498.0
60750309004000,60750309004,6075030900,94127.0,488,land - zero population,0,0,37.7298055,-122.4689648,539.0
60750309004002,60750309004,6075030900,94127.0,488,land - zero population,0,0,37.730139,-122.4697294,477.0
60750309004001,60750309004,6075030900,94127.0,488,land - populated,40,2,37.729879,-122.4702065,26000.0
60750309004018,60750309004,6075030900,94127.0,488,land - zero population,0,0,37.727505,-122.4670086,723.0
60750309003000,60750309003,6075030900,94127.0,488,land - zero population,0,0,37.7270088,-122.4663831,527.0
60750309004015,60750309004,6075030900,94127.0,488,land - zero population,0,0,37.7280472,-122.4675505,479.0
60750309004017,60750309004,6075030900,94127.0,488,land - populated,55,14,37.7268745,-122.4680143,15657.0
60750309003001,60750309003,6075030900,94127.0,488,land - populated,186,26,37.726045,-122.4665225,48291.0
60750309003014,60750309003,6075030900,94127.0,488,land - populated,86,24,37.7244663,-122.4668754,20880.0
60750309003020,60750309003,6075030900,94127.0,488,land - populated,26,5,37.7245669,-122.4677801,9694.0
60750309004013,60750309004,6075030900,94127.0,488,land - populated,91,18,37.7279707,-122.4683665,26457.0
60750309004016,60750309004,6075030900,94127.0,488,land - zero population,0,0,37.7278523,-122.4688318,1330.0
60750309004012,60750309004,6075030900,94127.0,488,land - populated,54,10,37.7279356,-122.4696821,19108.0
60750309004019,60750309004,6075030900,94127.0,488,land - populated,32,6,37.7267387,-122.4699541,10721.0
60750309003015,60750309003,6075030900,94127.0,488,land - populated,161,26,37.725182,-122.469378,37098.0
60750309003016,60750309003,6075030900,94127.0,488,land - zero population,0,0,37.724686,-122.4687442,2233.0
60750309004020,60750309004,6075030900,94127.0,488,land - populated,70,17,37.7259886,-122.4701415,19139.0
60750309004027,60750309004,6075030900,94127.0,488,land - populated,102,20,37.7242303,-122.4703313,36063.0
60750309003011,60750309003,6075030900,94112.0,488,land - populated,76,19,37.7233041,-122.4631493,22554.0
60750309003024,60750309003,6075030900,94112.0,488,land - populated,80,11,37.7221759,-122.4631469,18688.0
60750309003007,60750309003,6075030900,94127.0,488,land - populated,67,15,37.7241074,-122.4638492,16615.0
60750313013000,60750313013,6075031301,94132.0,488,land - populated,52,10,37.720853,-122.4624663,6827.0
60750313013001,60750313013,6075031301,94132.0,488,land - populated,112,23,37.7208292,-122.4631271,15124.0
60750313013002,60750313013,6075031301,94132.0,488,land - populated,159,20,37.7207265,-122.4640293,16873.0
60750309003017,60750309003,6075030900,94127.0,488,land - populated,48,8,37.7223132,-122.464742,13368.0
60750309003018,60750309003,6075030900,94127.0,488,land - populated,80,18,37.7224541,-122.4656865,16131.0
60750313013003,60750313013,6075031301,94132.0,488,land - populated,134,22,37.7206848,-122.4649233,17544.0
60750313013004,60750313013,6075031301,94132.0,488,land - populated,184,34,37.7206747,-122.46582,17364.0
60750313013009,60750313013,6075031301,94112.0,746,land - populated,44,5,37.7191151,-122.462453,7072.0
60750313013008,60750313013,6075031301,94132.0,746,land - populated,153,20,37.7189493,-122.4630981,17933.0
60750313013007,60750313013,6075031301,94132.0,746,land - populated,167,38,37.7188509,-122.4639932,16248.0
60750313021000,60750313021,6075031302,94132.0,820,land - populated,154,29,37.7170366,-122.4630807,15831.0
60750313021001,60750313021,6075031302,94132.0,746,land - populated,159,31,37.7170286,-122.4639809,15798.0
60750313013006,60750313013,6075031301,94132.0,746,land - populated,159,30,37.7188038,-122.4648999,15551.0
60750313013005,60750313013,6075031301,94132.0,746,land - populated,165,35,37.7187992,-122.465797,15477.0
60750313021002,60750313021,6075031302,94132.0,746,land - populated,147,18,37.7170217,-122.4648808,15872.0
60750309003021,60750309003,6075030900,94127.0,488,land - populated,69,12,37.7225057,-122.4667192,17319.0
60750309003022,60750309003,6075030900,94127.0,488,land - populated,75,17,37.7225661,-122.467747,18771.0
60750313011000,60750313011,6075031301,94132.0,488,land - populated,173,28,37.7206717,-122.4667176,17582.0
60750313011001,60750313011,6075031301,94132.0,488,land - populated,145,18,37.7206622,-122.4676165,17434.0
60750309003023,60750309003,6075030900,94127.0,488,land - populated,67,9,37.7226135,-122.4687938,20356.0
60750309004028,60750309004,6075030900,94132.0,488,land - populated,42,5,37.722331,-122.470024,13546.0
60750313011002,60750313011,6075031301,94132.0,488,land - populated,176,26,37.7206573,-122.4685132,17506.0
60750313011003,60750313011,6075031301,94132.0,488,land - populated,143,24,37.7206513,-122.4694135,17575.0
60750313011004,60750313011,6075031301,94132.0,488,land - populated,152,26,37.7206449,-122.470315,17556.0
60750313012000,60750313012,6075031301,94132.0,746,land - populated,152,30,37.7187918,-122.4666947,15568.0
60750313012001,60750313012,6075031301,94132.0,746,land - populated,153,32,37.7187857,-122.4675945,15533.0
60750313021003,60750313021,6075031302,94132.0,746,land - populated,195,29,37.7170096,-122.4666786,47435.0
60750313012002,60750313012,6075031301,94132.0,746,land - populated,160,33,37.7187785,-122.468495,15580.0
60750313012003,60750313012,6075031301,94132.0,746,land - populated,126,7,37.7187739,-122.4693955,15524.0
60750313012004,60750313012,6075031301,94132.0,746,land - populated,134,27,37.7187678,-122.4702938,15494.0
60750313012012,60750313012,6075031301,94132.0,746,land - populated,145,26,37.7169992,-122.4684782,15885.0
60750313012011,60750313012,6075031301,94132.0,746,land - populated,153,26,37.7169929,-122.469379,15780.0
60750313012010,60750313012,6075031301,94132.0,746,land - populated,110,12,37.7169878,-122.4702757,15722.0
60750304003005,60750304003,6075030400,94116.0,876,land - populated,114,28,37.7479139,-122.4711258,20063.0
60750304003006,60750304003,6075030400,94116.0,876,land - populated,123,25,37.7478789,-122.4722461,20547.0
60750304004000,60750304004,6075030400,94116.0,876,land - populated,127,23,37.746024,-122.4708781,16345.0
60750304004001,60750304004,6075030400,94116.0,876,land - populated,118,16,37.7460358,-122.4716959,13567.0
60750304004002,60750304004,6075030400,94116.0,876,land - populated,108,23,37.7460005,-122.4724444,13791.0
60750304003007,60750304003,6075030400,94116.0,876,land - populated,125,16,37.7478304,-122.4733442,19655.0
60750304003008,60750304003,6075030400,94116.0,876,land - populated,159,29,37.7477833,-122.4744165,19604.0
60750304004003,60750304004,6075030400,94116.0,876,land - populated,128,20,37.7460053,-122.4732858,16962.0
60750304004004,60750304004,6075030400,94116.0,876,land - populated,145,24,37.7459194,-122.4742853,19565.0
60750304005000,60750304005,6075030400,94116.0,876,land - populated,152,18,37.7441995,-122.4708615,20601.0
60750304005001,60750304005,6075030400,94116.0,876,land - populated,147,27,37.7440603,-122.4718921,16849.0
60750308005004,60750308005,6075030800,94116.0,876,land - populated,143,18,37.7423345,-122.4707304,20470.0
60750308005005,60750308005,6075030800,94116.0,876,land - populated,159,19,37.7422858,-122.4718538,20502.0
60750304005002,60750304005,6075030400,94116.0,876,land - populated,64,13,37.7445487,-122.4725545,6994.0
60750304005003,60750304005,6075030400,94116.0,876,land - populated,162,22,37.7440129,-122.4731518,16398.0
60750304005004,60750304005,6075030400,94116.0,876,land - populated,131,20,37.7440541,-122.4741537,19617.0
60750308005006,60750308005,6075030800,94116.0,876,land - populated,152,13,37.742238,-122.4729521,19566.0
60750308005007,60750308005,6075030800,94116.0,876,land - populated,187,21,37.7421895,-122.4740236,19570.0
60750304003009,60750304003,6075030400,94116.0,876,land - populated,160,22,37.7477386,-122.4754302,17502.0
60750304003010,60750304003,6075030400,94116.0,876,land - zero population,0,0,37.747714,-122.4759672,2163.0
60750304004005,60750304004,6075030400,94116.0,876,land - populated,158,24,37.7458736,-122.475302,17602.0
60750304004006,60750304004,6075030400,94116.0,876,land - zero population,0,0,37.7458518,-122.4758383,2004.0
60750328011006,60750328011,6075032801,94116.0,539,land - populated,192,21,37.7458242,-122.4764265,19509.0
60750328011005,60750328011,6075032801,94116.0,539,land - populated,128,14,37.747689,-122.4765575,19452.0
60750328011004,60750328011,6075032801,94116.0,539,land - populated,162,28,37.7476417,-122.477624,19586.0
60750328011007,60750328011,6075032801,94116.0,539,land - populated,166,32,37.7457771,-122.4774952,19574.0
60750328011008,60750328011,6075032801,94116.0,539,land - populated,188,26,37.7457306,-122.4785655,19559.0
60750304005005,60750304005,6075030400,94116.0,876,land - populated,219,19,37.744009,-122.4751712,17664.0
60750304005006,60750304005,6075030400,94116.0,876,land - zero population,0,0,37.7439889,-122.4757083,2010.0
60750328012000,60750328012,6075032801,94116.0,539,land - populated,157,29,37.7439595,-122.4762966,19553.0
60750308005008,60750308005,6075030800,94116.0,876,land - populated,157,20,37.7421396,-122.4750455,17796.0
60750308005009,60750308005,6075030800,94116.0,539,land - zero population,0,0,37.7421192,-122.4755966,2347.0
60750330001000,60750330001,6075033000,94116.0,539,land - populated,122,16,37.7420982,-122.4761793,18973.0
60750328012001,60750328012,6075032801,94116.0,539,land - populated,250,52,37.7439125,-122.477366,19610.0
60750328012002,60750328012,6075032801,94116.0,539,land - populated,234,37,37.7438654,-122.4784357,19565.0
60750330001001,60750330001,6075033000,94116.0,539,land - populated,109,23,37.7420467,-122.4772335,19620.0
60750330001002,60750330001,6075033000,94116.0,539,land - populated,102,19,37.7419994,-122.4783045,19588.0
60750308004004,60750308004,6075030800,94127.0,876,land - populated,128,28,37.7404719,-122.4706004,20487.0
60750308004005,60750308004,6075030800,94127.0,876,land - populated,99,17,37.738689,-122.4704951,18733.0
60750308005012,60750308005,6075030800,94116.0,876,land - populated,118,21,37.740424,-122.4717234,20649.0
60750308004015,60750308004,6075030800,94116.0,876,land - populated,128,27,37.7385571,-122.4715919,20640.0
60750308005011,60750308005,6075030800,94116.0,876,land - populated,129,19,37.7403749,-122.4728221,19593.0
60750308004014,60750308004,6075030800,94116.0,876,land - populated,140,26,37.7385081,-122.4726908,19648.0
60750308005010,60750308005,6075030800,94116.0,876,land - populated,44,0,37.7403265,-122.4738934,19605.0
60750308004009,60750308004,6075030800,94116.0,876,land - populated,508,69,37.7365202,-122.4732984,129347.0
60750308004013,60750308004,6075030800,94116.0,876,land - populated,136,30,37.7384479,-122.4737627,19951.0
60750308003007,60750308003,6075030800,94127.0,876,land - populated,29,3,37.7358748,-122.4706528,6515.0
60750308003019,60750308003,6075030800,94127.0,876,land - zero population,0,0,37.735766,-122.4710327,1909.0
60750309005006,60750309005,6075030900,94127.0,722,land - zero population,0,0,37.7347256,-122.4710926,762.0
60750309005005,60750309005,6075030900,94127.0,722,land - populated,37,7,37.7339479,-122.4708589,11744.0
60750309005009,60750309005,6075030900,94127.0,488,land - zero population,0,0,37.7332177,-122.4708645,698.0
60750309005008,60750309005,6075030900,94127.0,488,land - populated,27,5,37.7325498,-122.4709186,10937.0
60750309005007,60750309005,6075030900,94127.0,488,land - zero population,0,0,37.7328773,-122.4714432,6946.0
60750309006004,60750309006,6075030900,94132.0,488,land - populated,37,12,37.7328468,-122.4716827,9917.0
60750309006005,60750309006,6075030900,94132.0,488,land - zero population,0,0,37.732507,-122.4719649,6400.0
60750309006000,60750309006,6075030900,94132.0,876,land - zero population,0,0,37.7346819,-122.4733086,6350.0
60750309006003,60750309006,6075030900,94132.0,488,land - populated,23,4,37.7341809,-122.472773,7168.0
60750309006006,60750309006,6075030900,94132.0,488,land - populated,27,10,37.7323881,-122.4724722,16636.0
60750309006002,60750309006,6075030900,94132.0,488,land - populated,55,16,37.7330453,-122.4729652,22061.0
60750309006001,60750309006,6075030900,94132.0,488,land - populated,49,7,37.7337375,-122.4736657,14126.0
60750309006008,60750309006,6075030900,94132.0,488,land - populated,76,11,37.7334146,-122.4744939,20511.0
60750308005013,60750308005,6075030800,94116.0,876,land - populated,154,27,37.7402806,-122.4749194,17907.0
60750308005014,60750308005,6075030800,94116.0,539,land - zero population,0,0,37.7402666,-122.4754759,2407.0
60750330002000,60750330002,6075033000,94116.0,539,land - zero population,0,0,37.7402313,-122.4760494,18583.0
60750308004012,60750308004,6075030800,94116.0,876,land - populated,9,0,37.7383818,-122.4753465,2428.0
60750308004011,60750308004,6075030800,94116.0,539,land - zero population,0,0,37.7368974,-122.4752515,1415.0
60750330003000,60750330003,6075033000,94116.0,539,land - zero population,0,0,37.7383642,-122.47592,18598.0
60750330002001,60750330002,6075033000,94116.0,539,land - populated,198,32,37.7401819,-122.4770981,19734.0
60750330002002,60750330002,6075033000,94116.0,539,land - populated,121,27,37.7401369,-122.4781737,19545.0
60750330003001,60750330003,6075033000,94116.0,539,land - populated,162,21,37.7383202,-122.4769681,19852.0
60750330003002,60750330003,6075033000,94116.0,539,land - populated,157,24,37.7382735,-122.4780407,19510.0
60750308004010,60750308004,6075030800,94116.0,539,land - zero population,0,0,37.7355409,-122.4751651,2269.0
60750331001000,60750331001,6075033100,94132.0,539,land - zero population,0,0,37.7346339,-122.476117,3125.0
60750309006009,60750309006,6075030900,94132.0,670,land - zero population,0,0,37.73354,-122.4750302,2742.0
60750331001001,60750331001,6075033100,94132.0,670,land - populated,95,15,37.7335904,-122.4755879,18735.0
60750331001004,60750331001,6075033100,94132.0,539,land - zero population,0,0,37.7345851,-122.4782643,3674.0
60750331001002,60750331001,6075033100,94132.0,670,land - populated,83,16,37.7336112,-122.4765578,16777.0
60750331001003,60750331001,6075033100,94132.0,670,land - populated,74,10,37.7335819,-122.4774616,16805.0
60750328011003,60750328011,6075032801,94116.0,539,land - populated,199,35,37.7475945,-122.478695,19627.0
60750328013000,60750328013,6075032801,94116.0,539,land - zero population,0,0,37.7465918,-122.480238,78451.0
60750328013001,60750328013,6075032801,94116.0,539,land - populated,125,12,37.7474525,-122.481912,19664.0
60750328013008,60750328013,6075032801,94116.0,539,land - populated,161,30,37.7455891,-122.4817815,19586.0
60750328012003,60750328012,6075032801,94116.0,539,land - zero population,0,0,37.7437949,-122.4800429,39290.0
60750330001003,60750330001,6075033000,94116.0,539,land - populated,160,23,37.7419521,-122.4793763,19662.0
60750330001004,60750330001,6075033000,94116.0,539,land - populated,182,32,37.741905,-122.4804485,19617.0
60750328012004,60750328012,6075032801,94116.0,539,land - populated,198,30,37.7437237,-122.481651,19620.0
60750330001005,60750330001,6075033000,94116.0,539,land - populated,150,19,37.7418574,-122.4815198,19627.0
60750330001006,60750330001,6075033000,94116.0,539,land - populated,175,27,37.7418093,-122.4825913,19637.0
60750328013002,60750328013,6075032801,94116.0,539,land - populated,143,20,37.7474055,-122.482983,19554.0
60750328013003,60750328013,6075032801,94116.0,539,land - populated,155,20,37.747358,-122.484053,19629.0
60750328013007,60750328013,6075032801,94116.0,539,land - populated,152,25,37.7455411,-122.4828522,19541.0
60750328013006,60750328013,6075032801,94116.0,539,land - populated,171,30,37.7454941,-122.4839232,19590.0
60750328013004,60750328013,6075032801,94116.0,539,land - populated,160,15,37.7473105,-122.4851255,19646.0
60750329012000,60750329012,6075032901,94116.0,539,land - populated,139,24,37.7472635,-122.486195,19518.0
60750328013005,60750328013,6075032801,94116.0,539,land - populated,147,27,37.7454473,-122.4849955,19575.0
60750329013000,60750329013,6075032901,94116.0,539,land - populated,151,34,37.7453994,-122.4860655,19502.0
60750328012005,60750328012,6075032801,94116.0,539,land - populated,178,31,37.7436771,-122.4827218,19611.0
60750328012006,60750328012,6075032801,94116.0,539,land - populated,156,22,37.7436301,-122.4837933,19648.0
60750330001007,60750330001,6075033000,94116.0,539,land - populated,175,21,37.7417628,-122.4836625,19632.0
60750330001008,60750330001,6075033000,94116.0,539,land - populated,164,27,37.7417152,-122.484734,19650.0
60750328012007,60750328012,6075032801,94116.0,539,land - populated,209,30,37.743583,-122.484865,19621.0
60750329014000,60750329014,6075032901,94116.0,539,land - populated,140,23,37.7435356,-122.4859362,19629.0
60750330005000,60750330005,6075033000,94116.0,539,land - populated,156,36,37.7416684,-122.4858067,19677.0
60750330002003,60750330002,6075033000,94116.0,539,land - populated,143,31,37.7400893,-122.479246,19598.0
60750330002004,60750330002,6075033000,94116.0,539,land - populated,161,22,37.7400421,-122.4803178,19511.0
60750330003003,60750330003,6075033000,94116.0,539,land - populated,140,22,37.7382205,-122.4791157,19964.0
60750330003004,60750330003,6075033000,94116.0,539,land - populated,139,22,37.7381799,-122.4801906,19464.0
60750330002005,60750330002,6075033000,94116.0,539,land - populated,52,7,37.7399946,-122.4813882,19542.0
60750330002006,60750330002,6075033000,94116.0,539,land - populated,156,29,37.7399469,-122.4824607,19574.0
60750330003005,60750330003,6075033000,94116.0,539,land - populated,152,24,37.7381305,-122.4812569,19675.0
60750331001007,60750331001,6075033100,94132.0,539,land - zero population,0,0,37.7345207,-122.4798947,1125.0
60750331001005,60750331001,6075033100,94132.0,670,land - zero population,0,0,37.7335357,-122.4786074,25978.0
60750331001006,60750331001,6075033100,94132.0,670,land - populated,94,20,37.7334903,-122.4797376,16606.0
60750331002014,60750331002,6075033100,94132.0,670,land - populated,86,14,37.7334492,-122.4806203,16622.0
60750330004000,60750330004,6075033000,94132.0,539,land - populated,12,0,37.7347885,-122.4807972,6891.0
60750331002000,60750331002,6075033100,94132.0,539,land - zero population,0,0,37.7344709,-122.4811063,2744.0
60750330003009,60750330003,6075033000,94132.0,539,land - populated,228,45,37.7361647,-122.4823532,327209.0
60750330004001,60750330004,6075033000,94132.0,539,land - populated,20,2,37.7349127,-122.4819671,6861.0
60750331002001,60750331002,6075033100,94132.0,670,land - populated,89,20,37.7334117,-122.4815029,16592.0
60750331002002,60750331002,6075033100,94132.0,670,land - populated,100,23,37.7333719,-122.4823802,16513.0
60750330002007,60750330002,6075033000,94116.0,539,land - populated,131,25,37.7398995,-122.4835325,19508.0
60750330002008,60750330002,6075033000,94116.0,539,land - populated,171,40,37.7398528,-122.4846035,19545.0
60750330006000,60750330006,6075033000,94116.0,539,land - populated,162,22,37.7398065,-122.4856748,19520.0
60750330006001,60750330006,6075033000,94116.0,539,land - populated,168,37,37.7397569,-122.4867457,19544.0
60750330003006,60750330003,6075033000,94116.0,539,land - populated,213,60,37.7380006,-122.4847701,98438.0
60750330004002,60750330004,6075033000,94132.0,539,land - populated,39,7,37.7349625,-122.4828187,8254.0
60750330004003,60750330004,6075033000,94132.0,539,land - populated,43,8,37.7349064,-122.4836649,8111.0
60750330004004,60750330004,6075033000,94132.0,539,land - populated,25,6,37.7347857,-122.4845322,6818.0
60750331002003,60750331002,6075033100,94132.0,670,land - zero population,0,0,37.7343882,-122.482886,2696.0
60750331002004,60750331002,6075033100,94132.0,670,land - populated,124,22,37.7333317,-122.4832622,16589.0
60750331002006,60750331002,6075033100,94132.0,670,land - zero population,0,0,37.7343099,-122.4846761,2665.0
60750331002005,60750331002,6075033100,94132.0,670,land - populated,119,18,37.7332955,-122.4841428,16608.0
60750330004005,60750330004,6075033000,94132.0,539,land - populated,25,4,37.734699,-122.485441,6049.0
60750330004006,60750330004,6075033000,94132.0,539,land - zero population,0,0,37.7346233,-122.4859561,926.0
60750331004000,60750331004,6075033100,94132.0,539,land - zero population,0,0,37.734268,-122.4856907,521.0
60750331002007,60750331002,6075033100,94132.0,670,land - populated,127,29,37.7332526,-122.4850222,16457.0
60750331004001,60750331004,6075033100,94132.0,670,land - populated,126,21,37.7332223,-122.4858991,16629.0
60750331004003,60750331004,6075033100,94132.0,670,land - populated,144,31,37.733179,-122.4867793,16609.0
60750309005018,60750309005,6075030900,94127.0,488,land - populated,1,0,37.7312568,-122.4705336,22295.0
60750309004003,60750309004,6075030900,94127.0,488,land - zero population,0,0,37.7306565,-122.4709232,1166.0
60750309006011,60750309006,6075030900,94132.0,488,land - populated,37,5,37.7306085,-122.4724256,5035.0
60750309004007,60750309004,6075030900,94127.0,488,land - populated,52,5,37.7292331,-122.4705064,18689.0
60750309004006,60750309004,6075030900,94127.0,488,land - zero population,0,0,37.7293453,-122.4716974,2178.0
60750309004005,60750309004,6075030900,94127.0,488,land - zero population,0,0,37.7293497,-122.4719192,6710.0
60750309006010,60750309006,6075030900,94127.0,488,land - zero population,0,0,37.7299562,-122.4720862,4522.0
60750309004010,60750309004,6075030900,94127.0,488,land - zero population,0,0,37.7282665,-122.4717553,3200.0
60750309006013,60750309006,6075030900,94132.0,488,land - populated,8,0,37.7304114,-122.4729398,2824.0
60750309006007,60750309006,6075030900,94132.0,488,land - populated,31,3,37.7315262,-122.4738382,19270.0
60750309006012,60750309006,6075030900,94132.0,488,land - populated,50,22,37.730823,-122.4738684,10037.0
60750309006014,60750309006,6075030900,94132.0,488,land - populated,82,17,37.7292122,-122.4737055,50994.0
60750309004011,60750309004,6075030900,94127.0,488,land - populated,71,4,37.7278267,-122.4709967,25943.0
60750309006017,60750309006,6075030900,94127.0,488,land - zero population,0,0,37.7277901,-122.4722129,4121.0
60750309004008,60750309004,6075030900,94127.0,488,land - zero population,0,0,37.7272661,-122.4720402,1474.0
60750309004009,60750309004,6075030900,94127.0,488,land - zero population,0,0,37.7272123,-122.4718171,2155.0
60750309004021,60750309004,6075030900,94127.0,488,land - populated,48,3,37.725266,-122.4715037,16999.0
60750309004022,60750309004,6075030900,94127.0,488,land - zero population,0,0,37.7253,-122.471916,7830.0
60750309004023,60750309004,6075030900,94127.0,488,land - zero population,0,0,37.7242105,-122.4721974,9519.0
60750309007000,60750309007,6075030900,94127.0,488,land - zero population,0,0,37.7242316,-122.4724094,12129.0
60750309006016,60750309006,6075030900,94127.0,488,land - populated,47,7,37.7277914,-122.4727619,17056.0
60750309006015,60750309006,6075030900,94127.0,488,land - populated,59,10,37.7277285,-122.4736691,15157.0
60750309007001,60750309007,6075030900,94127.0,488,land - populated,51,11,37.7261815,-122.4728706,11708.0
60750309007002,60750309007,6075030900,94127.0,488,land - populated,59,15,37.7260949,-122.4737566,13490.0
60750309007003,60750309007,6075030900,94127.0,488,land - populated,79,16,37.7248098,-122.4742838,26196.0
60750309006018,60750309006,6075030900,94132.0,488,land - zero population,0,0,37.7317473,-122.4749021,1626.0
60750331001011,60750331001,6075033100,94132.0,670,land - populated,68,13,37.731863,-122.4754865,15309.0
60750332011001,60750332011,6075033201,94132.0,670,land - zero population,0,0,37.7304,-122.4753396,12844.0
60750331001010,60750331001,6075033100,94132.0,670,land - populated,76,11,37.7318898,-122.4764358,13916.0
60750332011000,60750332011,6075033201,94132.0,670,land - zero population,0,0,37.728703,-122.4748177,9415.0
60750332011009,60750332011,6075033201,94132.0,670,land - populated,1,0,37.7285126,-122.4754429,23959.0
60750331001009,60750331001,6075033100,94132.0,670,land - populated,49,12,37.7320054,-122.4772845,10427.0
60750331001008,60750331001,6075033100,94132.0,670,land - populated,29,4,37.7317333,-122.4779018,10209.0
60750332011010,60750332011,6075033201,94132.0,670,land - zero population,0,0,37.728533,-122.4771299,78370.0
60750332011008,60750332011,6075033201,94132.0,670,land - zero population,0,0,37.7269403,-122.475505,964.0
60750332011007,60750332011,6075033201,94132.0,670,land - zero population,0,0,37.7262744,-122.4755749,12012.0
60750332011011,60750332011,6075033201,94132.0,670,land - zero population,0,0,37.7269984,-122.4778673,2799.0
60750332011006,60750332011,6075033201,94132.0,670,land - populated,214,26,37.7266983,-122.478145,50359.0
60750309004026,60750309004,6075030900,94132.0,488,land - populated,68,16,37.7226073,-122.4709644,18693.0
60750309004025,60750309004,6075030900,94132.0,488,land - populated,27,2,37.7228025,-122.4716647,9981.0
60750309004024,60750309004,6075030900,94132.0,488,land - zero population,0,0,37.7226888,-122.4720562,5275.0
60750313011005,60750313011,6075031301,94132.0,488,land - populated,184,29,37.7206376,-122.4712142,17487.0
60750313011006,60750313011,6075031301,94132.0,488,land - populated,72,8,37.7206159,-122.4719777,12407.0
60750313011007,60750313011,6075031301,94132.0,488,land - zero population,0,0,37.7205935,-122.4723929,3810.0
60750309007008,60750309007,6075030900,94127.0,488,land - populated,89,20,37.723884,-122.4729655,14942.0
60750309007007,60750309007,6075030900,94132.0,488,land - populated,83,11,37.7222401,-122.4731003,13415.0
60750309007009,60750309007,6075030900,94132.0,488,land - populated,61,9,37.7236878,-122.4738065,10910.0
60750309007012,60750309007,6075030900,94132.0,488,land - populated,77,17,37.7221811,-122.4739962,14502.0
60750309007006,60750309007,6075030900,94132.0,488,land - zero population,0,0,37.721468,-122.4731595,810.0
60750309007004,60750309007,6075030900,94132.0,488,land - zero population,0,0,37.7201382,-122.4726153,5711.0
60750309007005,60750309007,6075030900,94132.0,488,land - populated,115,19,37.7203391,-122.4731348,20227.0
60750309007013,60750309007,6075030900,94132.0,488,land - zero population,0,0,37.7212855,-122.4741006,718.0
60750309007014,60750309007,6075030900,94132.0,488,land - populated,61,9,37.7205896,-122.4740713,11204.0
60750313012005,60750313012,6075031301,94132.0,746,land - populated,134,14,37.7187612,-122.4711923,15528.0
60750313012006,60750313012,6075031301,94132.0,746,land - populated,61,8,37.7187332,-122.4720167,12923.0
60750313012009,60750313012,6075031301,94132.0,746,land - populated,124,23,37.7169862,-122.4711715,15711.0
60750313012008,60750313012,6075031301,94132.0,746,land - zero population,0,0,37.7172124,-122.4719972,10395.0
60750309007020,60750309007,6075030900,94132.0,488,land - populated,53,12,37.719102,-122.4733825,9385.0
60750313012007,60750313012,6075031301,94132.0,488,land - zero population,0,0,37.7184663,-122.4725063,4672.0
60750309007018,60750309007,6075030900,94132.0,488,land - populated,60,10,37.718671,-122.4735706,11216.0
60750309007017,60750309007,6075030900,94132.0,670,land - zero population,0,0,37.7188572,-122.4741406,8941.0
60750332031003,60750332031,6075033203,94132.0,670,land - zero population,0,0,37.7182971,-122.4743591,921.0
60750332031000,60750332031,6075033203,94132.0,670,land - populated,987,105,37.7163416,-122.4732153,44680.0
60750332031002,60750332031,6075033203,94132.0,670,land - zero population,0,0,37.7176451,-122.4738459,6144.0
60750332031015,60750332031,6075033203,94132.0,670,land - zero population,0,0,37.7176803,-122.4742921,782.0
60750332031016,60750332031,6075033203,94132.0,670,land - zero population,0,0,37.7173259,-122.4740008,555.0
60750332031004,60750332031,6075033203,94132.0,670,land - zero population,0,0,37.7174203,-122.474236,1779.0
60750309007010,60750309007,6075030900,94132.0,488,land - populated,45,10,37.7239438,-122.474586,11134.0
60750332011012,60750332011,6075033201,94132.0,488,land - zero population,0,0,37.7240329,-122.4750473,17204.0
60750309007011,60750309007,6075030900,94132.0,488,land - populated,60,14,37.7221659,-122.474715,10544.0
60750309007016,60750309007,6075030900,94132.0,488,land - zero population,0,0,37.7211333,-122.4748516,526.0
60750309007015,60750309007,6075030900,94132.0,488,land - populated,45,9,37.7203846,-122.4747586,8034.0
60750309007019,60750309007,6075030900,94132.0,488,land - zero population,0,0,37.7207404,-122.4752066,1265.0
60750332011016,60750332011,6075033201,94132.0,670,land - zero population,0,0,37.7208606,-122.4756682,565.0
60750332041000,60750332041,6075033204,94132.0,670,land - zero population,0,0,37.7204744,-122.4757243,4944.0
60750332041007,60750332041,6075033204,94132.0,670,land - zero population,0,0,37.7201859,-122.4755385,529.0
60750332041001,60750332041,6075033204,94132.0,670,land - populated,49,1,37.7204123,-122.4765632,6415.0
60750332011017,60750332011,6075033201,94132.0,670,land - zero population,0,0,37.7208276,-122.4774723,2119.0
60750332041002,60750332041,6075033204,94132.0,670,land - populated,98,6,37.7204615,-122.4780257,13436.0
60750332041006,60750332041,6075033204,94132.0,670,land - zero population,0,0,37.7199614,-122.4754387,1651.0
60750332041016,60750332041,6075033204,94132.0,670,land - populated,37,2,37.7193453,-122.4752158,5294.0
60750332041015,60750332041,6075033204,94132.0,670,land - populated,141,18,37.7182206,-122.4749536,13208.0
60750332041005,60750332041,6075033204,94132.0,670,land - zero population,0,0,37.7198833,-122.4758827,1314.0
60750332041012,60750332041,6075033204,94132.0,670,land - populated,19,0,37.7193922,-122.4758381,3269.0
60750332041013,60750332041,6075033204,94132.0,670,land - zero population,0,0,37.719594,-122.4762079,636.0
60750332041004,60750332041,6075033204,94132.0,670,land - populated,25,2,37.719864,-122.4764972,3201.0
60750332041011,60750332041,6075033204,94132.0,670,land - populated,141,6,37.7185891,-122.4762881,15947.0
60750332031005,60750332031,6075033203,94132.0,670,land - populated,147,17,37.7168088,-122.4748662,15525.0
60750332031006,60750332031,6075033203,94132.0,670,land - zero population,0,0,37.7163426,-122.4751819,2008.0
60750332041014,60750332041,6075033204,94132.0,670,land - populated,163,18,37.717636,-122.4761275,16265.0
60750332041003,60750332041,6075033204,94132.0,670,land - populated,164,11,37.7194379,-122.4774581,15983.0
60750332041010,60750332041,6075033204,94132.0,670,land - zero population,0,0,37.7188702,-122.4770359,5205.0
60750332041009,60750332041,6075033204,94132.0,670,land - populated,10,2,37.7180535,-122.4779704,14161.0
60750332032000,60750332032,6075033203,94132.0,670,land - populated,5,0,37.7172231,-122.4766377,3037.0
60750332032001,60750332032,6075033203,94132.0,670,land - populated,136,17,37.7167248,-122.4770026,15974.0
60750332032002,60750332032,6075033203,94132.0,670,land - populated,145,16,37.7165994,-122.4782046,16105.0
60750331001012,60750331001,6075033100,94132.0,670,land - populated,63,5,37.7318511,-122.4787377,12400.0
60750331001013,60750331001,6075033100,94132.0,670,land - populated,48,8,37.7318366,-122.4796197,11968.0
60750331002013,60750331002,6075033100,94132.0,670,land - populated,44,5,37.731822,-122.4805023,11582.0
60750331002012,60750331002,6075033100,94132.0,670,land - populated,60,10,37.7318075,-122.4813861,11148.0
60750331002011,60750331002,6075033100,94132.0,670,land - populated,58,14,37.7317872,-122.4822687,10760.0
60750332011002,60750332011,6075033201,94132.0,670,land - populated,131,13,37.7295647,-122.481758,258174.0
60750332011004,60750332011,6075033201,94132.0,670,land - zero population,0,0,37.7300918,-122.4782669,3639.0
60750331002010,60750331002,6075033100,94132.0,670,land - populated,76,14,37.731744,-122.4831504,10934.0
60750331002009,60750331002,6075033100,94132.0,670,land - populated,94,19,37.7316909,-122.4840311,11133.0
60750331002008,60750331002,6075033100,94132.0,670,land - populated,81,20,37.7316378,-122.4849103,11381.0
60750331004008,60750331004,6075033100,94132.0,670,land - populated,53,12,37.7315849,-122.485789,11603.0
60750331004009,60750331004,6075033100,94132.0,670,land - populated,69,13,37.7315307,-122.4866661,11840.0
60750331004031,60750331004,6075033100,94132.0,670,land - zero population,0,0,37.7304341,-122.4891693,6473.0
60750332011003,60750332011,6075033201,94132.0,862,land - zero population,0,0,37.7275046,-122.4839978,4623.0
60750604001035,60750604001,6075060400,94132.0,670,land - zero population,0,0,37.7255109,-122.4844435,4157.0
60750332011005,60750332011,6075033201,94132.0,670,land - populated,3169,63,37.7241142,-122.4797457,466354.0
60750332011015,60750332011,6075033201,94132.0,670,land - populated,105,9,37.7204017,-122.4798183,15384.0
60750332011013,60750332011,6075033201,94132.0,670,land - zero population,0,0,37.720908,-122.4805403,1842.0
60750332043010,60750332043,6075033204,94132.0,670,land - zero population,0,0,37.7201307,-122.4803986,2087.0
60750332011014,60750332011,6075033201,94132.0,670,land - populated,63,6,37.7214897,-122.4812558,10738.0
60750332043006,60750332043,6075033204,94132.0,670,land - populated,2,0,37.7212419,-122.4816854,2013.0
60750332043003,60750332043,6075033204,94132.0,670,land - zero population,0,0,37.7215104,-122.4826485,796.0
60750332043005,60750332043,6075033204,94132.0,670,land - populated,85,7,37.7209035,-122.482195,15537.0
60750332041008,60750332041,6075033204,94132.0,670,land - populated,144,16,37.71948,-122.4786673,16212.0
60750332042000,60750332042,6075033204,94132.0,670,land - populated,7,0,37.7190396,-122.4791371,3140.0
60750332032003,60750332032,6075033203,94132.0,670,land - populated,99,4,37.7171372,-122.479034,12697.0
60750332032004,60750332032,6075033203,94132.0,670,land - populated,143,17,37.7160954,-122.4802326,17287.0
60750332043009,60750332043,6075033204,94132.0,670,land - populated,137,10,37.7196976,-122.4807982,15863.0
60750332042001,60750332042,6075033204,94132.0,670,land - populated,1480,123,37.718268,-122.4809045,70847.0
60750332043008,60750332043,6075033204,94132.0,670,land - populated,211,15,37.7197522,-122.4822243,21981.0
60750332032005,60750332032,6075033203,94132.0,670,land - populated,154,27,37.7168582,-122.4809823,15694.0
60750332032006,60750332032,6075033203,94132.0,670,land - populated,209,23,37.7168881,-122.4824081,21839.0
60750332043000,60750332043,6075033204,94132.0,670,land - zero population,0,0,37.7230527,-122.4837769,4776.0
60750332043001,60750332043,6075033204,94132.0,670,land - populated,41,7,37.7219689,-122.4841664,46198.0
60750332043007,60750332043,6075033204,94132.0,670,land - populated,697,32,37.7204947,-122.4838662,22700.0
60750332043004,60750332043,6075033204,94132.0,670,land - zero population,0,0,37.7212843,-122.4850823,5442.0
60750332043011,60750332043,6075033204,94132.0,670,land - populated,160,21,37.7191859,-122.4838678,19179.0
60750332043012,60750332043,6075033204,94132.0,670,land - populated,10,0,37.7192073,-122.4846863,1263.0
60750332032014,60750332032,6075033203,94132.0,670,land - zero population,0,0,37.7184213,-122.4839865,4038.0
60750332032007,60750332032,6075033203,94132.0,670,land - populated,31,4,37.7172524,-122.4834439,6123.0
60750332032008,60750332032,6075033203,94132.0,670,land - populated,110,9,37.717327,-122.4841002,23381.0
60750332032010,60750332032,6075033203,94132.0,670,land - zero population,0,0,37.7167504,-122.4847021,1020.0
60750332043002,60750332043,6075033204,94132.0,670,land - zero population,0,0,37.7211083,-122.4847222,3870.0
60750332031012,60750332031,6075033203,94132.0,670,land - zero population,0,0,37.7184494,-122.4849702,726.0
60750332032009,60750332032,6075033203,94132.0,670,land - zero population,0,0,37.7178176,-122.4847843,983.0
60750332031014,60750332031,6075033203,94132.0,670,land - zero population,0,0,37.7165246,-122.4851453,3614.0
60750314002004,60750314002,6075031400,94112.0,820,land - zero population,0,0,37.7157874,-122.4547988,2047.0
60750314002006,60750314002,6075031400,94112.0,820,land - populated,215,37,37.7136761,-122.4543599,28957.0
60750314002008,60750314002,6075031400,94112.0,820,land - zero population,0,0,37.7125661,-122.454138,3354.0
60750314002007,60750314002,6075031400,94112.0,820,land - populated,165,35,37.712806,-122.4550712,16271.0
60750314003004,60750314003,6075031400,94112.0,820,land - populated,29,5,37.7119693,-122.4555375,7777.0
60750314004000,60750314004,6075031400,94112.0,820,land - zero population,0,0,37.7157671,-122.457566,49473.0
60750314004003,60750314004,6075031400,94112.0,820,land - populated,332,68,37.7144917,-122.4575549,24782.0
60750314004004,60750314004,6075031400,94112.0,820,land - populated,286,49,37.7136246,-122.4575433,25689.0
60750314003000,60750314003,6075031400,94112.0,820,land - populated,334,65,37.7127455,-122.4575348,25439.0
60750262003000,60750262003,6075026200,94112.0,691,land - zero population,0,0,37.7118068,-122.4540996,7229.0
60750314002010,60750314002,6075031400,94112.0,820,land - zero population,0,0,37.71187,-122.4548935,4264.0
60750262003013,60750262003,6075026200,94112.0,691,land - populated,9,5,37.7104637,-122.4544165,1648.0
60750262003004,60750262003,6075026200,94112.0,691,land - zero population,0,0,37.7106095,-122.4548327,551.0
60750262004008,60750262004,6075026200,94112.0,691,land - populated,502,94,37.709744,-122.4548333,28989.0
60750314003005,60750314003,6075031400,94112.0,820,land - zero population,0,0,37.7113892,-122.4558332,544.0
60750314002011,60750314002,6075031400,94112.0,820,land - zero population,0,0,37.7110736,-122.4558154,401.0
60750262004000,60750262004,6075026200,94112.0,691,land - zero population,0,0,37.7108538,-122.4558859,1587.0
60750262004005,60750262004,6075026200,94112.0,691,land - zero population,0,0,37.7105133,-122.4558686,6563.0
60750262004007,60750262004,6075026200,94112.0,691,land - populated,176,30,37.709896,-122.4557191,13536.0
60750262004006,60750262004,6075026200,94112.0,691,land - populated,4,2,37.710256,-122.4559455,1957.0
60750262004011,60750262004,6075026200,94112.0,691,land - populated,213,27,37.7088004,-122.4544806,17014.0
60750314002012,60750314002,6075031400,94112.0,820,land - zero population,0,0,37.7110173,-122.4560683,606.0
60750262004001,60750262004,6075026200,94112.0,691,land - zero population,0,0,37.7107285,-122.4563723,599.0
60750262004004,60750262004,6075026200,94112.0,691,land - zero population,0,0,37.7103803,-122.4567556,781.0
60750314003003,60750314003,6075031400,94112.0,820,land - populated,271,48,37.7118528,-122.4575249,26453.0
60750262004010,60750262004,6075026200,94112.0,691,land - zero population,0,0,37.7100303,-122.4574944,2059.0
60750262004013,60750262004,6075026200,94112.0,691,land - populated,220,36,37.7087593,-122.4571472,13864.0
60750262004016,60750262004,6075026200,94112.0,691,land - populated,97,13,37.7085137,-122.4580941,6612.0
60750314004001,60750314004,6075031400,94112.0,820,land - populated,317,62,37.7153201,-122.4608257,29554.0
60750314004002,60750314004,6075031400,94112.0,820,land - populated,212,44,37.7144694,-122.4608216,29751.0
60750314004005,60750314004,6075031400,94112.0,820,land - populated,236,36,37.7136015,-122.4607955,30490.0
60750314003001,60750314003,6075031400,94112.0,820,land - populated,342,63,37.7127225,-122.4607981,30496.0
60750314003006,60750314003,6075031400,94112.0,820,land - populated,254,41,37.7110307,-122.4590538,42225.0
60750262004002,60750262004,6075026200,94112.0,691,land - zero population,0,0,37.710524,-122.4585801,8490.0
60750262004003,60750262004,6075026200,94112.0,691,land - zero population,0,0,37.7102479,-122.4585941,10908.0
60750262004009,60750262004,6075026200,94112.0,691,land - populated,101,12,37.7098561,-122.45907,12000.0
60750262004014,60750262004,6075026200,94112.0,691,land - populated,65,7,37.7094365,-122.4583551,5338.0
60750262005019,60750262005,6075026200,94112.0,691,land - zero population,0,0,37.7083023,-122.4587947,567.0
60750262004015,60750262004,6075026200,94112.0,691,land - populated,188,33,37.7091792,-122.4592744,12889.0
60750262005014,60750262005,6075026200,94112.0,691,land - populated,162,26,37.7088247,-122.4600338,14602.0
60750314003002,60750314003,6075031400,94112.0,820,land - populated,310,60,37.7118319,-122.460791,31624.0
60750262005000,60750262005,6075026200,94112.0,691,land - zero population,0,0,37.7104844,-122.4608101,621.0
60750262005002,60750262005,6075026200,94112.0,691,land - zero population,0,0,37.7103521,-122.4611341,634.0
60750313023021,60750313023,6075031302,94112.0,746,land - zero population,0,0,37.7108777,-122.4617775,2029.0
60750262005003,60750262005,6075026200,94112.0,691,land - populated,115,21,37.7100068,-122.4615885,13040.0
60750313023020,60750313023,6075031302,94112.0,746,land - zero population,0,0,37.710744,-122.4620803,3591.0
60750262005015,60750262005,6075026200,94112.0,691,land - populated,112,24,37.7085434,-122.4609315,7845.0
60750262005013,60750262005,6075026200,94112.0,691,land - populated,22,2,37.7094694,-122.4612048,4031.0
60750262005016,60750262005,6075026200,94112.0,691,land - populated,93,10,37.7092234,-122.4620825,11242.0
60750262005020,60750262005,6075026200,94112.0,691,land - populated,22,2,37.708334,-122.4616843,1165.0
60750313021007,60750313021,6075031302,94132.0,820,land - populated,216,34,37.7152225,-122.4630608,16151.0
60750313021006,60750313021,6075031302,94132.0,746,land - populated,148,18,37.7152137,-122.4639604,16146.0
60750313023000,60750313023,6075031302,94132.0,820,land - populated,172,27,37.7134142,-122.4630309,16020.0
60750313023001,60750313023,6075031302,94132.0,746,land - populated,226,43,37.7127988,-122.4636335,29014.0
60750313021005,60750313021,6075031302,94132.0,746,land - populated,231,59,37.7152066,-122.4648605,16133.0
60750313021004,60750313021,6075031302,94132.0,746,land - populated,144,25,37.7151995,-122.4657601,16119.0
60750313023002,60750313023,6075031302,94132.0,746,land - populated,183,37,37.7133445,-122.4648317,16650.0
60750313023007,60750313023,6075031302,94132.0,746,land - zero population,0,0,37.7119812,-122.4647013,5692.0
60750313023003,60750313023,6075031302,94132.0,746,land - populated,164,32,37.7133936,-122.4657388,15632.0
60750313023006,60750313023,6075031302,94132.0,746,land - zero population,0,0,37.7120913,-122.4657251,5126.0
60750314003007,60750314003,6075031400,94112.0,746,land - zero population,0,0,37.7113047,-122.462393,494.0
60750313023010,60750313023,6075031302,94112.0,746,land - zero population,0,0,37.7113409,-122.4627058,267.0
60750313023009,60750313023,6075031302,94132.0,746,land - zero population,0,0,37.7113632,-122.4631659,1913.0
60750313023019,60750313023,6075031302,94112.0,746,land - populated,28,8,37.7110208,-122.4630528,4001.0
60750313023005,60750313023,6075031302,94132.0,746,land - zero population,0,0,37.7124463,-122.4658098,6023.0
60750313023011,60750313023,6075031302,94132.0,746,land - populated,56,16,37.711137,-122.4639421,6281.0
60750262005001,60750262005,6075026200,94112.0,691,land - zero population,0,0,37.710391,-122.4635056,10236.0
60750262005004,60750262005,6075026200,94112.0,691,land - populated,97,23,37.7099989,-122.4634535,12276.0
60750262005017,60750262005,6075026200,94112.0,691,land - populated,188,38,37.7089836,-122.463054,17532.0
60750262005018,60750262005,6075026200,94112.0,691,land - populated,134,27,37.7086421,-122.4640284,13624.0
60750313023012,60750313023,6075031302,94132.0,746,land - zero population,0,0,37.7116625,-122.4645058,1581.0
60750313023013,60750313023,6075031302,94132.0,746,land - populated,47,10,37.7112156,-122.4648285,7846.0
60750313023014,60750313023,6075031302,94132.0,746,land - populated,90,18,37.7111936,-122.4657107,8891.0
60750313023015,60750313023,6075031302,94132.0,746,land - zero population,0,0,37.7116882,-122.4661586,1717.0
60750313023036,60750313023,6075031302,94112.0,746,land - zero population,0,0,37.7102574,-122.4657172,701.0
60750262005012,60750262005,6075026200,94112.0,691,land - populated,164,33,37.7089121,-122.4651381,13715.0
60750262005005,60750262005,6075026200,94112.0,691,land - populated,16,7,37.7095698,-122.4659221,21223.0
60750262005011,60750262005,6075026200,94112.0,691,land - populated,94,19,37.7086492,-122.4660766,8215.0
60750313022000,60750313022,6075031302,94132.0,746,land - populated,141,30,37.7151937,-122.4666573,16074.0
60750313022001,60750313022,6075031302,94132.0,746,land - populated,181,21,37.7151873,-122.4675558,16199.0
60750313023004,60750313023,6075031302,94132.0,746,land - populated,161,34,37.7133816,-122.4666376,15682.0
60750313023008,60750313023,6075031302,94132.0,746,land - zero population,0,0,37.7120196,-122.4666425,6305.0
60750313022013,60750313022,6075031302,94132.0,746,land - populated,219,40,37.7128868,-122.467754,27730.0
60750313022002,60750313022,6075031302,94132.0,746,land - populated,171,30,37.7151811,-122.4684572,16221.0
60750313022003,60750313022,6075031302,94132.0,746,land - populated,188,22,37.7151751,-122.469357,16211.0
60750313022004,60750313022,6075031302,94132.0,746,land - populated,77,10,37.7153873,-122.470206,11861.0
60750313022011,60750313022,6075031302,94132.0,746,land - zero population,0,0,37.7145076,-122.4702487,2199.0
60750313022012,60750313022,6075031302,94132.0,746,land - populated,120,13,37.7135651,-122.4683796,11601.0
60750313023026,60750313023,6075031302,94132.0,746,land - zero population,0,0,37.7125683,-122.4691242,4607.0
60750313022010,60750313022,6075031302,94132.0,746,land - populated,134,30,37.7134896,-122.4698906,15576.0
60750313023016,60750313023,6075031302,94132.0,746,land - populated,37,9,37.7112453,-122.4664505,4494.0
60750313023027,60750313023,6075031302,94132.0,746,land - populated,78,12,37.7118061,-122.4678036,14524.0
60750313023018,60750313023,6075031302,94132.0,746,land - zero population,0,0,37.7110687,-122.4681409,2248.0
60750313023017,60750313023,6075031302,94132.0,746,land - populated,803,83,37.7101961,-122.4674176,59353.0
60750262005006,60750262005,6075026200,94112.0,691,land - zero population,0,0,37.7097989,-122.4666286,1569.0
60750262005010,60750262005,6075026200,94112.0,691,land - zero population,0,0,37.7083483,-122.4667345,861.0
60750313023035,60750313023,6075031302,94132.0,746,land - zero population,0,0,37.709317,-122.4676924,613.0
60750262005007,60750262005,6075026200,94132.0,691,land - zero population,0,0,37.7092872,-122.4675153,2194.0
60750262005009,60750262005,6075026200,94112.0,691,land - zero population,0,0,37.7085737,-122.467479,10715.0
60750313023028,60750313023,6075031302,94132.0,746,land - populated,116,24,37.7116338,-122.4688927,13606.0
60750313023029,60750313023,6075031302,94132.0,746,land - populated,149,20,37.7114178,-122.4698606,17012.0
60750262005008,60750262005,6075026200,94132.0,691,land - zero population,0,0,37.7085779,-122.4684119,2230.0
60750313023034,60750313023,6075031302,94132.0,746,land - zero population,0,0,37.7083722,-122.4688578,5568.0
60750313023032,60750313023,6075031302,94132.0,746,land - populated,174,29,37.709473,-122.4698045,17546.0
60750313022005,60750313022,6075031302,94132.0,746,land - zero population,0,0,37.7157969,-122.4709859,3525.0
60750313022006,60750313022,6075031302,94132.0,746,land - populated,147,16,37.7150726,-122.4711166,13453.0
60750313022007,60750313022,6075031302,94132.0,746,land - populated,40,0,37.7140643,-122.470975,15822.0
60750313022008,60750313022,6075031302,94132.0,670,land - zero population,0,0,37.7149431,-122.471872,8166.0
60750332031007,60750332031,6075033203,94132.0,670,land - zero population,0,0,37.7146327,-122.4723695,988.0
60750313022009,60750313022,6075031302,94132.0,746,land - zero population,0,0,37.7131946,-122.4709311,5190.0
60750313023031,60750313023,6075031302,94132.0,746,land - zero population,0,0,37.7125014,-122.470778,2690.0
60750332031013,60750332031,6075033203,94132.0,670,land - zero population,0,0,37.7130867,-122.4717381,4056.0
60750604001038,60750604001,6075060400,94132.0,670,land - zero population,0,0,37.7124745,-122.4715992,2283.0
60750604001024,60750604001,6075060400,94132.0,670,land - zero population,0,0,37.71227,-122.4716863,2449.0
60750604001030,60750604001,6075060400,94132.0,670,land - zero population,0,0,37.7127762,-122.4720411,1626.0
60750332031001,60750332031,6075033203,94132.0,670,land - zero population,0,0,37.7154526,-122.473717,1921.0
60750332031008,60750332031,6075033203,94132.0,670,land - zero population,0,0,37.7138964,-122.472452,20833.0
60750332031009,60750332031,6075033203,94132.0,670,land - populated,325,39,37.7138449,-122.4729122,1502.0
60750604001025,60750604001,6075060400,94132.0,670,land - zero population,0,0,37.7135155,-122.4741661,3585.0
60750313023025,60750313023,6075031302,94132.0,746,land - populated,68,11,37.7117829,-122.4704678,14937.0
60750313023030,60750313023,6075031302,94132.0,670,land - zero population,0,0,37.7112768,-122.4711606,5987.0
60750313023024,60750313023,6075031302,94132.0,746,land - populated,35,5,37.7103835,-122.4704663,6824.0
60750313023023,60750313023,6075031302,94132.0,746,land - zero population,0,0,37.7099745,-122.4704245,3843.0
60750313023022,60750313023,6075031302,94132.0,746,land - populated,96,19,37.7086488,-122.4705243,13332.0
60750313023033,60750313023,6075031302,94132.0,670,land - zero population,0,0,37.7089435,-122.471128,3301.0
60750604001034,60750604001,6075060400,94132.0,670,land - zero population,0,0,37.7088726,-122.4714662,5033.0
60750604001028,60750604001,6075060400,94132.0,670,land - zero population,0,0,37.713176,-122.474653,5459.0
60750332031010,60750332031,6075033203,94132.0,670,land - populated,658,74,37.7151442,-122.4782917,159148.0
60750604001026,60750604001,6075060400,94132.0,670,land - zero population,0,0,37.7144849,-122.4778492,5271.0
60750332032011,60750332032,6075033203,94132.0,670,land - populated,136,10,37.7155822,-122.479205,15378.0
60750332031011,60750332031,6075033203,94132.0,670,land - populated,2,0,37.7159623,-122.481527,623.0
60750332032012,60750332032,6075033203,94132.0,670,land - populated,119,16,37.7158414,-122.4824618,12314.0
60750604001023,60750604001,6075060400,94132.0,670,land - populated,540,52,37.7112238,-122.4787636,780268.0
60750604001031,60750604001,6075060400,94132.0,670,land - zero population,0,0,37.7146196,-122.4827674,6021.0
60750332032013,60750332032,6075033203,94132.0,670,land - populated,66,9,37.7159393,-122.4837485,6333.0
60750604001022,60750604001,6075060400,94132.0,670,land - zero population,0,0,37.7129928,-122.4853067,3354.0
60750604001021,60750604001,6075060400,94132.0,862,land - zero population,0,0,37.7125892,-122.485545,5740.0
60750604001020,60750604001,6075060400,94132.0,862,land - zero population,0,0,37.7129084,-122.4859073,6562.0
60750604001027,60750604001,6075060400,94132.0,670,land - zero population,0,0,37.7092418,-122.4836831,1146.0
60750604001029,60750604001,6075060400,94132.0,862,land - zero population,0,0,37.7102757,-122.4853254,2073.0
60750604001036,60750604001,6075060400,94132.0,862,land - zero population,0,0,37.708705,-122.485346,1083.0
60750329012001,60750329012,6075032901,94116.0,539,land - populated,149,25,37.7472163,-122.4872645,19641.0
60750329012002,60750329012,6075032901,94116.0,539,land - populated,139,22,37.7471687,-122.488336,19586.0
60750329013001,60750329013,6075032901,94116.0,539,land - populated,155,33,37.7453533,-122.4871355,19574.0
60750329013002,60750329013,6075032901,94116.0,539,land - populated,156,18,37.7453056,-122.4882067,19543.0
60750329012003,60750329012,6075032901,94116.0,782,land - populated,143,18,37.7471215,-122.4894075,19646.0
60750329012004,60750329012,6075032901,94116.0,782,land - populated,169,25,37.7470743,-122.4904805,19641.0
60750329013003,60750329013,6075032901,94116.0,782,land - populated,196,31,37.7452584,-122.4892783,19579.0
60750329013004,60750329013,6075032901,94116.0,782,land - populated,209,35,37.7452111,-122.4903508,19584.0
60750329014001,60750329014,6075032901,94116.0,539,land - populated,194,33,37.7434894,-122.4870068,19593.0
60750329014002,60750329014,6075032901,94116.0,539,land - populated,209,32,37.743442,-122.488077,19621.0
60750330005001,60750330005,6075033000,94116.0,539,land - populated,222,35,37.7416216,-122.4868773,19567.0
60750330005002,60750330005,6075033000,94116.0,539,land - populated,159,31,37.7415742,-122.4879465,19637.0
60750329014003,60750329014,6075032901,94116.0,539,land - populated,149,28,37.7433944,-122.4891487,19649.0
60750329014004,60750329014,6075032901,94116.0,539,land - populated,147,13,37.743347,-122.490221,19639.0
60750330005003,60750330005,6075033000,94116.0,539,land - populated,129,19,37.7415268,-122.4890185,19674.0
60750330005004,60750330005,6075033000,94116.0,539,land - populated,153,25,37.7414795,-122.490091,19650.0
60750329012005,60750329012,6075032901,94116.0,782,land - populated,157,30,37.7470266,-122.4915543,19668.0
60750329012006,60750329012,6075032901,94116.0,782,land - populated,145,23,37.7469794,-122.4926272,19613.0
60750329013005,60750329013,6075032901,94116.0,782,land - populated,168,28,37.7451632,-122.4914254,19661.0
60750329013006,60750329013,6075032901,94116.0,782,land - populated,132,19,37.7451171,-122.4924985,19509.0
60750329012007,60750329012,6075032901,94116.0,782,land - populated,152,27,37.7469317,-122.4936975,19568.0
60750329012008,60750329012,6075032901,94116.0,782,land - zero population,0,0,37.7468976,-122.4944659,8557.0
60750329012009,60750329012,6075032901,94116.0,782,land - zero population,0,0,37.7468845,-122.494771,2619.0
60750329013007,60750329013,6075032901,94116.0,782,land - populated,185,31,37.7450689,-122.4935677,19520.0
60750329013008,60750329013,6075032901,94116.0,782,land - zero population,0,0,37.7450342,-122.494336,8518.0
60750329013009,60750329013,6075032901,94116.0,782,land - zero population,0,0,37.7450304,-122.4946395,2544.0
60750353001004,60750353001,6075035300,94116.0,750,land - zero population,0,0,37.7450074,-122.4949413,8503.0
60750329014005,60750329014,6075032901,94116.0,539,land - populated,145,13,37.7433004,-122.4912958,19740.0
60750329014006,60750329014,6075032901,94116.0,539,land - populated,181,33,37.7432527,-122.4923685,19567.0
60750330005005,60750330005,6075033000,94116.0,539,land - populated,164,23,37.7414329,-122.4911643,19696.0
60750330005006,60750330005,6075033000,94116.0,539,land - populated,131,16,37.7413849,-122.4922365,19620.0
60750329014007,60750329014,6075032901,94116.0,539,land - populated,149,25,37.7432058,-122.4934375,19598.0
60750329014008,60750329014,6075032901,94116.0,539,land - zero population,0,0,37.7431716,-122.4942064,8559.0
60750329014009,60750329014,6075032901,94116.0,862,land - zero population,0,0,37.7431583,-122.4945085,2518.0
60750353002000,60750353002,6075035300,94116.0,862,land - zero population,0,0,37.7431448,-122.4948104,8552.0
60750330005007,60750330005,6075033000,94116.0,539,land - populated,190,20,37.7413381,-122.4933063,19615.0
60750330005008,60750330005,6075033000,94116.0,539,land - zero population,0,0,37.7413044,-122.4940748,8569.0
60750330005009,60750330005,6075033000,94116.0,539,land - zero population,0,0,37.7412852,-122.4943774,2553.0
60750353002009,60750353002,6075035300,94116.0,862,land - zero population,0,0,37.7412775,-122.4946807,8564.0
60750330006002,60750330006,6075033000,94116.0,539,land - populated,159,25,37.7397109,-122.4878167,19524.0
60750330003007,60750330003,6075033000,94116.0,539,land - populated,93,17,37.7382184,-122.4878709,10427.0
60750330003010,60750330003,6075033000,94116.0,539,land - populated,86,11,37.7374513,-122.4885331,13129.0
60750330006003,60750330006,6075033000,94116.0,539,land - populated,180,21,37.7396637,-122.4888878,19543.0
60750330006004,60750330006,6075033000,94116.0,539,land - populated,136,21,37.7396156,-122.4899602,19584.0
60750330003008,60750330003,6075033000,94116.0,539,land - populated,167,42,37.7383135,-122.4892881,16244.0
60750330004007,60750330004,6075033000,94132.0,539,land - populated,87,17,37.7346711,-122.4874258,21179.0
60750331004002,60750331004,6075033100,94132.0,539,land - zero population,0,0,37.7341892,-122.4874496,4541.0
60750331004004,60750331004,6075033100,94132.0,670,land - populated,43,10,37.7337392,-122.4877025,6162.0
60750331004011,60750331004,6075033100,94132.0,670,land - populated,75,23,37.7327808,-122.4876361,10413.0
60750331004005,60750331004,6075033100,94132.0,670,land - populated,33,9,37.7337046,-122.4885798,6115.0
60750331004012,60750331004,6075033100,94132.0,670,land - populated,56,10,37.7327431,-122.4885098,10227.0
60750330004008,60750330004,6075033000,94116.0,539,land - populated,95,19,37.7350697,-122.4900418,16540.0
60750330004015,60750330004,6075033000,94132.0,539,land - populated,80,14,37.7344532,-122.4900046,15061.0
60750331004007,60750331004,6075033100,94132.0,539,land - zero population,0,0,37.7340865,-122.4897082,2120.0
60750331004006,60750331004,6075033100,94132.0,670,land - zero population,0,0,37.7336954,-122.4896828,8714.0
60750331004015,60750331004,6075033100,94132.0,539,land - zero population,0,0,37.7340308,-122.4908672,1135.0
60750331004014,60750331004,6075033100,94132.0,670,land - zero population,0,0,37.7337676,-122.4908719,3805.0
60750331004013,60750331004,6075033100,94132.0,670,land - zero population,0,0,37.7327794,-122.4903007,35216.0
60750330006005,60750330006,6075033000,94116.0,539,land - populated,157,20,37.7395686,-122.4910333,19570.0
60750330006006,60750330006,6075033000,94116.0,539,land - populated,192,38,37.7395214,-122.4921052,19555.0
60750330004012,60750330004,6075033000,94116.0,539,land - populated,77,19,37.7380841,-122.4910055,11814.0
60750330004011,60750330004,6075033000,94116.0,539,land - populated,95,9,37.737891,-122.4920235,14049.0
60750330006007,60750330006,6075033000,94116.0,539,land - populated,149,19,37.7394734,-122.4931756,19509.0
60750330006008,60750330006,6075033000,94116.0,539,land - zero population,0,0,37.739439,-122.4939445,8553.0
60750330006009,60750330006,6075033000,94116.0,862,land - zero population,0,0,37.7394374,-122.4942484,2515.0
60750353003000,60750353003,6075035300,94116.0,862,land - zero population,0,0,37.7394108,-122.4945507,8560.0
60750330004017,60750330004,6075033000,94116.0,539,land - populated,131,20,37.7377072,-122.4930804,17851.0
60750330004018,60750330004,6075033000,94116.0,539,land - zero population,0,0,37.7375921,-122.4938264,7993.0
60750330004019,60750330004,6075033000,94116.0,862,land - zero population,0,0,37.7375578,-122.4941166,2574.0
60750353003009,60750353003,6075035300,94116.0,862,land - zero population,0,0,37.7375526,-122.4944219,8576.0
60750330004009,60750330004,6075033000,94116.0,539,land - populated,58,10,37.7361583,-122.4909917,13181.0
60750330004010,60750330004,6075033000,94116.0,539,land - populated,107,26,37.7362246,-122.4918983,19693.0
60750330004014,60750330004,6075033000,94116.0,539,land - populated,16,2,37.7345792,-122.4916511,8080.0
60750330004013,60750330004,6075033000,94116.0,539,land - populated,24,5,37.7348404,-122.4920323,3723.0
60750330004020,60750330004,6075033000,94116.0,539,land - populated,49,9,37.7344588,-122.4928118,8997.0
60750331004025,60750331004,6075033100,94116.0,670,land - zero population,0,0,37.7339563,-122.4926057,3961.0
60750331004023,60750331004,6075033100,94132.0,670,land - populated,90,17,37.732876,-122.4919216,14726.0
60750331004024,60750331004,6075033100,94132.0,670,land - populated,75,14,37.7327627,-122.4928217,18947.0
60750330004016,60750330004,6075033000,94116.0,539,land - populated,165,30,37.7358793,-122.4929292,21362.0
60750330004022,60750330004,6075033000,94116.0,539,land - zero population,0,0,37.7358136,-122.4936923,7503.0
60750330004021,60750330004,6075033000,94116.0,539,land - zero population,0,0,37.7344713,-122.4936058,4051.0
60750353004000,60750353004,6075035300,94116.0,862,land - zero population,0,0,37.7357698,-122.4943028,7746.0
60750353004008,60750353004,6075035300,94116.0,539,land - zero population,0,0,37.7352786,-122.4939551,3985.0
60750353004007,60750353004,6075035300,94116.0,862,land - zero population,0,0,37.7344458,-122.4941981,4285.0
60750331003000,60750331003,6075033100,94116.0,670,land - zero population,0,0,37.7338988,-122.4938569,268.0
60750331004034,60750331004,6075033100,94116.0,670,land - zero population,0,0,37.733485,-122.4934816,3706.0
60750331004033,60750331004,6075033100,94132.0,670,land - zero population,0,0,37.733272,-122.4932429,3985.0
60750331003008,60750331003,6075033100,94132.0,670,land - zero population,0,0,37.7328905,-122.4937858,2844.0
60750331003002,60750331003,6075033100,94116.0,862,land - zero population,0,0,37.7334553,-122.4941713,3678.0
60750331003003,60750331003,6075033100,94116.0,862,land - zero population,0,0,37.7332186,-122.4943786,4047.0
60750353001003,60750353001,6075035300,94116.0,750,land - zero population,0,0,37.7468714,-122.4950736,8465.0
60750353001005,60750353001,6075035300,94116.0,750,land - populated,154,21,37.7449742,-122.4957095,19529.0
60750353001006,60750353001,6075035300,94116.0,750,land - populated,155,35,37.744928,-122.4967798,19534.0
60750353001008,60750353001,6075035300,94116.0,750,land - populated,146,21,37.7467428,-122.4979825,19615.0
60750353001009,60750353001,6075035300,94116.0,750,land - populated,163,28,37.7466954,-122.4990537,19618.0
60750353001007,60750353001,6075035300,94116.0,750,land - populated,173,32,37.7448799,-122.4978507,19547.0
60750353001010,60750353001,6075035300,94116.0,750,land - populated,178,31,37.7448326,-122.4989228,19571.0
60750353002001,60750353002,6075035300,94116.0,862,land - populated,199,36,37.7431106,-122.4955794,19623.0
60750353002002,60750353002,6075035300,94116.0,862,land - populated,179,30,37.7430629,-122.4966483,19584.0
60750353002008,60750353002,6075035300,94116.0,862,land - populated,176,26,37.7412429,-122.4954492,19601.0
60750353002007,60750353002,6075035300,94116.0,862,land - populated,197,29,37.7411949,-122.4965172,19535.0
60750353002003,60750353002,6075035300,94116.0,862,land - populated,237,49,37.7430149,-122.4977185,19695.0
60750353002004,60750353002,6075035300,94116.0,862,land - populated,148,20,37.7429674,-122.4987913,19697.0
60750353002006,60750353002,6075035300,94116.0,862,land - populated,226,27,37.7411473,-122.4975875,19661.0
60750353002005,60750353002,6075035300,94116.0,862,land - populated,156,22,37.7410991,-122.4986607,19624.0
60750353006000,60750353006,6075035300,94116.0,750,land - populated,182,28,37.7485149,-122.5002553,19653.0
60750353006004,60750353006,6075035300,94116.0,750,land - populated,168,25,37.7447858,-122.499995,19566.0
60750353006003,60750353006,6075035300,94116.0,750,land - populated,170,31,37.7466481,-122.5001257,19631.0
60750353006005,60750353006,6075035300,94116.0,750,land - populated,194,43,37.7447384,-122.5010667,19558.0
60750353006001,60750353006,6075035300,94116.0,750,land - populated,164,30,37.7484674,-122.5013277,19653.0
60750354002000,60750354002,6075035400,94116.0,750,land - populated,162,23,37.74842,-122.5024006,19663.0
60750353006002,60750353006,6075035300,94116.0,750,land - populated,168,33,37.7466011,-122.5011978,19607.0
60750354002006,60750354002,6075035400,94116.0,750,land - populated,175,35,37.7446915,-122.502139,19585.0
60750354002005,60750354002,6075035400,94116.0,750,land - populated,159,26,37.7465536,-122.5022697,19621.0
60750353006007,60750353006,6075035300,94116.0,862,land - populated,142,21,37.7429194,-122.4998628,19670.0
60750353006006,60750353006,6075035300,94116.0,862,land - populated,200,27,37.7428715,-122.5009341,19715.0
60750353005000,60750353005,6075035300,94116.0,862,land - populated,209,35,37.7410514,-122.4997317,19558.0
60750353005001,60750353005,6075035300,94116.0,862,land - populated,233,30,37.7410037,-122.5008022,19580.0
60750354004000,60750354004,6075035400,94116.0,862,land - populated,213,39,37.7428237,-122.5020065,19748.0
60750354004001,60750354004,6075035400,94116.0,862,land - populated,190,33,37.7427757,-122.503079,19741.0
60750354004005,60750354004,6075035400,94116.0,862,land - populated,180,24,37.7409554,-122.5018747,19606.0
60750354004004,60750354004,6075035400,94116.0,862,land - populated,179,28,37.7409074,-122.5029476,19577.0
60750353003001,60750353003,6075035300,94116.0,862,land - populated,162,25,37.7393794,-122.4953197,19498.0
60750353003002,60750353003,6075035300,94116.0,862,land - populated,174,25,37.739332,-122.496387,19447.0
60750353003008,60750353003,6075035300,94116.0,862,land - populated,157,19,37.7375155,-122.49519,19578.0
60750353003007,60750353003,6075035300,94116.0,862,land - populated,187,32,37.7374686,-122.4962568,19532.0
60750353003003,60750353003,6075035300,94116.0,862,land - populated,158,20,37.7392854,-122.4974567,19578.0
60750353003004,60750353003,6075035300,94116.0,862,land - populated,77,9,37.7392383,-122.49853,19560.0
60750353003006,60750353003,6075035300,94116.0,862,land - populated,143,31,37.7374216,-122.4973263,19683.0
60750353003005,60750353003,6075035300,94116.0,862,land - zero population,0,0,37.7373509,-122.4989306,39160.0
60750353004001,60750353004,6075035300,94116.0,862,land - populated,169,24,37.7356566,-122.495061,19417.0
60750353004002,60750353004,6075035300,94116.0,862,land - populated,168,29,37.7356107,-122.4961276,19302.0
60750331003001,60750331003,6075033100,94116.0,862,land - zero population,0,0,37.7338369,-122.4952545,4518.0
60750331003004,60750331003,6075033100,94116.0,862,land - zero population,0,0,37.733148,-122.4970748,14377.0
60750353004006,60750353004,6075035300,94116.0,862,land - populated,150,21,37.7343121,-122.4955002,16681.0
60750331003006,60750331003,6075033100,94132.0,862,land - populated,119,27,37.7328485,-122.4952367,20023.0
60750353004003,60750353004,6075035300,94116.0,862,land - populated,194,26,37.7355644,-122.4971968,19453.0
60750353004004,60750353004,6075035300,94116.0,862,land - populated,160,25,37.7354914,-122.4982885,20077.0
60750353004005,60750353004,6075035300,94116.0,862,land - populated,118,21,37.7342963,-122.4976034,14501.0
60750604001008,60750604001,6075060400,94116.0,862,land - zero population,0,0,37.733969,-122.4979651,4131.0
60750353005003,60750353005,6075035300,94116.0,862,land - populated,242,45,37.7391927,-122.4995982,19375.0
60750353005002,60750353005,6075035300,94116.0,862,land - populated,181,25,37.7391421,-122.5006681,19638.0
60750353005004,60750353005,6075035300,94116.0,862,land - populated,196,42,37.7372834,-122.5005374,19749.0
60750354004006,60750354004,6075035400,94116.0,862,land - populated,201,29,37.7390969,-122.5017437,19558.0
60750354004007,60750354004,6075035400,94116.0,862,land - populated,212,31,37.7390495,-122.502817,19543.0
60750354005000,60750354005,6075035400,94116.0,862,land - populated,211,31,37.7372341,-122.5016128,19685.0
60750354005001,60750354005,6075035400,94116.0,862,land - populated,182,22,37.737187,-122.502686,19680.0
60750353005006,60750353005,6075035300,94116.0,862,land - populated,132,14,37.7354902,-122.499362,19037.0
60750353005005,60750353005,6075035300,94116.0,862,land - populated,126,24,37.7357097,-122.500421,13419.0
60750604001009,60750604001,6075060400,94116.0,862,land - zero population,0,0,37.7347997,-122.5001151,3667.0
60750354005010,60750354005,6075035400,94116.0,862,land - populated,94,17,37.7358524,-122.5014918,9347.0
60750604001037,60750604001,6075060400,94116.0,862,land - zero population,0,0,37.7354018,-122.5020916,3341.0
60750354005009,60750354005,6075035400,94116.0,862,land - populated,25,0,37.7358968,-122.5025885,7491.0
60750331004010,60750331004,6075033100,94132.0,670,land - populated,67,15,37.7315218,-122.4875356,11400.0
60750331004019,60750331004,6075033100,94132.0,670,land - populated,112,25,37.7305335,-122.4874918,20592.0
60750331004018,60750331004,6075033100,94132.0,670,land - populated,57,15,37.7316167,-122.4884118,8860.0
60750331004032,60750331004,6075033100,94132.0,862,land - zero population,0,0,37.7303265,-122.489049,4896.0
60750331004017,60750331004,6075033100,94132.0,670,land - populated,35,4,37.7316619,-122.4892899,7328.0
60750331004016,60750331004,6075033100,94132.0,670,land - populated,42,10,37.7315754,-122.4901518,8106.0
60750331004020,60750331004,6075033100,94132.0,670,land - populated,96,17,37.730636,-122.4901428,17928.0
60750331004029,60750331004,6075033100,94132.0,862,land - zero population,0,0,37.7293725,-122.4908113,793.0
60750331004021,60750331004,6075033100,94132.0,670,land - populated,72,25,37.7314065,-122.4909823,10265.0
60750331004022,60750331004,6075033100,94132.0,670,land - populated,116,23,37.7306635,-122.4916686,22456.0
60750331004026,60750331004,6075033100,94132.0,670,land - populated,105,22,37.7304634,-122.4924609,25184.0
60750331004030,60750331004,6075033100,94132.0,670,land - zero population,0,0,37.7294584,-122.4909233,1169.0
60750331004028,60750331004,6075033100,94132.0,862,land - zero population,0,0,37.7288966,-122.4919099,2756.0
60750331004027,60750331004,6075033100,94132.0,670,land - zero population,0,0,37.7303255,-122.4930497,16791.0
60750331003011,60750331003,6075033100,94132.0,670,land - zero population,0,0,37.7307573,-122.493635,3342.0
60750331003009,60750331003,6075033100,94132.0,862,land - zero population,0,0,37.7300986,-122.4939564,18355.0
60750331003010,60750331003,6075033100,94132.0,862,land - populated,101,23,37.7310162,-122.49467,13950.0
60750604001039,60750604001,6075060400,94132.0,862,land - zero population,0,0,37.72685,-122.4929081,892.0
60750604001005,60750604001,6075060400,94132.0,862,land - zero population,0,0,37.7250682,-122.4938217,22018.0
60750604001000,60750604001,6075060400,94132.0,862,land - zero population,0,0,37.7227766,-122.4916575,1121475.0
60750331003017,60750331003,6075033100,94132.0,862,land - populated,78,19,37.7314785,-122.4955944,13821.0
60750331003016,60750331003,6075033100,94132.0,862,land - populated,71,14,37.732251,-122.4961894,13999.0
60750331003015,60750331003,6075033100,94132.0,862,land - populated,104,23,37.7306769,-122.4960891,18950.0
60750331003012,60750331003,6075033100,94132.0,862,land - populated,108,16,37.7296757,-122.495589,18266.0
60750331003005,60750331003,6075033100,94132.0,862,land - populated,109,24,37.7323273,-122.4972049,16426.0
60750331003014,60750331003,6075033100,94132.0,862,land - populated,75,9,37.7306564,-122.497145,13506.0
60750331003013,60750331003,6075033100,94132.0,862,land - zero population,0,0,37.7304738,-122.4976223,3541.0
60750331003007,60750331003,6075033100,94132.0,862,land - zero population,0,0,37.7317228,-122.4984638,3761.0
60750604001006,60750604001,6075060400,94132.0,862,land - zero population,0,0,37.730163,-122.5011041,33123.0
60750604001014,60750604001,6075060400,94132.0,862,land - zero population,0,0,37.722108,-122.501621,9116.0
60750604001013,60750604001,6075060400,94132.0,862,land - populated,3,1,37.7182836,-122.5030279,1036262.0
60750354002001,60750354002,6075035400,94116.0,750,land - populated,172,24,37.748372,-122.5034724,19626.0
60750354002002,60750354002,6075035400,94116.0,750,land - populated,153,19,37.748325,-122.5045446,19663.0
60750354002004,60750354002,6075035400,94116.0,750,land - populated,150,17,37.7465066,-122.5033418,19597.0
60750354002007,60750354002,6075035400,94116.0,750,land - populated,131,24,37.7446441,-122.5032113,19563.0
60750354002003,60750354002,6075035400,94116.0,750,land - populated,160,24,37.7464591,-122.5044137,19610.0
60750354001000,60750354001,6075035400,94116.0,750,land - populated,148,29,37.748277,-122.5056169,19645.0
60750354001001,60750354001,6075035400,94116.0,750,land - populated,166,17,37.7482292,-122.506688,19607.0
60750354001010,60750354001,6075035400,94116.0,750,land - populated,156,19,37.7464121,-122.5054863,19604.0
60750354001009,60750354001,6075035400,94116.0,750,land - populated,181,31,37.7463646,-122.5065587,19600.0
60750354004002,60750354004,6075035400,94116.0,862,land - populated,189,32,37.7427279,-122.5041508,19742.0
60750354002008,60750354002,6075035400,94116.0,862,land - populated,179,28,37.7445971,-122.5042833,19586.0
60750354004003,60750354004,6075035400,94116.0,862,land - populated,187,27,37.7408598,-122.5040195,19533.0
60750354003003,60750354003,6075035400,94116.0,862,land - populated,180,19,37.7408119,-122.5050902,19515.0
60750354001011,60750354001,6075035400,94116.0,862,land - populated,165,28,37.7445501,-122.5053553,19568.0
60750354003000,60750354003,6075035400,94116.0,862,land - populated,215,37,37.74268,-122.5052221,19749.0
60750354001012,60750354001,6075035400,94116.0,862,land - populated,179,40,37.7445027,-122.5064275,19602.0
60750354001005,60750354001,6075035400,94116.0,862,land - populated,48,13,37.7445218,-122.5071462,6468.0
60750354003001,60750354003,6075035400,94116.0,862,land - populated,202,34,37.7426317,-122.5062956,19823.0
60750354003002,60750354003,6075035400,94116.0,862,land - populated,1,0,37.7427052,-122.5069602,4246.0
60750354003004,60750354003,6075035400,94116.0,862,land - populated,181,15,37.7407684,-122.5061591,19452.0
60750354001003,60750354001,6075035400,94116.0,862,land - zero population,0,0,37.7421024,-122.5072276,60538.0
60750354003005,60750354003,6075035400,94116.0,862,land - populated,32,7,37.7408956,-122.5067665,2151.0
60750354001002,60750354001,6075035400,94116.0,750,land - populated,94,11,37.7482241,-122.5075239,10912.0
60750354001004,60750354001,6075035400,94116.0,750,land - populated,75,6,37.746371,-122.5073362,8663.0
60750354001006,60750354001,6075035400,94116.0,862,land - zero population,0,0,37.7421581,-122.5075283,16634.0
60750354001007,60750354001,6075035400,94116.0,862,land - zero population,0,0,37.7418873,-122.50834,203415.0
60750354004008,60750354004,6075035400,94116.0,862,land - populated,200,29,37.7390025,-122.503889,19507.0
60750354003006,60750354003,6075035400,94116.0,862,land - populated,201,31,37.7389553,-122.5049595,19484.0
60750354005002,60750354005,6075035400,94116.0,862,land - populated,168,20,37.73714,-122.503758,19644.0
60750354005003,60750354005,6075035400,94116.0,862,land - populated,180,26,37.7370931,-122.5048283,19617.0
60750354003007,60750354003,6075035400,94116.0,862,land - populated,156,21,37.7389246,-122.5060269,19331.0
60750354005004,60750354005,6075035400,94116.0,862,land - populated,86,10,37.7375182,-122.5058863,9011.0
60750354005005,60750354005,6075035400,94116.0,862,land - populated,101,10,37.7365851,-122.5057922,8445.0
60750354005008,60750354005,6075035400,94116.0,862,land - zero population,0,0,37.7358777,-122.5036593,6889.0
60750604001010,60750604001,6075060400,94116.0,862,land - zero population,0,0,37.7354684,-122.5041991,3583.0
60750354005007,60750354005,6075035400,94116.0,862,land - populated,3,1,37.7358576,-122.5047386,6320.0
60750354005006,60750354005,6075035400,94116.0,862,land - populated,69,5,37.7358412,-122.5057124,4779.0
60750354005011,60750354005,6075035400,94116.0,862,land - zero population,0,0,37.735477,-122.5059678,2389.0
60750604001016,60750604001,6075060400,94116.0,862,land - zero population,0,0,37.7336295,-122.507013,7864.0
60750604001007,60750604001,6075060400,94132.0,862,land - zero population,0,0,37.7314354,-122.5032922,555703.0
60750604001015,60750604001,6075060400,94132.0,862,land - zero population,0,0,37.7254887,-122.5035805,5198.0
60750604001018,60750604001,6075060400,94132.0,862,land - zero population,0,0,37.7093503,-122.4862288,69681.0
60750604001032,60750604001,6075060400,94132.0,862,land - zero population,0,0,37.7105769,-122.4926357,266277.0
60750604001033,60750604001,6075060400,94132.0,862,land - zero population,0,0,37.7087704,-122.4936066,108710.0
