block_geoid,geometry,aland10,awater10,blockce10,countyfp10,funcstat10,geoid10,intptlat10,intptlon10,mtfcc10,name10,statefp10,tractce10,uace10,ur10
60750262005,"POLYGON ((-122.46697900000001 37.70821, -122.46718299999999 37.708232, -122.46788299999999 37.708232, -122.46845000000002 37.708232, -122.468607 37.708231999999995, -122.468883 37.708231999999995, -122.468915 37.708232, -122.46893900000002 37.708231999999995, -122.46847400000001 37.708685, -122.46815600000001 37.70893600000001, -122.467718 37.709282, -122.46721 37.70960399999999, -122.46716200000002 37.70963400000001, -122.466792 37.70982599999999, -122.46620300000001 37.71006800000001, -122.46599400000001 37.710153999999996, -122.464939 37.71043599999999, -122.46476699999998 37.71048199999999, -122.464372 37.710526, -122.464176 37.710547999999996, -122.46347500000002 37.710556000000004, -122.462561 37.71056699999998, -122.46234700000001 37.71057, -122.46115999999999 37.710584, -122.460858 37.71058599999999, -122.460567 37.71045099999997, -122.46052000000002 37.710378999999996, -122.46048200000001 37.71032199999999, -122.460619 37.710028, -122.460613 37.70967299999999, -122.46044300000001 37.709541999999985, -122.458825 37.70844499999999, -122.45850899999999 37.708231, -122.45905 37.708231, -122.45989399999769 37.708231999999995, -122.459894 37.708232, -122.45989400000003 37.708232, -122.46006049999998 37.708231999999995, -122.46069250000002 37.70823199999999, -122.460783 37.708232, -122.461275 37.708231999999995, -122.46138299999998 37.708232, -122.462053 37.708231999999995, -122.462282 37.708231999999995, -122.46260100000002 37.70823199999999, -122.46274000000001 37.708232, -122.462783 37.708232, -122.46278300000341 37.70823200000042, -122.46358300000001 37.708332, -122.464043 37.708239999999996, -122.464083 37.708231999999995, -122.46445 37.70823199999999, -122.464483 37.708231999999995, -122.4646699999958 37.70821100000047, -122.46467000000001 37.70821100000002, -122.46489599999991 37.70818599999999, -122.46489599999998 37.70818599999999, -122.46538299979042 37.70813200002324, -122.465383 37.70813200000002, -122.46575700000001 37.708132, -122.466284 37.708131, -122.46662799999999 37.70816899999999, -122.46663199999993 37.708169000000005, -122.466632 37.708169000000005, -122.466791 37.708187, -122.46679100000132 37.708187000000144, -122.466954 37.708206000000004, -122.46697900000001 37.70821))",14602.0,0.0,5014,075,S,060750262005014,+37.7088247,-122.4600338,G5040,Block 5014,06,026200,,
60750262004,"POLYGON ((-122.46044300000001 37.709541999999985, -122.460613 37.70967299999999, -122.460619 37.710028, -122.46048200000001 37.71032199999999, -122.46052000000002 37.710378999999996, -122.460567 37.71045099999997, -122.460858 37.71058599999999, -122.45900199999998 37.710595999999995, -122.45830699999999 37.7106, -122.457312 37.71064799999999, -122.456376 37.710825, -122.456339 37.710831999999975, -122.45604999999999 37.710927000000005, -122.455622 37.711068000000004, -122.455426 37.710910999999996, -122.45528100000001 37.710795000000005, -122.45515800000001 37.71069699999999, -122.45488499999999 37.71047899999999, -122.45454699999998 37.71020699999999, -122.45388799999999 37.709679, -122.45324900000001 37.709167, -122.452879 37.70887, -122.452665 37.708806, -122.454281 37.708256, -122.45398300000006 37.708232, -122.45398300000026 37.70823199999999, -122.454341 37.70823199999999, -122.45435600000002 37.708231999999995, -122.45435600000002 37.708232, -122.4543560000147 37.708231999999974, -122.45574699999999 37.708231, -122.457183 37.70823499999997, -122.457916 37.70824299999999, -122.45850899999999 37.708231, -122.458825 37.70844499999999, -122.46044300000001 37.709541999999985))",599.0,0.0,4001,075,S,060750262004001,+37.7107285,-122.4563723,G5040,Block 4001,06,026200,,
60750263031,"POLYGON ((-122.450386 37.708200999999995, -122.451675 37.708149, -122.45218299999999 37.708132, -122.45244214893782 37.70814636170223, -122.45247000000002 37.708147999999994, -122.45250590673403 37.70814989507763, -122.452995 37.708177, -122.45380699999757 37.70822199999987, -122.45380700000001 37.708222000000006, -122.453983 37.708232, -122.45398300000006 37.708232, -122.454281 37.708256, -122.452665 37.708806, -122.45189500000001 37.709067999999995, -122.450884 37.709413, -122.45049900000001 37.709543, -122.450095 37.70968, -122.44930900000001 37.70994599999999, -122.44893100000002 37.710074, -122.44837699999998 37.710373000000004, -122.447672 37.710749, -122.44638299999998 37.711436, -122.44609100000001 37.711591999999996, -122.445528 37.711887, -122.44474299999999 37.712621999999975, -122.444571 37.71278299999998, -122.44409700000001 37.71168900000001, -122.44368600000001 37.71120299999998, -122.443335 37.71055500000001, -122.44300000000003 37.709934999999994, -122.44266899999998 37.709320999999996, -122.442923 37.70923499999999, -122.44483900000002 37.70858399999999, -122.44582399999999 37.70825, -122.44587499999999 37.708233, -122.446381 37.708229, -122.44638100000779 37.70822900000013, -122.44722500000002 37.70824499999999, -122.44724366666668 37.70823966666664, -122.447281 37.70822900000001, -122.44728100010084 37.70822899999943, -122.44923299999978 37.708218, -122.44923299999999 37.708217999999995, -122.44923695076923 37.708218024615384, -122.449554 37.708220000000004, -122.44975099999999 37.70821300000001, -122.44985275 37.70820975000001, -122.450158 37.70820000000001, -122.45022 37.708197999999996, -122.450386 37.708200999999995))",10611.0,0.0,1011,075,S,060750263031011,+37.7087647,-122.4469268,G5040,Block 1011,06,026303,,
60750262003,"POLYGON ((-122.45454699999998 37.71020699999999, -122.45488499999999 37.71047899999999, -122.45515800000001 37.71069699999999, -122.45528100000001 37.710795000000005, -122.455426 37.710910999999996, -122.455622 37.711068000000004, -122.455596 37.711076, -122.455028 37.71131699999997, -122.45450400000001 37.711634, -122.453999 37.71196, -122.453871 37.712042999999994, -122.45295100000001 37.712772, -122.452884 37.71282899999998, -122.45270800000002 37.712672999999995, -122.452525 37.71251, -122.45195500000001 37.712056, -122.45153799999999 37.71172800000001, -122.450774 37.711118, -122.45013800000001 37.710609, -122.44946300000001 37.71006900000001, -122.44930900000001 37.70994599999999, -122.450095 37.70968, -122.45049900000001 37.709543, -122.450884 37.709413, -122.45189500000001 37.709067999999995, -122.452665 37.708806, -122.452879 37.70887, -122.45324900000001 37.709167, -122.45388799999999 37.709679, -122.45454699999998 37.71020699999999))",1419.0,0.0,3003,075,S,060750262003003,+37.7116163,-122.4525442,G5040,Block 3003,06,026200,,
60750314002,"POLYGON ((-122.456051 37.711124, -122.45581600000001 37.711223, -122.455748 37.71134599999999, -122.455592 37.711477, -122.455088 37.71190099999999, -122.45466500000002 37.712331, -122.456045 37.71231999999999, -122.45605300000001 37.713194, -122.45606100000002 37.714077, -122.456072 37.714904999999995, -122.45608000000001 37.715788, -122.45597599999998 37.715823, -122.453668 37.715837, -122.45351300000002 37.71579499999999, -122.45315800000002 37.715471, -122.45189500000001 37.71697799999998, -122.451155 37.71658300000002, -122.45037800000001 37.71616899999998, -122.44990399999999 37.71672499999998, -122.449572 37.717115, -122.449262 37.717538, -122.44908499999998 37.71788199999998, -122.448887 37.71817, -122.448605 37.71839600000001, -122.448582 37.718410999999996, -122.44859500000001 37.718309999999995, -122.448666 37.71775099999999, -122.448674 37.717687999999995, -122.44868599999998 37.717596, -122.44872699999999 37.717450000000014, -122.448837 37.717054999999995, -122.44895700000002 37.71681399999999, -122.449211 37.716305999999996, -122.449257 37.716243999999996, -122.44931600000001 37.716163999999985, -122.44938100000002 37.71607499999998, -122.44962699999999 37.715739, -122.449749 37.715617, -122.450235 37.715132, -122.45036600000002 37.715016, -122.450961 37.714501, -122.45120799999998 37.714293999999995, -122.45163399999998 37.71393699999998, -122.451766 37.71381599999997, -122.45227800000002 37.713344, -122.452884 37.71282899999998, -122.45295100000001 37.712772, -122.453871 37.712042999999994, -122.453999 37.71196, -122.45450400000001 37.711634, -122.455028 37.71131699999997, -122.455596 37.711076, -122.455622 37.711068000000004, -122.45604999999999 37.710927000000005, -122.456339 37.710831999999975, -122.456376 37.710825, -122.456051 37.711124))",11435.0,0.0,2009,075,S,060750314002009,+37.7123167,-122.4538370,G5040,Block 2009,06,031400,,
60750313023,"POLYGON ((-122.47121500000002 37.708939, -122.471225 37.70965699999999, -122.471239 37.710648, -122.471252 37.711592, -122.47125499999999 37.711831, -122.47131100000001 37.712475000000005, -122.471337 37.71268899999999, -122.471355 37.712801999999996, -122.471163 37.71280399999999, -122.470895 37.712806, -122.470331 37.712812000000014, -122.46999300000002 37.71278100000001, -122.46930599999999 37.712647, -122.46867 37.712523999999995, -122.468446 37.7125, -122.46801800000001 37.712455, -122.46719200000001 37.712476999999986, -122.467073 37.712422, -122.467094 37.714273, -122.466199 37.71427999999999, -122.4653 37.714286999999985, -122.464401 37.714293999999995, -122.46350000000001 37.714301, -122.462602 37.71430799999998, -122.462589 37.71402999999999, -122.462555 37.713904, -122.462569 37.71315000000001, -122.46258099999999 37.712523, -122.46258099999999 37.712274, -122.46257 37.71137, -122.462546 37.711171, -122.462362 37.711175000000004, -122.461901 37.71097399999999, -122.46132300000001 37.710793, -122.46102899999998 37.71066499999999, -122.460858 37.71058599999999, -122.46115999999999 37.710584, -122.46234700000001 37.71057, -122.462561 37.71056699999998, -122.46347500000002 37.710556000000004, -122.464176 37.710547999999996, -122.464372 37.710526, -122.46476699999998 37.71048199999999, -122.464939 37.71043599999999, -122.46599400000001 37.710153999999996, -122.46620300000001 37.71006800000001, -122.466792 37.70982599999999, -122.46716200000002 37.70963400000001, -122.46721 37.70960399999999, -122.467718 37.709282, -122.46815600000001 37.70893600000001, -122.46847400000001 37.708685, -122.46893900000002 37.708231999999995, -122.469057 37.708231999999995, -122.469236 37.708231999999995, -122.470883 37.708232, -122.471001 37.708252, -122.471077 37.708264, -122.471319 37.70830499999999, -122.471277 37.708608999999996, -122.471268 37.708656000000005, -122.47121500000002 37.708939))",15682.0,0.0,3004,075,S,060750313023004,+37.7133816,-122.4666376,G5040,Block 3004,06,031302,,
60750314003,"POLYGON ((-122.46102899999998 37.71066499999999, -122.46132300000001 37.710793, -122.461901 37.71097399999999, -122.462362 37.711175000000004, -122.462546 37.711171, -122.46257 37.71137, -122.46258099999999 37.712274, -122.46258099999999 37.712523, -122.462569 37.71315000000001, -122.459024 37.71317199999999, -122.45605300000001 37.713194, -122.456045 37.71231999999999, -122.45466500000002 37.712331, -122.455088 37.71190099999999, -122.455592 37.711477, -122.455748 37.71134599999999, -122.45581600000001 37.711223, -122.456051 37.711124, -122.456376 37.710825, -122.457312 37.71064799999999, -122.45830699999999 37.7106, -122.45900199999998 37.710595999999995, -122.460858 37.71058599999999, -122.46102899999998 37.71066499999999))",544.0,0.0,3005,075,S,060750314003005,+37.7113892,-122.4558332,G5040,Block 3005,06,031400,,
60750314004,"POLYGON ((-122.462602 37.71430799999998, -122.462608 37.71488399999999, -122.462615 37.715619, -122.46243000000001 37.71573699999999, -122.45905500000002 37.715757999999994, -122.459064 37.716603, -122.45608699999998 37.71663000000001, -122.45608000000001 37.715788, -122.456072 37.714904999999995, -122.45606100000002 37.714077, -122.45605300000001 37.713194, -122.459024 37.71317199999999, -122.462569 37.71315000000001, -122.462555 37.713904, -122.462589 37.71402999999999, -122.462602 37.71430799999998))",29554.0,0.0,4001,075,S,060750314004001,+37.7153201,-122.4608257,G5040,Block 4001,06,031400,,
60750314005,"POLYGON ((-122.46262500000002 37.716570999999995, -122.462633 37.717421, -122.46264 37.71793599999998, -122.462639 37.71821099999999, -122.46224499999998 37.718219999999995, -122.461231 37.71823199999999, -122.460209 37.71823099999999, -122.45918700000001 37.71823, -122.458163 37.71823199999999, -122.457145 37.718233000000005, -122.456108 37.71823499999999, -122.45609400000002 37.71747699999999, -122.45608699999998 37.71663000000001, -122.459064 37.716603, -122.45905500000002 37.715757999999994, -122.46243000000001 37.71573699999999, -122.462615 37.715619, -122.46262 37.71614399999999, -122.46262500000002 37.716570999999995))",27411.0,0.0,5001,075,S,060750314005001,+37.7178315,-122.4608719,G5040,Block 5001,06,031400,,
60750262001,"POLYGON ((-122.44740900000001 37.71265, -122.44810799999999 37.713211, -122.44894999999998 37.713886, -122.44909900000002 37.713883, -122.449657 37.71362799999999, -122.449995 37.713473, -122.45063099999999 37.71311699999998, -122.45101199999999 37.712854999999976, -122.451911 37.712157999999995, -122.45195500000001 37.712056, -122.452525 37.71251, -122.45270800000002 37.712672999999995, -122.452884 37.71282899999998, -122.45227800000002 37.713344, -122.451766 37.71381599999997, -122.45163399999998 37.71393699999998, -122.45120799999998 37.714293999999995, -122.450961 37.714501, -122.45036600000002 37.715016, -122.450235 37.715132, -122.449749 37.715617, -122.44962699999999 37.715739, -122.44938100000002 37.71607499999998, -122.44931600000001 37.716163999999985, -122.449257 37.716243999999996, -122.449211 37.716305999999996, -122.44895700000002 37.71681399999999, -122.448837 37.717054999999995, -122.44872699999999 37.717450000000014, -122.44849599999999 37.717314, -122.44796 37.717000000000006, -122.44735299999998 37.71651499999999, -122.446945 37.716187, -122.446372 37.71572799999999, -122.44583500000002 37.71529799999999, -122.445646 37.715146000000004, -122.444936 37.71457699999999, -122.44432499999999 37.714087, -122.44370599999999 37.713591999999984, -122.443952 37.713362000000004, -122.444571 37.71278299999998, -122.44474299999999 37.712621999999975, -122.445528 37.711887, -122.44609100000001 37.711591999999996, -122.44680000000001 37.712160999999995, -122.44740900000001 37.71265))",13262.0,0.0,1013,075,S,060750262001013,+37.7129710,-122.4471578,G5040,Block 1013,06,026200,,
60750261003,"POLYGON ((-122.44796 37.717000000000006, -122.44849599999999 37.717314, -122.44872699999999 37.717450000000014, -122.44868599999998 37.717596, -122.448674 37.717687999999995, -122.448666 37.71775099999999, -122.44859500000001 37.718309999999995, -122.448582 37.718410999999996, -122.448303 37.718589, -122.447951 37.718924, -122.44756199999999 37.719481, -122.447539 37.719612, -122.44713500000002 37.720197999999975, -122.44680800000002 37.72058500000001, -122.446609 37.72072399999998, -122.44645 37.720707999999995, -122.445408 37.720296999999995, -122.445203 37.72018999999999, -122.44512799999998 37.720086999999985, -122.44502500000002 37.720067, -122.443735 37.71901299999998, -122.443696 37.718928999999996, -122.444191 37.71846999999999, -122.444293 37.71837599999999, -122.444706 37.717994999999995, -122.445246 37.717521000000005, -122.445808 37.717079999999996, -122.446945 37.716187, -122.44735299999998 37.71651499999999, -122.44796 37.717000000000006))",539.0,0.0,3009,075,S,060750261003009,+37.7185830,-122.4481997,G5040,Block 3009,06,026100,,
60750312022,"POLYGON ((-122.45337800000001 37.71776799999999, -122.45254800000002 37.718721, -122.45229400000001 37.718719, -122.45223199999998 37.718759999999996, -122.45164600000001 37.71968599999999, -122.45092700000002 37.720813, -122.450118 37.722083, -122.44955900000001 37.722961000000005, -122.44948400000001 37.72300299999999, -122.449178 37.723002999999984, -122.448098 37.72300499999999, -122.447878 37.723004999999986, -122.44790799999998 37.722916000000005, -122.44799 37.722668999999996, -122.448122 37.721996999999995, -122.44820200000001 37.72140799999999, -122.44822200000002 37.721262, -122.44834900000001 37.720228999999996, -122.44840900000001 37.719656, -122.44843399999998 37.719410999999994, -122.44851700000001 37.718922000000006, -122.448582 37.718410999999996, -122.448605 37.71839600000001, -122.448887 37.71817, -122.44908499999998 37.71788199999998, -122.449262 37.717538, -122.449572 37.717115, -122.44990399999999 37.71672499999998, -122.45037800000001 37.71616899999998, -122.451155 37.71658300000002, -122.45189500000001 37.71697799999998, -122.45264200000001 37.717376, -122.45337800000001 37.71776799999999))",715.0,0.0,2002,075,S,060750312022002,+37.7216269,-122.4482549,G5040,Block 2002,06,031202,,
60750314001,"POLYGON ((-122.45608000000001 37.715788, -122.45608699999998 37.71663000000001, -122.45609400000002 37.71747699999999, -122.456108 37.71823499999999, -122.455111 37.71823699999998, -122.45418899999999 37.718239, -122.454082 37.718174, -122.45405 37.718126000000005, -122.45337800000001 37.71776799999999, -122.45264200000001 37.717376, -122.45189500000001 37.71697799999998, -122.45315800000002 37.715471, -122.45351300000002 37.71579499999999, -122.453668 37.715837, -122.45597599999998 37.715823, -122.45608000000001 37.715788))",15047.0,0.0,1001,075,S,060750314001001,+37.7170414,-122.4551992,G5040,Block 1001,06,031400,,
60750261004,"POLYGON ((-122.44713500000002 37.720197999999975, -122.447539 37.719612, -122.44756199999999 37.719481, -122.447951 37.718924, -122.448303 37.718589, -122.448582 37.718410999999996, -122.44851700000001 37.718922000000006, -122.44843399999998 37.719410999999994, -122.44840900000001 37.719656, -122.44834900000001 37.720228999999996, -122.44822200000002 37.721262, -122.44820200000001 37.72140799999999, -122.448122 37.721996999999995, -122.44799 37.722668999999996, -122.44790799999998 37.722916000000005, -122.447878 37.723004999999986, -122.447639 37.72300599999999, -122.447453 37.72300599999998, -122.44732800000001 37.72300599999998, -122.447272 37.722957, -122.44721700000001 37.722995999999995, -122.444811 37.72299799999999, -122.444747 37.72296699999999, -122.44460699999999 37.72297499999999, -122.444498 37.72297, -122.443378 37.723102, -122.44327400000002 37.723085000000005, -122.443163 37.723121000000006, -122.44265000000001 37.72317999999998, -122.44255400000002 37.72316799999999, -122.44243799999998 37.72321099999999, -122.44115199999999 37.72335999999999, -122.44104999999999 37.723342, -122.440958 37.723383, -122.439957 37.72349899999998, -122.43985 37.723481, -122.439763 37.723521, -122.43890399999998 37.72362, -122.43880899999999 37.72360099999999, -122.43934999999999 37.72273299999999, -122.43976500000001 37.722069000000005, -122.44010900000002 37.721517, -122.44047300000001 37.720934, -122.44070100000002 37.72056799999999, -122.440947 37.720183999999996, -122.44140100000001 37.719865, -122.442552 37.71962099999998, -122.44308600000001 37.719383, -122.443696 37.718928999999996, -122.443735 37.71901299999998, -122.44502500000002 37.720067, -122.44512799999998 37.720086999999985, -122.445203 37.72018999999999, -122.445408 37.720296999999995, -122.44645 37.720707999999995, -122.446609 37.72072399999998, -122.44680800000002 37.72058500000001, -122.44713500000002 37.720197999999975))",316.0,0.0,4012,075,S,060750261004012,+37.7229596,-122.4474766,G5040,Block 4012,06,026100,,
60750604001,"POLYGON ((-122.498169 37.708132, -122.498233 37.708132, -122.50248500000002 37.708133, -122.502778 37.70813300000001, -122.50283199999998 37.708133000000004, -122.502847 37.70834, -122.50292199999998 37.708518999999995, -122.50297 37.70876399999999, -122.503004 37.708964, -122.503022 37.70910900000001, -122.503232 37.70964199999999, -122.50326999999999 37.71004399999998, -122.50333300000001 37.710322000000005, -122.503426 37.710623, -122.503502 37.710901, -122.50343500000001 37.711025, -122.50352599999998 37.71128, -122.50358499999999 37.711391, -122.503652 37.711814999999994, -122.50396999999998 37.711976, -122.504033 37.71213600000001, -122.50409499999999 37.712565, -122.504126 37.712820000000015, -122.504199 37.71300699999999, -122.50419700000002 37.713276, -122.50430399999999 37.713482000000006, -122.504352 37.713716999999995, -122.50438199999999 37.713903999999985, -122.50465900000002 37.71485499999999, -122.504773 37.71516, -122.50488 37.71539700000001, -122.505022 37.715737999999995, -122.50505299999999 37.715944, -122.50510199999998 37.716122, -122.50531400000001 37.71671299999999, -122.50541300000002 37.716920000000016, -122.505484 37.717112, -122.505568 37.717303, -122.50558500000001 37.71753799999999, -122.505661 37.717813, -122.505766 37.718088, -122.505827 37.71833, -122.50578999999998 37.718519, -122.50587900000001 37.718705000000014, -122.505979 37.71883699999999, -122.506069 37.71909000000001, -122.50607600000002 37.719355, -122.506097 37.71962, -122.506129 37.719754000000016, -122.506114 37.719904, -122.50610100000002 37.719972999999996, -122.50608800000002 37.720136, -122.506096 37.720286999999985, -122.506148 37.72065799999998, -122.506243 37.72089599999999, -122.50631799999998 37.721022999999995, -122.50642800000001 37.721385, -122.506548 37.72165999999999, -122.50767700000002 37.728466, -122.507717 37.728547999999996, -122.50776100000002 37.728626999999996, -122.50777 37.72873799999999, -122.507796 37.728866, -122.507807 37.729046000000004, -122.507826 37.729164, -122.507873 37.729293000000006, -122.507911 37.729436, -122.50794799999998 37.72954300000001, -122.50801100000001 37.72964799999998, -122.50804 37.729656, -122.50803799999998 37.72970000000001, -122.508057 37.729755999999995, -122.50806399999999 37.729814999999974, -122.50806399999999 37.729911, -122.508073 37.73004100000001, -122.508086 37.730090999999994, -122.508087 37.73016899999999, -122.50809500000001 37.730244, -122.508111 37.73032799999998, -122.50811 37.73040199999998, -122.50812799999999 37.73052500000001, -122.508163 37.730636, -122.508168 37.73075699999998, -122.50815499999999 37.730821000000006, -122.50816499999998 37.73088299999999, -122.50818500000001 37.730953, -122.508163 37.73100099999998, -122.508078 37.73106, -122.50807099999999 37.731103000000004, -122.50801899999999 37.731192999999976, -122.508028 37.731243, -122.50804999999998 37.73131099999999, -122.508048 37.73135699999998, -122.50801300000002 37.731438999999995, -122.508028 37.731473, -122.508041 37.73153199999998, -122.508034 37.73158500000001, -122.508033 37.731637999999975, -122.50804600000002 37.73172399999999, -122.50806399999999 37.73178099999999, -122.508069 37.73186700000001, -122.508098 37.731972000000006, -122.50812199999999 37.732008000000015, -122.50816400000001 37.73205699999998, -122.50818699999999 37.73219099999999, -122.50821100000002 37.732260000000004, -122.50825600000002 37.732336000000004, -122.508253 37.732417999999996, -122.508266 37.73248699999999, -122.50830199999999 37.732554, -122.508325 37.732628999999996, -122.508355 37.732684000000006, -122.508406 37.732815, -122.508417 37.732887999999996, -122.50834699999999 37.732966999999995, -122.508317 37.733017000000004, -122.508298 37.733061, -122.508297 37.733123000000006, -122.50830700000002 37.73318899999999, -122.508291 37.733222999999995, -122.508292 37.73326600000001, -122.508286 37.73330999999999, -122.508261 37.733338, -122.50825699999999 37.73339000000001, -122.508264 37.73344699999998, -122.508264 37.73354700000001, -122.508271 37.733586, -122.508276 37.733668, -122.50826800000002 37.733709, -122.50828999999999 37.73374799999999, -122.508303 37.733813999999995, -122.508249 37.73388299999999, -122.508239 37.734350000000006, -122.50825699999999 37.734421999999995, -122.508246 37.734452, -122.508265 37.734508999999996, -122.50825699999999 37.73452700000001, -122.508258 37.734562, -122.508282 37.734595, -122.50827100000002 37.734634, -122.50826900000001 37.734769, -122.508273 37.73481499999999, -122.508315 37.73491199999999, -122.50835000000001 37.735023000000005, -122.508408 37.735053999999984, -122.50845500000001 37.735101, -122.508462 37.735124, -122.508477 37.73515100000001, -122.508478 37.735183, -122.508497 37.735256, -122.508536 37.735327000000005, -122.508538 37.735402, -122.50671700000001 37.73547, -122.506516 37.735383999999996, -122.505369 37.73538300000002, -122.50525700000001 37.73547500000001, -122.505153 37.73556500000001, -122.50418499999999 37.735558, -122.50321899999999 37.735551, -122.503105 37.735465999999995, -122.502995 37.735555, -122.50255800000001 37.735557, -122.502031 37.735515, -122.50159499999998 37.735438, -122.50117900000002 37.73534199999999, -122.501097 37.735206000000005, -122.500902 37.73525299999999, -122.500493 37.73510499999998, -122.50006300000001 37.734905, -122.499239 37.73445399999999, -122.49919599999998 37.73431199999999, -122.49903300000001 37.734359, -122.498606 37.73418599999999, -122.49803099999998 37.734027000000005, -122.497487 37.733925, -122.496856 37.733867, -122.496636 37.733771, -122.49676 37.73358599999999, -122.497456 37.733013, -122.498107 37.73226799999998, -122.499059 37.73157599999999, -122.49823 37.731376, -122.498002 37.73127799999998, -122.49806 37.731165, -122.49787100000002 37.730729999999994, -122.497364 37.72968899999999, -122.49735400000002 37.729668, -122.497233 37.729489999999984, -122.497017 37.72930300000001, -122.49669900000002 37.729124000000006, -122.49635700000002 37.729034000000006, -122.496035 37.72901200000001, -122.49568800000002 37.729059, -122.49428600000002 37.729399, -122.49346999999999 37.729597, -122.493444 37.72948499999999, -122.493311 37.72936299999999, -122.492538 37.72894699999999, -122.492267 37.72884, -122.49192900000001 37.728797, -122.491709 37.728826999999995, -122.49144200000002 37.72886399999999, -122.49101099999999 37.72907299999999, -122.490974 37.729112, -122.49055899999999 37.729547999999994, -122.49054699999999 37.729652, -122.49042500000002 37.72969199999999, -122.490135 37.730002999999996, -122.489901 37.730164999999985, -122.48958 37.73028599999997, -122.489205 37.730319, -122.48889 37.730257, -122.48672399999998 37.729586999999995, -122.48655199999999 37.729584999999986, -122.48647300000002 37.729504, -122.485722 37.729291999999994, -122.48540500000001 37.729019, -122.48405300000002 37.727411999999994, -122.48395700000002 37.72709, -122.483864 37.727019999999996, -122.48381599999999 37.726931, -122.483881 37.72667299999999, -122.48439300000001 37.725452, -122.484629 37.72489, -122.484962 37.72409500000002, -122.48507500000001 37.724, -122.485127 37.72394799999999, -122.48512200000002 37.72316599999999, -122.485143 37.72290399999999, -122.48512899999999 37.718624999999996, -122.48507700000002 37.71857399999998, -122.48512899999999 37.718534, -122.48512800000002 37.71836100000001, -122.48507599999998 37.718328, -122.48512800000002 37.718277, -122.485127 37.71805599999999, -122.48521099999998 37.716209, -122.48527600000001 37.71479200000002, -122.485229 37.714694999999985, -122.48504299999998 37.714754, -122.481822 37.714658, -122.48039100000001 37.71459999999999, -122.480302 37.71453999999999, -122.48020500000001 37.714591999999996, -122.47996100000002 37.71459099999998, -122.47888600000002 37.714567, -122.47701599999999 37.714593, -122.476624 37.71456699999999, -122.47629299999998 37.714498999999996, -122.47590700000002 37.71439799999999, -122.475537 37.71424700000001, -122.47547500000002 37.714156999999986, -122.475342 37.71415999999999, -122.473964 37.713446000000005, -122.47339099999999 37.71323300000001, -122.472821 37.71301999999999, -122.472737 37.71292700000001, -122.472584 37.712932, -122.472371 37.71286799999999, -122.47226900000001 37.712838, -122.471869 37.71279699999999, -122.471355 37.712801999999996, -122.471337 37.71268899999999, -122.47131100000001 37.712475000000005, -122.47125499999999 37.711831, -122.471252 37.711592, -122.471239 37.710648, -122.471225 37.70965699999999, -122.47121500000002 37.708939, -122.471268 37.708656000000005, -122.471277 37.708608999999996, -122.471319 37.70830499999999, -122.47148500000002 37.70833099999998, -122.47153100000001 37.708332, -122.471761 37.70833400000001, -122.47183700000001 37.708332000000006, -122.481083 37.708231999999995, -122.48378300000002 37.70833200000001, -122.48488300000001 37.708332000000006, -122.48511699999999 37.708285, -122.485382 37.708231000000005, -122.48559 37.708231, -122.48563000000001 37.708232, -122.48570200000002 37.708231999999974, -122.48604199999998 37.70823300000001, -122.48669000000001 37.70823299999999, -122.49358300000002 37.70823199999998, -122.497783 37.70813199999999, -122.49809300000001 37.708132, -122.49811 37.708132, -122.498169 37.708132))",4131.0,0.0,1008,075,S,060750604001008,+37.7339690,-122.4979651,G5040,Block 1008,06,060400,,
60750332031,"POLYGON ((-122.472821 37.71301999999999, -122.47339099999999 37.71323300000001, -122.473964 37.713446000000005, -122.475342 37.71415999999999, -122.47547500000002 37.714156999999986, -122.475537 37.71424700000001, -122.47590700000002 37.71439799999999, -122.47629299999998 37.714498999999996, -122.476624 37.71456699999999, -122.47701599999999 37.714593, -122.47888600000002 37.714567, -122.47996100000002 37.71459099999998, -122.48020500000001 37.714591999999996, -122.480302 37.71453999999999, -122.48039100000001 37.71459999999999, -122.481822 37.714658, -122.48504299999998 37.714754, -122.485229 37.714694999999985, -122.48527600000001 37.71479200000002, -122.48521099999998 37.716209, -122.485127 37.71805599999999, -122.48512800000002 37.718277, -122.48507599999998 37.718328, -122.48512800000002 37.71836100000001, -122.48512899999999 37.718534, -122.48507700000002 37.71857399999998, -122.484778 37.718571, -122.484833 37.718515, -122.48483100000001 37.718379, -122.48478099999998 37.718323000000005, -122.48483100000001 37.71827599999999, -122.484841 37.717357, -122.48478900000002 37.71729899999999, -122.484842 37.71725399999999, -122.484845 37.716958999999996, -122.484777 37.71668400000001, -122.484565 37.716280999999995, -122.484448 37.716178, -122.48438100000001 37.716099, -122.48385500000002 37.71558199999998, -122.48366000000001 37.715501999999994, -122.48331400000002 37.71549099999999, -122.48164699999998 37.71543799999997, -122.481632 37.71573999999999, -122.48160999999999 37.716190999999995, -122.48133899999999 37.71595599999999, -122.480287 37.715225000000004, -122.47999800000001 37.71502499999999, -122.47843600000002 37.71519399999998, -122.47832700000002 37.71528, -122.478432 37.71591, -122.47829500000002 37.71593, -122.477501 37.71601400000001, -122.476639 37.716105999999996, -122.47649300000002 37.716193, -122.47591800000001 37.716787999999994, -122.475354 37.71736799999999, -122.475253 37.717414999999974, -122.47438299999999 37.717507, -122.474439 37.71784900000001, -122.474484 37.718119, -122.474537 37.718436, -122.47459599999999 37.71879399999999, -122.47486300000001 37.71903599999998, -122.47465600000001 37.719153999999996, -122.474528 37.719065, -122.472844 37.717312, -122.47257200000001 37.717174, -122.47263299999999 37.716908, -122.47254200000002 37.716631000000014, -122.47237499999999 37.716122999999996, -122.471836 37.71464699999997, -122.47171100000001 37.714229, -122.47163900000001 37.713986, -122.471598 37.71384899999999, -122.471472 37.713426999999996, -122.471355 37.712801999999996, -122.471869 37.71279699999999, -122.47226900000001 37.712838, -122.472371 37.71286799999999, -122.472584 37.712932, -122.472737 37.71292700000001, -122.472821 37.71301999999999))",3614.0,0.0,1014,075,S,060750332031014,+37.7165246,-122.4851453,G5040,Block 1014,06,033203,,
60750313022,"POLYGON ((-122.471163 37.71280399999999, -122.471355 37.712801999999996, -122.471472 37.713426999999996, -122.471598 37.71384899999999, -122.47163900000001 37.713986, -122.47171100000001 37.714229, -122.471836 37.71464699999997, -122.47237499999999 37.716122999999996, -122.47254200000002 37.716631000000014, -122.47263299999999 37.716908, -122.47257200000001 37.717174, -122.472523 37.717122999999994, -122.471572 37.716125999999996, -122.471457 37.71608499999999, -122.47071400000002 37.716089, -122.469818 37.716093, -122.46891899999999 37.716097999999995, -122.46801700000002 37.71610299999998, -122.467116 37.71610799999999, -122.46622 37.716113, -122.466199 37.71427999999999, -122.467094 37.714273, -122.467073 37.712422, -122.46719200000001 37.712476999999986, -122.46801800000001 37.712455, -122.468446 37.7125, -122.46867 37.712523999999995, -122.46930599999999 37.712647, -122.46999300000002 37.71278100000001, -122.470331 37.712812000000014, -122.470895 37.712806, -122.471163 37.71280399999999))",15576.0,0.0,2010,075,S,060750313022010,+37.7134896,-122.4698906,G5040,Block 2010,06,031302,,
60750332032,"POLYGON ((-122.48164699999998 37.71543799999997, -122.48331400000002 37.71549099999999, -122.48366000000001 37.715501999999994, -122.48385500000002 37.71558199999998, -122.48438100000001 37.716099, -122.484448 37.716178, -122.484565 37.716280999999995, -122.484777 37.71668400000001, -122.484845 37.716958999999996, -122.484842 37.71725399999999, -122.48478900000002 37.71729899999999, -122.484841 37.717357, -122.48483100000001 37.71827599999999, -122.48478099999998 37.718323000000005, -122.48483100000001 37.718379, -122.484833 37.718515, -122.484778 37.718571, -122.48463100000001 37.718565999999996, -122.483143 37.71851700000001, -122.48315900000001 37.718271, -122.48318000000002 37.717952, -122.48320499999998 37.717585, -122.48154300000002 37.71753099999999, -122.480716 37.71750399999999, -122.48053499999999 37.717425, -122.479981 37.71694199999999, -122.47867399999998 37.717903, -122.478445 37.71769700000001, -122.47811300000001 37.717484000000006, -122.47772199999999 37.717411, -122.477377 37.717552999999995, -122.47730899999999 37.71762999999998, -122.477197 37.717683, -122.475982 37.716942999999986, -122.47591800000001 37.716787999999994, -122.47649300000002 37.716193, -122.476639 37.716105999999996, -122.477501 37.71601400000001, -122.47829500000002 37.71593, -122.478432 37.71591, -122.47832700000002 37.71528, -122.47843600000002 37.71519399999998, -122.47999800000001 37.71502499999999, -122.480287 37.715225000000004, -122.48133899999999 37.71595599999999, -122.48160999999999 37.716190999999995, -122.481632 37.71573999999999, -122.48164699999998 37.71543799999997))",6123.0,0.0,2007,075,S,060750332032007,+37.7172524,-122.4834439,G5040,Block 2007,06,033203,,
60750313012,"POLYGON ((-122.47071400000002 37.716089, -122.471457 37.71608499999999, -122.471572 37.716125999999996, -122.472523 37.717122999999994, -122.47257200000001 37.717174, -122.472655 37.7175, -122.472652 37.717698000000006, -122.47264400000002 37.71785299999999, -122.47263000000001 37.718097, -122.472604 37.718576999999996, -122.47254699999999 37.719639999999984, -122.472343 37.719635999999994, -122.471652 37.71963999999999, -122.47075200000002 37.719646000000004, -122.46985200000002 37.71965200000001, -122.46895100000002 37.719659, -122.468052 37.71966499999999, -122.46715300000001 37.71967199999998, -122.46625399999999 37.719679, -122.46623499999998 37.717912, -122.467137 37.71790599999999, -122.46803600000001 37.71789999999998, -122.46801700000002 37.71610299999998, -122.46891899999999 37.716097999999995, -122.469818 37.716093, -122.47071400000002 37.716089))",12923.0,0.0,2006,075,S,060750313012006,+37.7187332,-122.4720167,G5040,Block 2006,06,031301,,
60750313021,"POLYGON ((-122.462615 37.715619, -122.462608 37.71488399999999, -122.462602 37.71430799999998, -122.46350000000001 37.714301, -122.464401 37.714293999999995, -122.4653 37.714286999999985, -122.466199 37.71427999999999, -122.46622 37.716113, -122.467116 37.71610799999999, -122.46801700000002 37.71610299999998, -122.46803600000001 37.71789999999998, -122.467137 37.71790599999999, -122.46623499999998 37.717912, -122.46534199999999 37.717918, -122.46444 37.71792399999999, -122.463542 37.717929999999996, -122.46264 37.71793599999998, -122.462633 37.717421, -122.46262500000002 37.716570999999995, -122.46262 37.71614399999999, -122.462615 37.715619))",15872.0,0.0,1002,075,S,060750313021002,+37.7170217,-122.4648808,G5040,Block 1002,06,031302,,
60750332041,"POLYGON ((-122.47730899999999 37.71762999999998, -122.477377 37.717552999999995, -122.47772199999999 37.717411, -122.47811300000001 37.717484000000006, -122.478445 37.71769700000001, -122.47867399999998 37.717903, -122.478754 37.718061, -122.47876400000001 37.718286, -122.478646 37.71847100000001, -122.47855600000001 37.71853899999999, -122.47851100000001 37.718641999999996, -122.47954199999998 37.71953399999999, -122.47975400000001 37.71957299999999, -122.479114 37.72003999999999, -122.47903 37.72014699999999, -122.478986 37.720884, -122.478876 37.720839, -122.47702100000002 37.720773, -122.47616300000001 37.72074199999998, -122.47606999999999 37.72077999999999, -122.47602 37.720746, -122.475724 37.720791999999996, -122.47540099999999 37.72088699999998, -122.475222 37.721056999999995, -122.475342 37.720866000000015, -122.475342 37.72054899999999, -122.475225 37.720442999999996, -122.475342 37.720273, -122.47522699999999 37.71983599999999, -122.475168 37.71976699999999, -122.47489699999998 37.719448, -122.47485 37.71939899999999, -122.474528 37.719065, -122.47465600000001 37.719153999999996, -122.47486300000001 37.71903599999998, -122.47459599999999 37.71879399999999, -122.474537 37.718436, -122.474484 37.718119, -122.474439 37.71784900000001, -122.47438299999999 37.717507, -122.475253 37.717414999999974, -122.475354 37.71736799999999, -122.47591800000001 37.716787999999994, -122.475982 37.716942999999986, -122.477197 37.717683, -122.47730899999999 37.71762999999998))",3269.0,0.0,1012,075,S,060750332041012,+37.7193922,-122.4758381,G5040,Block 1012,06,033204,,
60750332042,"POLYGON ((-122.480716 37.71750399999999, -122.48154300000002 37.71753099999999, -122.48320499999998 37.717585, -122.48318000000002 37.717952, -122.48315900000001 37.718271, -122.483143 37.71851700000001, -122.483104 37.719108999999996, -122.48142399999999 37.719055999999995, -122.48063400000001 37.719031999999984, -122.48043799999999 37.71907100000001, -122.47975400000001 37.71957299999999, -122.47954199999998 37.71953399999999, -122.47851100000001 37.718641999999996, -122.47855600000001 37.71853899999999, -122.478646 37.71847100000001, -122.47876400000001 37.718286, -122.478754 37.718061, -122.47867399999998 37.717903, -122.479981 37.71694199999999, -122.48053499999999 37.717425, -122.480716 37.71750399999999))",3140.0,0.0,2000,075,S,060750332042000,+37.7190396,-122.4791371,G5040,Block 2000,06,033204,,
60750332043,"POLYGON ((-122.48507700000002 37.71857399999998, -122.48512899999999 37.718624999999996, -122.485143 37.72290399999999, -122.48512200000002 37.72316599999999, -122.485127 37.72394799999999, -122.48507500000001 37.724, -122.484818 37.72404899999998, -122.48374 37.723153, -122.483713 37.723099, -122.48362100000001 37.723024, -122.483412 37.722944999999996, -122.48335 37.722738, -122.48249200000002 37.72200099999999, -122.48238100000002 37.721959, -122.482306 37.72178500000002, -122.48211100000002 37.721702, -122.48114 37.720863, -122.481058 37.72070300000001, -122.48082900000001 37.72059499999999, -122.47982699999999 37.719729, -122.47975400000001 37.71957299999999, -122.48043799999999 37.71907100000001, -122.48063400000001 37.719031999999984, -122.48142399999999 37.719055999999995, -122.483104 37.719108999999996, -122.483143 37.71851700000001, -122.48463100000001 37.718565999999996, -122.484778 37.718571, -122.48507700000002 37.71857399999998))",46198.0,0.0,3001,075,S,060750332043001,+37.7219689,-122.4841664,G5040,Block 3001,06,033204,,
60750331004,"POLYGON ((-122.492538 37.72894699999999, -122.493311 37.72936299999999, -122.493444 37.72948499999999, -122.49346999999999 37.729597, -122.49349 37.729774, -122.493631 37.731802, -122.49371900000001 37.731910000000006, -122.493646 37.732006, -122.493672 37.732382, -122.493723 37.733115000000005, -122.49377200000002 37.733816, -122.49378400000002 37.73398900000001, -122.493345 37.734009, -122.49225900000002 37.73405799999999, -122.49150900000001 37.734092, -122.491343 37.734007999999996, -122.491132 37.734096, -122.49055 37.734125, -122.49044399999998 37.73405, -122.49032600000001 37.734136, -122.48908600000001 37.73419700000001, -122.488956 37.734113, -122.488745 37.73421499999999, -122.48817199999999 37.73424, -122.487248 37.73427999999999, -122.48638399999999 37.734316999999976, -122.48610099999999 37.734328999999995, -122.48593300000002 37.734247, -122.485775 37.73434499999999, -122.485518 37.734356000000005, -122.48552500000001 37.73419399999998, -122.485395 37.732276999999996, -122.48530199999999 37.730946, -122.48617899999999 37.730879, -122.48617700000001 37.73059099999999, -122.486311 37.730221, -122.48651600000001 37.72980199999999, -122.48655199999999 37.729584999999986, -122.48672399999998 37.729586999999995, -122.48889 37.730257, -122.489205 37.730319, -122.48958 37.73028599999997, -122.489901 37.730164999999985, -122.490135 37.730002999999996, -122.49042500000002 37.72969199999999, -122.49054699999999 37.729652, -122.49055899999999 37.729547999999994, -122.490974 37.729112, -122.49101099999999 37.72907299999999, -122.49144200000002 37.72886399999999, -122.491709 37.728826999999995, -122.49192900000001 37.728797, -122.492267 37.72884, -122.492538 37.72894699999999))",3961.0,0.0,4025,075,S,060750331004025,+37.7339563,-122.4926057,G5040,Block 4025,06,033100,,
60750353005,"POLYGON ((-122.49903900000001 37.734562, -122.49919599999998 37.73431199999999, -122.499239 37.73445399999999, -122.50006300000001 37.734905, -122.500493 37.73510499999998, -122.500902 37.73525299999999, -122.501097 37.735206000000005, -122.500959 37.735471, -122.50101 37.736324, -122.501142 37.738192, -122.501272 37.740049000000006, -122.501404 37.74190999999999, -122.500332 37.741959, -122.499262 37.742007, -122.49913200000002 37.740143, -122.499001 37.73828599999999, -122.50005799999998 37.738239, -122.499939 37.73637099999999, -122.498869 37.73641700000001, -122.498789 37.73528299999998, -122.498793 37.735071000000005, -122.498863 37.73484199999998, -122.49903900000001 37.734562))",19037.0,0.0,5006,075,S,060750353005006,+37.7354902,-122.4993620,G5040,Block 5006,06,035300,,
60750332011,"POLYGON ((-122.481058 37.72070300000001, -122.48114 37.720863, -122.48211100000002 37.721702, -122.482306 37.72178500000002, -122.48238100000002 37.721959, -122.48249200000002 37.72200099999999, -122.48335 37.722738, -122.483412 37.722944999999996, -122.48362100000001 37.723024, -122.483713 37.723099, -122.48374 37.723153, -122.484818 37.72404899999998, -122.48507500000001 37.724, -122.484962 37.72409500000002, -122.484629 37.72489, -122.48439300000001 37.725452, -122.483881 37.72667299999999, -122.48381599999999 37.726931, -122.483864 37.727019999999996, -122.48395700000002 37.72709, -122.48405300000002 37.727411999999994, -122.48540500000001 37.729019, -122.485722 37.729291999999994, -122.48647300000002 37.729504, -122.48655199999999 37.729584999999986, -122.48651600000001 37.72980199999999, -122.486311 37.730221, -122.48617700000001 37.73059099999999, -122.48617899999999 37.730879, -122.48530199999999 37.730946, -122.48442299999999 37.73101299999999, -122.48354499999999 37.731080000000006, -122.48266400000001 37.73114699999999, -122.48193000000002 37.731172, -122.48178700000001 37.73117, -122.4809 37.731158, -122.480015 37.73114799999999, -122.47913199999999 37.731139000000006, -122.47824700000001 37.731128999999996, -122.47723200000001 37.731117999999995, -122.47683900000001 37.731114, -122.47592699999998 37.731104, -122.47485700000001 37.731066000000006, -122.47478200000002 37.730993, -122.47473499999998 37.73036099999998, -122.474634 37.72899199999998, -122.47463 37.72893399999999, -122.474733 37.727032999999984, -122.4749 37.726991, -122.47474199999999 37.72687399999999, -122.474811 37.725593, -122.474848 37.72490599999999, -122.47494700000001 37.72308599999999, -122.475049 37.721211, -122.475222 37.721056999999995, -122.47540099999999 37.72088699999998, -122.475724 37.720791999999996, -122.47602 37.720746, -122.47606999999999 37.72077999999999, -122.47616300000001 37.72074199999998, -122.47702100000002 37.720773, -122.478876 37.720839, -122.478986 37.720884, -122.47903 37.72014699999999, -122.479114 37.72003999999999, -122.47975400000001 37.71957299999999, -122.47982699999999 37.719729, -122.48082900000001 37.72059499999999, -122.481058 37.72070300000001))",565.0,0.0,1016,075,S,060750332011016,+37.7208606,-122.4756682,G5040,Block 1016,06,033201,,
60750331002,"POLYGON ((-122.48354499999999 37.731080000000006, -122.48442299999999 37.73101299999999, -122.48530199999999 37.730946, -122.485395 37.732276999999996, -122.48552500000001 37.73419399999998, -122.485518 37.734356000000005, -122.48497300000001 37.73437799999999, -122.48471 37.734389, -122.48407499999999 37.73441499999999, -122.483881 37.73442299999999, -122.48377500000001 37.73434200000001, -122.48367500000002 37.73443299999999, -122.48321600000001 37.734455, -122.482875 37.734472, -122.482351 37.73449699999999, -122.48211 37.734508999999996, -122.48201399999999 37.73442, -122.481897 37.734519, -122.48148699999999 37.734536999999996, -122.48113299999999 37.734552, -122.480254 37.734590000000004, -122.480246 37.734427, -122.480111 37.732510000000005, -122.480015 37.73114799999999, -122.4809 37.731158, -122.48178700000001 37.73117, -122.48193000000002 37.731172, -122.48266400000001 37.73114699999999, -122.48354499999999 37.731080000000006))",2665.0,0.0,2006,075,S,060750331002006,+37.7343099,-122.4846761,G5040,Block 2006,06,033100,,
60750331001,"POLYGON ((-122.47824700000001 37.731128999999996, -122.47913199999999 37.731139000000006, -122.480015 37.73114799999999, -122.480111 37.732510000000005, -122.480246 37.734427, -122.480254 37.734590000000004, -122.47970300000001 37.73461400000001, -122.47946000000002 37.73453299999999, -122.47936899999999 37.73462899999999, -122.47802300000001 37.73467600000001, -122.477186 37.734705999999996, -122.477081 37.734618, -122.47697 37.734714, -122.476392 37.734728000000004, -122.47609 37.73472499999999, -122.47530800000001 37.734718000000015, -122.47510199999999 37.734626, -122.475164 37.73448299999999, -122.47503700000001 37.732622, -122.474955 37.732456, -122.47500400000001 37.732353, -122.47493300000001 37.73118099999999, -122.47485700000001 37.731066000000006, -122.47592699999998 37.731104, -122.47683900000001 37.731114, -122.47723200000001 37.731117999999995, -122.47824700000001 37.731128999999996))",1125.0,0.0,1007,075,S,060750331001007,+37.7345207,-122.4798947,G5040,Block 1007,06,033100,,
60750331003,"POLYGON ((-122.49787100000002 37.730729999999994, -122.49806 37.731165, -122.498002 37.73127799999998, -122.49823 37.731376, -122.499059 37.73157599999999, -122.498107 37.73226799999998, -122.497456 37.733013, -122.49676 37.73358599999999, -122.496636 37.733771, -122.496449 37.73387699999999, -122.49440300000002 37.733959999999996, -122.493942 37.73398100000001, -122.49378400000002 37.73398900000001, -122.49377200000002 37.733816, -122.493723 37.733115000000005, -122.493672 37.732382, -122.493646 37.732006, -122.49371900000001 37.731910000000006, -122.493631 37.731802, -122.49349 37.729774, -122.49346999999999 37.729597, -122.49428600000002 37.729399, -122.49568800000002 37.729059, -122.496035 37.72901200000001, -122.49635700000002 37.729034000000006, -122.49669900000002 37.729124000000006, -122.497017 37.72930300000001, -122.497233 37.729489999999984, -122.49735400000002 37.729668, -122.497364 37.72968899999999, -122.49787100000002 37.730729999999994))",2844.0,0.0,3008,075,S,060750331003008,+37.7328905,-122.4937858,G5040,Block 3008,06,033100,,
60750309007,"POLYGON ((-122.474528 37.719065, -122.47485 37.71939899999999, -122.47489699999998 37.719448, -122.475168 37.71976699999999, -122.47522699999999 37.71983599999999, -122.475342 37.720273, -122.475225 37.720442999999996, -122.475342 37.72054899999999, -122.475342 37.720866000000015, -122.475222 37.721056999999995, -122.475049 37.721211, -122.47494700000001 37.72308599999999, -122.474848 37.72490599999999, -122.474811 37.725593, -122.47474199999999 37.72687399999999, -122.4749 37.726991, -122.474655 37.726904, -122.47423300000001 37.726888, -122.47334700000002 37.72685499999999, -122.472379 37.726820999999994, -122.472057 37.72682399999999, -122.47216100000001 37.72668399999998, -122.472223 37.725535, -122.472261 37.724812, -122.47231400000001 37.723828000000005, -122.47242500000002 37.721754, -122.47232199999999 37.721624, -122.472449 37.721452999999975, -122.47254699999999 37.719639999999984, -122.472604 37.718576999999996, -122.47263000000001 37.718097, -122.47264400000002 37.71785299999999, -122.472652 37.717698000000006, -122.472655 37.7175, -122.47257200000001 37.717174, -122.472844 37.717312, -122.474528 37.719065))",1265.0,0.0,7019,075,S,060750309007019,+37.7207404,-122.4752066,G5040,Block 7019,06,030900,,
60750313011,"POLYGON ((-122.47232199999999 37.721624, -122.471983 37.72166099999999, -122.47176 37.72167099999999, -122.47167400000002 37.72163099999999, -122.470779 37.721637, -122.46987699999998 37.72164299999999, -122.46974 37.72164399999999, -122.468974 37.721650000000004, -122.46866000000001 37.721652, -122.468076 37.72165599999999, -122.467615 37.721658999999974, -122.467185 37.721661999999995, -122.46658800000002 37.721666, -122.466278 37.721667999999994, -122.46625399999999 37.719679, -122.46715300000001 37.71967199999998, -122.468052 37.71966499999999, -122.46895100000002 37.719659, -122.46985200000002 37.71965200000001, -122.47075200000002 37.719646000000004, -122.471652 37.71963999999999, -122.472343 37.719635999999994, -122.47254699999999 37.719639999999984, -122.472449 37.721452999999975, -122.47232199999999 37.721624))",17575.0,0.0,1003,075,S,060750313011003,+37.7206513,-122.4694135,G5040,Block 1003,06,031301,,
60750309004,"POLYGON ((-122.47167400000002 37.72163099999999, -122.47176 37.72167099999999, -122.471983 37.72166099999999, -122.47232199999999 37.721624, -122.47242500000002 37.721754, -122.47231400000001 37.723828000000005, -122.472261 37.724812, -122.472223 37.725535, -122.47216100000001 37.72668399999998, -122.472057 37.72682399999999, -122.472158 37.72696099999998, -122.47211899999999 37.727647000000005, -122.472054 37.72880299999999, -122.471997 37.729808999999975, -122.47198100000001 37.730098999999996, -122.47193600000001 37.73089999999999, -122.471797 37.73103199999999, -122.471679 37.73101800000001, -122.47016799999999 37.73036999999998, -122.47011000000002 37.730307999999994, -122.47002499999999 37.73030100000002, -122.469398 37.730031, -122.46934200000001 37.72997699999999, -122.469242 37.729978, -122.46891800000002 37.729839, -122.46865 37.729672, -122.468611 37.729599, -122.468497 37.729580999999996, -122.468434 37.72953599999999, -122.468212 37.72930300000001, -122.468208 37.729220999999995, -122.46813 37.72918399999999, -122.468064 37.72905000000001, -122.468077 37.728975000000005, -122.46801199999999 37.728930999999996, -122.467737 37.728423999999976, -122.46773900000001 37.72832900000001, -122.467671 37.72828999999998, -122.467503 37.728034, -122.467347 37.72784599999999, -122.467331 37.727771999999995, -122.46723 37.72774999999999, -122.46670399999998 37.727317, -122.466681 37.727238, -122.46674400000002 37.727084, -122.467421 37.726679, -122.467758 37.72652699999999, -122.468182 37.726389999999995, -122.469031 37.72628199999999, -122.46918600000001 37.726299999999995, -122.46909200000002 37.72611500000001, -122.46880700000001 37.72574, -122.469153 37.72568199999999, -122.469599 37.72548299999999, -122.469836 37.725271000000006, -122.469896 37.725177999999985, -122.47001800000001 37.72498699999999, -122.47007500000001 37.72466299999998, -122.46998100000002 37.724305999999984, -122.46972300000002 37.72398299999999, -122.46932400000001 37.723749999999995, -122.46873000000001 37.723625999999975, -122.469275 37.722826, -122.469578 37.722165, -122.46974 37.72164399999999, -122.46987699999998 37.72164299999999, -122.470779 37.721637, -122.47167400000002 37.72163099999999))",1474.0,0.0,4008,075,S,060750309004008,+37.7272661,-122.4720402,G5040,Block 4008,06,030900,,
60750309003,"POLYGON ((-122.466278 37.721667999999994, -122.46658800000002 37.721666, -122.467185 37.721661999999995, -122.467615 37.721658999999974, -122.468076 37.72165599999999, -122.46866000000001 37.721652, -122.468974 37.721650000000004, -122.46974 37.72164399999999, -122.469578 37.722165, -122.469275 37.722826, -122.46873000000001 37.723625999999975, -122.46932400000001 37.723749999999995, -122.46972300000002 37.72398299999999, -122.46998100000002 37.724305999999984, -122.47007500000001 37.72466299999998, -122.47001800000001 37.72498699999999, -122.469896 37.725177999999985, -122.469836 37.725271000000006, -122.469599 37.72548299999999, -122.469153 37.72568199999999, -122.46880700000001 37.72574, -122.46909200000002 37.72611500000001, -122.46918600000001 37.726299999999995, -122.469031 37.72628199999999, -122.468182 37.726389999999995, -122.467758 37.72652699999999, -122.467421 37.726679, -122.46674400000002 37.727084, -122.466681 37.727238, -122.466592 37.727216999999996, -122.466101 37.726843, -122.46607300000001 37.726785, -122.465992 37.72678499999998, -122.465644 37.726580999999996, -122.46538 37.72647999999999, -122.46531300000001 37.726404999999986, -122.465209 37.726412, -122.464612 37.726198, -122.464573 37.72613200000001, -122.46449299999999 37.72615499999999, -122.46425900000001 37.726069, -122.46422000000001 37.72600200000001, -122.46412 37.726024999999986, -122.46388400000001 37.725936, -122.463844 37.725862000000006, -122.463747 37.725873, -122.46287 37.725547999999996, -122.462815 37.725481999999985, -122.46273 37.72549000000001, -122.46227999999999 37.725328, -122.46221299999999 37.725266, -122.46227999999999 37.725147, -122.462279 37.724866, -122.462276 37.724271, -122.462274 37.72363699999999, -122.46227100000002 37.723020999999996, -122.46226500000002 37.721827999999995, -122.46226500000002 37.72169499999999, -122.46268299999998 37.72169199999999, -122.463582 37.721686, -122.46448400000001 37.72168, -122.46539100000001 37.72167399999999, -122.465564 37.721672999999996, -122.466278 37.721667999999994))",20880.0,0.0,3014,075,S,060750309003014,+37.7244663,-122.4668754,G5040,Block 3014,06,030900,,
60750312014,"POLYGON ((-122.462254 37.720009, -122.46226500000002 37.72169499999999, -122.46226500000002 37.721827999999995, -122.462231 37.721827999999995, -122.46124199999998 37.721831, -122.46022400000001 37.721835, -122.459204 37.721836999999994, -122.459198 37.72002399999999, -122.45918700000001 37.71823, -122.460209 37.71823099999999, -122.461231 37.71823199999999, -122.46224499999998 37.718219999999995, -122.46224499999998 37.718768, -122.46226200000001 37.719929, -122.462254 37.720009))",18048.0,0.0,4001,075,S,060750312014001,+37.7209265,-122.4607295,G5040,Block 4001,06,031201,,
60750312021,"POLYGON ((-122.45337800000001 37.71776799999999, -122.45405 37.718126000000005, -122.454082 37.718174, -122.45418899999999 37.718239, -122.455111 37.71823699999998, -122.456108 37.71823499999999, -122.457145 37.718233000000005, -122.458163 37.71823199999999, -122.45918700000001 37.71823, -122.459198 37.72002399999999, -122.45817800000002 37.720026999999995, -122.457158 37.72003, -122.456133 37.720033, -122.455118 37.72003600000001, -122.454096 37.720037999999995, -122.453092 37.72004099999999, -122.452575 37.72004199999999, -122.452506 37.72003000000002, -122.45232899999999 37.71995899999999, -122.45164600000001 37.71968599999999, -122.45223199999998 37.718759999999996, -122.45229400000001 37.718719, -122.45254800000002 37.718721, -122.45337800000001 37.71776799999999))",17706.0,0.0,1002,075,S,060750312021002,+37.7191379,-122.4556175,G5040,Block 1002,06,031202,,
60750312011,"POLYGON ((-122.456141 37.721846, -122.455127 37.72184899999999, -122.454107 37.72185100000001, -122.45310100000002 37.721854, -122.45310199999999 37.722121, -122.45310700000002 37.723243999999994, -122.45304200000001 37.723259, -122.45237299999998 37.723116999999995, -122.452332 37.72307999999999, -122.45222 37.723115, -122.45171100000002 37.72304599999998, -122.45159499999998 37.72299199999999, -122.45147399999999 37.72307799999999, -122.45065500000001 37.72307199999997, -122.450073 37.723042, -122.449893 37.723033, -122.449615 37.72301899999999, -122.44955900000001 37.722961000000005, -122.450118 37.722083, -122.45092700000002 37.720813, -122.45164600000001 37.71968599999999, -122.45232899999999 37.71995899999999, -122.452506 37.72003000000002, -122.452575 37.72004199999999, -122.453092 37.72004099999999, -122.454096 37.720037999999995, -122.455118 37.72003600000001, -122.456133 37.720033, -122.457158 37.72003, -122.45817800000002 37.720026999999995, -122.459198 37.72002399999999, -122.459204 37.721836999999994, -122.45818299999998 37.72184, -122.457163 37.72184300000001, -122.456141 37.721846))",3036.0,0.0,1000,075,S,060750312011000,+37.7229799,-122.4506416,G5040,Block 1000,06,031201,,
60750313013,"POLYGON ((-122.46226200000001 37.719929, -122.46224499999998 37.718768, -122.46224499999998 37.718219999999995, -122.462639 37.71821099999999, -122.46264 37.71793599999998, -122.463542 37.717929999999996, -122.46444 37.71792399999999, -122.46534199999999 37.717918, -122.46623499999998 37.717912, -122.46625399999999 37.719679, -122.466278 37.721667999999994, -122.465564 37.721672999999996, -122.46539100000001 37.72167399999999, -122.46448400000001 37.72168, -122.463582 37.721686, -122.46268299999998 37.72169199999999, -122.46226500000002 37.72169499999999, -122.462254 37.720009, -122.46226200000001 37.719929))",7072.0,0.0,3009,075,S,060750313013009,+37.7191151,-122.4624530,G5040,Block 3009,06,031301,,
60750312012,"POLYGON ((-122.45718500000001 37.724132999999995, -122.457169 37.724101999999995, -122.457109 37.724116999999985, -122.456552 37.724, -122.45651600000001 37.72396399999999, -122.456469 37.723982, -122.456181 37.723921, -122.45614999999998 37.723887, -122.456088 37.72390199999999, -122.45517399999999 37.723709000000014, -122.455136 37.723672, -122.45507 37.72368699999999, -122.45416100000001 37.723495, -122.45411600000001 37.72345700000001, -122.454042 37.723413, -122.45316400000002 37.72322799999999, -122.45310700000002 37.723243999999994, -122.45310199999999 37.722121, -122.45310100000002 37.721854, -122.454107 37.72185100000001, -122.455127 37.72184899999999, -122.456141 37.721846, -122.457163 37.72184300000001, -122.45818299999998 37.72184, -122.459204 37.721836999999994, -122.45921 37.72365200000002, -122.459213 37.72453299999998, -122.45914 37.724546, -122.458243 37.724357, -122.45819100000001 37.72431799999999, -122.45812100000002 37.724331, -122.45736800000002 37.724171999999996, -122.45734100000001 37.724137999999996, -122.4573 37.72415799999999, -122.45718500000001 37.724132999999995))",544.0,0.0,2004,075,S,060750312012004,+37.7237788,-122.4556408,G5040,Block 2004,06,031201,,
60750310002,"POLYGON ((-122.458194 37.725072, -122.45825099999999 37.725153999999996, -122.458253 37.725648, -122.45819900000002 37.725726, -122.45825400000001 37.725805, -122.45826099999998 37.72746299999999, -122.45820499999999 37.72758499999999, -122.45826099999998 37.72772399999999, -122.45827200000001 37.72936499999999, -122.45821500000001 37.729444, -122.45827200000001 37.729524, -122.45827500000001 37.73001, -122.45821799999999 37.73009499999999, -122.458276 37.73017399999999, -122.45828 37.730709999999995, -122.45822300000002 37.730777, -122.457899 37.73075399999998, -122.45744600000002 37.73068800000001, -122.45751500000001 37.730784000000014, -122.45752700000001 37.730883999999996, -122.457474 37.730997, -122.45735500000002 37.731051999999984, -122.456673 37.731202, -122.45660699999998 37.731188, -122.45654200000001 37.731238999999995, -122.456249 37.73130400000001, -122.45584900000001 37.731370999999996, -122.45576299999998 37.73134900000001, -122.455684 37.73139400000001, -122.45550000000001 37.73142500000001, -122.45500599999998 37.73148499999999, -122.45491599999998 37.731465, -122.45483300000002 37.731516, -122.454674 37.731534999999994, -122.45358200000001 37.731558, -122.453497 37.73156, -122.45341099999999 37.731531, -122.45340999999999 37.73145099999999, -122.45340999999999 37.731137, -122.45340899999998 37.73067199999999, -122.453394 37.72983699999998, -122.45407200000001 37.729834000000004, -122.454007 37.72944800000001, -122.45400200000002 37.729165999999985, -122.45399600000002 37.728802999999985, -122.453991 37.728512, -122.452442 37.728502, -122.45232799999998 37.728303, -122.452382 37.727868, -122.45237 37.72673800000002, -122.452344 37.724255, -122.45233600000002 37.723547999999994, -122.452332 37.72307999999999, -122.45237299999998 37.723116999999995, -122.45304200000001 37.723259, -122.45310700000002 37.723243999999994, -122.45316400000002 37.72322799999999, -122.454042 37.723413, -122.45411600000001 37.72345700000001, -122.45416100000001 37.723495, -122.45507 37.72368699999999, -122.455136 37.723672, -122.45517399999999 37.723709000000014, -122.456088 37.72390199999999, -122.45614999999998 37.723887, -122.456181 37.723921, -122.456469 37.723982, -122.45651600000001 37.72396399999999, -122.456552 37.724, -122.457109 37.724116999999985, -122.457169 37.724101999999995, -122.45718500000001 37.724132999999995, -122.4573 37.72415799999999, -122.45734100000001 37.724137999999996, -122.45736800000002 37.724171999999996, -122.45812100000002 37.724331, -122.45819100000001 37.72431799999999, -122.45824200000001 37.72441200000001, -122.45824999999999 37.724989, -122.458194 37.725072))",559.0,0.0,2011,075,S,060750310002011,+37.7310892,-122.4570196,G5040,Block 2011,06,031000,,
60750312013,"POLYGON ((-122.46018100000002 37.724765999999995, -122.45999499999999 37.724727, -122.459955 37.724689999999995, -122.459894 37.72470499999997, -122.459256 37.724571, -122.459213 37.72453299999998, -122.45921 37.72365200000002, -122.459204 37.721836999999994, -122.46022400000001 37.721835, -122.46124199999998 37.721831, -122.462231 37.721827999999995, -122.46226500000002 37.721827999999995, -122.46227100000002 37.723020999999996, -122.462274 37.72363699999999, -122.462276 37.724271, -122.462279 37.724866, -122.46227999999999 37.725147, -122.46221299999999 37.725266, -122.462104 37.725269999999995, -122.46128099999999 37.72499700000001, -122.46121099999999 37.72495, -122.461135 37.72496199999999, -122.460286 37.724788, -122.460234 37.724749, -122.46018100000002 37.724765999999995))",507.0,0.0,3003,075,S,060750312013003,+37.7248486,-122.4607200,G5040,Block 3003,06,031201,,
60750310003,"POLYGON ((-122.45999499999999 37.724727, -122.46018100000002 37.724765999999995, -122.460234 37.724749, -122.460286 37.724788, -122.461135 37.72496199999999, -122.46121099999999 37.72495, -122.46128099999999 37.72499700000001, -122.462104 37.725269999999995, -122.46221299999999 37.725266, -122.46227999999999 37.725328, -122.46273 37.72549000000001, -122.462815 37.725481999999985, -122.462687 37.725775, -122.462575 37.72673599999999, -122.462545 37.726997, -122.462546 37.72713099999999, -122.46254700000001 37.727225000000004, -122.462616 37.727529000000004, -122.46273600000002 37.727784, -122.46288799999998 37.728055999999995, -122.46270300000002 37.728023999999984, -122.462378 37.728010999999995, -122.462068 37.72805, -122.46182400000001 37.72811899999999, -122.46142199999998 37.72833, -122.46094600000002 37.72860599999999, -122.46081599999998 37.728681, -122.46113900000002 37.728764999999996, -122.461379 37.728787, -122.461599 37.72876399999999, -122.46180600000001 37.728719999999996, -122.46152400000001 37.729319, -122.46173700000001 37.73002199999999, -122.46162799999999 37.73005399999999, -122.461341 37.730076, -122.46093899999998 37.73021200000001, -122.46065500000002 37.730394999999994, -122.460573 37.730435000000014, -122.460505 37.730529, -122.460285 37.73062, -122.46004300000001 37.730707, -122.459756 37.730785000000004, -122.459474 37.730827, -122.459211 37.730852999999996, -122.45891199999998 37.730855999999996, -122.45873 37.730841, -122.458696 37.730838, -122.45868899999999 37.73075199999998, -122.458472 37.73075299999999, -122.45822300000002 37.730777, -122.45828 37.730709999999995, -122.458276 37.73017399999999, -122.45821799999999 37.73009499999999, -122.45827500000001 37.73001, -122.45827200000001 37.729524, -122.45821500000001 37.729444, -122.45827200000001 37.72936499999999, -122.45826099999998 37.72772399999999, -122.45820499999999 37.72758499999999, -122.45826099999998 37.72746299999999, -122.45825400000001 37.725805, -122.45819900000002 37.725726, -122.458253 37.725648, -122.45825099999999 37.725153999999996, -122.458194 37.725072, -122.45824999999999 37.724989, -122.45824200000001 37.72441200000001, -122.45819100000001 37.72431799999999, -122.458243 37.724357, -122.45914 37.724546, -122.459213 37.72453299999998, -122.459256 37.724571, -122.459894 37.72470499999997, -122.459955 37.724689999999995, -122.45999499999999 37.724727))",9805.0,0.0,3008,075,S,060750310003008,+37.7281608,-122.4603629,G5040,Block 3008,06,031000,,
60750311003,"POLYGON ((-122.45147399999999 37.72307799999999, -122.45159499999998 37.72299199999999, -122.45171100000002 37.72304599999998, -122.45222 37.723115, -122.452332 37.72307999999999, -122.45233600000002 37.723547999999994, -122.452344 37.724255, -122.45237 37.72673800000002, -122.452382 37.727868, -122.45232799999998 37.728303, -122.452442 37.728502, -122.453991 37.728512, -122.45399600000002 37.728802999999985, -122.45400200000002 37.729165999999985, -122.45369900000001 37.729167999999994, -122.452809 37.729085999999995, -122.452527 37.729083999999986, -122.45244 37.729057999999995, -122.451131 37.72906199999998, -122.448849 37.729073, -122.446564 37.729082999999996, -122.446559 37.728275, -122.444399 37.728287, -122.44427700000001 37.72826200000001, -122.44370699999999 37.72830400000001, -122.443664 37.728304, -122.44379099999999 37.72823299999999, -122.444423 37.72779899999999, -122.444688 37.727582999999996, -122.445041 37.727295000000005, -122.445603 37.726734, -122.445724 37.72661299999999, -122.44595299999999 37.72636500000001, -122.446308 37.725978000000005, -122.44639099999999 37.725863000000004, -122.446864 37.725213, -122.44720100000002 37.724637999999985, -122.447237 37.72456899999999, -122.44753399999999 37.724005000000005, -122.44758600000002 37.72387999999998, -122.44760099999999 37.723834999999994, -122.447878 37.723004999999986, -122.448098 37.72300499999999, -122.449178 37.723002999999984, -122.44948400000001 37.72300299999999, -122.44955900000001 37.722961000000005, -122.449615 37.72301899999999, -122.449893 37.723033, -122.450073 37.723042, -122.45065500000001 37.72307199999997, -122.45147399999999 37.72307799999999))",53421.0,0.0,3000,075,S,060750311003000,+37.7256325,-122.4468275,G5040,Block 3000,06,031100,,
60750309002,"POLYGON ((-122.466101 37.726843, -122.466592 37.727216999999996, -122.466681 37.727238, -122.46670399999998 37.727317, -122.46723 37.72774999999999, -122.467331 37.727771999999995, -122.467347 37.72784599999999, -122.467503 37.728034, -122.467671 37.72828999999998, -122.46773900000001 37.72832900000001, -122.467737 37.728423999999976, -122.46801199999999 37.728930999999996, -122.468077 37.728975000000005, -122.467716 37.729375000000005, -122.46749599999998 37.72966399999999, -122.46723900000002 37.73013299999998, -122.4671 37.73049100000001, -122.467025 37.73081399999999, -122.46698500000001 37.731073, -122.466944 37.731787999999995, -122.466915 37.732442999999975, -122.466998 37.733092, -122.46691600000001 37.733128999999984, -122.466371 37.733117000000014, -122.465807 37.73318299999999, -122.465659 37.733153000000016, -122.465503 37.73313600000001, -122.464675 37.732523, -122.464456 37.732361, -122.46442000000002 37.732284, -122.464396 37.732223, -122.464191 37.73207199999999, -122.464108 37.732053, -122.464069 37.731984, -122.463798 37.731622, -122.463755 37.73152699999999, -122.46349900000001 37.73085499999999, -122.46331999999998 37.730671, -122.46240699999998 37.730138, -122.462086 37.73002199999999, -122.46182400000001 37.72999600000001, -122.46173700000001 37.73002199999999, -122.46152400000001 37.729319, -122.46180600000001 37.728719999999996, -122.461599 37.72876399999999, -122.461379 37.728787, -122.46113900000002 37.728764999999996, -122.46081599999998 37.728681, -122.46094600000002 37.72860599999999, -122.46142199999998 37.72833, -122.46182400000001 37.72811899999999, -122.462068 37.72805, -122.462378 37.728010999999995, -122.46270300000002 37.728023999999984, -122.46288799999998 37.728055999999995, -122.46273600000002 37.727784, -122.462616 37.727529000000004, -122.46254700000001 37.727225000000004, -122.462546 37.72713099999999, -122.462545 37.726997, -122.462575 37.72673599999999, -122.462687 37.725775, -122.462815 37.725481999999985, -122.46287 37.725547999999996, -122.463747 37.725873, -122.463844 37.725862000000006, -122.46388400000001 37.725936, -122.46412 37.726024999999986, -122.46422000000001 37.72600200000001, -122.46425900000001 37.726069, -122.46449299999999 37.72615499999999, -122.464573 37.72613200000001, -122.464612 37.726198, -122.465209 37.726412, -122.46531300000001 37.726404999999986, -122.46538 37.72647999999999, -122.465644 37.726580999999996, -122.465992 37.72678499999998, -122.46607300000001 37.726785, -122.466101 37.726843))",8135.0,0.0,2003,075,S,060750309002003,+37.7316491,-122.4643732,G5040,Block 2003,06,030900,,
60750309006,"POLYGON ((-122.474655 37.726904, -122.4749 37.726991, -122.474733 37.727032999999984, -122.47463 37.72893399999999, -122.474634 37.72899199999998, -122.47473499999998 37.73036099999998, -122.47478200000002 37.730993, -122.47485700000001 37.731066000000006, -122.47493300000001 37.73118099999999, -122.47500400000001 37.732353, -122.474955 37.732456, -122.47503700000001 37.732622, -122.475164 37.73448299999999, -122.47510199999999 37.734626, -122.47494100000002 37.734733, -122.474204 37.73475399999999, -122.474051 37.734758, -122.473233 37.734781, -122.472631 37.734798000000005, -122.472331 37.734806000000006, -122.471755 37.73482200000001, -122.47156900000002 37.734707, -122.471448 37.734590000000004, -122.47147900000002 37.733883999999996, -122.47150600000002 37.733275, -122.471508 37.73322900000001, -122.471585 37.732169, -122.47159699999999 37.731950000000005, -122.47164199999999 37.731106, -122.471797 37.73103199999999, -122.47193600000001 37.73089999999999, -122.47198100000001 37.730098999999996, -122.471997 37.729808999999975, -122.472054 37.72880299999999, -122.47211899999999 37.727647000000005, -122.472158 37.72696099999998, -122.472057 37.72682399999999, -122.472379 37.726820999999994, -122.47334700000002 37.72685499999999, -122.47423300000001 37.726888, -122.474655 37.726904))",6350.0,0.0,6000,075,S,060750309006000,+37.7346819,-122.4733086,G5040,Block 6000,06,030900,,
60750309005,"POLYGON ((-122.471797 37.73103199999999, -122.47164199999999 37.731106, -122.47159699999999 37.731950000000005, -122.471585 37.732169, -122.471508 37.73322900000001, -122.47150600000002 37.733275, -122.47147900000002 37.733883999999996, -122.471448 37.734590000000004, -122.47156900000002 37.734707, -122.471259 37.734792000000006, -122.47050399999999 37.734748999999994, -122.469687 37.73478599999998, -122.468809 37.734825, -122.467963 37.734866, -122.46713500000001 37.73489800000001, -122.46624800000001 37.734936999999995, -122.466199 37.73411099999999, -122.46611899999999 37.733844999999995, -122.465972 37.733554999999996, -122.465659 37.733153000000016, -122.465807 37.73318299999999, -122.466371 37.733117000000014, -122.46691600000001 37.733128999999984, -122.466998 37.733092, -122.466915 37.732442999999975, -122.466944 37.731787999999995, -122.46698500000001 37.731073, -122.467025 37.73081399999999, -122.4671 37.73049100000001, -122.46723900000002 37.73013299999998, -122.46749599999998 37.72966399999999, -122.467716 37.729375000000005, -122.468077 37.728975000000005, -122.468064 37.72905000000001, -122.46813 37.72918399999999, -122.468208 37.729220999999995, -122.468212 37.72930300000001, -122.468434 37.72953599999999, -122.468497 37.729580999999996, -122.468611 37.729599, -122.46865 37.729672, -122.46891800000002 37.729839, -122.469242 37.729978, -122.46934200000001 37.72997699999999, -122.469398 37.730031, -122.47002499999999 37.73030100000002, -122.47011000000002 37.730307999999994, -122.47016799999999 37.73036999999998, -122.471679 37.73101800000001, -122.471797 37.73103199999999))",12404.0,0.0,5004,075,S,060750309005004,+37.7339965,-122.4700333,G5040,Block 5004,06,030900,,
60750308004,"POLYGON ((-122.47528900000002 37.737455, -122.47536199999999 37.73754599999999, -122.475471 37.73921299999999, -122.475409 37.739324999999994, -122.47436499999999 37.739371, -122.473292 37.739419, -122.47222099999999 37.739465999999986, -122.471094 37.739515, -122.471226 37.741383, -122.470105 37.74142500000001, -122.46903 37.741472, -122.46867200000001 37.741488000000004, -122.468561 37.741503, -122.467762 37.74150999999999, -122.46763100000001 37.741502999999994, -122.46747100000002 37.741494999999986, -122.466971 37.741408, -122.46671500000001 37.741323999999985, -122.466682 37.741313, -122.46658099999998 37.741279999999996, -122.46612300000001 37.741044, -122.46582900000001 37.740892, -122.46591999999998 37.740832999999995, -122.46623400000001 37.74044699999999, -122.46655799999999 37.740148, -122.466701 37.74002100000002, -122.466977 37.739778, -122.46699100000001 37.739722999999984, -122.46709099999998 37.73969100000002, -122.46902900000002 37.738045, -122.469057 37.737970000000004, -122.46912300000001 37.737974, -122.46997300000001 37.73726499999999, -122.47057200000002 37.736658000000006, -122.470574 37.736589, -122.470647 37.736568, -122.471174 37.735642, -122.471489 37.734991000000015, -122.47156900000002 37.734707, -122.471755 37.73482200000001, -122.472331 37.734806000000006, -122.472631 37.734798000000005, -122.473233 37.734781, -122.474051 37.734758, -122.474204 37.73475399999999, -122.47494100000002 37.734733, -122.47510199999999 37.734626, -122.475184 37.734764000000006, -122.475288 37.73637899999999, -122.475352 37.73736299999999, -122.47528900000002 37.737455))",19081.0,0.0,4003,075,S,060750308004003,+37.7406803,-122.4694786,G5040,Block 4003,06,030800,,
60750308003,"POLYGON ((-122.47156900000002 37.734707, -122.471489 37.734991000000015, -122.471174 37.735642, -122.470647 37.736568, -122.470574 37.736589, -122.47057200000002 37.736658000000006, -122.46997300000001 37.73726499999999, -122.46912300000001 37.737974, -122.469057 37.737970000000004, -122.46902900000002 37.738045, -122.46709099999998 37.73969100000002, -122.46699100000001 37.739722999999984, -122.46683200000001 37.73965299999999, -122.46615699999998 37.73923599999999, -122.465845 37.738493999999996, -122.464746 37.737885, -122.463136 37.737023, -122.462879 37.73621199999998, -122.46291300000001 37.736012999999986, -122.463077 37.735845000000005, -122.46337299999999 37.735728999999985, -122.46377200000002 37.73566999999999, -122.46401599999999 37.73570399999999, -122.464204 37.73570800000001, -122.46433600000002 37.735797, -122.464655 37.735925000000016, -122.46488999999998 37.736045, -122.46464600000002 37.73572699999999, -122.464488 37.73547299999999, -122.46445199999998 37.735018999999994, -122.46455600000002 37.73513499999999, -122.46532100000002 37.735098, -122.465351 37.73498900000001, -122.46541199999999 37.735093, -122.465902 37.73506900000002, -122.46624800000001 37.734936999999995, -122.46713500000001 37.73489800000001, -122.467963 37.734866, -122.468809 37.734825, -122.469687 37.73478599999998, -122.47050399999999 37.734748999999994, -122.471259 37.734792000000006, -122.47156900000002 37.734707))",16852.0,0.0,3016,075,S,060750308003016,+37.7365815,-122.4649743,G5040,Block 3016,06,030800,,
60750330004,"POLYGON ((-122.49150900000001 37.734092, -122.49225900000002 37.73405799999999, -122.493345 37.734009, -122.49378400000002 37.73398900000001, -122.49385699999999 37.735028, -122.493973 37.736562, -122.49405400000002 37.736635, -122.494134 37.73670999999999, -122.49424700000002 37.738402, -122.49418100000001 37.738495999999984, -122.49366800000001 37.738519, -122.492576 37.738568, -122.49152400000001 37.738614, -122.490432 37.738663, -122.490364 37.73793, -122.49047600000002 37.73783199999999, -122.49069500000002 37.73773299999999, -122.49089399999998 37.737611, -122.491198 37.737311, -122.491335 37.73729300000002, -122.49121099999999 37.73722099999998, -122.49068600000001 37.736542, -122.490553 37.736252, -122.49052100000002 37.736029, -122.49046100000001 37.735842, -122.49026999999998 37.735605999999976, -122.48955 37.735322, -122.488935 37.73519299999999, -122.488426 37.73516699999999, -122.487701 37.735172, -122.48674700000001 37.73503399999999, -122.486322 37.735003, -122.485975 37.73499400000001, -122.485015 37.735082, -122.48460000000001 37.735157, -122.484127 37.735275000000016, -122.483882 37.735357, -122.48356 37.735426999999994, -122.48327600000002 37.73545600000001, -122.48277200000001 37.735459999999996, -122.48240600000001 37.73541199999998, -122.482235 37.73538699999999, -122.481527 37.735203, -122.47961999999998 37.73469199999998, -122.47946000000002 37.73453299999999, -122.47970300000001 37.73461400000001, -122.480254 37.734590000000004, -122.48113299999999 37.734552, -122.48148699999999 37.734536999999996, -122.481897 37.734519, -122.48201399999999 37.73442, -122.48211 37.734508999999996, -122.482351 37.73449699999999, -122.482875 37.734472, -122.48321600000001 37.734455, -122.48367500000002 37.73443299999999, -122.48377500000001 37.73434200000001, -122.483881 37.73442299999999, -122.48407499999999 37.73441499999999, -122.48471 37.734389, -122.48497300000001 37.73437799999999, -122.485518 37.734356000000005, -122.485775 37.73434499999999, -122.48593300000002 37.734247, -122.48610099999999 37.734328999999995, -122.48638399999999 37.734316999999976, -122.487248 37.73427999999999, -122.48817199999999 37.73424, -122.488745 37.73421499999999, -122.488956 37.734113, -122.48908600000001 37.73419700000001, -122.49032600000001 37.734136, -122.49044399999998 37.73405, -122.49055 37.734125, -122.491132 37.734096, -122.491343 37.734007999999996, -122.49150900000001 37.734092))",2574.0,0.0,4019,075,S,060750330004019,+37.7375578,-122.4941166,G5040,Block 4019,06,033000,,
60750330003,"POLYGON ((-122.477081 37.734618, -122.477186 37.734705999999996, -122.47802300000001 37.73467600000001, -122.47936899999999 37.73462899999999, -122.47946000000002 37.73453299999999, -122.47961999999998 37.73469199999998, -122.481527 37.735203, -122.482235 37.73538699999999, -122.48240600000001 37.73541199999998, -122.48277200000001 37.735459999999996, -122.48327600000002 37.73545600000001, -122.48356 37.735426999999994, -122.483882 37.735357, -122.484127 37.735275000000016, -122.48460000000001 37.735157, -122.485015 37.735082, -122.485975 37.73499400000001, -122.486322 37.735003, -122.48674700000001 37.73503399999999, -122.487701 37.735172, -122.488426 37.73516699999999, -122.488935 37.73519299999999, -122.48955 37.735322, -122.49026999999998 37.735605999999976, -122.49046100000001 37.735842, -122.49052100000002 37.736029, -122.490553 37.736252, -122.49068600000001 37.736542, -122.49121099999999 37.73722099999998, -122.491335 37.73729300000002, -122.491198 37.737311, -122.49089399999998 37.737611, -122.49069500000002 37.73773299999999, -122.49047600000002 37.73783199999999, -122.490364 37.73793, -122.490432 37.738663, -122.48935699999998 37.73871, -122.48828700000001 37.738758, -122.487217 37.738805, -122.486141 37.738853, -122.485074 37.738899999999994, -122.48400299999999 37.738947, -122.482933 37.738994000000005, -122.48185900000001 37.739042, -122.48078699999999 37.73908899999998, -122.47971799999999 37.73913600000001, -122.478644 37.739183000000004, -122.47757400000002 37.73923, -122.476486 37.73927700000001, -122.475409 37.739324999999994, -122.475471 37.73921299999999, -122.47536199999999 37.73754599999999, -122.47528900000002 37.737455, -122.475352 37.73736299999999, -122.475288 37.73637899999999, -122.475184 37.734764000000006, -122.47510199999999 37.734626, -122.47530800000001 37.734718000000015, -122.47609 37.73472499999999, -122.476392 37.734728000000004, -122.47697 37.734714, -122.477081 37.734618))",98438.0,0.0,3006,075,S,060750330003006,+37.7380006,-122.4847701,G5040,Block 3006,06,033000,,
60750311004,"POLYGON ((-122.454007 37.72944800000001, -122.45407200000001 37.729834000000004, -122.453394 37.72983699999998, -122.45340899999998 37.73067199999999, -122.45340999999999 37.731137, -122.45340999999999 37.73145099999999, -122.45341099999999 37.731531, -122.45332600000002 37.731562, -122.45124799999999 37.731575, -122.45114699999999 37.731536999999996, -122.451046 37.73157799999999, -122.448972 37.73158399999999, -122.44886599999998 37.731542999999995, -122.44876 37.731587000000005, -122.447389 37.73158999999999, -122.44729199999999 37.73154699999999, -122.447192 37.73159499999999, -122.446688 37.731595999999996, -122.446578 37.73154900000001, -122.446573 37.730698999999994, -122.44656899999998 37.729892, -122.446564 37.729082999999996, -122.448849 37.729073, -122.451131 37.72906199999998, -122.45244 37.729057999999995, -122.452527 37.729083999999986, -122.452809 37.729085999999995, -122.45369900000001 37.729167999999994, -122.45400200000002 37.729165999999985, -122.454007 37.72944800000001))",18066.0,0.0,4007,075,S,060750311004007,+37.7302908,-122.4477145,G5040,Block 4007,06,031100,,
60750309001,"POLYGON ((-122.463755 37.73152699999999, -122.463798 37.731622, -122.464069 37.731984, -122.464108 37.732053, -122.464191 37.73207199999999, -122.464396 37.732223, -122.46442000000002 37.732284, -122.464456 37.732361, -122.464675 37.732523, -122.465503 37.73313600000001, -122.465659 37.733153000000016, -122.465972 37.733554999999996, -122.46611899999999 37.733844999999995, -122.466199 37.73411099999999, -122.46624800000001 37.734936999999995, -122.465902 37.73506900000002, -122.46541199999999 37.735093, -122.465351 37.73498900000001, -122.46532100000002 37.735098, -122.46455600000002 37.73513499999999, -122.46445199999998 37.735018999999994, -122.464488 37.73547299999999, -122.46464600000002 37.73572699999999, -122.46488999999998 37.736045, -122.464655 37.735925000000016, -122.46433600000002 37.735797, -122.464204 37.73570800000001, -122.46401599999999 37.73570399999999, -122.46377200000002 37.73566999999999, -122.46337299999999 37.735728999999985, -122.463077 37.735845000000005, -122.46291300000001 37.736012999999986, -122.462879 37.73621199999998, -122.463136 37.737023, -122.46203900000002 37.736347, -122.46124199999998 37.73578200000001, -122.460477 37.73517999999999, -122.460336 37.73506499999999, -122.46000699999999 37.73479699999999, -122.45950500000002 37.734291000000006, -122.459064 37.733644999999996, -122.459222 37.73348600000003, -122.459277 37.733382, -122.45929299999999 37.733229, -122.459345 37.733121, -122.459462 37.733008, -122.460009 37.73270599999999, -122.460204 37.732642, -122.460429 37.732629, -122.46045699999999 37.732316000000004, -122.46054500000001 37.732043, -122.46055900000002 37.731918999999984, -122.46099599999998 37.73162000000001, -122.46115100000002 37.73148799999999, -122.46129200000001 37.731326, -122.46134300000001 37.73089499999999, -122.461379 37.73068899999999, -122.461463 37.73046999999998, -122.461642 37.73023099999999, -122.46173700000001 37.73002199999999, -122.46182400000001 37.72999600000001, -122.462086 37.73002199999999, -122.46240699999998 37.730138, -122.46331999999998 37.730671, -122.46349900000001 37.73085499999999, -122.463755 37.73152699999999))",11493.0,0.0,1007,075,S,060750309001007,+37.7351611,-122.4615387,G5040,Block 1007,06,030900,,
60750311005,"POLYGON ((-122.453425 37.73303999999999, -122.453334 37.733048999999994, -122.451161 37.733058, -122.44887299999999 37.73306899999999, -122.44660100000002 37.733076999999994, -122.44432 37.733087999999995, -122.44200199999999 37.733098, -122.440903 37.733104, -122.439752 37.733110999999994, -122.439748 37.73236799999999, -122.43974299999999 37.731584000000005, -122.43984300000001 37.731626999999996, -122.44192300000002 37.731624000000004, -122.442021 37.731573999999995, -122.442118 37.731615, -122.44430200000001 37.731604999999995, -122.446477 37.73159899999999, -122.446578 37.73154900000001, -122.446688 37.731595999999996, -122.447192 37.73159499999999, -122.44729199999999 37.73154699999999, -122.447389 37.73158999999999, -122.44876 37.731587000000005, -122.44886599999998 37.731542999999995, -122.448972 37.73158399999999, -122.451046 37.73157799999999, -122.45114699999999 37.731536999999996, -122.45124799999999 37.731575, -122.45332600000002 37.731562, -122.45341099999999 37.731531, -122.453419 37.732305999999994, -122.453425 37.73303999999999))",16486.0,0.0,5006,075,S,060750311005006,+37.7319391,-122.4522833,G5040,Block 5006,06,031100,,
60750310001,"POLYGON ((-122.458472 37.73075299999999, -122.45868899999999 37.73075199999998, -122.458696 37.730838, -122.45873 37.730841, -122.45891199999998 37.730855999999996, -122.459211 37.730852999999996, -122.459474 37.730827, -122.459756 37.730785000000004, -122.46004300000001 37.730707, -122.460285 37.73062, -122.460505 37.730529, -122.460573 37.730435000000014, -122.46065500000002 37.730394999999994, -122.46093899999998 37.73021200000001, -122.461341 37.730076, -122.46162799999999 37.73005399999999, -122.46173700000001 37.73002199999999, -122.461642 37.73023099999999, -122.461463 37.73046999999998, -122.461379 37.73068899999999, -122.46134300000001 37.73089499999999, -122.46129200000001 37.731326, -122.46115100000002 37.73148799999999, -122.46099599999998 37.73162000000001, -122.46055900000002 37.731918999999984, -122.46054500000001 37.732043, -122.46045699999999 37.732316000000004, -122.460429 37.732629, -122.460204 37.732642, -122.460009 37.73270599999999, -122.459462 37.733008, -122.459345 37.733121, -122.45929299999999 37.733229, -122.459277 37.733382, -122.459222 37.73348600000003, -122.459064 37.733644999999996, -122.45950500000002 37.734291000000006, -122.45905 37.734458, -122.45875500000001 37.73453899999999, -122.45837999999999 37.734581000000006, -122.45811 37.734568, -122.457685 37.734488, -122.457563 37.734486, -122.45741900000002 37.734483999999995, -122.45704699999999 37.73457399999999, -122.456793 37.73453899999999, -122.456624 37.734442, -122.45651600000001 37.73426699999997, -122.45615600000001 37.734212, -122.45596599999999 37.73413199999998, -122.45573400000002 37.73404499999999, -122.455493 37.733999, -122.45524300000001 37.73397799999998, -122.45499000000001 37.733896, -122.45474100000001 37.733717999999996, -122.45465899999999 37.73359899999999, -122.454604 37.73347999999999, -122.454511 37.733295999999974, -122.45427299999999 37.733024999999984, -122.45405199999998 37.73299000000001, -122.453856 37.732993, -122.453425 37.73303999999999, -122.453419 37.732305999999994, -122.45341099999999 37.731531, -122.453497 37.73156, -122.45358200000001 37.731558, -122.454674 37.731534999999994, -122.45483300000002 37.731516, -122.45491599999998 37.731465, -122.45500599999998 37.73148499999999, -122.45550000000001 37.73142500000001, -122.455684 37.73139400000001, -122.45576299999998 37.73134900000001, -122.45584900000001 37.731370999999996, -122.456249 37.73130400000001, -122.45654200000001 37.731238999999995, -122.45660699999998 37.731188, -122.456673 37.731202, -122.45735500000002 37.731051999999984, -122.457474 37.730997, -122.45752700000001 37.730883999999996, -122.45751500000001 37.730784000000014, -122.45744600000002 37.73068800000001, -122.457899 37.73075399999998, -122.45822300000002 37.730777, -122.458472 37.73075299999999))",14610.0,0.0,1007,075,S,060750310001007,+37.7316548,-122.4580990,G5040,Block 1007,06,031000,,
60750307003,"POLYGON ((-122.45405199999998 37.73299000000001, -122.45427299999999 37.733024999999984, -122.454511 37.733295999999974, -122.454604 37.73347999999999, -122.45465899999999 37.73359899999999, -122.45474100000001 37.733717999999996, -122.45499000000001 37.733896, -122.45524300000001 37.73397799999998, -122.455493 37.733999, -122.45573400000002 37.73404499999999, -122.45596599999999 37.73413199999998, -122.45615600000001 37.734212, -122.45651600000001 37.73426699999997, -122.456624 37.734442, -122.456793 37.73453899999999, -122.45704699999999 37.73457399999999, -122.45741900000002 37.734483999999995, -122.457563 37.734486, -122.457685 37.734488, -122.45811 37.734568, -122.45837999999999 37.734581000000006, -122.45875500000001 37.73453899999999, -122.45905 37.734458, -122.45950500000002 37.734291000000006, -122.459391 37.734424999999995, -122.45936800000001 37.734739, -122.459396 37.734938, -122.45947200000002 37.735154, -122.45970700000001 37.735504000000006, -122.459807 37.735763, -122.4599 37.736087, -122.459984 37.736256, -122.460119 37.736442, -122.46029599999999 37.73662700000001, -122.46037900000002 37.736762, -122.460435 37.736972, -122.46043000000002 37.73765499999999, -122.46037700000001 37.737774, -122.460282 37.737854999999996, -122.460079 37.73790400000001, -122.459957 37.73788000000001, -122.459802 37.737812999999996, -122.459714 37.737805, -122.459559 37.738448, -122.459592 37.738533000000004, -122.45943 37.738545999999985, -122.45873799999998 37.738377, -122.45864 37.738375, -122.457717 37.73846599999999, -122.457559 37.738481, -122.45728 37.73843099999999, -122.456937 37.738233, -122.45657599999998 37.737942, -122.45624699999999 37.737629999999996, -122.45584000000001 37.737385, -122.45528100000001 37.73718799999999, -122.45495 37.737147, -122.45435000000002 37.737136, -122.454199 37.737074, -122.45380199999998 37.736677, -122.453652 37.736658999999996, -122.45343 37.736695, -122.453334 37.73674699999999, -122.45321000000001 37.73686399999999, -122.45254900000002 37.73748900000001, -122.45233500000002 37.737648, -122.452136 37.737731999999994, -122.45192499999999 37.737778, -122.451702 37.73778499999998, -122.451604 37.737753000000005, -122.451446 37.737745999999994, -122.450877 37.738115, -122.45078 37.738214, -122.45003099999998 37.73783500000001, -122.44996700000002 37.737876000000014, -122.44975400000001 37.737963000000015, -122.449464 37.738016000000016, -122.449365 37.737345999999995, -122.44933499999998 37.736685, -122.448504 37.736389, -122.44851999999999 37.736374, -122.448876 37.735907999999995, -122.44889800000001 37.73579699999999, -122.44889 37.734971, -122.448884 37.734447, -122.448896 37.734379000000004, -122.44889299999998 37.734277, -122.44887800000001 37.73381000000001, -122.44887299999999 37.73306899999999, -122.451161 37.733058, -122.453334 37.733048999999994, -122.453425 37.73303999999999, -122.453856 37.732993, -122.45405199999998 37.73299000000001))",11152.0,0.0,3018,075,S,060750307003018,+37.7361878,-122.4531281,G5040,Block 3018,06,030700,,
60750308002,"POLYGON ((-122.464746 37.737885, -122.465845 37.738493999999996, -122.46615699999998 37.73923599999999, -122.46600999999998 37.73924100000001, -122.46579699999998 37.739369999999994, -122.465722 37.73942399999999, -122.465326 37.739602, -122.46523700000002 37.73968699999999, -122.465152 37.73966600000001, -122.464518 37.739837, -122.46418999999999 37.739886000000006, -122.46405200000001 37.739921, -122.463747 37.74004800000001, -122.46302200000001 37.740119, -122.462822 37.740140999999994, -122.462622 37.740162, -122.461236 37.74033899999999, -122.461064 37.740294, -122.46095099999998 37.74035999999999, -122.46034600000002 37.740435000000005, -122.459327 37.740548000000004, -122.45890500000002 37.740535, -122.458858 37.740334000000004, -122.459123 37.740138000000016, -122.459184 37.739871, -122.45911100000001 37.739596, -122.458849 37.739157999999996, -122.45898100000001 37.739185, -122.45915600000001 37.73914000000002, -122.459249 37.739087, -122.459328 37.739011000000005, -122.459592 37.738533000000004, -122.459559 37.738448, -122.459714 37.737805, -122.459802 37.737812999999996, -122.459957 37.73788000000001, -122.460079 37.73790400000001, -122.460282 37.737854999999996, -122.46037700000001 37.737774, -122.46043000000002 37.73765499999999, -122.460435 37.736972, -122.46037900000002 37.736762, -122.46029599999999 37.73662700000001, -122.460119 37.736442, -122.459984 37.736256, -122.4599 37.736087, -122.459807 37.735763, -122.45970700000001 37.735504000000006, -122.45947200000002 37.735154, -122.459396 37.734938, -122.45936800000001 37.734739, -122.459391 37.734424999999995, -122.45950500000002 37.734291000000006, -122.46000699999999 37.73479699999999, -122.460336 37.73506499999999, -122.460477 37.73517999999999, -122.46124199999998 37.73578200000001, -122.46203900000002 37.736347, -122.463136 37.737023, -122.464746 37.737885))",51309.0,0.0,2001,075,S,060750308002001,+37.7391965,-122.4615703,G5040,Block 2001,06,030800,,
60750353004,"POLYGON ((-122.49903300000001 37.734359, -122.49919599999998 37.73431199999999, -122.49903900000001 37.734562, -122.498863 37.73484199999998, -122.498793 37.735071000000005, -122.498789 37.73528299999998, -122.498869 37.73641700000001, -122.497798 37.736464, -122.49672400000001 37.736511, -122.495659 37.73655799999999, -122.494591 37.736605, -122.49405400000002 37.736635, -122.493973 37.736562, -122.49385699999999 37.735028, -122.49378400000002 37.73398900000001, -122.493942 37.73398100000001, -122.49440300000002 37.733959999999996, -122.496449 37.73387699999999, -122.496636 37.733771, -122.496856 37.733867, -122.497487 37.733925, -122.49803099999998 37.734027000000005, -122.498606 37.73418599999999, -122.49903300000001 37.734359))",7746.0,0.0,4000,075,S,060750353004000,+37.7357698,-122.4943028,G5040,Block 4000,06,035300,,
60750354005,"POLYGON ((-122.506135 37.735571, -122.50619400000001 37.736096, -122.50631399999999 37.73702299999999, -122.506436 37.73796, -122.505429 37.738004, -122.504359 37.738051, -122.50328800000001 37.73809800000001, -122.50221500000002 37.738145, -122.501142 37.738192, -122.50101 37.736324, -122.500959 37.735471, -122.501097 37.735206000000005, -122.50117900000002 37.73534199999999, -122.50159499999998 37.735438, -122.502031 37.735515, -122.50255800000001 37.735557, -122.502995 37.735555, -122.503105 37.735465999999995, -122.50321899999999 37.735551, -122.50418499999999 37.735558, -122.505153 37.73556500000001, -122.50525700000001 37.73547500000001, -122.505369 37.73538300000002, -122.506516 37.735383999999996, -122.50671700000001 37.73547, -122.50652099999999 37.73557200000001, -122.506135 37.735571))",2389.0,0.0,5011,075,S,060750354005011,+37.7354770,-122.5059678,G5040,Block 5011,06,035400,,
60750353003,"POLYGON ((-122.49424700000002 37.738402, -122.494134 37.73670999999999, -122.49405400000002 37.736635, -122.494591 37.736605, -122.495659 37.73655799999999, -122.49672400000001 37.736511, -122.497798 37.736464, -122.498869 37.73641700000001, -122.499939 37.73637099999999, -122.50005799999998 37.738239, -122.499001 37.73828599999999, -122.49913200000002 37.740143, -122.498059 37.74019099999999, -122.496985 37.740238, -122.49591900000001 37.74028500000001, -122.49485 37.740333, -122.49431300000002 37.740356, -122.494381 37.74028499999999, -122.494261 37.73859499999999, -122.49418100000001 37.738495999999984, -122.49424700000002 37.738402))",19683.0,0.0,3006,075,S,060750353003006,+37.7374216,-122.4973263,G5040,Block 3006,06,035300,,
60750354003,"POLYGON ((-122.504359 37.738051, -122.505429 37.738004, -122.506436 37.73796, -122.506676 37.739812, -122.506935 37.741595000000004, -122.506865 37.741673000000006, -122.506955 37.74176, -122.507193 37.743535, -122.50689700000001 37.743548, -122.50582400000002 37.74359599999999, -122.50475300000001 37.743642999999985, -122.50462000000002 37.741765, -122.50449 37.739906999999995, -122.504359 37.738051))",4246.0,0.0,3002,075,S,060750354003002,+37.7427052,-122.5069602,G5040,Block 3002,06,035400,,
60750354004,"POLYGON ((-122.50462000000002 37.741765, -122.50475300000001 37.743642999999985, -122.50368100000001 37.74369, -122.50260899999999 37.743738, -122.501536 37.74378500000001, -122.501404 37.74190999999999, -122.501272 37.740049000000006, -122.501142 37.738192, -122.50221500000002 37.738145, -122.50328800000001 37.73809800000001, -122.504359 37.738051, -122.50449 37.739906999999995, -122.50462000000002 37.741765))",19742.0,0.0,4002,075,S,060750354004002,+37.7427279,-122.5041508,G5040,Block 4002,06,035400,,
60750330006,"POLYGON ((-122.49431300000002 37.740356, -122.493775 37.74037999999999, -122.492706 37.740427, -122.49163500000002 37.740474999999996, -122.490562 37.740521999999984, -122.48949 37.740569, -122.48841699999998 37.740615999999996, -122.487346 37.740663999999995, -122.48627900000001 37.740711, -122.48520500000001 37.74075800000001, -122.485074 37.738899999999994, -122.486141 37.738853, -122.487217 37.738805, -122.48828700000001 37.738758, -122.48935699999998 37.73871, -122.490432 37.738663, -122.49152400000001 37.738614, -122.492576 37.738568, -122.49366800000001 37.738519, -122.49418100000001 37.738495999999984, -122.494261 37.73859499999999, -122.494381 37.74028499999999, -122.49431300000002 37.740356))",2515.0,0.0,6009,075,S,060750330006009,+37.7394374,-122.4942484,G5040,Block 6009,06,033000,,
60750353002,"POLYGON ((-122.49450900000001 37.742112, -122.494392 37.740441, -122.49431300000002 37.740356, -122.49485 37.740333, -122.49591900000001 37.74028500000001, -122.496985 37.740238, -122.498059 37.74019099999999, -122.49913200000002 37.740143, -122.499262 37.742007, -122.49939300000001 37.74387900000002, -122.49832 37.74392699999999, -122.497248 37.74397399999999, -122.49618 37.744021, -122.49510900000001 37.744068000000006, -122.49457400000001 37.744091999999995, -122.494639 37.74397899999998, -122.49452399999998 37.74233099999999, -122.494443 37.742225000000005, -122.49450900000001 37.742112))",19697.0,0.0,2004,075,S,060750353002004,+37.7429674,-122.4987913,G5040,Block 2004,06,035300,,
60750307001,"POLYGON ((-122.45078 37.738214, -122.450877 37.738115, -122.451446 37.737745999999994, -122.451604 37.737753000000005, -122.451702 37.73778499999998, -122.45192499999999 37.737778, -122.452136 37.737731999999994, -122.45233500000002 37.737648, -122.45254900000002 37.73748900000001, -122.45321000000001 37.73686399999999, -122.453334 37.73674699999999, -122.45343 37.736695, -122.453652 37.736658999999996, -122.45380199999998 37.736677, -122.454199 37.737074, -122.45435000000002 37.737136, -122.45495 37.737147, -122.45528100000001 37.73718799999999, -122.45584000000001 37.737385, -122.45624699999999 37.737629999999996, -122.45657599999998 37.737942, -122.456937 37.738233, -122.45728 37.73843099999999, -122.457559 37.738481, -122.457717 37.73846599999999, -122.45864 37.738375, -122.45873799999998 37.738377, -122.45943 37.738545999999985, -122.459592 37.738533000000004, -122.459328 37.739011000000005, -122.459249 37.739087, -122.45915600000001 37.73914000000002, -122.45898100000001 37.739185, -122.458849 37.739157999999996, -122.45852699999999 37.739036999999975, -122.458285 37.73904099999999, -122.45808199999999 37.739098999999996, -122.457878 37.739262000000004, -122.457793 37.73943799999998, -122.457802 37.739619, -122.45786100000001 37.739733, -122.45783000000002 37.739957000000004, -122.457725 37.74006600000001, -122.456994 37.74042000000001, -122.45660699999998 37.74060800000001, -122.45593600000001 37.740919999999996, -122.455641 37.741072999999986, -122.45557600000001 37.74110699999999, -122.45537400000002 37.741251, -122.455142 37.741478, -122.45498100000002 37.74168699999998, -122.454932 37.74177699999999, -122.45479800000001 37.74201999999999, -122.45464 37.74232599999998, -122.45447 37.74257, -122.454238 37.74283499999999, -122.45394900000001 37.74309499999998, -122.453773 37.743218999999996, -122.453644 37.74331199999998, -122.453445 37.743407999999974, -122.45293999999998 37.743024999999996, -122.45286899999999 37.742996000000005, -122.452622 37.74288999999999, -122.45230600000001 37.74281899999998, -122.45198199999999 37.742796999999975, -122.45159 37.742836, -122.45113500000001 37.74299299999999, -122.45098899999998 37.74296699999998, -122.450356 37.743021999999975, -122.45005700000002 37.743005000000004, -122.44993400000001 37.74296999999999, -122.449861 37.74326499999999, -122.44979000000001 37.743257, -122.44958299999999 37.74306500000001, -122.44935699999999 37.742922, -122.44913700000001 37.74282900000001, -122.44882099999998 37.742749, -122.448489 37.742705, -122.44738500000001 37.742609, -122.44711 37.74258, -122.44684 37.742519, -122.44665800000001 37.742442000000004, -122.446516 37.74235899999999, -122.446411 37.742281999999996, -122.446371 37.742238, -122.446324 37.742184999999985, -122.446257 37.742072, -122.446239 37.74201299999999, -122.446195 37.741872, -122.44615700000001 37.741534999999985, -122.44610000000002 37.74135799999999, -122.446059 37.741275, -122.44596400000002 37.741199, -122.445898 37.741116999999996, -122.445738 37.741022, -122.445523 37.740972, -122.44519600000001 37.74092100000002, -122.44491099999999 37.740871999999996, -122.444682 37.74079299999999, -122.44451799999999 37.74069299999999, -122.444366 37.740576, -122.444133 37.740279, -122.44409799999998 37.740234, -122.443922 37.740088000000014, -122.443876 37.74006399999998, -122.443694 37.73997099999999, -122.443419 37.739901999999994, -122.44302 37.739813999999996, -122.44285700000002 37.739766999999986, -122.442718 37.739681999999995, -122.442597 37.73954799999999, -122.44257800000001 37.739520999999996, -122.442525 37.739447999999975, -122.442504 37.739238, -122.442628 37.738565, -122.44262499999999 37.738313999999995, -122.44257899999998 37.73817199999999, -122.44244599999999 37.73780000000001, -122.44240400000001 37.73764, -122.442421 37.73743799999999, -122.44248899999998 37.737289, -122.44265699999998 37.73711899999999, -122.44353200000002 37.736602000000005, -122.44360200000001 37.73650299999999, -122.44368300000001 37.736537999999996, -122.44384200000002 37.73657999999999, -122.444039 37.736574999999995, -122.44418799999998 37.736528, -122.444306 37.736409, -122.44440600000001 37.73621899999999, -122.44433699999999 37.73606600000001, -122.44432800000001 37.73584499999999, -122.44429199999999 37.73574399999999, -122.444234 37.735642999999996, -122.44420800000002 37.73554600000001, -122.44414499999999 37.73548999999999, -122.443978 37.735378, -122.443541 37.735158999999996, -122.443194 37.734997, -122.442988 37.73491499999997, -122.44297100000001 37.73456399999999, -122.44433699999999 37.734556999999995, -122.445354 37.734548999999994, -122.44583399999998 37.734863000000004, -122.446062 37.735011, -122.446224 37.735141000000006, -122.446291 37.735224, -122.446378 37.735416, -122.446405 37.735602, -122.446663 37.73560199999999, -122.44685900000002 37.735658, -122.446985 37.735732999999996, -122.44736400000001 37.736063, -122.447452 37.73616399999999, -122.44751 37.736311, -122.44759899999998 37.736442000000004, -122.44776600000002 37.736557, -122.448001 37.73660199999998, -122.447809 37.737317999999995, -122.447455 37.737190000000005, -122.447243 37.737027000000005, -122.447125 37.73687099999999, -122.44702100000002 37.73666599999999, -122.446852 37.73655099999999, -122.44667100000001 37.73651499999998, -122.44646699999998 37.736541, -122.446263 37.736663, -122.44612099999999 37.73683299999999, -122.44603699999999 37.737023, -122.446039 37.737079999999985, -122.44622699999998 37.73730700000001, -122.44658900000002 37.737587, -122.447371 37.73793399999999, -122.44754100000002 37.737977, -122.44790199999998 37.738057000000005, -122.448148 37.73807299999999, -122.44848000000002 37.738065, -122.448705 37.738027, -122.44891900000002 37.73799999999999, -122.44932499999999 37.738025, -122.449464 37.738016000000016, -122.44975400000001 37.737963000000015, -122.44996700000002 37.737876000000014, -122.45003099999998 37.73783500000001, -122.45078 37.738214))",9834.0,9359.0,1005,075,S,060750307001005,+37.7420909,-122.4509125,G5040,Block 1005,06,030700,,
60750306002,"POLYGON ((-122.457878 37.739262000000004, -122.45808199999999 37.739098999999996, -122.458285 37.73904099999999, -122.45852699999999 37.739036999999975, -122.458849 37.739157999999996, -122.45911100000001 37.739596, -122.459184 37.739871, -122.459123 37.740138000000016, -122.458858 37.740334000000004, -122.45890500000002 37.740535, -122.45928000000002 37.74058, -122.459496 37.740674000000006, -122.45984 37.74106100000001, -122.45969599999998 37.741054999999996, -122.45929699999998 37.741016, -122.45903499999999 37.74101400000001, -122.45888500000001 37.741063000000004, -122.457872 37.741624999999985, -122.45692900000002 37.742102, -122.45678000000001 37.74214899999999, -122.456589 37.742298999999996, -122.45650400000001 37.742435, -122.45600800000001 37.74335799999998, -122.455905 37.74348199999999, -122.45580400000001 37.743462, -122.455373 37.74316700000002, -122.455271 37.74304899999999, -122.45528400000002 37.743131, -122.45514000000001 37.743258999999995, -122.45477 37.743621, -122.454364 37.743956000000004, -122.454205 37.743984999999995, -122.45414300000002 37.744105000000005, -122.453932 37.74429200000001, -122.45353399999999 37.744556, -122.45336499999999 37.744593000000016, -122.45328100000002 37.744732, -122.452386 37.74527, -122.452247 37.74534, -122.451906 37.745513, -122.45174800000001 37.745525, -122.451624 37.745534, -122.45158899999998 37.745428999999994, -122.450587 37.744213, -122.45059199999999 37.744091000000004, -122.44991900000001 37.74327199999999, -122.449861 37.74326499999999, -122.44993400000001 37.74296999999999, -122.45005700000002 37.743005000000004, -122.450356 37.743021999999975, -122.45098899999998 37.74296699999998, -122.45113500000001 37.74299299999999, -122.45159 37.742836, -122.45198199999999 37.742796999999975, -122.45230600000001 37.74281899999998, -122.452622 37.74288999999999, -122.45286899999999 37.742996000000005, -122.45293999999998 37.743024999999996, -122.453445 37.743407999999974, -122.453644 37.74331199999998, -122.453773 37.743218999999996, -122.45394900000001 37.74309499999998, -122.454238 37.74283499999999, -122.45447 37.74257, -122.45464 37.74232599999998, -122.45479800000001 37.74201999999999, -122.454932 37.74177699999999, -122.45498100000002 37.74168699999998, -122.455142 37.741478, -122.45537400000002 37.741251, -122.45557600000001 37.74110699999999, -122.455641 37.741072999999986, -122.45593600000001 37.740919999999996, -122.45660699999998 37.74060800000001, -122.456994 37.74042000000001, -122.457725 37.74006600000001, -122.45783000000002 37.739957000000004, -122.45786100000001 37.739733, -122.457802 37.739619, -122.457793 37.73943799999998, -122.457878 37.739262000000004))",2402.0,0.0,2000,075,S,060750306002000,+37.7450868,-122.4525367,G5040,Block 2000,06,030600,,
60750308001,"POLYGON ((-122.46683200000001 37.73965299999999, -122.46699100000001 37.739722999999984, -122.466977 37.739778, -122.466701 37.74002100000002, -122.46655799999999 37.740148, -122.46623400000001 37.74044699999999, -122.46591999999998 37.740832999999995, -122.46582900000001 37.740892, -122.46612300000001 37.741044, -122.46658099999998 37.741279999999996, -122.466682 37.741313, -122.46671500000001 37.741323999999985, -122.466722 37.741422, -122.465807 37.743573999999995, -122.464737 37.743658999999994, -122.46368599999998 37.74374900000001, -122.46286 37.743384000000006, -122.462774 37.74330499999999, -122.46239400000002 37.743139, -122.462035 37.74300099999999, -122.46194199999998 37.743005999999994, -122.46167100000001 37.742863, -122.461367 37.742689, -122.46123399999999 37.742584, -122.46101300000001 37.742353999999985, -122.45984 37.74106100000001, -122.459496 37.740674000000006, -122.45928000000002 37.74058, -122.45890500000002 37.740535, -122.459327 37.740548000000004, -122.46034600000002 37.740435000000005, -122.46095099999998 37.74035999999999, -122.461064 37.740294, -122.461236 37.74033899999999, -122.462622 37.740162, -122.462822 37.740140999999994, -122.46302200000001 37.740119, -122.463747 37.74004800000001, -122.46405200000001 37.739921, -122.46418999999999 37.739886000000006, -122.464518 37.739837, -122.465152 37.73966600000001, -122.46523700000002 37.73968699999999, -122.465326 37.739602, -122.465722 37.73942399999999, -122.46579699999998 37.739369999999994, -122.46600999999998 37.73924100000001, -122.46615699999998 37.73923599999999, -122.46683200000001 37.73965299999999))",27070.0,0.0,1003,075,S,060750308001003,+37.7424553,-122.4656927,G5040,Block 1003,06,030800,,
60750306003,"POLYGON ((-122.46194199999998 37.743005999999994, -122.462035 37.74300099999999, -122.46239400000002 37.743139, -122.462774 37.74330499999999, -122.46286 37.743384000000006, -122.46368599999998 37.74374900000001, -122.46340900000001 37.743967, -122.461381 37.745569, -122.46125399999998 37.745474, -122.46117500000001 37.74546, -122.460852 37.74539799999999, -122.46040000000002 37.74531100000001, -122.46021199999998 37.74545799999999, -122.4593 37.74530199999999, -122.459211 37.745270999999995, -122.45877099999998 37.745031999999995, -122.45849 37.74496599999999, -122.457457 37.74479000000001, -122.457256 37.74476500000001, -122.456848 37.74480799999999, -122.45652499999998 37.744057999999995, -122.45645500000002 37.74401999999998, -122.45632300000001 37.743814, -122.45596900000001 37.74356999999999, -122.455905 37.74348199999999, -122.45600800000001 37.74335799999998, -122.45650400000001 37.742435, -122.456589 37.742298999999996, -122.45678000000001 37.74214899999999, -122.45692900000002 37.742102, -122.457872 37.741624999999985, -122.45888500000001 37.741063000000004, -122.45903499999999 37.74101400000001, -122.45929699999998 37.741016, -122.45969599999998 37.741054999999996, -122.45984 37.74106100000001, -122.46101300000001 37.742353999999985, -122.46123399999999 37.742584, -122.461367 37.742689, -122.46167100000001 37.742863, -122.46194199999998 37.743005999999994))",807.0,0.0,3003,075,S,060750306003003,+37.7453094,-122.4607528,G5040,Block 3003,06,030600,,
60750308005,"POLYGON ((-122.47553999999998 37.74118699999999, -122.47561700000001 37.74127500000001, -122.475711 37.742943999999994, -122.47564400000002 37.743052, -122.474624 37.743097, -122.473553 37.743144, -122.47247899999999 37.743191, -122.47135700000001 37.74324000000001, -122.470235 37.743289000000004, -122.46916499999999 37.74333599999999, -122.468073 37.743384000000006, -122.46774799999999 37.74341299999998, -122.46685900000001 37.743491, -122.466043 37.743555, -122.465807 37.743573999999995, -122.466722 37.741422, -122.46671500000001 37.741323999999985, -122.466971 37.741408, -122.46747100000002 37.741494999999986, -122.46763100000001 37.741502999999994, -122.467762 37.74150999999999, -122.468561 37.741503, -122.46867200000001 37.741488000000004, -122.46903 37.741472, -122.470105 37.74142500000001, -122.471226 37.741383, -122.471094 37.739515, -122.47222099999999 37.739465999999986, -122.473292 37.739419, -122.47436499999999 37.739371, -122.475409 37.739324999999994, -122.475485 37.739432, -122.475606 37.741099, -122.47553999999998 37.74118699999999))",2407.0,0.0,5014,075,S,060750308005014,+37.7402666,-122.4754759,G5040,Block 5014,06,030800,,
60750304001,"POLYGON ((-122.464608 37.74509799999999, -122.464887 37.745126, -122.465089 37.74517099999999, -122.465414 37.74531899999999, -122.46557100000001 37.745460000000016, -122.46567500000002 37.745603, -122.46573300000001 37.74568999999999, -122.46572499999998 37.74583, -122.46570000000001 37.745943000000004, -122.465608 37.746008999999994, -122.46548399999999 37.74600999999999, -122.465404 37.745978000000015, -122.46530700000001 37.745939000000014, -122.46512100000001 37.74590599999999, -122.464932 37.74591699999999, -122.46473600000002 37.745976999999996, -122.464606 37.74606299999999, -122.46417700000002 37.746403999999984, -122.464037 37.746504, -122.46360400000002 37.74667600000001, -122.463039 37.746683999999995, -122.462921 37.746707, -122.46285099999999 37.746756999999995, -122.462762 37.746852000000004, -122.46278100000002 37.747, -122.462769 37.747158, -122.46270799999999 37.747346, -122.46261799999999 37.74750900000001, -122.46247700000002 37.747651999999995, -122.462333 37.74777699999999, -122.46243700000001 37.747865, -122.462561 37.748086999999984, -122.46260500000001 37.748329999999996, -122.462687 37.74851399999999, -122.462673 37.748600999999994, -122.46278 37.748761, -122.46285000000002 37.748940000000005, -122.462894 37.749168, -122.46288100000001 37.749297, -122.46289900000001 37.74955299999999, -122.46299199999999 37.749804, -122.463173 37.750059, -122.46331599999999 37.750167999999995, -122.463389 37.75022399999999, -122.463581 37.75031500000001, -122.46373000000001 37.750347, -122.464023 37.75057600000001, -122.464186 37.750716999999995, -122.46427700000001 37.75098099999999, -122.46344200000001 37.75119499999999, -122.463845 37.751984, -122.464276 37.75232099999999, -122.46441800000001 37.75231899999999, -122.464462 37.75289899999999, -122.46418399999999 37.752911999999995, -122.46343300000001 37.753028, -122.46336099999999 37.753039, -122.463341 37.753012, -122.46311399999999 37.752779999999994, -122.462724 37.752488, -122.462414 37.75222200000001, -122.462125 37.751903000000006, -122.46181 37.751667999999995, -122.46158700000001 37.751565, -122.46152400000001 37.75150399999998, -122.461418 37.75144600000001, -122.46104000000001 37.75095799999998, -122.460552 37.749939, -122.46040300000001 37.749757, -122.45963899999998 37.749019, -122.45962600000001 37.748941999999985, -122.45949700000001 37.74891799999999, -122.45885400000002 37.748259, -122.45866200000002 37.748038, -122.45863500000002 37.747769000000005, -122.45871199999999 37.74760499999999, -122.459017 37.747306, -122.45917399999998 37.747286, -122.45934700000001 37.74714999999999, -122.461381 37.745569, -122.46340900000001 37.743967, -122.46368599999998 37.74374900000001, -122.464737 37.743658999999994, -122.465807 37.743573999999995, -122.466043 37.743555, -122.46613800000002 37.74428100000001, -122.46622800000002 37.744968, -122.464608 37.74509799999999))",1096.0,0.0,1006,075,S,060750304001006,+37.7515996,-122.4635523,G5040,Block 1006,06,030400,,
60750306001,"POLYGON ((-122.45849 37.74496599999999, -122.45877099999998 37.745031999999995, -122.459211 37.745270999999995, -122.4593 37.74530199999999, -122.46021199999998 37.74545799999999, -122.46040000000002 37.74531100000001, -122.460852 37.74539799999999, -122.46117500000001 37.74546, -122.46125399999998 37.745474, -122.461381 37.745569, -122.45934700000001 37.74714999999999, -122.45917399999998 37.747286, -122.45903 37.74725899999999, -122.458691 37.74685899999999, -122.458729 37.74675499999999, -122.458657 37.746823, -122.458472 37.74687099999999, -122.45791200000001 37.746861, -122.45724799999999 37.74675399999999, -122.45716700000001 37.74669799999999, -122.457079 37.746725, -122.45667399999999 37.746660000000006, -122.45637700000002 37.74659, -122.456315 37.74653, -122.45622399999999 37.746558, -122.455839 37.746466, -122.45553399999999 37.74639399999999, -122.455467 37.746328, -122.455375 37.74634799999998, -122.454815 37.746216999999994, -122.45472200000002 37.746178000000015, -122.45466399999998 37.746105999999976, -122.45458500000001 37.746106999999995, -122.454275 37.745908, -122.453959 37.745765, -122.453916 37.74569999999998, -122.45382899999998 37.745723999999996, -122.45364500000001 37.745695999999995, -122.45337599999998 37.745687999999994, -122.45222799999999 37.74569199999999, -122.451816 37.745671, -122.45169100000001 37.745605999999995, -122.451624 37.745534, -122.45174800000001 37.745525, -122.451906 37.745513, -122.452247 37.74534, -122.452386 37.74527, -122.45328100000002 37.744732, -122.45336499999999 37.744593000000016, -122.45353399999999 37.744556, -122.453932 37.74429200000001, -122.45414300000002 37.744105000000005, -122.454205 37.743984999999995, -122.454364 37.743956000000004, -122.45477 37.743621, -122.45514000000001 37.743258999999995, -122.45528400000002 37.743131, -122.455271 37.74304899999999, -122.455373 37.74316700000002, -122.45580400000001 37.743462, -122.455905 37.74348199999999, -122.45596900000001 37.74356999999999, -122.45632300000001 37.743814, -122.45645500000002 37.74401999999998, -122.45652499999998 37.744057999999995, -122.456848 37.74480799999999, -122.457256 37.74476500000001, -122.457457 37.74479000000001, -122.45849 37.74496599999999))",7415.0,0.0,1006,075,S,060750306001006,+37.7464332,-122.4578945,G5040,Block 1006,06,030600,,
60750304002,"POLYGON ((-122.46774799999999 37.74341299999998, -122.468073 37.743384000000006, -122.46916499999999 37.74333599999999, -122.470235 37.743289000000004, -122.47036500000002 37.74515900000001, -122.47048600000001 37.74690199999999, -122.470512 37.74702000000001, -122.469507 37.747069, -122.46943 37.747122, -122.46935400000001 37.74716999999999, -122.468485 37.74721199999999, -122.46835100000001 37.747071000000005, -122.46719500000002 37.747122999999995, -122.466882 37.747165999999986, -122.466598 37.747295, -122.466469 37.747309, -122.466107 37.747423999999995, -122.465857 37.747473, -122.46568500000001 37.747485000000005, -122.46549500000002 37.74749800000001, -122.46538 37.74753199999997, -122.46531599999999 37.74757900000001, -122.46531500000002 37.747637999999995, -122.46523100000002 37.747888, -122.46517800000001 37.74800699999999, -122.465122 37.74813, -122.464996 37.748329999999996, -122.46480000000001 37.748597, -122.46470399999998 37.74883099999999, -122.46467099999998 37.748909999999995, -122.46465800000001 37.749061000000005, -122.464725 37.74928599999999, -122.464849 37.749492000000004, -122.46504300000001 37.749644999999994, -122.465209 37.749703, -122.465331 37.749823, -122.46537800000002 37.750333, -122.46540300000001 37.750986, -122.4649 37.75100799999999, -122.46445900000002 37.75086699999999, -122.464186 37.750716999999995, -122.464023 37.75057600000001, -122.46373000000001 37.750347, -122.463581 37.75031500000001, -122.463389 37.75022399999999, -122.46331599999999 37.750167999999995, -122.463173 37.750059, -122.46299199999999 37.749804, -122.46289900000001 37.74955299999999, -122.46288100000001 37.749297, -122.462894 37.749168, -122.46285000000002 37.748940000000005, -122.46278 37.748761, -122.462673 37.748600999999994, -122.462687 37.74851399999999, -122.46260500000001 37.748329999999996, -122.462561 37.748086999999984, -122.46243700000001 37.747865, -122.462333 37.74777699999999, -122.46247700000002 37.747651999999995, -122.46261799999999 37.74750900000001, -122.46270799999999 37.747346, -122.462769 37.747158, -122.46278100000002 37.747, -122.462762 37.746852000000004, -122.46285099999999 37.746756999999995, -122.462921 37.746707, -122.463039 37.746683999999995, -122.46360400000002 37.74667600000001, -122.464037 37.746504, -122.46417700000002 37.746403999999984, -122.464606 37.74606299999999, -122.46473600000002 37.745976999999996, -122.464932 37.74591699999999, -122.46512100000001 37.74590599999999, -122.46530700000001 37.745939000000014, -122.465404 37.745978000000015, -122.46548399999999 37.74600999999999, -122.465608 37.746008999999994, -122.46570000000001 37.745943000000004, -122.46572499999998 37.74583, -122.46573300000001 37.74568999999999, -122.46567500000002 37.745603, -122.46557100000001 37.745460000000016, -122.465414 37.74531899999999, -122.465089 37.74517099999999, -122.464887 37.745126, -122.464608 37.74509799999999, -122.46622800000002 37.744968, -122.46613800000002 37.74428100000001, -122.466043 37.743555, -122.46685900000001 37.743491, -122.46774799999999 37.74341299999998))",13280.0,0.0,2007,075,S,060750304002007,+37.7474592,-122.4630583,G5040,Block 2007,06,030400,,
60750304003,"POLYGON ((-122.476033 37.748647999999996, -122.47501700000001 37.748691999999984, -122.473946 37.74873999999999, -122.472873 37.748786999999986, -122.47232199999999 37.74881, -122.47174900000002 37.748836, -122.471587 37.748806, -122.47074000000002 37.748843, -122.470595 37.748869, -122.46954900000001 37.74890299999999, -122.46856 37.748936, -122.46848099999998 37.74894600000001, -122.468026 37.74899899999998, -122.46737800000001 37.749027999999996, -122.46633600000001 37.749075, -122.466469 37.750939, -122.46540300000001 37.750986, -122.46537800000002 37.750333, -122.465331 37.749823, -122.465209 37.749703, -122.46504300000001 37.749644999999994, -122.464849 37.749492000000004, -122.464725 37.74928599999999, -122.46465800000001 37.749061000000005, -122.46467099999998 37.748909999999995, -122.46470399999998 37.74883099999999, -122.46480000000001 37.748597, -122.464996 37.748329999999996, -122.465122 37.74813, -122.46517800000001 37.74800699999999, -122.46523100000002 37.747888, -122.46531500000002 37.747637999999995, -122.46531599999999 37.74757900000001, -122.46538 37.74753199999997, -122.46549500000002 37.74749800000001, -122.46568500000001 37.747485000000005, -122.465857 37.747473, -122.466107 37.747423999999995, -122.466469 37.747309, -122.466598 37.747295, -122.466882 37.747165999999986, -122.46719500000002 37.747122999999995, -122.46835100000001 37.747071000000005, -122.468485 37.74721199999999, -122.46935400000001 37.74716999999999, -122.46943 37.747122, -122.469507 37.747069, -122.470512 37.74702000000001, -122.471319 37.746984, -122.47162000000002 37.746970999999974, -122.472058 37.746952, -122.472742 37.746921, -122.47381599999999 37.746874, -122.474887 37.74682699999998, -122.47590199999999 37.74678199999999, -122.475973 37.74688899999999, -122.476087 37.748536999999985, -122.476033 37.748647999999996))",20063.0,0.0,3005,075,S,060750304003005,+37.7479139,-122.4711258,G5040,Block 3005,06,030400,,
60750330002,"POLYGON ((-122.483062 37.740852, -122.481989 37.7409, -122.480918 37.74094799999998, -122.479848 37.74099499999999, -122.478774 37.741043000000005, -122.47770299999999 37.741091, -122.47663 37.74113799999999, -122.47553999999998 37.74118699999999, -122.475606 37.741099, -122.475485 37.739432, -122.475409 37.739324999999994, -122.476486 37.73927700000001, -122.47757400000002 37.73923, -122.478644 37.739183000000004, -122.47971799999999 37.73913600000001, -122.48078699999999 37.73908899999998, -122.48185900000001 37.739042, -122.482933 37.738994000000005, -122.48400299999999 37.738947, -122.485074 37.738899999999994, -122.48520500000001 37.74075800000001, -122.48413199999999 37.740804999999995, -122.483062 37.740852))",19542.0,0.0,2005,075,S,060750330002005,+37.7399946,-122.4813882,G5040,Block 2005,06,033000,,
60750330005,"POLYGON ((-122.494443 37.742225000000005, -122.49390700000002 37.74224900000001, -122.49283699999998 37.74229599999998, -122.49176800000001 37.742343, -122.490692 37.74239, -122.48962000000002 37.742436999999995, -122.488547 37.742484999999995, -122.48747600000002 37.742532, -122.48640800000001 37.74257899999999, -122.48533499999999 37.742625999999994, -122.48520500000001 37.74075800000001, -122.48627900000001 37.740711, -122.487346 37.740663999999995, -122.48841699999998 37.740615999999996, -122.48949 37.740569, -122.490562 37.740521999999984, -122.49163500000002 37.740474999999996, -122.492706 37.740427, -122.493775 37.74037999999999, -122.49431300000002 37.740356, -122.494392 37.740441, -122.49450900000001 37.742112, -122.494443 37.742225000000005))",19696.0,0.0,5005,075,S,060750330005005,+37.7414329,-122.4911643,G5040,Block 5005,06,033000,,
60750354001,"POLYGON ((-122.50851 37.73559399999999, -122.508534 37.735605, -122.508511 37.73564299999999, -122.50850699999998 37.735662, -122.50850899999999 37.735748, -122.508519 37.735783999999995, -122.508511 37.73580099999998, -122.508478 37.735805, -122.50846399999999 37.735828000000005, -122.50847500000002 37.735877, -122.508462 37.735938, -122.508465 37.736074999999985, -122.50845500000001 37.73611166666666, -122.50845 37.736129999999996, -122.50845 37.73613, -122.508451 37.736317, -122.50849 37.73647399999999, -122.508516 37.736663, -122.50860399999999 37.736824, -122.508663 37.73695999999999, -122.508679 37.73705600000001, -122.50872 37.73715999999998, -122.508735 37.737317, -122.508766 37.737443, -122.508786 37.737552, -122.50877099999998 37.73763799999998, -122.50878166666665 37.73768533333333, -122.508787 37.737709, -122.50876099999999 37.73778900000001, -122.50876400000001 37.737874999999995, -122.508742 37.73796900000001, -122.508757 37.738392, -122.508804 37.73861400000001, -122.508804 37.738710000000005, -122.508865 37.738915999999996, -122.508895 37.73900299999999, -122.50889650000002 37.739065000000004, -122.508898 37.73912699999999, -122.508891 37.73924, -122.50882300000002 37.739425000000004, -122.508792 37.739563, -122.508775 37.739754999999995, -122.508753 37.73978799999999, -122.50874750000001 37.7398045, -122.508742 37.739821000000006, -122.50876000000002 37.739839499999995, -122.50877800000002 37.73985799999999, -122.50877899999999 37.7399, -122.508763 37.739932999999986, -122.508763 37.739965, -122.50877699999998 37.74001599999999, -122.508748 37.74005399999999, -122.50874900000001 37.740076999999964, -122.5087435 37.740093500000015, -122.50873799999998 37.74011000000001, -122.50874033333332 37.740127, -122.50874500000002 37.74016099999998, -122.50874166666668 37.740182999999995, -122.50873999999999 37.740194, -122.508724 37.740231, -122.50873199999998 37.74030599999999, -122.50882899999999 37.740434, -122.508813 37.740491, -122.50886099999998 37.74053600000002, -122.50885099999999 37.740583, -122.50887 37.740657, -122.50886699999998 37.74074100000001, -122.50887900000001 37.740759999999995, -122.50889650000002 37.7407665, -122.50891400000002 37.740773000000004, -122.508933 37.740815, -122.50892900000001 37.74088, -122.508936 37.740917, -122.50898399999998 37.740963, -122.50900899999999 37.74100000000001, -122.509027 37.741036999999984, -122.509023 37.741088, -122.509023 37.741088000000005, -122.509036 37.741139, -122.50906700000002 37.74119900000001, -122.50909700000001 37.741222, -122.50913299999999 37.74125799999999, -122.50913300000002 37.74125799999999, -122.50913300000002 37.741258, -122.509186 37.741257, -122.509204 37.741298999999984, -122.50922550000001 37.741322000000004, -122.50924700000002 37.741345, -122.50924199999999 37.74140099999999, -122.50922600000001 37.741457, -122.50922700000001 37.741499, -122.509216 37.741521999999996, -122.50921033333331 37.74152833333333, -122.509199 37.741540999999984, -122.509177 37.741602, -122.50920800000002 37.74166199999999, -122.509186 37.74170899999999, -122.50918899999999 37.74179799999999, -122.50916213580247 37.74183513580247, -122.509155 37.74184499999999, -122.50915 37.741873, -122.50915100000002 37.741918999999996, -122.50913700000001 37.741945, -122.509123 37.74197099999998, -122.509101 37.742027, -122.509102 37.742051, -122.50909100000001 37.742107, -122.509063 37.742131, -122.50905200000001 37.742168, -122.50905300000001 37.742215, -122.509066 37.74225599999999, -122.50907300000001 37.742307, -122.509057 37.742358999999986, -122.50905200000001 37.742405, -122.50905399999999 37.742456999999995, -122.50907300000001 37.742522, -122.50909199999998 37.742549, -122.50911 37.742595, -122.50910600000002 37.742642000000004, -122.50912400000001 37.742664999999995, -122.50913099999998 37.742706999999974, -122.50914399999999 37.74273900000001, -122.509168 37.742762, -122.509192 37.742808, -122.50918200000001 37.742841, -122.509159 37.74286, -122.509186 37.74299000000001, -122.50918 37.743013, -122.509193 37.74305999999999, -122.509206 37.743087999999986, -122.509236 37.743106, -122.50924799999999 37.743137999999995, -122.509244 37.74315599999999, -122.50925 37.743202999999994, -122.5092595 37.74321949999999, -122.509269 37.743236, -122.509301 37.743337, -122.509303 37.743431, -122.50933500000001 37.743519, -122.509353 37.74355099999998, -122.509366 37.74359299999998, -122.50939 37.74361999999999, -122.50939700000002 37.74366199999999, -122.5094095 37.74368249999999, -122.50942199999999 37.743703000000004, -122.509417 37.743736, -122.509418 37.743773, -122.50944200000002 37.743791, -122.50946000000002 37.743824, -122.50946699999999 37.743847, -122.50948 37.743863, -122.509498 37.743907, -122.50950040930235 37.74391973488373, -122.50950499999999 37.743944000000006, -122.509566 37.744021999999994, -122.509567 37.744087, -122.50958 37.74410600000001, -122.509617 37.744184, -122.509642 37.744225999999976, -122.509631 37.744282, -122.50963800000001 37.74430999999999, -122.509656 37.744333, -122.50965099999998 37.744364999999995, -122.50965200000002 37.74440299999999, -122.50968300000001 37.744439, -122.50968399999998 37.744494999999986, -122.509662 37.74453799999999, -122.50965700000003 37.744568, -122.50965200000002 37.74459799999999, -122.50963499999999 37.744631, -122.509636 37.744659, -122.509631 37.74468699999999, -122.5096195 37.744713, -122.50960799999999 37.744738999999996, -122.50960799999999 37.744739, -122.509616 37.74478500000001, -122.50959300000001 37.744817999999995, -122.509507 37.74488, -122.50948650000001 37.74489, -122.50946600000002 37.7449, -122.509443 37.744928, -122.509462 37.744956, -122.50945800000001 37.74502599999999, -122.50944950000002 37.745042, -122.509441 37.74505799999999, -122.5094365 37.7451095, -122.509432 37.74516099999998, -122.50939700000002 37.745292, -122.509354 37.74569799999998, -122.5093536746988 37.74570233734939, -122.50933599999998 37.74593799999999, -122.50942599999998 37.746368999999994, -122.50949100000001 37.74653899999998, -122.509541 37.746713, -122.50957500000001 37.746888, -122.50959399999998 37.747066, -122.509598 37.747155, -122.509772 37.74749599999999, -122.509811 37.747625, -122.50983099999998 37.747746, -122.509834 37.74786899999999, -122.509825 37.74797099999999, -122.509709 37.748796, -122.509707 37.74884700000002, -122.50887900000001 37.748830000000005, -122.50846300000002 37.74891499999998, -122.50834699999999 37.748959, -122.50794199999999 37.74911099999999, -122.50728699999999 37.74913999999998, -122.506219 37.749187, -122.50514799999999 37.749235, -122.50501399999999 37.74736699999999, -122.504886 37.745504, -122.50475300000001 37.743642999999985, -122.50582400000002 37.74359599999999, -122.50689700000001 37.743548, -122.507193 37.743535, -122.506955 37.74176, -122.506865 37.741673000000006, -122.506935 37.741595000000004, -122.506676 37.739812, -122.506436 37.73796, -122.50631399999999 37.73702299999999, -122.50619400000001 37.736096, -122.506135 37.735571, -122.50652099999999 37.73557200000001, -122.50671700000001 37.73547, -122.508538 37.735402, -122.50850000000001 37.735568, -122.50851 37.73559399999999))",0.0,557642.0,1008,075,S,060750354001008,+37.7418940,-122.5112325,G5040,Block 1008,06,035400,,
60750330001,"POLYGON ((-122.48426400000001 37.742673, -122.48319200000002 37.74272, -122.482122 37.742767000000015, -122.48105 37.74281399999997, -122.479978 37.742861999999995, -122.47890500000001 37.742909000000004, -122.47783600000001 37.74295600000001, -122.476765 37.743003, -122.47564400000002 37.743052, -122.475711 37.742943999999994, -122.47561700000001 37.74127500000001, -122.47553999999998 37.74118699999999, -122.47663 37.74113799999999, -122.47770299999999 37.741091, -122.478774 37.741043000000005, -122.479848 37.74099499999999, -122.480918 37.74094799999998, -122.481989 37.7409, -122.483062 37.740852, -122.48413199999999 37.740804999999995, -122.48520500000001 37.74075800000001, -122.48533499999999 37.742625999999994, -122.48426400000001 37.742673))",19632.0,0.0,1007,075,S,060750330001007,+37.7417628,-122.4836625,G5040,Block 1007,06,033000,,
60750329014,"POLYGON ((-122.49457400000001 37.744091999999995, -122.494038 37.744115, -122.49296799999999 37.74416300000001, -122.491901 37.74421, -122.49082200000001 37.744257, -122.48974999999999 37.74430399999999, -122.48867800000001 37.74435199999999, -122.487607 37.74439899999999, -122.486536 37.74444600000001, -122.485466 37.744493000000006, -122.48533499999999 37.742625999999994, -122.48640800000001 37.74257899999999, -122.48747600000002 37.742532, -122.488547 37.742484999999995, -122.48962000000002 37.742436999999995, -122.490692 37.74239, -122.49176800000001 37.742343, -122.49283699999998 37.74229599999998, -122.49390700000002 37.74224900000001, -122.494443 37.742225000000005, -122.49452399999998 37.74233099999999, -122.494639 37.74397899999998, -122.49457400000001 37.744091999999995))",19593.0,0.0,4001,075,S,060750329014001,+37.7434894,-122.4870068,G5040,Block 4001,06,032901,,
60750328012,"POLYGON ((-122.483322 37.744586999999996, -122.48225099999999 37.74463399999998, -122.481181 37.744680999999986, -122.479035 37.74477499999999, -122.47796700000002 37.744822, -122.47689600000001 37.74486899999999, -122.47577300000002 37.744918999999996, -122.47582400000002 37.744806000000004, -122.47570999999999 37.743173000000006, -122.47564400000002 37.743052, -122.476765 37.743003, -122.47783600000001 37.74295600000001, -122.47890500000001 37.742909000000004, -122.479978 37.742861999999995, -122.48105 37.74281399999997, -122.482122 37.742767000000015, -122.48319200000002 37.74272, -122.48426400000001 37.742673, -122.48533499999999 37.742625999999994, -122.485466 37.744493000000006, -122.48439500000002 37.744540000000015, -122.483322 37.744586999999996))",19620.0,0.0,2004,075,S,060750328012004,+37.7437237,-122.4816510,G5040,Block 2004,06,032801,,
60750353006,"POLYGON ((-122.500332 37.741959, -122.501404 37.74190999999999, -122.501536 37.74378500000001, -122.50166899999999 37.745645, -122.501798 37.74751, -122.50193000000002 37.749376999999996, -122.500857 37.74942499999999, -122.499784 37.74947200000001, -122.49965399999999 37.74760499999998, -122.49952500000002 37.745739, -122.49939300000001 37.74387900000002, -122.499262 37.742007, -122.500332 37.741959))",19715.0,0.0,6006,075,S,060750353006006,+37.7428715,-122.5009341,G5040,Block 6006,06,035300,,
60750354002,"POLYGON ((-122.501536 37.74378500000001, -122.50260899999999 37.743738, -122.50368100000001 37.74369, -122.50475300000001 37.743642999999985, -122.504886 37.745504, -122.50501399999999 37.74736699999999, -122.50514799999999 37.749235, -122.50407400000002 37.749282, -122.503004 37.74933, -122.50193000000002 37.749376999999996, -122.501798 37.74751, -122.50166899999999 37.745645, -122.501536 37.74378500000001))",19563.0,0.0,2007,075,S,060750354002007,+37.7446441,-122.5032113,G5040,Block 2007,06,035400,,
60750353001,"POLYGON ((-122.49939300000001 37.74387900000002, -122.49952500000002 37.745739, -122.49965399999999 37.74760499999998, -122.499784 37.74947200000001, -122.499914 37.751334, -122.498842 37.75138100000001, -122.49777 37.751425999999995, -122.496702 37.751476000000004, -122.49563 37.751527, -122.495098 37.751545, -122.49516800000002 37.751431, -122.495053 37.749786, -122.494969 37.749684, -122.495035 37.74957399999998, -122.49492300000001 37.74792300000001, -122.494837 37.747817, -122.49490399999999 37.747704000000006, -122.49479 37.746058000000005, -122.49470600000002 37.745952, -122.494772 37.745877999999976, -122.494655 37.744198000000004, -122.49457400000001 37.744091999999995, -122.49510900000001 37.744068000000006, -122.49618 37.744021, -122.497248 37.74397399999999, -122.49832 37.74392699999999, -122.49939300000001 37.74387900000002))",19618.0,0.0,1009,075,S,060750353001009,+37.7466954,-122.4990537,G5040,Block 1009,06,035300,,
60750329013,"POLYGON ((-122.49470600000002 37.745952, -122.494167 37.745974999999994, -122.493098 37.746023, -122.49202700000001 37.746069999999996, -122.490952 37.746117999999996, -122.48987899999999 37.746165, -122.488806 37.746212000000014, -122.487736 37.74626000000001, -122.486663 37.74630700000001, -122.48559700000001 37.74635400000001, -122.485466 37.744493000000006, -122.486536 37.74444600000001, -122.487607 37.74439899999999, -122.48867800000001 37.74435199999999, -122.48974999999999 37.74430399999999, -122.49082200000001 37.744257, -122.491901 37.74421, -122.49296799999999 37.74416300000001, -122.494038 37.744115, -122.49457400000001 37.744091999999995, -122.494655 37.744198000000004, -122.494772 37.745877999999976, -122.49470600000002 37.745952))",19661.0,0.0,3005,075,S,060750329013005,+37.7451632,-122.4914254,G5040,Block 3005,06,032901,,
60750328013,"POLYGON ((-122.48225099999999 37.74463399999998, -122.483322 37.744586999999996, -122.48439500000002 37.744540000000015, -122.485466 37.744493000000006, -122.48559700000001 37.74635400000001, -122.48572699999998 37.74822, -122.48465400000002 37.74826700000001, -122.48358200000001 37.748315, -122.48251400000001 37.74836200000001, -122.48143999999998 37.74840899999999, -122.480368 37.748456, -122.479296 37.748504000000004, -122.479166 37.746638, -122.479035 37.74477499999999, -122.481181 37.744680999999986, -122.48225099999999 37.74463399999998))",19629.0,0.0,3003,075,S,060750328013003,+37.7473580,-122.4840530,G5040,Block 3003,06,032801,,
60750329012,"POLYGON ((-122.494837 37.747817, -122.494297 37.747841, -122.493228 37.74788799999999, -122.492156 37.747936, -122.49108200000002 37.747983, -122.490009 37.74803099999999, -122.48893600000001 37.748078, -122.487866 37.748125000000016, -122.486793 37.748173, -122.48572699999998 37.74822, -122.48559700000001 37.74635400000001, -122.486663 37.74630700000001, -122.487736 37.74626000000001, -122.488806 37.746212000000014, -122.48987899999999 37.746165, -122.490952 37.746117999999996, -122.49202700000001 37.746069999999996, -122.493098 37.746023, -122.494167 37.745974999999994, -122.49470600000002 37.745952, -122.49479 37.746058000000005, -122.49490399999999 37.747704000000006, -122.494837 37.747817))",19641.0,0.0,2001,075,S,060750329012001,+37.7472163,-122.4872645,G5040,Block 2001,06,032901,,
60750610002,"POLYGON ((-122.40545300000001 37.708245, -122.40548699999998 37.708241, -122.40558200000001 37.70823099999999, -122.40544299999999 37.708355000000005, -122.405244 37.708802000000006, -122.405109 37.70885399999999, -122.40515299999998 37.708964, -122.405055 37.70922100000001, -122.40468199999998 37.709929999999986, -122.404377 37.710364999999996, -122.40422599999998 37.71040899999999, -122.40424900000001 37.710518999999984, -122.40377500000001 37.711158999999995, -122.40365 37.711189, -122.40368699999999 37.711278, -122.40327999999998 37.711818, -122.40310099999999 37.711968999999996, -122.40282 37.71213499999999, -122.40265500000001 37.712198, -122.402459 37.71217899999997, -122.40236600000001 37.712294, -122.40212800000002 37.712361, -122.401996 37.71239799999999, -122.401644 37.712483999999996, -122.40126000000001 37.712642, -122.401038 37.71281499999999, -122.40097000000002 37.712869, -122.400834 37.71300799999999, -122.400658 37.713058, -122.40047400000002 37.713116, -122.40001699999999 37.713584, -122.399755 37.713858, -122.399359 37.714273, -122.39919900000001 37.714535999999995, -122.39894300000002 37.715187, -122.398991 37.715338999999986, -122.398912 37.715396, -122.398834 37.715451, -122.398819 37.715472999999996, -122.39865 37.715728999999996, -122.39859599999998 37.715810000000005, -122.39848100000002 37.715984, -122.39832799999999 37.716259, -122.398258 37.715987999999996, -122.39801600000001 37.715485, -122.39820200000001 37.715492, -122.398225 37.71549199999999, -122.398423 37.71546199999998, -122.398266 37.715148000000006, -122.397755 37.714547999999986, -122.39687500000001 37.713455999999994, -122.39679900000002 37.713347999999996, -122.396633 37.71311099999999, -122.39651 37.712934, -122.39638800000002 37.712724000000016, -122.396198 37.712395, -122.396069 37.712088, -122.39596299999998 37.711835999999984, -122.395808 37.71138299999999, -122.39570099999999 37.710910999999996, -122.39551800000001 37.71011699999999, -122.395411 37.70965499999999, -122.39520999999999 37.70878599999999, -122.395123 37.70841, -122.39510700000001 37.708339, -122.395277 37.70833700000001, -122.39578199951559 37.70833100000572, -122.39578200000001 37.70833099999999, -122.39618100000001 37.70833099999998, -122.40028200000002 37.70833099999998, -122.40098200000001 37.70833099999998, -122.401307 37.708331, -122.401327 37.708331000000015, -122.401482 37.708331, -122.401591 37.70830900000001, -122.401765 37.708274, -122.40187349999998 37.70825249999999, -122.40198199999999 37.70823099999999, -122.402382 37.708331, -122.40268199999998 37.708331, -122.40298200000001 37.708331, -122.40328199999999 37.708330999999994, -122.40468199999998 37.708331, -122.40522599998268 37.708271000001915, -122.405226 37.708271000000025, -122.40522600000345 37.708270999999606, -122.40528100000002 37.708265, -122.40529 37.708264000000014, -122.40536499999973 37.70825500000003, -122.40536500000002 37.70825500000001, -122.40545300000001 37.708245))",1206.0,0.0,2026,075,S,060750610002026,+37.7085253,-122.4052693,G5040,Block 2026,06,061000,,
60750264031,"POLYGON ((-122.40718199999999 37.708231, -122.40727599999998 37.708233000000014, -122.40732299999999 37.708234000000004, -122.40737 37.70823499999997, -122.40887000000001 37.70825899999999, -122.41037 37.70828299999999, -122.411442 37.708292, -122.41237100000001 37.70830299999999, -122.41237999999998 37.70830299999999, -122.41236 37.708327999999995, -122.412233 37.708615, -122.41196800000002 37.70920999999999, -122.41134900000002 37.710605, -122.41064100000001 37.712205999999995, -122.40972800000002 37.711952000000004, -122.40882700000002 37.711701999999995, -122.40792700000002 37.711448000000004, -122.40701300000002 37.71118999999999, -122.406185 37.710957, -122.405209 37.710682999999996, -122.40422599999998 37.71040899999999, -122.404377 37.710364999999996, -122.40468199999998 37.709929999999986, -122.405055 37.70922100000001, -122.40515299999998 37.708964, -122.405109 37.70885399999999, -122.405244 37.708802000000006, -122.40544299999999 37.708355000000005, -122.40558200000001 37.70823099999999, -122.406481 37.708323, -122.40718199999999 37.708231))",15965.0,0.0,1004,075,S,060750264031004,+37.7107716,-122.4087356,G5040,Block 1004,06,026403,,
60750264032,"POLYGON ((-122.40792700000002 37.711448000000004, -122.407465 37.712489, -122.40734799999998 37.712546999999994, -122.40705600000001 37.713226, -122.406767 37.713901, -122.40647700000001 37.714575, -122.40618899999998 37.715244, -122.405523 37.71505899999999, -122.403823 37.714395999999994, -122.40369300000002 37.71434099999999, -122.403617 37.71432699999999, -122.40350699999999 37.714357, -122.40311299999999 37.714462000000005, -122.402654 37.71458599999999, -122.402562 37.71464999999999, -122.402325 37.714710999999994, -122.402188 37.71473099999999, -122.40235200000001 37.714579, -122.402441 37.714436, -122.40241700000001 37.714276999999996, -122.40209600000001 37.713508, -122.402098 37.71299499999999, -122.40209899999999 37.71279499999999, -122.402113 37.712712, -122.40225800000002 37.712559999999996, -122.40247099999999 37.712433999999995, -122.402459 37.71217899999997, -122.40265500000001 37.712198, -122.40282 37.71213499999999, -122.40310099999999 37.711968999999996, -122.40327999999998 37.711818, -122.40368699999999 37.711278, -122.40365 37.711189, -122.40377500000001 37.711158999999995, -122.40424900000001 37.710518999999984, -122.40422599999998 37.71040899999999, -122.405209 37.710682999999996, -122.406185 37.710957, -122.40701300000002 37.71118999999999, -122.40792700000002 37.711448000000004))",14789.0,0.0,2002,075,S,060750264032002,+37.7139035,-122.4056288,G5040,Block 2002,06,026403,,
60750264022,"POLYGON ((-122.40212800000002 37.712361, -122.40236600000001 37.712294, -122.402459 37.71217899999997, -122.40247099999999 37.712433999999995, -122.40225800000002 37.712559999999996, -122.402113 37.712712, -122.40209899999999 37.71279499999999, -122.402098 37.71299499999999, -122.40209600000001 37.713508, -122.40241700000001 37.714276999999996, -122.402441 37.714436, -122.40235200000001 37.714579, -122.402188 37.71473099999999, -122.40176299999999 37.714842, -122.40159499999999 37.714856, -122.402091 37.716060999999996, -122.40212099999998 37.716135, -122.40257700000001 37.71725400000001, -122.403071 37.71846499999999, -122.40210299999998 37.718720999999995, -122.401122 37.718979999999995, -122.40043500000002 37.719161999999976, -122.40027599999999 37.718505999999984, -122.400131 37.717906000000006, -122.40004200000001 37.717538, -122.40001200000002 37.71741099999998, -122.399828 37.716649999999994, -122.39973999999998 37.716182999999994, -122.399615 37.716277999999996, -122.39956800000002 37.716446999999995, -122.399462 37.716834000000006, -122.39941999999999 37.716995, -122.399402 37.71706599999999, -122.39928300000001 37.717529000000006, -122.39921900000002 37.71790600000001, -122.399188 37.718088, -122.3991 37.718249, -122.398882 37.718648, -122.398863 37.718683, -122.398812 37.71851099999999, -122.39866000000002 37.71815299999998, -122.398549 37.71785900000001, -122.398515 37.71766399999999, -122.398407 37.717048999999996, -122.39836700000001 37.716413, -122.39832799999999 37.716259, -122.39848100000002 37.715984, -122.39859599999998 37.715810000000005, -122.39865 37.715728999999996, -122.398819 37.715472999999996, -122.398834 37.715451, -122.398912 37.715396, -122.398991 37.715338999999986, -122.39894300000002 37.715187, -122.39919900000001 37.714535999999995, -122.399359 37.714273, -122.399755 37.713858, -122.40001699999999 37.713584, -122.40047400000002 37.713116, -122.400658 37.713058, -122.400834 37.71300799999999, -122.40097000000002 37.712869, -122.401038 37.71281499999999, -122.40126000000001 37.712642, -122.401644 37.712483999999996, -122.401996 37.71239799999999, -122.40212800000002 37.712361))",304.0,0.0,2027,075,S,060750264022027,+37.7161065,-122.3986409,G5040,Block 2027,06,026402,,
60750610001,"POLYGON ((-122.39520999999999 37.70878599999999, -122.395411 37.70965499999999, -122.39551800000001 37.71011699999999, -122.39570099999999 37.710910999999996, -122.395808 37.71138299999999, -122.39596299999998 37.711835999999984, -122.396069 37.712088, -122.396198 37.712395, -122.39638800000002 37.712724000000016, -122.39651 37.712934, -122.396633 37.71311099999999, -122.39679900000002 37.713347999999996, -122.39687500000001 37.713455999999994, -122.397755 37.714547999999986, -122.398266 37.715148000000006, -122.398423 37.71546199999998, -122.398225 37.71549199999999, -122.39820200000001 37.715492, -122.39801600000001 37.715485, -122.398258 37.715987999999996, -122.39832799999999 37.716259, -122.39836700000001 37.716413, -122.398407 37.717048999999996, -122.398515 37.71766399999999, -122.39843399999998 37.71774, -122.398029 37.718204, -122.397981 37.718177999999995, -122.39749400000001 37.718728000000006, -122.397479 37.718833999999994, -122.397471 37.718941, -122.39707299999999 37.719381, -122.39695399999998 37.719477000000005, -122.396975 37.719607999999994, -122.39673400000001 37.72013899999999, -122.396617 37.72023099999999, -122.39543099999999 37.719558, -122.39354500000002 37.71848699999999, -122.392613 37.71795899999999, -122.392389 37.717885999999986, -122.39159900000001 37.717526, -122.391141 37.718039999999995, -122.390205 37.717498, -122.38927799999999 37.716961, -122.38913600000001 37.71687899999999, -122.38813100000002 37.71629799999998, -122.38791200000001 37.716328, -122.38685000000001 37.717509, -122.38626499999998 37.717179, -122.38569700000001 37.717797, -122.385157 37.718407, -122.38415599999999 37.71952099999999, -122.384086 37.719667, -122.38364699999998 37.720413, -122.38282 37.72187199999999, -122.38276300000001 37.72177399999999, -122.382743 37.72174900000001, -122.382723 37.72172400000001, -122.382722 37.721689999999995, -122.382732 37.72164, -122.382738 37.72155600000001, -122.382806 37.721353, -122.382909 37.72115, -122.382948 37.721088, -122.382999 37.72103799999999, -122.383056 37.721, -122.383117 37.72096599999998, -122.383142 37.72094199999999, -122.383167 37.72091800000001, -122.383326 37.720699, -122.38337000000001 37.720611999999996, -122.38340000000001 37.720510000000004, -122.38340533333336 37.72045866666666, -122.38340800000002 37.720433000000014, -122.38340800000002 37.720433000000014, -122.38339699999999 37.720352999999996, -122.38338200000001 37.72034299999999, -122.383367 37.72033299999999, -122.383314 37.72035799999999, -122.38330600000002 37.720316, -122.383251 37.72028899999999, -122.383251 37.720151, -122.383197 37.72008999999999, -122.38285000000002 37.719923, -122.38272700000002 37.719885999999995, -122.38262400000002 37.719838999999986, -122.382518 37.719767999999995, -122.38214100000002 37.719552, -122.382009 37.719496000000014, -122.38174899999999 37.719350000000006, -122.38168900000001 37.719272, -122.38160799999999 37.71918199999999, -122.3815875 37.71914750000001, -122.381567 37.71911299999999, -122.381507 37.718998, -122.38140600000001 37.718877, -122.38129500000001 37.718782999999995, -122.381114 37.718756999999975, -122.38100799999998 37.71876233333332, -122.380955 37.718765000000005, -122.380828 37.718776000000005, -122.38071899999998 37.718779999999995, -122.38056900000001 37.718754, -122.38042200000001 37.71872099999998, -122.380329 37.718672999999995, -122.38026200000002 37.71859700000001, -122.38024566990293 37.71857616504857, -122.38020400000002 37.718523, -122.38011 37.71848399999999, -122.38002 37.718477, -122.37994400000001 37.718446, -122.379874 37.718388000000004, -122.379783 37.718360999999994, -122.379744 37.71835649999999, -122.379705 37.718351999999996, -122.3796825 37.7183215, -122.37966 37.718290999999994, -122.37959200000002 37.718249, -122.37953500000002 37.71819199999999, -122.3794976666667 37.718168, -122.379479 37.71815599999999, -122.37946500000002 37.718140666666656, -122.37943700000001 37.718109999999974, -122.379408 37.718042000000004, -122.379225 37.71788300000001, -122.37907600000001 37.71778299999999, -122.37904175925928 37.71777662962964, -122.37903300000002 37.717775, -122.37901700833334 37.71774975000002, -122.37901399999998 37.71774500000002, -122.37898933333332 37.717736, -122.37894 37.717717999999984, -122.378856 37.717670999999996, -122.37865900000001 37.717579, -122.37855099999999 37.717510999999995, -122.378386 37.7174195, -122.37822100000001 37.717328, -122.377883 37.717189, -122.37745100000002 37.716961999999995, -122.3773305025907 37.716890124352325, -122.37728 37.71685999999999, -122.37719199999998 37.71685099999999, -122.377174 37.716801, -122.376873 37.71663, -122.376781 37.716568, -122.376635 37.716454999999996, -122.3766065 37.71644, -122.376578 37.71642499999998, -122.37653600000002 37.716392, -122.376487 37.71634299999999, -122.376435 37.71631, -122.376232 37.716209, -122.376165 37.71615400000001, -122.37614 37.716113, -122.376126 37.716091, -122.37612400000002 37.716017, -122.37615199999999 37.715941, -122.37620099999998 37.715855999999995, -122.376261 37.715787000000006, -122.37633500000001 37.715716, -122.376402 37.715635, -122.376454 37.71555600000001, -122.37654299999998 37.715474, -122.37663200000001 37.715368, -122.37668900000001 37.715277, -122.37667100000002 37.71524199999999, -122.376649 37.71523399999998, -122.376649 37.715203, -122.376714 37.715163, -122.37687600000001 37.714984999999984, -122.376996 37.714850999999996, -122.37707400000001 37.714795, -122.377094 37.714766999999995, -122.377114 37.714738999999994, -122.37717200000002 37.71461600000001, -122.37724499999999 37.71449799999999, -122.377279 37.714451, -122.377307 37.71439800000002, -122.37734375000001 37.71435525, -122.37735599999999 37.714340999999976, -122.37738254677755 37.71431938669437, -122.37746900000002 37.71424899999998, -122.37752790909092 37.71420972727271, -122.37755 37.71419499999999, -122.37765249999998 37.714118, -122.377755 37.71404100000001, -122.377878 37.713959, -122.378038 37.713839, -122.378341 37.71361900000001, -122.37839 37.713566, -122.37842500000001 37.713500999999994, -122.37846099999999 37.71343999999998, -122.378501 37.713398, -122.378661 37.713244, -122.3787105 37.713219499999994, -122.37876 37.71319499999999, -122.37886000000002 37.71312699999999, -122.37889200000002 37.713094, -122.378963 37.71297499999999, -122.37899300000001 37.7129085, -122.379023 37.712842, -122.37906 37.7128, -122.37917300000001 37.712642, -122.379294 37.712488000000015, -122.37933700000002 37.7124, -122.37940000000002 37.71227400000001, -122.37948400000002 37.712152, -122.379546 37.712025, -122.37957200000001 37.71199199999999, -122.37958124267784 37.71198256066945, -122.37961900000002 37.71194399999999, -122.379651 37.711890000000004, -122.379672 37.711838, -122.37972 37.711768, -122.37978 37.71169600000002, -122.379822 37.711668, -122.379864 37.711653, -122.37992000000001 37.711633, -122.37997 37.711603, -122.38001699999998 37.71155400000001, -122.380057 37.711490000000005, -122.38008 37.711417, -122.380111 37.711188, -122.38012100000002 37.711027, -122.38011900000001 37.71087099999999, -122.38011 37.710823999999995, -122.380096 37.71074300000001, -122.380059 37.710635, -122.380041 37.710605, -122.37998400000001 37.71055299999999, -122.379915 37.71051, -122.379861 37.710488999999995, -122.379829 37.710489999999986, -122.37979700000001 37.710503, -122.379756 37.710502, -122.37972199999999 37.710485999999996, -122.379654 37.710417, -122.37958699999999 37.710378, -122.379505 37.71035300000002, -122.37945100000002 37.710332333333334, -122.37942400000001 37.71032199999999, -122.37938550000003 37.71029849999999, -122.37934700000001 37.710274999999996, -122.379216 37.710149, -122.37913600000002 37.710091000000006, -122.379041 37.710034, -122.378976 37.709977, -122.37892399999998 37.709907000000015, -122.37890800000001 37.709854, -122.37890299999998 37.70979699999999, -122.378886 37.709767, -122.37886499999999 37.709759999999996, -122.378832 37.709757, -122.3788215 37.70974950000001, -122.378811 37.709741999999984, -122.37877950000002 37.709685, -122.378748 37.70962799999999, -122.37871299999999 37.70954899999999, -122.37867999999999 37.709486999999996, -122.37862200000002 37.709458, -122.3786025 37.7094265, -122.37858300000002 37.709395, -122.378549 37.709369999999986, -122.37851700000002 37.70935299999999, -122.3784985 37.709335499999995, -122.37848 37.709318, -122.37845400000002 37.709274, -122.378445 37.709221999999976, -122.378445 37.70912499999999, -122.378424 37.709012, -122.378393 37.70892599999999, -122.37835800000002 37.708867999999995, -122.37829299999999 37.70879299999998, -122.37827750000001 37.708778499999994, -122.37826200000002 37.708763999999995, -122.37807300000001 37.708684, -122.378045 37.708667, -122.37803 37.70865299999999, -122.377942 37.708608, -122.37787 37.708586000000004, -122.37782849999999 37.708580999999995, -122.377787 37.708575999999994, -122.377741 37.70857999999998, -122.37771399999998 37.708589, -122.37768699999998 37.70859800000001, -122.3776405 37.708622, -122.377594 37.708645999999995, -122.37750800000002 37.708677, -122.377361 37.708714, -122.37722 37.708756, -122.377123 37.70878899999999, -122.377049 37.708828999999994, -122.37697499999999 37.70886899999999, -122.37692100000001 37.70888399999999, -122.376867 37.708898999999995, -122.376829 37.70892400000001, -122.376719 37.709024, -122.37670200000001 37.709081999999995, -122.37667700000002 37.709106, -122.37665600000001 37.709119, -122.376619 37.709206, -122.37649700000001 37.70936, -122.37638799999999 37.70956599999998, -122.376403 37.70961299999999, -122.3763985 37.7096255, -122.376394 37.709638000000005, -122.376352 37.709658, -122.37618200000001 37.709685, -122.37602200000002 37.70969100000001, -122.375913 37.709683999999996, -122.37578300000001 37.70965899999998, -122.375657 37.709620999999984, -122.375619 37.709604500000005, -122.375581 37.70958800000001, -122.375516 37.709542, -122.375413 37.709435999999975, -122.37534700000002 37.709392, -122.375181 37.709318999999994, -122.37504700000001 37.70923799999999, -122.37493350000003 37.7091895, -122.37482 37.709141, -122.374706 37.70910000000001, -122.37466400000001 37.709078, -122.374622 37.70905599999999, -122.37454600000001 37.709004, -122.374466 37.708927, -122.37444600000002 37.70890300000001, -122.37441000000003 37.708831000000025, -122.37437400000002 37.70875899999999, -122.3743745 37.708734500000006, -122.37437499999999 37.70871, -122.374394 37.70866700000001, -122.37443 37.70863, -122.374563 37.70854200000001, -122.374733 37.70850300000001, -122.37479585714287 37.70850142857142, -122.374853 37.70849999999999, -122.37495200000001 37.70848749999999, -122.375051 37.708475000000014, -122.37530599999998 37.70845600000002, -122.375632 37.708405, -122.37587300000001 37.708398, -122.376063 37.708384, -122.376492 37.708407, -122.37674799999999 37.708407, -122.376748 37.708407, -122.37675520987655 37.70840620987653, -122.37682100000002 37.70839899999997, -122.377004 37.708417, -122.37710999999999 37.70841500000002, -122.37728900000002 37.708425000000005, -122.37747086263738 37.70842243131869, -122.37764300000002 37.70841999999998, -122.37773250000002 37.70842424999999, -122.37800100000001 37.70843700000003, -122.37831999999999 37.70843900000001, -122.37844899999999 37.70843, -122.37857799999999 37.708437, -122.37866350000002 37.708451000000004, -122.37874900000001 37.708464999999975, -122.378876 37.70846499999999, -122.379081 37.70843199999999, -122.379201 37.70842, -122.37940000000002 37.70842, -122.379479 37.708438, -122.379591 37.708493999999995, -122.37973 37.708526, -122.37978699999996 37.708522999999985, -122.379763 37.708537, -122.37991400000001 37.708599, -122.379993 37.70861799999999, -122.38002033333332 37.70862999999999, -122.38007500000002 37.70865400000002, -122.38017200000002 37.708705, -122.3802435 37.70873099999999, -122.380315 37.70875699999999, -122.38045 37.708788, -122.380588 37.708803999999986, -122.38074499999999 37.708807, -122.380975 37.70882699999999, -122.381248 37.708867999999995, -122.381404 37.708868, -122.381455 37.7088805, -122.381506 37.70889299999998, -122.381585 37.708864, -122.381713 37.70886500000002, -122.38175899999997 37.70886499999999, -122.38178199999999 37.70886499999998, -122.38186400000001 37.70888099999999, -122.381926 37.708909, -122.382032 37.70898900000001, -122.38212 37.709032, -122.382201 37.709056999999994, -122.38230399999999 37.709071, -122.38247 37.70906899999999, -122.38258500000002 37.709084, -122.38272400000001 37.709118, -122.382866 37.70914, -122.38315900000002 37.709157, -122.38338999999999 37.70918999999998, -122.38353500000001 37.709195, -122.383684 37.709189999999985, -122.383797 37.709202000000005, -122.384043 37.709257, -122.384233 37.709282, -122.38451499999998 37.709295, -122.38454899999999 37.70930499999999, -122.38475400000002 37.709389999999985, -122.385072 37.7095, -122.385213 37.70958, -122.385427 37.709674, -122.385657 37.70980399999999, -122.38571999999999 37.70985200000001, -122.385741 37.709862, -122.385852 37.70994399999999, -122.385909 37.709979, -122.385984 37.70999799999998, -122.38598400000002 37.70999799999998, -122.386106 37.709994999999985, -122.38627199999999 37.70997199999998, -122.386413 37.70993599999999, -122.386565 37.70988, -122.38666300000001 37.709835999999996, -122.386739 37.709802999999994, -122.386816 37.70975599999999, -122.386829 37.70972999999999, -122.38681999999999 37.709702, -122.38681900000002 37.709677000000006, -122.38683700000001 37.709656, -122.38697500000002 37.709612, -122.38708700000001 37.709561, -122.38729000000002 37.709433999999995, -122.38740071288514 37.70934510644257, -122.387427 37.709324, -122.38757700000001 37.70918, -122.38759766666666 37.70915166666668, -122.387639 37.70909499999998, -122.387698 37.70904999999999, -122.387768 37.709005, -122.38782 37.708947, -122.387896 37.708821, -122.38793100000001 37.70879499999999, -122.38797200000002 37.70877399999999, -122.38800200000001 37.708741, -122.388016 37.708714, -122.388032 37.70868800000002, -122.38805266666665 37.70867799999999, -122.38806299999999 37.70867299999999, -122.38810799999999 37.708673, -122.38819500000001 37.708712000000006, -122.38825650000001 37.708754, -122.38831800000001 37.70879599999999, -122.388399 37.708827, -122.388482 37.70884, -122.3885185 37.708842000000004, -122.38855500000001 37.70884399999999, -122.38859499999998 37.70885600000001, -122.388719 37.708915999999995, -122.38883100000001 37.70899, -122.38897300000001 37.709108, -122.389081 37.709191, -122.389224 37.70926099999999, -122.38947600000002 37.709424999999996, -122.38952 37.709466, -122.389572 37.709505, -122.38966999999998 37.709599, -122.389718 37.70962, -122.38977 37.70962500000001, -122.38980266666668 37.70961833333333, -122.38981900000002 37.70961499999999, -122.389931 37.709573, -122.390033 37.70952, -122.39026000000001 37.709367, -122.390413 37.709227, -122.390463 37.709202000000005, -122.39056 37.709213, -122.39062 37.709205000000004, -122.390671 37.709250000000004, -122.390741 37.709285, -122.39076200000001 37.709292, -122.390956 37.70940399999999, -122.39103000000001 37.709453999999994, -122.39110400000001 37.709504, -122.39118350000001 37.70954850000001, -122.391263 37.709593000000005, -122.39147900000002 37.709697999999996, -122.39151000000001 37.709694999999996, -122.39162400000001 37.709649999999996, -122.39171600000002 37.709607000000005, -122.391877 37.709454, -122.392112 37.70925299999999, -122.3921365 37.70921499999999, -122.39216100000002 37.709177000000004, -122.39228199999998 37.708997, -122.392358 37.708954999999996, -122.39246299999999 37.70891499999998, -122.39246300000002 37.70891499999998, -122.392487 37.70889699999998, -122.392511 37.70887899999999, -122.39253999999998 37.708849999999984, -122.392598 37.708791999999995, -122.39266551773049 37.70874075886524, -122.39271 37.70870699999999, -122.39277466666667 37.708668666666654, -122.392904 37.70859200000001, -122.39293 37.70857933333333, -122.392943 37.70857299999998, -122.39311300000001 37.708447, -122.393167 37.70840200000001, -122.393226 37.708282, -122.39331999999999 37.708273, -122.39363738331679 37.708244146971175, -122.39374149276566 37.70825056705389, -122.394235 37.708281, -122.39459900000001 37.708303, -122.39483399999969 37.708316999999965, -122.394834 37.708316999999994, -122.39497 37.708328, -122.39510700000001 37.708339, -122.395123 37.70841, -122.39520999999999 37.70878599999999))",41330.0,0.0,1015,075,S,060750610001015,+37.7101822,-122.3937045,G5040,Block 1015,06,061000,,
60750264023,"POLYGON ((-122.40831 37.715835000000006, -122.40912200000001 37.716055999999995, -122.40994 37.716278999999986, -122.41035900000001 37.71639299999998, -122.410433 37.71641399999999, -122.410364 37.71669099999999, -122.409805 37.716594999999984, -122.40895000000002 37.716457999999996, -122.408508 37.716291999999996, -122.40817099999998 37.71615699999998, -122.40802000000001 37.716508999999995, -122.40784099999998 37.716923, -122.40862099999998 37.717116999999995, -122.408532 37.717209, -122.40853000000001 37.71732, -122.40825499999998 37.71809, -122.40727199999999 37.717819999999996, -122.40531 37.717280999999986, -122.40447700000001 37.717053, -122.40212099999998 37.716135, -122.402091 37.716060999999996, -122.40159499999999 37.714856, -122.40176299999999 37.714842, -122.402188 37.71473099999999, -122.402325 37.714710999999994, -122.402562 37.71464999999999, -122.402654 37.71458599999999, -122.40311299999999 37.714462000000005, -122.40350699999999 37.714357, -122.403617 37.71432699999999, -122.40369300000002 37.71434099999999, -122.403823 37.714395999999994, -122.405523 37.71505899999999, -122.40618899999998 37.715244, -122.40831 37.715835000000006))",24621.0,0.0,3010,075,S,060750264023010,+37.7150726,-122.4044376,G5040,Block 3010,06,026402,,
60750264021,"POLYGON ((-122.40447700000001 37.717053, -122.40531 37.717280999999986, -122.40727199999999 37.717819999999996, -122.406982 37.718484999999994, -122.40666500000002 37.719215000000005, -122.406431 37.71975400000001, -122.40610000000002 37.71983699999999, -122.40579700000002 37.719736999999995, -122.40556400000001 37.719660000000005, -122.40531899999998 37.719579, -122.40479200000001 37.71930899999999, -122.40453 37.71917399999999, -122.40405100000001 37.71892800000003, -122.403854 37.71883, -122.40355500000001 37.718337, -122.403071 37.71846499999999, -122.40257700000001 37.71725400000001, -122.40212099999998 37.716135, -122.40447700000001 37.717053))",14382.0,0.0,1002,075,S,060750264021002,+37.7178848,-122.4061443,G5040,Block 1002,06,026402,,
60750258002,"POLYGON ((-122.40043500000002 37.719161999999976, -122.401122 37.718979999999995, -122.40210299999998 37.718720999999995, -122.402119 37.71880299999998, -122.40258500000002 37.719923, -122.40303399999998 37.721023, -122.40303399999998 37.72114599999998, -122.40215999999998 37.72137299999999, -122.402056 37.72127699999999, -122.402605 37.722574, -122.40161300000001 37.72283199999999, -122.402061 37.72392000000001, -122.401442 37.723772999999994, -122.40136 37.723752999999995, -122.401047 37.72367800000001, -122.400888 37.723640999999986, -122.400785 37.72361600000001, -122.40038200000001 37.72263299999999, -122.399925 37.721517, -122.39992200000002 37.72146000000001, -122.399738 37.721006, -122.399681 37.720864, -122.39946399999998 37.72033, -122.399377 37.720005, -122.39938699999999 37.719882000000005, -122.399125 37.719730000000006, -122.399089 37.71957199999999, -122.39896700000001 37.71902999999999, -122.39889800000002 37.718807999999996, -122.398863 37.718683, -122.398882 37.718648, -122.3991 37.718249, -122.399188 37.718088, -122.39921900000002 37.71790600000001, -122.39928300000001 37.717529000000006, -122.399402 37.71706599999999, -122.39941999999999 37.716995, -122.399462 37.716834000000006, -122.39956800000002 37.716446999999995, -122.399615 37.716277999999996, -122.39973999999998 37.716182999999994, -122.399828 37.716649999999994, -122.40001200000002 37.71741099999998, -122.40004200000001 37.717538, -122.400131 37.717906000000006, -122.40027599999999 37.718505999999984, -122.40043500000002 37.719161999999976))",2768.0,0.0,2000,075,S,060750258002000,+37.7230545,-122.4006823,G5040,Block 2000,06,025800,,
60750264012,"POLYGON ((-122.41064100000001 37.712205999999995, -122.41015 37.713303999999994, -122.411084 37.713557, -122.411604 37.713696999999996, -122.41131600000001 37.714366999999996, -122.411025 37.715057, -122.41073799999998 37.715738999999985, -122.410723 37.71582999999999, -122.41050600000001 37.716322, -122.410433 37.71641399999999, -122.41035900000001 37.71639299999998, -122.40994 37.716278999999986, -122.40912200000001 37.716055999999995, -122.40831 37.715835000000006, -122.40618899999998 37.715244, -122.40647700000001 37.714575, -122.406767 37.713901, -122.40705600000001 37.713226, -122.40734799999998 37.712546999999994, -122.407465 37.712489, -122.40792700000002 37.711448000000004, -122.40882700000002 37.711701999999995, -122.40972800000002 37.711952000000004, -122.41064100000001 37.712205999999995))",15538.0,0.0,2004,075,S,060750264012004,+37.7137468,-122.4103996,G5040,Block 2004,06,026401,,
60750259003,"POLYGON ((-122.402119 37.71880299999998, -122.40210299999998 37.718720999999995, -122.403071 37.71846499999999, -122.40355500000001 37.718337, -122.403854 37.71883, -122.40405100000001 37.71892800000003, -122.40453 37.71917399999999, -122.40479200000001 37.71930899999999, -122.40531899999998 37.719579, -122.40556400000001 37.719660000000005, -122.40579700000002 37.719736999999995, -122.40610000000002 37.71983699999999, -122.406431 37.71975400000001, -122.40666500000002 37.719215000000005, -122.406998 37.719991, -122.40698700000002 37.720116999999995, -122.406081 37.720353, -122.40510700000002 37.720606000000004, -122.405009 37.72050900000001, -122.405016 37.72063, -122.40411000000002 37.720865999999994, -122.40401800000001 37.720766999999995, -122.40401800000001 37.72088999999999, -122.40312600000001 37.721121999999994, -122.40303399999998 37.721023, -122.40258500000002 37.719923, -122.402119 37.71880299999998))",8379.0,0.0,3004,075,S,060750259003004,+37.7198794,-122.4052183,G5040,Block 3004,06,025900,,
60759805011,"POLYGON ((-122.42684799999999 37.716651, -122.42669800000002 37.717046, -122.42667 37.71707799999999, -122.42639 37.718561, -122.42597799999999 37.719107, -122.42582999999999 37.719302, -122.42547900000001 37.720233, -122.42455499999998 37.721647999999995, -122.424848 37.72205299999999, -122.42380700000001 37.723690999999995, -122.42283000000002 37.723943999999996, -122.421847 37.724199000000006, -122.42086100000002 37.724454, -122.41987499999998 37.72471000000001, -122.41937500000002 37.723498, -122.418392 37.72376799999999, -122.417914 37.72262699999999, -122.41778099999999 37.72259700000001, -122.41691699999998 37.72282499999999, -122.41663199999998 37.722157, -122.41555800000002 37.722226, -122.415923 37.723085, -122.414936 37.723342999999986, -122.413959 37.723599, -122.412969 37.723858, -122.412468 37.72265799999999, -122.411973 37.72145799999999, -122.41147600000001 37.72025200000001, -122.41098999999998 37.71907399999997, -122.410002 37.719332000000016, -122.409022 37.719587, -122.40808899999999 37.71983, -122.40797700000002 37.71973599999999, -122.407956 37.71986400000001, -122.40709799999999 37.720088, -122.406998 37.719991, -122.40666500000002 37.719215000000005, -122.406982 37.718484999999994, -122.40727199999999 37.717819999999996, -122.40825499999998 37.71809, -122.40853000000001 37.71732, -122.408532 37.717209, -122.40862099999998 37.717116999999995, -122.40784099999998 37.716923, -122.40802000000001 37.716508999999995, -122.40817099999998 37.71615699999998, -122.408508 37.716291999999996, -122.40895000000002 37.716457999999996, -122.409805 37.716594999999984, -122.410364 37.71669099999999, -122.410433 37.71641399999999, -122.41050600000001 37.716322, -122.410723 37.71582999999999, -122.41073799999998 37.715738999999985, -122.411025 37.715057, -122.41131600000001 37.714366999999996, -122.41360100000001 37.714987, -122.415396 37.71547399999998, -122.415659 37.715492, -122.41586600000001 37.715278000000005, -122.41605499999999 37.71501399999999, -122.416154 37.714799, -122.41621000000002 37.714531, -122.41619399999998 37.714273, -122.416096 37.714013, -122.41594900000001 37.713822, -122.415806 37.71369399999999, -122.41562299999998 37.713594, -122.415291 37.713504, -122.41563499999998 37.71273299999999, -122.420331 37.71396699999999, -122.420908 37.713773999999994, -122.42122799999999 37.71331000000001, -122.421475 37.71220099999999, -122.421632 37.712185000000005, -122.42196300000002 37.712018, -122.42212299999998 37.711718, -122.422241 37.711317, -122.42241100000001 37.710971, -122.42281099999998 37.710511, -122.423027 37.710377, -122.423368 37.710302000000006, -122.42418200000002 37.710265, -122.42455 37.710102, -122.42455499999998 37.710172, -122.42504 37.71054300000001, -122.42551200000001 37.710789, -122.426438 37.711113000000005, -122.42673700000002 37.71122499999999, -122.42652100000001 37.711805, -122.42554799999999 37.714517000000015, -122.427306 37.71506999999999, -122.427189 37.715748, -122.42684799999999 37.716651))",162018.0,3655.0,1000,075,S,060759805011000,+37.7210518,-122.4135725,G5040,Block 1000,06,980501,,
60750259002,"POLYGON ((-122.412468 37.72265799999999, -122.41148500000001 37.72291499999999, -122.41050000000001 37.72317299999999, -122.40951500000001 37.72343, -122.408529 37.723687999999996, -122.407541 37.72394099999999, -122.406553 37.724194000000004, -122.40557200000002 37.724461, -122.40531 37.723827, -122.40508700000001 37.723290000000006, -122.40496099999999 37.723015, -122.40490700000001 37.722896999999996, -122.404565 37.72206399999998, -122.40401800000001 37.720766999999995, -122.40411000000002 37.720865999999994, -122.405016 37.72063, -122.405009 37.72050900000001, -122.40510700000002 37.720606000000004, -122.406081 37.720353, -122.40698700000002 37.720116999999995, -122.406998 37.719991, -122.40709799999999 37.720088, -122.407956 37.71986400000001, -122.40797700000002 37.71973599999999, -122.40808899999999 37.71983, -122.409022 37.719587, -122.410002 37.719332000000016, -122.41098999999998 37.71907399999997, -122.41147600000001 37.72025200000001, -122.411973 37.72145799999999, -122.412468 37.72265799999999))",12577.0,0.0,2012,075,S,060750259002012,+37.7209683,-122.4112370,G5040,Block 2012,06,025900,,
60750233001,"POLYGON ((-122.39889800000002 37.718807999999996, -122.39896700000001 37.71902999999999, -122.399089 37.71957199999999, -122.399125 37.719730000000006, -122.39938699999999 37.719882000000005, -122.399377 37.720005, -122.39946399999998 37.72033, -122.399681 37.720864, -122.399738 37.721006, -122.39992200000002 37.72146000000001, -122.399925 37.721517, -122.40038200000001 37.72263299999999, -122.400785 37.72361600000001, -122.40118300000002 37.724588, -122.40147100000002 37.72551599999999, -122.401822 37.726774999999996, -122.401875 37.726965, -122.40210499999999 37.72779, -122.40195500000002 37.72795699999999, -122.401395 37.72858399999999, -122.400834 37.72921099999999, -122.40027400000001 37.729838, -122.399867 37.73029199999999, -122.39896999999999 37.730165, -122.39807399999998 37.73003700000001, -122.39739 37.72994, -122.397177 37.72991, -122.396969 37.729879999999994, -122.39640900000002 37.729800999999995, -122.39601399999998 37.729745, -122.39537700000001 37.72965399999999, -122.394886 37.72958399999999, -122.39447899999999 37.729527, -122.39358199999998 37.729399, -122.392625 37.729278, -122.392737 37.72916099999999, -122.39293299999999 37.72860699999999, -122.39289900000001 37.728489999999994, -122.392985 37.728453999999985, -122.393244 37.72787500000001, -122.39323300000001 37.727733, -122.39334 37.72766, -122.39358100000001 37.727122, -122.39356999999998 37.72698, -122.39367800000001 37.72690499999999, -122.39391100000002 37.726385, -122.39390300000001 37.726237, -122.39401300000002 37.72615699999999, -122.394147 37.72585899999999, -122.39425299999999 37.72562099999998, -122.394243 37.725476000000015, -122.394352 37.725408, -122.39469199999999 37.724661999999995, -122.394951 37.724095999999996, -122.39492600000001 37.72397300000001, -122.39506399999999 37.723869999999984, -122.395297 37.72335999999998, -122.395265 37.72322199999999, -122.395406 37.723122, -122.39565400000001 37.722578, -122.39562300000001 37.72243199999998, -122.39574599999999 37.722325999999995, -122.39597700000002 37.721819999999994, -122.39594400000001 37.721716, -122.39604800000002 37.721635000000006, -122.396297 37.721081000000005, -122.396273 37.720982, -122.396384 37.72091400000001, -122.396463 37.72074, -122.396636 37.72036399999999, -122.396617 37.72023099999999, -122.39673400000001 37.72013899999999, -122.396975 37.719607999999994, -122.39695399999998 37.719477000000005, -122.39707299999999 37.719381, -122.397471 37.718941, -122.397479 37.718833999999994, -122.39749400000001 37.718728000000006, -122.397981 37.718177999999995, -122.398029 37.718204, -122.39843399999998 37.71774, -122.398515 37.71766399999999, -122.398549 37.71785900000001, -122.39866000000002 37.71815299999998, -122.398812 37.71851099999999, -122.398863 37.718683, -122.39889800000002 37.718807999999996))",2105.0,0.0,1019,075,S,060750233001019,+37.7208723,-122.3975330,G5040,Block 1019,06,023300,,
60750234002,"POLYGON ((-122.390205 37.717498, -122.391141 37.718039999999995, -122.39159900000001 37.717526, -122.392389 37.717885999999986, -122.392613 37.71795899999999, -122.39354500000002 37.71848699999999, -122.392982 37.719114000000005, -122.39241799999999 37.71974000000001, -122.39187000000001 37.720348999999985, -122.391306 37.72097599999999, -122.390745 37.72160000000001, -122.39018300000001 37.722225, -122.38962000000002 37.72285100000001, -122.38905300000002 37.72348199999997, -122.388496 37.7241, -122.38793 37.724728999999996, -122.387362 37.724393, -122.38727000000002 37.72428200000001, -122.38680000000001 37.723987, -122.386139 37.723583, -122.38521000000001 37.723088, -122.38451699999999 37.722862000000006, -122.38451699999999 37.72286199999999, -122.384239 37.722685, -122.384191 37.722662, -122.384053 37.722595, -122.383992 37.722561, -122.38388500000002 37.722479, -122.383803 37.72243899999998, -122.38377250000002 37.7224175, -122.38374200000001 37.722395999999996, -122.383713 37.722370000000005, -122.38365899999998 37.722335, -122.38357000000002 37.722303000000004, -122.38349200000002 37.722252, -122.38342100000001 37.72219200000001, -122.38333 37.722153, -122.383258 37.722103999999995, -122.383198 37.722078999999994, -122.38312400000001 37.722058999999994, -122.383013 37.722015, -122.382923 37.72196899999999, -122.382877 37.72193699999999, -122.38282 37.72187199999999, -122.38364699999998 37.720413, -122.384086 37.719667, -122.38415599999999 37.71952099999999, -122.385157 37.718407, -122.38569700000001 37.717797, -122.38626499999998 37.717179, -122.38685000000001 37.717509, -122.38791200000001 37.716328, -122.38813100000002 37.71629799999998, -122.38913600000001 37.71687899999999, -122.38927799999999 37.716961, -122.390205 37.717498))",17006.0,0.0,2016,075,S,060750234002016,+37.7215848,-122.3865287,G5040,Block 2016,06,023400,,
60750234001,"POLYGON ((-122.396636 37.72036399999999, -122.396463 37.72074, -122.396384 37.72091400000001, -122.396273 37.720982, -122.396297 37.721081000000005, -122.39604800000002 37.721635000000006, -122.39594400000001 37.721716, -122.39597700000002 37.721819999999994, -122.39574599999999 37.722325999999995, -122.39562300000001 37.72243199999998, -122.39565400000001 37.722578, -122.395406 37.723122, -122.395265 37.72322199999999, -122.395297 37.72335999999998, -122.39506399999999 37.723869999999984, -122.39492600000001 37.72397300000001, -122.394951 37.724095999999996, -122.39469199999999 37.724661999999995, -122.394352 37.725408, -122.394243 37.725476000000015, -122.39425299999999 37.72562099999998, -122.394147 37.72585899999999, -122.39401300000002 37.72615699999999, -122.39390300000001 37.726237, -122.39391100000002 37.726385, -122.39367800000001 37.72690499999999, -122.39356999999998 37.72698, -122.39358100000001 37.727122, -122.39334 37.72766, -122.39323300000001 37.727733, -122.39167 37.726850999999996, -122.38980099999999 37.725790999999994, -122.38793 37.724728999999996, -122.388496 37.7241, -122.38905300000002 37.72348199999997, -122.38962000000002 37.72285100000001, -122.39018300000001 37.722225, -122.390745 37.72160000000001, -122.391306 37.72097599999999, -122.39187000000001 37.720348999999985, -122.39241799999999 37.71974000000001, -122.392982 37.719114000000005, -122.39354500000002 37.71848699999999, -122.39543099999999 37.719558, -122.396617 37.72023099999999, -122.396636 37.72036399999999))",944.0,0.0,1001,075,S,060750234001001,+37.7273567,-122.3934012,G5040,Block 1001,06,023400,,
60759806001,"POLYGON ((-122.363657 37.719055, -122.362529 37.71841599999999, -122.362484 37.71836999999998, -122.362472 37.71834350000001, -122.36246 37.71831700000001, -122.36245700000002 37.718258, -122.36247900000001 37.718198, -122.36251499999999 37.718154999999996, -122.35858400000002 37.715883, -122.358644 37.71581699999998, -122.35872300000001 37.715731, -122.362646 37.718021, -122.362786 37.71786600000001, -122.36386600000002 37.716727, -122.35992000000002 37.71442599999998, -122.36003700000002 37.714298, -122.363975 37.716581, -122.364264 37.71629, -122.36430400000002 37.716274999999996, -122.36434800000002 37.71627399999999, -122.364371 37.71627999999998, -122.364396 37.716277999999996, -122.36521600000002 37.715352, -122.36523799999999 37.715301, -122.36524 37.715235, -122.36519299999999 37.71517699999996, -122.365053 37.71509566666667, -122.36477299999999 37.714932999999974, -122.36474833333332 37.71495833333333, -122.364736 37.71497099999999, -122.364579 37.714864, -122.36455300000002 37.714804, -122.36426900000001 37.714639000000005, -122.364189 37.714636999999996, -122.36401400000001 37.71455000000001, -122.36404900000001 37.71451, -122.363306 37.714078, -122.363269 37.714115999999976, -122.36311200000002 37.71401, -122.36308599999998 37.713950000000004, -122.362802 37.713784000000004, -122.362762 37.71378300000001, -122.36272199999999 37.71378199999999, -122.3626345 37.713738500000005, -122.36254700000002 37.71369500000001, -122.362582 37.713656, -122.36185 37.71322899999999, -122.36183733333334 37.713241666666654, -122.36181200000001 37.71326699999998, -122.36165600000001 37.71316100000001, -122.36163 37.713101, -122.361345 37.71293500000001, -122.36126500000002 37.712933, -122.361141 37.71287600000001, -122.36109100000002 37.712847, -122.361171 37.71275200000001, -122.36134399999999 37.712845, -122.361366 37.71289300000001, -122.361675 37.713073, -122.361738 37.713074999999996, -122.361918 37.71315899999999, -122.36188400000002 37.713193999999994, -122.362613 37.71362, -122.362645 37.71358299999999, -122.362801 37.71369399999998, -122.36282199999998 37.713741, -122.36313099999998 37.71392099999999, -122.36319400000001 37.713924000000006, -122.36337499999998 37.71400799999999, -122.36334 37.714043, -122.36408 37.714473999999974, -122.36411199999999 37.71443799999999, -122.36426800000001 37.71454899999999, -122.36428900000001 37.71459599999999, -122.36459800000002 37.71477599999999, -122.364661 37.714777999999995, -122.36484200000001 37.714862999999994, -122.3648245 37.7148805, -122.364807 37.714898000000005, -122.36538800000001 37.715236999999995, -122.364416 37.716311999999995, -122.36443000000001 37.716344999999976, -122.36443000000001 37.716364999999996, -122.36456799999999 37.716432999999995, -122.364646 37.716476, -122.364698 37.716485, -122.36475 37.716479, -122.364813 37.716450999999985, -122.364874 37.716406, -122.364916 37.71635799999999, -122.364931 37.71629899999999, -122.36496 37.716248, -122.365007 37.7162, -122.365066 37.716163, -122.36511 37.71614300000001, -122.36512700000002 37.716093, -122.36516300000001 37.716049000000005, -122.365227 37.716008, -122.36530100000002 37.715981, -122.365381 37.715968999999994, -122.365462 37.715973, -122.365534 37.715989999999984, -122.36560399999999 37.716023, -122.36565900000001 37.71606399999999, -122.36583999999999 37.71627899999999, -122.36606000000002 37.716501, -122.366137 37.716613, -122.366231 37.71671599999997, -122.36634000000001 37.716809999999995, -122.366462 37.716893, -122.36675499999998 37.717076, -122.367368 37.71743200000001, -122.367638 37.71759266666666, -122.367773 37.71767299999999, -122.367916 37.71773399999998, -122.368039 37.71775399999999, -122.36827399999999 37.71777849999999, -122.368509 37.717803, -122.368651 37.717806, -122.36899400000001 37.717779000000014, -122.369171 37.717776, -122.369203 37.7178, -122.36921366666667 37.71779266666667, -122.369235 37.71777800000001, -122.36932433333335 37.717792666666675, -122.36936900000002 37.7178, -122.36948100000001 37.717831, -122.369603 37.717879999999994, -122.36971499999999 37.717940999999996, -122.369816 37.71801399999999, -122.369912 37.718109, -122.36996699999999 37.718181, -122.370002 37.718307, -122.37005600000002 37.718427000000005, -122.37007700000002 37.7184625, -122.370098 37.71849799999999, -122.37017999999999 37.718568999999995, -122.37027300000001 37.71862999999999, -122.37039000000001 37.718686, -122.370502 37.718723, -122.370619 37.71874700000001, -122.37073899999999 37.71875800000001, -122.37086 37.718756, -122.37096 37.71873400000001, -122.371032 37.71873400000002, -122.371094 37.718749999999986, -122.37112933333333 37.71876999999999, -122.37114700000001 37.71878, -122.3711805 37.71880650000001, -122.37121399999998 37.71883299999999, -122.371287 37.718866, -122.37136300000002 37.718881, -122.37143499999999 37.71888, -122.371481 37.718864, -122.371539 37.718864, -122.37158099999999 37.71887799999999, -122.37167600000001 37.718967, -122.37171400000001 37.71899300000001, -122.37179900000001 37.719007, -122.371886 37.71900899999999, -122.37192466666667 37.719002999999994, -122.372002 37.71899100000001, -122.372079 37.719004999999996, -122.37216199999999 37.719007000000005, -122.37226999999999 37.71899200000001, -122.372364 37.719012, -122.37246 37.71901799999999, -122.37256699999999 37.71901, -122.372716 37.718973000000005, -122.37274999999998 37.718973, -122.37278399999998 37.71897299999999, -122.37285 37.718983, -122.372905 37.718976999999995, -122.37295700000001 37.71895699999999, -122.372998 37.71892399999999, -122.3731615 37.718878, -122.373325 37.718832000000006, -122.37346500000001 37.718808, -122.37353700000001 37.718804, -122.37360899999999 37.718799999999995, -122.37365700000001 37.71880266666666, -122.37375300000001 37.71880800000001, -122.373829 37.718824, -122.37391700000002 37.71885799999998, -122.37400199999999 37.71891, -122.374066 37.718968999999994, -122.374119 37.71904299999999, -122.374151 37.719124, -122.37416100000002 37.719202, -122.37414900000002 37.719328, -122.374164 37.71939799999999, -122.374178 37.7194265, -122.37419200000001 37.719455, -122.37421899999998 37.719486499999995, -122.37424599999999 37.719517999999994, -122.37429149999998 37.71955150000001, -122.374337 37.719585, -122.37436466666668 37.71961333333332, -122.37441999999999 37.71966999999998, -122.37442933333332 37.71970199999999, -122.374434 37.719718000000015, -122.37446400000002 37.719763, -122.374517 37.719805, -122.37457300000001 37.71982899999999, -122.37463000000001 37.719848, -122.374674 37.71988, -122.37470100000002 37.719919999999995, -122.37476599999998 37.71998399999999, -122.3748155 37.720022, -122.374865 37.72006000000001, -122.37491949999999 37.720093, -122.374974 37.72012599999999, -122.375093 37.72018099999998, -122.37514633333333 37.72020233333333, -122.37517300000002 37.72021300000001, -122.375228 37.720225, -122.375337 37.720268000000004, -122.375433 37.720327, -122.37550699999998 37.720393, -122.37555700000001 37.720454000000004, -122.37556519481606 37.720478749999984, -122.37565599999999 37.720752999999995, -122.37575200000002 37.72112, -122.375792 37.72116000000001, -122.37584200000002 37.721191, -122.375871 37.72122699999998, -122.375883 37.72126899999999, -122.37588 37.721287, -122.37584299999999 37.72139, -122.37582199999999 37.72152, -122.375825 37.72163600000001, -122.3758535 37.721777499999995, -122.375882 37.72191899999999, -122.37589700000001 37.72207499999999, -122.37589846132597 37.72208001933701, -122.37592 37.722154, -122.375921 37.722241, -122.375902 37.722355, -122.37589900000002 37.722452999999994, -122.37591100000002 37.72256599999999, -122.375941 37.722678, -122.375988 37.722786000000006, -122.37609200000001 37.72295600000001, -122.376181 37.72306300000001, -122.37626900000001 37.723147, -122.376385 37.723235999999986, -122.376514 37.723312, -122.376616 37.723363999999975, -122.37667799999998 37.723414999999996, -122.376721 37.72347499999999, -122.37670800000001 37.723524, -122.37667700000002 37.723569999999974, -122.37665600000001 37.723588, -122.377081 37.724241000000006, -122.377131 37.724205, -122.377204 37.724173999999984, -122.37728 37.724160999999995, -122.37738300000001 37.724166, -122.377477 37.72417, -122.37762999999998 37.72416299999999, -122.37769466666667 37.72415266666666, -122.37782400000002 37.72413200000001, -122.37786099999998 37.724092, -122.377904 37.724109000000006, -122.378102 37.72405399999998, -122.378304 37.72401, -122.37853899999999 37.723971, -122.378661 37.723938, -122.378777 37.723893, -122.3789 37.723827999999976, -122.378997 37.723761, -122.37905 37.723716, -122.37908550000003 37.723662999999995, -122.37912100000001 37.723609999999994, -122.379177 37.723498000000006, -122.379219 37.72338299999999, -122.37924499999998 37.72326499999998, -122.37924530914825 37.72326157728705, -122.37925900000002 37.723110000000005, -122.379279 37.723066, -122.37931699999999 37.723025, -122.379364 37.72299699999998, -122.37943100000001 37.722978, -122.379538 37.722963, -122.37962300000001 37.722934, -122.379693 37.722896, -122.37975299999998 37.722848, -122.37980400000001 37.72278599999998, -122.379823 37.722753, -122.379814 37.72270000000001, -122.379868 37.722594, -122.379951 37.72231399999999, -122.379987 37.722249999999995, -122.380045 37.72218900000001, -122.380117 37.722139999999996, -122.38018 37.722113, -122.380318 37.722015, -122.38042300000001 37.72192100000001, -122.38046635632185 37.721875000000004, -122.38050500000001 37.72183400000001, -122.380574 37.72179800000001, -122.380658 37.721771, -122.38074599999999 37.72175899999999, -122.38082900000002 37.721761, -122.38091 37.72177599999999, -122.38096899999998 37.721795, -122.38121 37.721933, -122.381606 37.722145, -122.38171500000001 37.722182, -122.38183000000001 37.722202, -122.381948 37.722207000000004, -122.38201899999999 37.722201, -122.382053 37.722202, -122.382176 37.722246, -122.38142500000001 37.722834, -122.380787 37.723387999999986, -122.380149 37.72395900000001, -122.379511 37.724677000000014, -122.378951 37.725303999999994, -122.378392 37.725932, -122.377833 37.72656, -122.378817 37.727118999999995, -122.379697 37.72761800000001, -122.37959900000001 37.727731999999996, -122.37917500000002 37.72823199999999, -122.37854200000001 37.728941999999996, -122.37827800000001 37.728964000000005, -122.37768099999998 37.72862999999999, -122.376681 37.72853, -122.373766 37.728004999999996, -122.3737 37.728057, -122.37363999999998 37.728106, -122.37344000000002 37.72832599999999, -122.37315800000002 37.728639, -122.372775 37.72905, -122.372584 37.729254999999995, -122.372235 37.72962799999999, -122.37200599999998 37.729873999999995, -122.37144400000001 37.730492999999996, -122.370978 37.731009, -122.369945 37.73247599999999, -122.36984900000002 37.732612, -122.369402 37.733112999999975, -122.368842 37.733740999999995, -122.368282 37.73436799999999, -122.36739100000001 37.73536599999999, -122.367157 37.73562799999997, -122.36671599999998 37.73539599999997, -122.36695900000001 37.73494, -122.36750500000001 37.734412, -122.36799100000002 37.733763999999994, -122.36952899999999 37.732396, -122.36952299999999 37.732368, -122.36952800000002 37.732253, -122.369515 37.73220099999999, -122.369458 37.73215599999999, -122.369306 37.732064, -122.36920500000001 37.731993, -122.369145 37.73199699999999, -122.369079 37.731986, -122.369004 37.731952, -122.368927 37.731935, -122.36884699999999 37.731930000000006, -122.36876200000002 37.73194, -122.36869399999999 37.731961, -122.36865499999999 37.732000000000006, -122.36863 37.732052, -122.36862799999999 37.732079499999976, -122.368626 37.73210699999998, -122.368626 37.73210699999998, -122.368644 37.73217799999999, -122.36864000000001 37.73219749999999, -122.368636 37.732217000000006, -122.36860899999999 37.732252, -122.368566 37.732276, -122.368522 37.73228499999999, -122.36838800000001 37.73229199999999, -122.36830200000003 37.73228533333333, -122.36825900000001 37.732282000000005, -122.3682 37.73227000000001, -122.368141 37.732257999999995, -122.367974 37.732149, -122.36782900000001 37.732068, -122.367767 37.73201899999998, -122.36769400000001 37.73198099999999, -122.367606 37.73195499999997, -122.36756249999999 37.731950000000005, -122.367519 37.73194499999999, -122.367425 37.73195099999998, -122.36738273619633 37.731961184049084, -122.367342 37.731971, -122.367278 37.731998, -122.36721000000001 37.732064, -122.36710899999999 37.73213299999999, -122.367099 37.73213799999999, -122.36708899999999 37.732143, -122.367028 37.732157, -122.366983 37.732177, -122.366913 37.732231999999996, -122.366891 37.73227200000001, -122.36686200000001 37.73229399999998, -122.366822 37.732304000000006, -122.366782 37.732301, -122.366753 37.732288, -122.36667800000002 37.732215000000004, -122.36667800000002 37.73221500000002, -122.366678 37.732215000000004, -122.36583500000002 37.73314, -122.365857 37.733197, -122.365323 37.733796999999996, -122.36528699999998 37.733805, -122.36524900000002 37.733801, -122.365215 37.733781999999984, -122.36519600000001 37.73375599999999, -122.36519584615385 37.733754999999995, -122.36519200000002 37.733729999999994, -122.365761 37.733077, -122.36654199999998 37.732184000000004, -122.36645700000001 37.732144, -122.366314 37.73228699999999, -122.366272 37.732263, -122.36623 37.73223900000001, -122.3659175 37.73259099999999, -122.365605 37.732943, -122.36556 37.732994999999995, -122.365446 37.73305499999999, -122.36538800000001 37.73302699999998, -122.36533 37.73299900000001, -122.365348 37.732890999999995, -122.36543400000001 37.73279699999999, -122.366182 37.731991, -122.36615000000002 37.731975, -122.36618999999999 37.731916, -122.366 37.731827999999986, -122.365263 37.73265, -122.36515700000001 37.732769, -122.36501299999999 37.73283, -122.36493800000001 37.732755999999995, -122.36496700000002 37.73266500000002, -122.36505334143051 37.73256983535762, -122.365104 37.73251400000002, -122.36555466666668 37.732020000000006, -122.36578 37.73177299999999, -122.36581 37.731714999999994, -122.3657305 37.7316705, -122.365651 37.731626000000006, -122.364962 37.732392, -122.364828 37.732543, -122.36473300000002 37.732485999999994, -122.364879 37.73232099999999, -122.3649209863891 37.732274246597285, -122.36510800000002 37.732065999999996, -122.364736 37.73185900000001, -122.363795 37.73133600000001, -122.363701 37.73128399999999, -122.36368599999999 37.731299, -122.36298999999998 37.73207400000001, -122.362933 37.732108499999995, -122.362876 37.73214299999999, -122.36262300000001 37.732005999999984, -122.36301350000002 37.7315605, -122.363404 37.731115, -122.363404 37.731114999999996, -122.362853 37.730801, -122.362061 37.731674999999996, -122.36190800000001 37.731601999999995, -122.36177599999999 37.73153899999999, -122.36245799999999 37.730761, -122.362568 37.730643, -122.362164 37.730429, -122.361976 37.730329, -122.362086 37.73021, -122.361907 37.73009, -122.36178599999998 37.73006899999999, -122.361724 37.730064999999996, -122.36166200000001 37.730061000000006, -122.361508 37.73007099999999, -122.36138899999999 37.730087, -122.36127800000001 37.73008599999999, -122.36121800000001 37.730076999999994, -122.36115799999999 37.73006799999999, -122.36110599999999 37.730051499999995, -122.361054 37.730034999999994, -122.360991 37.730007, -122.36087899999998 37.729906, -122.36074999999998 37.72996299999999, -122.36077299999998 37.729981, -122.360796 37.72999900000001, -122.360823 37.73004, -122.360835 37.730087, -122.360829 37.730135999999995, -122.360805 37.730180999999995, -122.360766 37.730218, -122.360741 37.730233, -122.36055 37.730279, -122.36031400000002 37.730315, -122.360115 37.730331, -122.36011107843139 37.73033101960784, -122.35991499999999 37.73033200000002, -122.35923600000001 37.73001, -122.35879 37.729783, -122.35895699999999 37.72971199999999, -122.358844 37.729659999999996, -122.35896899999999 37.729518000000006, -122.36142100000002 37.72895300000002, -122.36161533333335 37.72890133333333, -122.36200400000001 37.72879799999998, -122.36207400000004 37.728766666666665, -122.36210900000002 37.728751, -122.36221199999999 37.728684, -122.362274 37.72862700000001, -122.36229300000001 37.728587999999995, -122.362292 37.72854299999998, -122.36229107954547 37.72854075, -122.36228300000002 37.72852100000001, -122.362182 37.72848, -122.362074 37.72845399999999, -122.361951 37.728443, -122.36185 37.72844800000002, -122.36158266666666 37.72849866666668, -122.36144900000001 37.728524, -122.35925399999999 37.72904599999998, -122.35887000000001 37.729172, -122.357731 37.72944299999999, -122.357479 37.729245, -122.35787500000002 37.72895, -122.36008200000002 37.72844, -122.36017899999999 37.72840399999999, -122.360273 37.72835, -122.36038999999998 37.728259, -122.36040700000001 37.728225, -122.36040550000001 37.728206499999985, -122.36040400000002 37.72818799999998, -122.3603945 37.72817399999999, -122.360385 37.72815999999999, -122.360324 37.72815049999999, -122.36026299999999 37.728140999999994, -122.36012199999999 37.728137, -122.35996300000001 37.728153, -122.35852400000002 37.72849699999999, -122.35715800000001 37.728825, -122.35712000000001 37.728660999999995, -122.35696699999998 37.72871, -122.35721200000002 37.727897999999996, -122.35770000000001 37.72628199999999, -122.35801400000001 37.726038999999986, -122.359223 37.725765666666675, -122.36164099999999 37.72521900000001, -122.36164099999999 37.72521899999999, -122.361256 37.724165, -122.357962 37.724943999999994, -122.357838 37.724624, -122.36134900000002 37.723814999999995, -122.36152399999999 37.72377500000001, -122.362006 37.724061000000006, -122.36208500000002 37.72398699999999, -122.36413900000001 37.725245, -122.36491300000002 37.72570400000001, -122.36499 37.72572200000001, -122.36502300000001 37.725723499999994, -122.365056 37.72572499999999, -122.36513000000001 37.725713, -122.365201 37.72568400000001, -122.365257 37.725643, -122.36529500000002 37.725596, -122.365318 37.725544, -122.365324 37.725484, -122.365309 37.725421, -122.365291 37.72538800000001, -122.365053 37.725226000000006, -122.36236700000002 37.723679, -122.36275 37.72325899999999, -122.359976 37.72162899999999, -122.360235 37.721357999999995, -122.36299800000002 37.722979, -122.36381 37.72210200000001, -122.35922099999999 37.719407, -122.35918599999998 37.71939899999999, -122.35915200000001 37.719367999999996, -122.35913099999999 37.71932599999999, -122.359132 37.719277000000005, -122.359154 37.719235000000005, -122.35938000000002 37.718992, -122.359832 37.718505999999984, -122.35988200000001 37.718481, -122.35993500000002 37.71847199999998, -122.35998599999999 37.718478, -122.3600140677966 37.71848898305084, -122.36003199999999 37.71849600000001, -122.361373 37.719283499999996, -122.362714 37.72007099999999, -122.36288 37.7198845, -122.36304600000001 37.71969800000001, -122.36309100000001 37.719677, -122.36313000000001 37.71967299999999, -122.363153 37.71967499999998, -122.363173 37.71964800000001, -122.3631645 37.719631, -122.363156 37.71961399999999, -122.3631575 37.71959599999998, -122.363159 37.719578000000006, -122.36316124999999 37.719574625, -122.36317700000002 37.719550999999974, -122.363232 37.719494, -122.363657 37.719055))",,,,,,,,,,,,,,
60750264042,"POLYGON ((-122.415269 37.70823899999999, -122.415272 37.708239, -122.41622200000002 37.708328, -122.41596200000001 37.708912, -122.41596400000002 37.708995, -122.41595200000002 37.70924300000001, -122.41599700000002 37.70942, -122.416011 37.709565, -122.41595600000001 37.70969499999998, -122.415519 37.70957899999998, -122.415258 37.709466, -122.414993 37.71005499999997, -122.414641 37.710836, -122.413903 37.71063100000001, -122.413162 37.710426000000005, -122.41288700000001 37.71103599999999, -122.41228100000001 37.710865999999996, -122.41134900000002 37.710605, -122.41196800000002 37.70920999999999, -122.412233 37.708615, -122.41236 37.708327999999995, -122.41237999999998 37.70830299999999, -122.412516 37.708304, -122.412898 37.70830900000001, -122.41328099999998 37.708315000000006, -122.413381 37.708306, -122.41348099999999 37.708297, -122.41348100000002 37.708297, -122.41373900000002 37.708273999999996, -122.413997 37.708252, -122.414182 37.70823099999999, -122.41432200000001 37.70823099999999, -122.414482 37.708231, -122.41454199999998 37.708231, -122.415182 37.708231, -122.415269 37.70823899999999))",14976.0,0.0,2000,075,S,060750264042000,+37.7100390,-122.4121489,G5040,Block 2000,06,026404,,
60750264041,"POLYGON ((-122.41721100000001 37.708330999999994, -122.417677 37.708331, -122.41816500000002 37.70833100000001, -122.41818450000002 37.708329, -122.41820400000002 37.70832699999998, -122.418692999999 37.7082790000001, -122.41869300000002 37.708279, -122.41881626194399 37.708266815485985, -122.419128 37.708235999999985, -122.41918200000002 37.708231, -122.419802 37.708231000000005, -122.420082 37.708231, -122.42008200000001 37.708231, -122.42008300000002 37.708310999999995, -122.41934800000001 37.70994699999999, -122.41850099999999 37.70970899999999, -122.41765699999999 37.709471, -122.417236 37.710057, -122.41688399999998 37.709949999999985, -122.416648 37.71047299999999, -122.416 37.71191499999999, -122.41508100000001 37.71165499999999, -122.41288700000001 37.71103599999999, -122.413162 37.710426000000005, -122.413903 37.71063100000001, -122.414641 37.710836, -122.414993 37.71005499999997, -122.415258 37.709466, -122.415519 37.70957899999998, -122.41595600000001 37.70969499999998, -122.416011 37.709565, -122.41599700000002 37.70942, -122.41595200000002 37.70924300000001, -122.41596400000002 37.708995, -122.41596200000001 37.708912, -122.41622200000002 37.708328, -122.41708200000001 37.708331, -122.41721100000001 37.708330999999994))",27096.0,0.0,1004,075,S,060750264041004,+37.7089890,-122.4188876,G5040,Block 1004,06,026404,,
60750264011,"POLYGON ((-122.41562299999998 37.713594, -122.415806 37.71369399999999, -122.41594900000001 37.713822, -122.416096 37.714013, -122.41619399999998 37.714273, -122.41621000000002 37.714531, -122.416154 37.714799, -122.41605499999999 37.71501399999999, -122.41586600000001 37.715278000000005, -122.415659 37.715492, -122.415396 37.71547399999998, -122.41360100000001 37.714987, -122.41131600000001 37.714366999999996, -122.411604 37.713696999999996, -122.411084 37.713557, -122.41015 37.713303999999994, -122.41064100000001 37.712205999999995, -122.41134900000002 37.710605, -122.41228100000001 37.710865999999996, -122.41288700000001 37.71103599999999, -122.41508100000001 37.71165499999999, -122.416 37.71191499999999, -122.41563499999998 37.71273299999999, -122.415291 37.713504, -122.41562299999998 37.713594))",11219.0,0.0,1008,075,S,060750264011008,+37.7128829,-122.4108613,G5040,Block 1008,06,026401,,
60750259001,"POLYGON ((-122.417914 37.72262699999999, -122.418392 37.72376799999999, -122.41937500000002 37.723498, -122.41987499999998 37.72471000000001, -122.418888 37.724966, -122.417906 37.725221, -122.418404 37.72642499999999, -122.41741 37.72668499999999, -122.41642600000002 37.72694299999998, -122.415452 37.72719800000001, -122.41445999999999 37.727456999999994, -122.41347500000002 37.727714999999996, -122.41248999999999 37.727972, -122.41150500000002 37.728229999999996, -122.41051899999998 37.72848799999999, -122.410022 37.72728399999998, -122.40952700000001 37.72608399999999, -122.409027 37.72488399999999, -122.408529 37.723687999999996, -122.40951500000001 37.72343, -122.41050000000001 37.72317299999999, -122.41148500000001 37.72291499999999, -122.412468 37.72265799999999, -122.412969 37.723858, -122.413959 37.723599, -122.414936 37.723342999999986, -122.415923 37.723085, -122.41555800000002 37.722226, -122.41663199999998 37.722157, -122.41691699999998 37.72282499999999, -122.41778099999999 37.72259700000001, -122.417914 37.72262699999999))",12813.0,0.0,1005,075,S,060750259001005,+37.7243259,-122.4137120,G5040,Block 1005,06,025900,,
60750257023,"POLYGON ((-122.410022 37.72728399999998, -122.41051899999998 37.72848799999999, -122.40953400000001 37.728744999999996, -122.40854900000001 37.729003000000006, -122.40756000000002 37.729261, -122.40706200000001 37.728058999999995, -122.406565 37.726859000000005, -122.40607100000001 37.72565800000001, -122.40557200000002 37.724461, -122.406553 37.724194000000004, -122.407541 37.72394099999999, -122.408529 37.723687999999996, -122.409027 37.72488399999999, -122.40952700000001 37.72608399999999, -122.410022 37.72728399999998))",12901.0,0.0,3000,075,S,060750257023000,+37.7285306,-122.4078057,G5040,Block 3000,06,025702,,
60750256002,"POLYGON ((-122.420374 37.72855499999999, -122.41938799999998 37.728809, -122.41948599999999 37.729046000000004, -122.4192 37.72908199999998, -122.41874400000002 37.72908899999999, -122.418381 37.72903900000001, -122.417206 37.72884, -122.416864 37.72879599999999, -122.41663700000001 37.728809, -122.416174 37.728919, -122.41519299999999 37.729223, -122.414956 37.728657999999996, -122.41445999999999 37.727456999999994, -122.415452 37.72719800000001, -122.41642600000002 37.72694299999998, -122.41741 37.72668499999999, -122.418404 37.72642499999999, -122.417906 37.725221, -122.418888 37.724966, -122.419386 37.72616899999998, -122.41988299999998 37.72737000000001, -122.420374 37.72855499999999))",12827.0,0.0,2007,075,S,060750256002007,+37.7274149,-122.4171657,G5040,Block 2007,06,025600,,
60750257013,"POLYGON ((-122.41248999999999 37.727972, -122.41347500000002 37.727714999999996, -122.41445999999999 37.727456999999994, -122.414956 37.728657999999996, -122.41519299999999 37.729223, -122.414558 37.729418999999986, -122.414225 37.729532, -122.41392300000001 37.72964699999999, -122.413282 37.729890000000005, -122.41263199999999 37.730138, -122.412338 37.73024900000001, -122.41139400000002 37.730608, -122.41057200000002 37.730919000000014, -122.41051 37.730937999999995, -122.40947800000002 37.73125500000001, -122.408914 37.731428, -122.408509 37.73155199999999, -122.408057 37.730461, -122.40756000000002 37.729261, -122.40854900000001 37.729003000000006, -122.40953400000001 37.728744999999996, -122.41051899999998 37.72848799999999, -122.41150500000002 37.728229999999996, -122.41248999999999 37.727972))",7126.0,0.0,3005,075,S,060750257013005,+37.7293814,-122.4136037,G5040,Block 3005,06,025701,,
60750257011,"POLYGON ((-122.41392300000001 37.72964699999999, -122.414225 37.729532, -122.414558 37.729418999999986, -122.41519299999999 37.729223, -122.416174 37.728919, -122.41663700000001 37.728809, -122.416864 37.72879599999999, -122.417206 37.72884, -122.418381 37.72903900000001, -122.41874400000002 37.72908899999999, -122.4192 37.72908199999998, -122.41948599999999 37.729046000000004, -122.419536 37.72912900000001, -122.41937300000001 37.730430000000005, -122.41928200000001 37.73116400000001, -122.41927000000001 37.73132999999997, -122.419356 37.731439, -122.419514 37.73149, -122.41985000000001 37.73147600000001, -122.42018500000002 37.731463, -122.42094500000002 37.731308999999996, -122.42175300000001 37.73108499999999, -122.421731 37.731352, -122.42172599999999 37.731438, -122.421715 37.731607999999994, -122.42170299999998 37.73180699999999, -122.42127900000001 37.731869, -122.421134 37.73189099999998, -122.42035799999998 37.73200599999999, -122.419464 37.73206, -122.41846100000001 37.732060000000004, -122.417392 37.732049999999994, -122.416657 37.732012999999974, -122.415939 37.732071999999995, -122.415459 37.732164000000004, -122.41511499999999 37.73223, -122.41438800000002 37.73241699999997, -122.414531 37.73219299999999, -122.414551 37.732161, -122.41452900000002 37.732166, -122.414518 37.73211200000001, -122.41335800000002 37.732402, -122.41326500000001 37.732112, -122.413053 37.731452000000004, -122.412843 37.73079699999999, -122.41263199999999 37.730138, -122.413282 37.729890000000005, -122.41392300000001 37.72964699999999))",42897.0,0.0,1008,075,S,060750257011008,+37.7296225,-122.4178294,G5040,Block 1008,06,025701,,
60750257012,"POLYGON ((-122.41326500000001 37.732112, -122.41335800000002 37.732402, -122.414518 37.73211200000001, -122.41452900000002 37.732166, -122.414551 37.732161, -122.414531 37.73219299999999, -122.41438800000002 37.73241699999997, -122.41378399999999 37.732671999999994, -122.413437 37.732836999999996, -122.41208499999999 37.733457000000016, -122.41147299999999 37.733785999999995, -122.40995 37.734715, -122.40979800000001 37.73482799999999, -122.409505 37.735043999999995, -122.409141 37.735375000000005, -122.40908599999999 37.735449, -122.40899300000001 37.735575, -122.40892300000002 37.73564999999998, -122.408836 37.735745000000016, -122.40881 37.73577299999999, -122.408779 37.73581699999999, -122.408655 37.735998, -122.40858200000001 37.73612499999999, -122.40848800000002 37.73629099999999, -122.40846799999998 37.73634199999998, -122.40835799999999 37.736616999999995, -122.408337 37.736678, -122.408245 37.73706299999999, -122.408211 37.7374, -122.40821599999998 37.737582, -122.40821700000002 37.737612, -122.40812500000001 37.737657, -122.40798699999999 37.737705999999996, -122.407851 37.73775500000001, -122.40778900000001 37.737777, -122.407685 37.73780599999999, -122.407658 37.737812999999996, -122.40755400000002 37.737837, -122.40710300000002 37.737966000000014, -122.406911 37.737966, -122.406947 37.737828999999984, -122.406772 37.736424, -122.40670399999999 37.73630899999999, -122.406619 37.735897, -122.406455 37.735510999999995, -122.40638200000001 37.735417999999996, -122.406295 37.735307, -122.406509 37.735241999999985, -122.406646 37.735199, -122.406815 37.735145999999986, -122.406848 37.73513500000001, -122.40713 37.735046999999994, -122.406816 37.73452100000001, -122.406802 37.73449699999999, -122.40661499999999 37.73418399999999, -122.406533 37.734047, -122.406515 37.734018, -122.40621 37.73348699999998, -122.405909 37.73296299999999, -122.405608 37.73243899999999, -122.40657500000002 37.73214099999998, -122.406764 37.732082999999996, -122.40753900000001 37.73184699999998, -122.408509 37.73155199999999, -122.408914 37.731428, -122.40947800000002 37.73125500000001, -122.41051 37.730937999999995, -122.41057200000002 37.730919000000014, -122.41139400000002 37.730608, -122.412338 37.73024900000001, -122.41263199999999 37.730138, -122.412843 37.73079699999999, -122.413053 37.731452000000004, -122.41326500000001 37.732112), (-122.407357 37.73607799999999, -122.40733900000001 37.736091, -122.40737 37.736112, -122.407357 37.73607799999999))",6427.0,0.0,2036,075,S,060750257012036,+37.7335899,-122.4068878,G5040,Block 2036,06,025701,,
60750257022,"POLYGON ((-122.40753900000001 37.73184699999998, -122.406764 37.732082999999996, -122.40657500000002 37.73214099999998, -122.405608 37.73243899999999, -122.405909 37.73296299999999, -122.40621 37.73348699999998, -122.406515 37.734018, -122.406533 37.734047, -122.40661499999999 37.73418399999999, -122.406802 37.73449699999999, -122.406816 37.73452100000001, -122.40713 37.735046999999994, -122.406848 37.73513500000001, -122.406815 37.735145999999986, -122.406646 37.735199, -122.406509 37.735241999999985, -122.406295 37.735307, -122.406178 37.735158, -122.40549499999999 37.73428699999999, -122.40509599999999 37.733716, -122.40506 37.733651999999985, -122.40465700000001 37.732949, -122.403962 37.73160999999999, -122.4034 37.730658000000005, -122.40302199999998 37.72990199999999, -122.40275199999999 37.729357, -122.402209 37.72810199999999, -122.40222500000002 37.72807900000001, -122.40230000000001 37.72797, -122.40247700000002 37.727923999999994, -122.402658 37.727877, -122.402879 37.727819, -122.40297000000001 37.72779599999999, -122.40310199999999 37.727762, -122.403593 37.72763399999999, -122.40459400000002 37.727374, -122.405586 37.727115, -122.406565 37.726859000000005, -122.40706200000001 37.728058999999995, -122.40756000000002 37.729261, -122.408057 37.730461, -122.408509 37.73155199999999, -122.40753900000001 37.73184699999998))",8858.0,0.0,2007,075,S,060750257022007,+37.7335451,-122.4053323,G5040,Block 2007,06,025702,,
60750232002,"POLYGON ((-122.38418899999999 37.723479, -122.38424183018869 37.723493792452835, -122.38428900000001 37.723507000000005, -122.384364 37.723545, -122.384417 37.723596000000036, -122.38446149999999 37.72361749999999, -122.384506 37.72363899999999, -122.38454999999999 37.723676999999995, -122.38459499999999 37.723728, -122.38465199999999 37.723766999999995, -122.38472100000001 37.723801, -122.38476000000001 37.723839000000005, -122.38479000000001 37.723875, -122.38482999999998 37.723896999999994, -122.38484099999998 37.7239, -122.384852 37.72390300000001, -122.38488300000002 37.72390300000001, -122.384929 37.72394999999998, -122.384974 37.72402400000001, -122.38500600000002 37.724063, -122.38502400000002 37.724098, -122.38505000000002 37.724112999999996, -122.38508700000001 37.724112999999996, -122.38514100000002 37.724100999999976, -122.38516333333335 37.72410133333332, -122.385208 37.72410200000001, -122.38526799999998 37.724119, -122.385332 37.724145, -122.38539699999998 37.724154999999996, -122.385459 37.724152, -122.385549 37.72414, -122.38558200000001 37.724135000000004, -122.3855965 37.72414, -122.385611 37.72414499999999, -122.38567499999999 37.724204, -122.385747 37.724242999999994, -122.3858 37.724261999999996, -122.38585300000001 37.724281000000005, -122.38591900000002 37.724322, -122.385966 37.724358, -122.38602799999998 37.72438, -122.386089 37.724407, -122.38612999999998 37.724438999999975, -122.38616666666665 37.724455, -122.386185 37.72446300000001, -122.3862155 37.72446850000001, -122.38624600000001 37.724473999999994, -122.38638799999998 37.724477999999976, -122.386485 37.724464999999995, -122.38663700000001 37.724426, -122.386706 37.72438999999999, -122.38673050000001 37.7243685, -122.386755 37.72434700000001, -122.38677400000002 37.724318000000004, -122.38678266666668 37.72431366666665, -122.38680000000001 37.72430499999998, -122.38685638695652 37.72429588695654, -122.386899 37.72428900000001, -122.386926 37.72427, -122.38693600000002 37.72424499999999, -122.38692800000001 37.72417099999997, -122.38691266666667 37.724151, -122.386905 37.724141, -122.38674800000001 37.724067000000005, -122.38660000000002 37.72397900000001, -122.386572 37.72395950000001, -122.386544 37.72393999999999, -122.3862975 37.7238015, -122.38605100000001 37.72366299999999, -122.38591299999999 37.723614, -122.385881 37.72358699999999, -122.38585999999998 37.72355599999999, -122.38576 37.723521000000005, -122.38573600000001 37.723505, -122.385717 37.723483, -122.38569300000002 37.72347399999998, -122.38558 37.723402, -122.38549900000001 37.72336500000001, -122.385446 37.723361, -122.38540900000001 37.723343999999976, -122.38537900000001 37.723325999999986, -122.385349 37.72330799999999, -122.38532533333334 37.723298333333325, -122.385278 37.72327899999996, -122.385201 37.723242, -122.385101 37.723213, -122.38503299999999 37.723198000000004, -122.38496499999998 37.723165, -122.384843 37.72309399999999, -122.384717 37.72303099999999, -122.384678 37.722996999999985, -122.384638 37.72295199999999, -122.38460499999998 37.722938, -122.38451699999999 37.722862000000006, -122.38521000000001 37.723088, -122.386139 37.723583, -122.38680000000001 37.723987, -122.38727000000002 37.72428200000001, -122.387362 37.724393, -122.38793 37.724728999999996, -122.38980099999999 37.725790999999994, -122.389238 37.72641499999999, -122.38867299999998 37.72704399999998, -122.38811 37.727666000000006, -122.387551 37.728294, -122.386984 37.728919, -122.386418 37.72954299999999, -122.38585300000001 37.730167, -122.385287 37.730790999999996, -122.383431 37.72973800000001, -122.381564 37.72867799999999, -122.37999200000002 37.727785, -122.379697 37.72761800000001, -122.378817 37.727118999999995, -122.377833 37.72656, -122.378392 37.725932, -122.378951 37.725303999999994, -122.379511 37.724677000000014, -122.380149 37.72395900000001, -122.380787 37.723387999999986, -122.38142500000001 37.722834, -122.382176 37.722246, -122.38226499999999 37.72228400000001, -122.382305 37.722291333333324, -122.38232500000001 37.72229499999999, -122.38235 37.72230199999998, -122.382375 37.722309, -122.382417 37.72233699999999, -122.38245100000002 37.72237200000001, -122.38248 37.722379999999994, -122.38250649999999 37.72238049999999, -122.38253299999998 37.722381000000006, -122.38256500000001 37.722396, -122.38258600000002 37.722422, -122.382594 37.72247, -122.382642 37.722502000000006, -122.38276300000001 37.72257499999999, -122.38280900000001 37.7226005, -122.382855 37.722626000000005, -122.38292500000001 37.722634000000006, -122.382948 37.722669, -122.382988 37.722705, -122.383039 37.72273100000002, -122.38311100000001 37.722758, -122.383185 37.72280100000001, -122.383264 37.722863, -122.383354 37.72291299999999, -122.38343999999998 37.722950999999995, -122.383612 37.72302700000001, -122.383636 37.72304766666666, -122.383648 37.723057999999995, -122.38366499999998 37.723095, -122.383682 37.72313200000001, -122.38371200000002 37.723155999999996, -122.383732 37.723166, -122.38373699999998 37.723184, -122.383762 37.72319300000001, -122.38378411235955 37.72318922471909, -122.383803 37.723185999999984, -122.38382299999999 37.723194999999976, -122.38385000000001 37.723255, -122.383858 37.723272, -122.383873 37.723348, -122.383894 37.723420999999995, -122.383914 37.723444, -122.38393500000001 37.723451999999995, -122.38418899999999 37.723479))",205062.0,0.0,2008,075,S,060750232002008,+37.7247697,-122.3834142,G5040,Block 2008,06,023200,,
60750232001,"POLYGON ((-122.39289900000001 37.728489999999994, -122.39293299999999 37.72860699999999, -122.392737 37.72916099999999, -122.392625 37.729278, -122.392661 37.729375999999995, -122.392453 37.72997199999999, -122.392349 37.730067, -122.39237199999998 37.730202999999996, -122.392241 37.730577, -122.39214699999998 37.730641999999996, -122.39219199999998 37.73069699999999, -122.39214899999999 37.73082200000001, -122.392073 37.730854999999984, -122.392111 37.730950000000014, -122.391899 37.73155500000001, -122.391797 37.731643999999996, -122.390727 37.731037, -122.38885499999999 37.72998, -122.386984 37.728919, -122.387551 37.728294, -122.38811 37.727666000000006, -122.38867299999998 37.72704399999998, -122.389238 37.72641499999999, -122.38980099999999 37.725790999999994, -122.39167 37.726850999999996, -122.39323300000001 37.727733, -122.393244 37.72787500000001, -122.392985 37.728453999999985, -122.39289900000001 37.728489999999994))",934.0,0.0,1007,075,S,060750232001007,+37.7296667,-122.3924905,G5040,Block 1007,06,023200,,
60750231032,"POLYGON ((-122.383431 37.72973800000001, -122.382888 37.73034200000001, -122.382776 37.730419, -122.38262800000001 37.73051200000001, -122.38227000000002 37.730619999999995, -122.38209000000002 37.730635, -122.38178199999999 37.73061699999999, -122.38143900000001 37.73058199999999, -122.38064000000001 37.730503999999996, -122.380311 37.730529000000004, -122.37999500000001 37.730656999999994, -122.37990100000002 37.730719, -122.37977900000001 37.73079899999998, -122.379648 37.73095999999999, -122.379552 37.731109000000004, -122.379475 37.731228, -122.379348 37.73154400000001, -122.37934700000001 37.731679, -122.379346 37.73183700000001, -122.379475 37.73219199999999, -122.37958099999999 37.73239199999999, -122.379596 37.732465, -122.37992299999999 37.73321, -122.37993200000001 37.73338100000002, -122.379925 37.733584, -122.37982699999999 37.73373499999999, -122.37954700000002 37.734041, -122.37943100000001 37.73408200000001, -122.378354 37.73347, -122.37764899999999 37.73307000000002, -122.37723000000001 37.733533, -122.37697400000002 37.733616, -122.376873 37.734396999999994, -122.376844 37.734504, -122.37649 37.734303000000004, -122.37615199999999 37.73453699999997, -122.376103 37.73474499999998, -122.375934 37.73493199999998, -122.37578300000001 37.73509899999999, -122.37573 37.73512100000001, -122.37562900000002 37.73520699999999, -122.37557200000002 37.73523900000001, -122.375502 37.735330999999995, -122.37546100000002 37.73535899999999, -122.375373 37.735397, -122.37532000000002 37.73539400000001, -122.37525400000001 37.73538, -122.37516499999998 37.73532399999999, -122.37512599999998 37.735291, -122.37507499999998 37.735265000000005, -122.37504200000001 37.73516500000001, -122.37503699999999 37.735098, -122.375058 37.73504300000001, -122.37500800000001 37.735029, -122.37496600000001 37.735029, -122.37490800000002 37.735003, -122.374877 37.734975999999996, -122.374871 37.73492399999999, -122.37491400000002 37.734808, -122.37494699999999 37.734741, -122.374988 37.73470400000001, -122.37502999999998 37.734682, -122.375105 37.734629, -122.37511599999999 37.73458599999999, -122.37514600000002 37.734562, -122.375129 37.73452199999999, -122.37503599999998 37.73445399999999, -122.37498099999999 37.734427, -122.37493900000001 37.734419, -122.37491299999998 37.73443499999999, -122.374893 37.734423, -122.374893 37.73439799999999, -122.37490299999999 37.734347, -122.37488200000001 37.73427999999999, -122.37486900000002 37.734207000000005, -122.37486799999998 37.734170999999996, -122.37492700000001 37.734073, -122.37495200000001 37.734015000000014, -122.37495700000001 37.73392599999999, -122.374964 37.73389000000001, -122.374982 37.733861999999995, -122.375013 37.73384299999999, -122.375123 37.73382599999999, -122.375154 37.73382, -122.37517199999999 37.73379499999999, -122.37517099999998 37.73376499999999, -122.37522899999999 37.73362399999999, -122.37525 37.733599, -122.375289 37.733553, -122.375362 37.733424, -122.375376 37.733376, -122.375382 37.733312, -122.375464 37.733228, -122.37551 37.73320000000001, -122.375523 37.73313899999999, -122.37550699999998 37.733106, -122.375652 37.732934, -122.375685 37.732895999999975, -122.375645 37.7329, -122.37554 37.73284499999999, -122.375554 37.732822999999996, -122.37561700000002 37.73275499999999, -122.375574 37.732716, -122.37547599999999 37.732779, -122.37519700000001 37.732959, -122.375034 37.73279899999999, -122.375009 37.732774, -122.37497 37.73275299999999, -122.37489099999999 37.73279999999999, -122.37486700000001 37.73277300000001, -122.374833 37.73278599999998, -122.374805 37.732755999999995, -122.374609 37.73288, -122.37455800000001 37.732820000000025, -122.374905 37.73260499999999, -122.37482299999998 37.73253, -122.374676 37.732639000000006, -122.374394 37.73253999999998, -122.37431 37.73254799999998, -122.37423000000001 37.732576000000016, -122.374177 37.73258599999999, -122.37412 37.732621, -122.374113 37.73265699999999, -122.374003 37.732674, -122.37391199999999 37.732712, -122.373893 37.73273700000001, -122.373883 37.732773, -122.373799 37.732775000000004, -122.373761 37.732800000000005, -122.37374700000001 37.732855, -122.37372500000002 37.73288499999999, -122.373694 37.732895, -122.373637 37.732893, -122.373568 37.73290899999999, -122.37351200000002 37.732949, -122.373501 37.73297999999999, -122.37350000000002 37.733070999999995, -122.373481 37.73308699999999, -122.373436 37.73310600000001, -122.373412 37.7331, -122.373372 37.73315500000001, -122.373327 37.733185999999996, -122.37329199999999 37.73319899999998, -122.37325499999999 37.73322100000001, -122.373217 37.73325499999999, -122.373184 37.733312999999995, -122.373133 37.733342, -122.37305599999999 37.733385, -122.373026 37.733416000000005, -122.372988 37.733444000000006, -122.37284300000002 37.73361599999999, -122.372787 37.73367499999999, -122.37266000000001 37.73379, -122.37257099999998 37.73390000000001, -122.372547 37.733954000000004, -122.37251599999999 37.733999, -122.372467 37.734021, -122.37239099999998 37.73404599999999, -122.372338 37.734074, -122.37226399999999 37.734164, -122.37223000000002 37.734198000000006, -122.37213499999999 37.73421999999999, -122.372066 37.734218, -122.37202400000001 37.734213, -122.371977 37.734199, -122.371913 37.734209, -122.371893 37.73418799999998, -122.37185000000001 37.73416999999999, -122.371784 37.734123, -122.371757 37.73409900000002, -122.37159 37.734007, -122.37145200000002 37.733867, -122.371413 37.733821999999996, -122.37136600000001 37.733789000000016, -122.37134499999999 37.73375699999999, -122.37130599999999 37.733698999999994, -122.371248 37.733663, -122.37118200000002 37.73363099999998, -122.37114300000002 37.73360400000001, -122.371119 37.733565, -122.371069 37.733543999999995, -122.37104099999999 37.73351399999999, -122.37100899999999 37.73346300000001, -122.37094599999999 37.73338499999999, -122.37090699999999 37.73334899999999, -122.37085500000002 37.733256000000004, -122.370812 37.733242, -122.37076300000001 37.733251, -122.37073899999999 37.73323699999998, -122.370742 37.733208999999995, -122.370734 37.73316700000002, -122.370713 37.733111999999984, -122.37060399999999 37.73303500000001, -122.37051100000001 37.733005999999996, -122.370445 37.732949999999995, -122.370232 37.732868, -122.370077 37.732788, -122.36999100000001 37.73271400000001, -122.369929 37.732672, -122.36989 37.732639000000006, -122.36984900000002 37.732612, -122.369945 37.73247599999999, -122.370978 37.731009, -122.37144400000001 37.730492999999996, -122.37200599999998 37.729873999999995, -122.372235 37.72962799999999, -122.372584 37.729254999999995, -122.372775 37.72905, -122.37315800000002 37.728639, -122.37344000000002 37.72832599999999, -122.37363999999998 37.728106, -122.3737 37.728057, -122.373766 37.728004999999996, -122.376681 37.72853, -122.37768099999998 37.72862999999999, -122.37827800000001 37.728964000000005, -122.37854200000001 37.728941999999996, -122.37917500000002 37.72823199999999, -122.37959900000001 37.727731999999996, -122.379697 37.72761800000001, -122.37999200000002 37.727785, -122.381564 37.72867799999999, -122.383431 37.72973800000001))",33246.0,0.0,2018,075,S,060750231032018,+37.7289859,-122.3813038,G5040,Block 2018,06,023103,,
60750230032,"POLYGON ((-122.392661 37.729375999999995, -122.392625 37.729278, -122.39358199999998 37.729399, -122.39447899999999 37.729527, -122.394886 37.72958399999999, -122.39537700000001 37.72965399999999, -122.39601399999998 37.729745, -122.39640900000002 37.729800999999995, -122.39619400000001 37.730747, -122.396126 37.73084099999999, -122.396045 37.73119699999999, -122.395726 37.731912, -122.395516 37.731972000000006, -122.394678 37.732918, -122.394273 37.73337299999999, -122.39390399999999 37.733788, -122.391521 37.73243200000001, -122.39164 37.73229500000001, -122.39182 37.73178099999999, -122.391797 37.731643999999996, -122.391899 37.73155500000001, -122.392111 37.730950000000014, -122.392073 37.730854999999984, -122.39214899999999 37.73082200000001, -122.39219199999998 37.73069699999999, -122.39214699999998 37.730641999999996, -122.392241 37.730577, -122.39237199999998 37.730202999999996, -122.392349 37.730067, -122.392453 37.72997199999999, -122.392661 37.729375999999995))",16740.0,0.0,2001,075,S,060750230032001,+37.7319279,-122.3948123,G5040,Block 2001,06,023003,,
60750232003,"POLYGON ((-122.39182 37.73178099999999, -122.39164 37.73229500000001, -122.391521 37.73243200000001, -122.39154 37.732580999999996, -122.391343 37.73314399999999, -122.391244 37.733222999999995, -122.391264 37.73337, -122.391154 37.73368599999999, -122.39106699999999 37.733933, -122.390968 37.734014, -122.38903500000002 37.732918999999995, -122.38716700000002 37.73185699999999, -122.385287 37.730790999999996, -122.38585300000001 37.730167, -122.386418 37.72954299999999, -122.386984 37.728919, -122.38885499999999 37.72998, -122.390727 37.731037, -122.391797 37.731643999999996, -122.39182 37.73178099999999))",13464.0,0.0,3002,075,S,060750232003002,+37.7324004,-122.3906022,G5040,Block 3002,06,023200,,
60750258001,"POLYGON ((-122.40490700000001 37.722896999999996, -122.40496099999999 37.723015, -122.40508700000001 37.723290000000006, -122.40531 37.723827, -122.40557200000002 37.724461, -122.40458599999998 37.724717999999996, -122.40360100000001 37.724976, -122.40260000000002 37.725235, -122.40210800000001 37.724036, -122.402061 37.72392000000001, -122.40161300000001 37.72283199999999, -122.402605 37.722574, -122.402056 37.72127699999999, -122.40215999999998 37.72137299999999, -122.40303399999998 37.72114599999998, -122.40303399999998 37.721023, -122.40312600000001 37.721121999999994, -122.40401800000001 37.72088999999999, -122.40401800000001 37.720766999999995, -122.404565 37.72206399999998, -122.40490700000001 37.722896999999996))",12696.0,0.0,1002,075,S,060750258001002,+37.7239958,-122.4048325,G5040,Block 1002,06,025800,,
60750257021,"POLYGON ((-122.40360100000001 37.724976, -122.40458599999998 37.724717999999996, -122.40557200000002 37.724461, -122.40607100000001 37.72565800000001, -122.406565 37.726859000000005, -122.405586 37.727115, -122.40459400000002 37.727374, -122.403593 37.72763399999999, -122.40310199999999 37.727762, -122.40297000000001 37.72779599999999, -122.402879 37.727819, -122.402658 37.727877, -122.40247700000002 37.727923999999994, -122.40230000000001 37.72797, -122.40222500000002 37.72807900000001, -122.40210499999999 37.72779, -122.401875 37.726965, -122.401822 37.726774999999996, -122.40147100000002 37.72551599999999, -122.40118300000002 37.724588, -122.400785 37.72361600000001, -122.400888 37.723640999999986, -122.401047 37.72367800000001, -122.40136 37.723752999999995, -122.401442 37.723772999999994, -122.402061 37.72392000000001, -122.40210800000001 37.724036, -122.40260000000002 37.725235, -122.40360100000001 37.724976))",8136.0,0.0,1002,075,S,060750257021002,+37.7271150,-122.4030342,G5040,Block 1002,06,025702,,
60750230031,"POLYGON ((-122.39739 37.72994, -122.39807399999998 37.73003700000001, -122.39896999999999 37.730165, -122.399867 37.73029199999999, -122.399854 37.730382, -122.400281 37.73139899999999, -122.400293 37.731477999999996, -122.399423 37.731703, -122.400022 37.732310999999996, -122.398585 37.73363900000001, -122.398488 37.73380799999999, -122.39839099999999 37.73408799999999, -122.398342 37.734311000000005, -122.39820899999998 37.735308, -122.398014 37.73551500000001, -122.39764900000002 37.735913, -122.39708200000001 37.736533, -122.39651500000001 37.737156, -122.39568600000001 37.736686, -122.394924 37.73625499999999, -122.39466200000001 37.73610700000001, -122.392776 37.735038, -122.39334 37.73441299999999, -122.39390399999999 37.733788, -122.394273 37.73337299999999, -122.394678 37.732918, -122.395516 37.731972000000006, -122.395726 37.731912, -122.396045 37.73119699999999, -122.396126 37.73084099999999, -122.39619400000001 37.730747, -122.39640900000002 37.729800999999995, -122.396969 37.729879999999994, -122.397177 37.72991, -122.39739 37.72994))",9093.0,0.0,1012,075,S,060750230031012,+37.7315930,-122.3965773,G5040,Block 1012,06,023003,,
60750230013,"POLYGON ((-122.40302199999998 37.72990199999999, -122.4034 37.730658000000005, -122.403962 37.73160999999999, -122.40465700000001 37.732949, -122.404345 37.733143999999996, -122.403509 37.733664999999995, -122.40285599999999 37.734073, -122.402665 37.73419199999999, -122.402202 37.73448199999999, -122.40211400000001 37.73442999999999, -122.400566 37.732861, -122.400022 37.732310999999996, -122.399423 37.731703, -122.400293 37.731477999999996, -122.400281 37.73139899999999, -122.399854 37.730382, -122.399867 37.73029199999999, -122.40027400000001 37.729838, -122.400834 37.72921099999999, -122.401395 37.72858399999999, -122.40195500000002 37.72795699999999, -122.40210499999999 37.72779, -122.402209 37.72810199999999, -122.40275199999999 37.729357, -122.40302199999998 37.72990199999999))",27843.0,0.0,3000,075,S,060750230013000,+37.7329718,-122.4011980,G5040,Block 3000,06,023001,,
60750230012,"POLYGON ((-122.402202 37.73448199999999, -122.40180799999999 37.73472699999999, -122.40155599999999 37.73488400000001, -122.40095200000002 37.735261, -122.400357 37.73558099999999, -122.39855600000001 37.73643299999999, -122.397666 37.73686399999999, -122.397486 37.736950999999976, -122.396784 37.73716499999998, -122.39651500000001 37.737156, -122.39708200000001 37.736533, -122.39764900000002 37.735913, -122.398014 37.73551500000001, -122.39820899999998 37.735308, -122.398342 37.734311000000005, -122.39839099999999 37.73408799999999, -122.398488 37.73380799999999, -122.398585 37.73363900000001, -122.400022 37.732310999999996, -122.400566 37.732861, -122.40211400000001 37.73442999999999, -122.402202 37.73448199999999))",14857.0,0.0,2005,075,S,060750230012005,+37.7343181,-122.4004866,G5040,Block 2005,06,023001,,
60750230011,"POLYGON ((-122.40549499999999 37.73428699999999, -122.406178 37.735158, -122.406295 37.735307, -122.40638200000001 37.735417999999996, -122.406455 37.735510999999995, -122.406619 37.735897, -122.40670399999999 37.73630899999999, -122.406772 37.736424, -122.406947 37.737828999999984, -122.406911 37.737966, -122.40676200000001 37.73807699999999, -122.405814 37.738338, -122.405647 37.738321, -122.40555100000002 37.738406999999995, -122.40524900000001 37.738495, -122.40514000000002 37.738526, -122.405028 37.738498, -122.404975 37.73857099999998, -122.40439900000001 37.738732, -122.40425800000001 37.738713, -122.40413699999999 37.738797000000005, -122.403289 37.739044, -122.40318599999999 37.73907399999999, -122.40207100000002 37.73938100000001, -122.401064 37.739658000000006, -122.40089899999998 37.739658999999996, -122.40077500000001 37.739742, -122.400086 37.739942, -122.399752 37.73990799999999, -122.399705 37.739920000000005, -122.39968499999999 37.739902, -122.39964499999999 37.73988, -122.39780999999999 37.73884700000001, -122.395945 37.73778399999999, -122.39623200000001 37.737468, -122.39651500000001 37.737156, -122.396784 37.73716499999998, -122.397486 37.736950999999976, -122.397666 37.73686399999999, -122.39855600000001 37.73643299999999, -122.400357 37.73558099999999, -122.40095200000002 37.735261, -122.40155599999999 37.73488400000001, -122.40180799999999 37.73472699999999, -122.402202 37.73448199999999, -122.402665 37.73419199999999, -122.40285599999999 37.734073, -122.403509 37.733664999999995, -122.404345 37.733143999999996, -122.40465700000001 37.732949, -122.40506 37.733651999999985, -122.40509599999999 37.733716, -122.40549499999999 37.73428699999999))",17012.0,0.0,1004,075,S,060750230011004,+37.7390485,-122.3990093,G5040,Block 1004,06,023001,,
60750231021,"POLYGON ((-122.385157 37.733257000000016, -122.38531 37.733472, -122.385614 37.733977999999986, -122.385627 37.734018999999996, -122.38578300000002 37.73450000000001, -122.385966 37.734829, -122.386067 37.734932999999984, -122.38629700000001 37.73516899999998, -122.38656199999998 37.73534299999999, -122.387029 37.735623, -122.387176 37.735662, -122.387253 37.73575099999999, -122.388529 37.73647499999999, -122.38865300000002 37.736483, -122.388091 37.737106, -122.38752800000002 37.737731, -122.386962 37.73835899999999, -122.38639900000001 37.73898299999999, -122.38583500000001 37.739609, -122.38528200000002 37.74024, -122.38341 37.739177, -122.381558 37.738123, -122.38174299999999 37.737927, -122.381795 37.73777, -122.381807 37.737731999999994, -122.38180000000001 37.737567999999996, -122.38176700000001 37.737466, -122.38173699999999 37.737370999999996, -122.381725 37.73725399999997, -122.38180800000002 37.737140999999994, -122.38197300000002 37.737083, -122.38212100000001 37.737097, -122.382872 37.737278, -122.38339400000001 37.737551999999994, -122.383732 37.73758999999999, -122.384047 37.737514, -122.383842 37.73722, -122.383693 37.736812999999984, -122.383638 37.73660500000001, -122.38357600000002 37.73637, -122.383425 37.735803000000004, -122.38338400000002 37.735647, -122.38323400000002 37.735211, -122.383134 37.734977, -122.382962 37.73460300000001, -122.38293400000002 37.734543, -122.38291900000002 37.734511, -122.38236000000002 37.73371499999998, -122.382279 37.733632, -122.38203 37.733373, -122.381852 37.73318799999999, -122.38131299999999 37.732811999999996, -122.38098200000002 37.732645, -122.38062299999999 37.732508, -122.380327 37.732425, -122.38018499999998 37.732422000000014, -122.38013300000001 37.73255400000001, -122.380186 37.732659999999996, -122.38066 37.73298399999998, -122.381018 37.73323699999998, -122.38129500000001 37.733463, -122.381476 37.733714, -122.38143999999998 37.73388899999999, -122.38128399999998 37.734033999999994, -122.3802 37.73343199999999, -122.380111 37.733398, -122.37993200000001 37.73338100000002, -122.37992299999999 37.73321, -122.379596 37.732465, -122.37958099999999 37.73239199999999, -122.379475 37.73219199999999, -122.379346 37.73183700000001, -122.37934700000001 37.731679, -122.379348 37.73154400000001, -122.379475 37.731228, -122.379552 37.731109000000004, -122.379648 37.73095999999999, -122.37977900000001 37.73079899999998, -122.37990100000002 37.730719, -122.37999500000001 37.730656999999994, -122.380311 37.730529000000004, -122.38064000000001 37.730503999999996, -122.38143900000001 37.73058199999999, -122.381431 37.730868, -122.381521 37.73106099999999, -122.38160799999999 37.731175, -122.38172200000001 37.731324, -122.38194899999999 37.73152899999999, -122.382384 37.731834000000006, -122.38283599999998 37.732051, -122.38336900000002 37.732257, -122.383803 37.732433999999984, -122.38427899999999 37.732652, -122.384416 37.73271700000001, -122.384866 37.73295900000001, -122.385002 37.73307099999999, -122.38505400000001 37.733177000000005, -122.385157 37.733257000000016))",16827.0,0.0,1012,075,S,060750231021012,+37.7343270,-122.3852597,G5040,Block 1012,06,023102,,
60750231022,"POLYGON ((-122.384416 37.73271700000001, -122.38427899999999 37.732652, -122.383803 37.732433999999984, -122.38336900000002 37.732257, -122.38283599999998 37.732051, -122.382384 37.731834000000006, -122.38194899999999 37.73152899999999, -122.38172200000001 37.731324, -122.38160799999999 37.731175, -122.381521 37.73106099999999, -122.381431 37.730868, -122.38143900000001 37.73058199999999, -122.38178199999999 37.73061699999999, -122.38209000000002 37.730635, -122.38227000000002 37.730619999999995, -122.38262800000001 37.73051200000001, -122.382776 37.730419, -122.382888 37.73034200000001, -122.383431 37.72973800000001, -122.385287 37.730790999999996, -122.38716700000002 37.73185699999999, -122.38903500000002 37.732918999999995, -122.388482 37.733534, -122.38791 37.73417, -122.38739900000002 37.73473800000001, -122.387382 37.734823000000006, -122.387176 37.735662, -122.387029 37.735623, -122.38656199999998 37.73534299999999, -122.38629700000001 37.73516899999998, -122.386067 37.734932999999984, -122.385966 37.734829, -122.38578300000002 37.73450000000001, -122.385627 37.734018999999996, -122.385614 37.733977999999986, -122.38531 37.733472, -122.385157 37.733257000000016, -122.38505400000001 37.733177000000005, -122.385002 37.73307099999999, -122.384866 37.73295900000001, -122.384416 37.73271700000001))",17584.0,0.0,2006,075,S,060750231022006,+37.7333181,-122.3872640,G5040,Block 2006,06,023102,,
60750612002,"POLYGON ((-122.392776 37.735038, -122.39466200000001 37.73610700000001, -122.394924 37.73625499999999, -122.39568600000001 37.736686, -122.39651500000001 37.737156, -122.39623200000001 37.737468, -122.395945 37.73778399999999, -122.39511900000001 37.737314, -122.394093 37.736729, -122.39352400000001 37.737351, -122.39296500000002 37.737961, -122.392393 37.738603, -122.39192100000001 37.739127999999994, -122.39183100000001 37.739228, -122.391268 37.739853, -122.38931 37.738741999999995, -122.38941100000001 37.738667, -122.389617 37.738082, -122.38958700000002 37.737955, -122.389688 37.73788100000001, -122.38989400000001 37.737297, -122.38986400000002 37.73716999999999, -122.389965 37.73709499999999, -122.39016400000001 37.736512, -122.390145 37.736390000000014, -122.390244 37.736286, -122.390436 37.735735999999996, -122.39041600000002 37.735591, -122.390515 37.735510999999995, -122.39071200000001 37.734947, -122.390694 37.73479699999998, -122.39079100000002 37.734723, -122.39098799999998 37.734158, -122.390968 37.734014, -122.39106699999999 37.733933, -122.391154 37.73368599999999, -122.391264 37.73337, -122.391244 37.733222999999995, -122.391343 37.73314399999999, -122.39154 37.732580999999996, -122.391521 37.73243200000001, -122.39390399999999 37.733788, -122.39334 37.73441299999999, -122.392776 37.735038))",3866.0,0.0,2007,075,S,060750612002007,+37.7373914,-122.3956751,G5040,Block 2007,06,061200,,
60750179021,"POLYGON ((-122.3858361807007 37.79243517327786, -122.38343027321041 37.79363812724562, -122.38242468821711 37.79414091984042, -122.38023093958624 37.79523779436999, -122.37703283157731 37.79693678961798, -122.37383513080331 37.79883542493407, -122.3706383529948 37.80093331104346, -122.36764359194704 37.80332912093838, -122.3664084595948 37.804706769532814, -122.36505009063072 37.806221874444965, -122.36442631740314 37.80743273002606, -122.36442621858072 37.80743292185809, -122.36650699999997 37.807641000000025, -122.366507 37.807641000000025, -122.367208 37.80771099999998, -122.36731500000002 37.807722000000005, -122.36739 37.80774500000001, -122.3675947222222 37.80781348888889, -122.367665 37.807837, -122.36791171769619 37.80789888033422, -122.36858600000001 37.80806800000001, -122.36871100000002 37.808110000000006, -122.36885300000002 37.808177, -122.36915600000002 37.80839099999999, -122.369435 37.808559999999986, -122.37002700000001 37.808715000000014, -122.371017 37.809142, -122.371475 37.809442, -122.371667 37.80962499999999, -122.37185000000001 37.80982499999999, -122.372233 37.810325, -122.37239099999998 37.81053300000001, -122.372625 37.810658, -122.37279200000002 37.810885, -122.37281600000001 37.81108299999997, -122.37269900000001 37.811223999999996, -122.37266572607287 37.81121453414141, -122.372583 37.811191, -122.37234100000002 37.811257000000005, -122.372175 37.81131599999996, -122.37205000000002 37.811523999999984, -122.37175900000001 37.812348, -122.371642 37.812756, -122.37156700000001 37.813080999999976, -122.371592 37.81324699999999, -122.371667 37.81333099999999, -122.371767 37.813397, -122.371767 37.813431, -122.371692 37.813531, -122.371642 37.813556, -122.37149200000002 37.81355599999998, -122.371442 37.813580000000016, -122.371326 37.814013, -122.37123400000002 37.814513, -122.371292 37.814854, -122.371409 37.81517900000001, -122.37174199999998 37.815733, -122.37201700000001 37.816115999999994, -122.37538300000001 37.82111899999999, -122.376699 37.822971, -122.379131 37.826842000000006, -122.37830500000001 37.828907, -122.37761700000001 37.83049799999999, -122.37334800000001 37.832319, -122.36872868670878 37.83118273490741, -122.36862 37.831156, -122.36851235602093 37.830999685863844, -122.367335 37.829290000000015, -122.36713453024616 37.828996489259914, -122.366708 37.828372, -122.362883 37.822665, -122.36286000000001 37.822573, -122.36310060352294 37.82198385215515, -122.36328226926196 37.82153902085201, -122.36346033687943 37.82110299999998, -122.36355099999999 37.820881, -122.36351963905531 37.820873204058955, -122.36054200000001 37.820133, -122.360634 37.819811, -122.36363299999998 37.820546, -122.36369597369152 37.82038105186472, -122.36382314976136 37.82004793727281, -122.36410935481025 37.819298275184465, -122.36427486577156 37.818864749314216, -122.36433699999999 37.81870199999997, -122.36481799999999 37.818479999999994, -122.36478 37.818418999999984, -122.36490262812285 37.8183482146608, -122.364903 37.818348, -122.3649290766606 37.81837578101751, -122.36466880222248 37.81793742355531, -122.36364860936261 37.81621920198794, -122.36364614250515 37.81621432904493, -122.36364440696164 37.81620926153254, -122.36309448506435 37.814131772912454, -122.362982 37.814158000000006, -122.36263599999998 37.814142, -122.362267 37.814158000000006, -122.362045 37.814265, -122.36183099999998 37.81442099999998, -122.361577 37.81450400000001, -122.361141 37.81456099999998, -122.36075500000001 37.814684, -122.360385 37.81472499999998, -122.3597275215893 37.814859892986995, -122.359727 37.81485999999998, -122.35918100000002 37.81502699999999, -122.35899300000001 37.81484700000001, -122.35883300000002 37.81447599999999, -122.35883473410335 37.814434854457204, -122.35884349396206 37.81422700690052, -122.358844 37.814215, -122.35890599999999 37.814059, -122.35901100000001 37.81398599999998, -122.359094 37.813829000000005, -122.35914600000001 37.813621000000005, -122.35925 37.813485, -122.359396 37.813380999999985, -122.359595 37.81335, -122.35988373154457 37.81327532804883, -122.359885 37.81327499999999, -122.36062700000001 37.81284899999999, -122.360908 37.812671999999985, -122.361096 37.812432, -122.361127 37.812161, -122.361127 37.811765, -122.36120000000001 37.81135799999999, -122.361325 37.811066, -122.361325 37.81077499999998, -122.36126300000001 37.810420000000015, -122.3612407278141 37.810321047859794, -122.3611966232932 37.81012509777406, -122.361193 37.810108999999976, -122.361115 37.809499, -122.361 37.80810799999999, -122.36152100000001 37.80803999999999, -122.36195399999998 37.807577, -122.36198000000002 37.807274, -122.36213600000002 37.807035000000006, -122.362459 37.807056, -122.3627663801733 37.80726657537846, -122.36276699999999 37.80726700000001, -122.36430951064605 37.807421251064625, -122.36430961501155 37.807421048473024, -122.36494742373392 37.80618295087986, -122.36495024119681 37.80617827042943, -122.36495371785922 37.80617387785042, -122.36629423704628 37.80467868439414, -122.36755371872412 37.803273878867145, -122.36755655281648 37.803270975730015, -122.36755967540607 37.80326826531953, -122.37055967539818 37.80086826633375, -122.3705638046545 37.80086527307999, -122.3737638041533 37.79876527404667, -122.3737659758982 37.798763918003765, -122.37696597518715 37.796863918910326, -122.37696840691355 37.79686255247423, -122.3801684059982 37.79516255331378, -122.38016972679102 37.79516187246542, -122.38266248588604 37.79391549314849, -122.38336972577646 37.79356187326871, -122.38577965603832 37.792356908360766, -122.3858361807007 37.79243517327786), (-122.36520270758928 37.81844870758928, -122.371031 37.815973999999976, -122.371031 37.815973999999976, -122.370458 37.814544999999995, -122.37032600000002 37.8142, -122.37006300000002 37.813781, -122.369677 37.81336999999999, -122.36932400000002 37.81303299999999, -122.36893000000002 37.812778, -122.368141 37.812532, -122.36762299999998 37.812383999999994, -122.36731900000001 37.81233499999999, -122.36694099999998 37.812366999999995, -122.36651400000001 37.81251499999998, -122.36598000000001 37.812754000000005, -122.36545400000001 37.813041, -122.36526182148971 37.81316769940568, -122.365093 37.813278999999994, -122.36463199999999 37.813782999999994, -122.36414800000001 37.81401100000001, -122.36376999999999 37.81405999999999, -122.36336800000001 37.814068, -122.36320382287442 37.81410627964069, -122.36375422563044 37.816185572980245, -122.36494487528132 37.818190875281324, -122.36511905331137 37.81848422740571, -122.36520270758928 37.81844870758928))",,,,,,,,,,,,,,
60750612001,"POLYGON ((-122.39098799999998 37.734158, -122.39079100000002 37.734723, -122.390694 37.73479699999998, -122.39071200000001 37.734947, -122.390515 37.735510999999995, -122.39041600000002 37.735591, -122.390436 37.735735999999996, -122.390244 37.736286, -122.390145 37.736390000000014, -122.39016400000001 37.736512, -122.389965 37.73709499999999, -122.38986400000002 37.73716999999999, -122.38989400000001 37.737297, -122.389688 37.73788100000001, -122.38958700000002 37.737955, -122.389617 37.738082, -122.38941100000001 37.738667, -122.38931 37.738741999999995, -122.38934 37.738869, -122.389132 37.739459, -122.389031 37.739532999999994, -122.38905999999999 37.73966000000002, -122.38896100000001 37.73993999999999, -122.38885499999999 37.740243, -122.388755 37.740317000000005, -122.388784 37.74044400000002, -122.388577 37.741032999999995, -122.388476 37.741107999999976, -122.38850499999998 37.741235, -122.388301 37.741814, -122.3882 37.741889, -122.388235 37.741977000000006, -122.38801 37.742644999999996, -122.387926 37.742703, -122.38770500000001 37.742697, -122.386603 37.74206799999999, -122.38655500000002 37.74194999999999, -122.387143 37.74129699999999, -122.38528200000002 37.74024, -122.38583500000001 37.739609, -122.38639900000001 37.73898299999999, -122.386962 37.73835899999999, -122.38752800000002 37.737731, -122.388091 37.737106, -122.38865300000002 37.736483, -122.388529 37.73647499999999, -122.387253 37.73575099999999, -122.387176 37.735662, -122.387382 37.734823000000006, -122.38739900000002 37.73473800000001, -122.38791 37.73417, -122.388482 37.733534, -122.38903500000002 37.732918999999995, -122.390968 37.734014, -122.39098799999998 37.734158))",915.0,0.0,1026,075,S,060750612001026,+37.7351955,-122.3905563,G5040,Block 1026,06,061200,,
60750254032,"POLYGON ((-122.415939 37.732071999999995, -122.416657 37.732012999999974, -122.417392 37.732049999999994, -122.41846100000001 37.732060000000004, -122.419464 37.73206, -122.42035799999998 37.73200599999999, -122.421134 37.73189099999998, -122.42127900000001 37.731869, -122.42170299999998 37.73180699999999, -122.42282 37.731640999999996, -122.42392 37.731553, -122.42398199999998 37.73155199999999, -122.42455400000001 37.73154899999999, -122.42464499999998 37.731549, -122.42498600000002 37.73156000000001, -122.42556300000001 37.731578999999996, -122.42610400000001 37.73165099999999, -122.426095 37.731671, -122.42591999999999 37.731815999999995, -122.42578200000001 37.73193, -122.42550000000001 37.732053, -122.42519899999999 37.73212899999999, -122.425047 37.73212999999999, -122.42427800000002 37.732133999999995, -122.42376899999998 37.73216300000001, -122.42348600000001 37.732261, -122.423195 37.732223, -122.42259799999998 37.732308, -122.421964 37.732433, -122.42181999999998 37.732588, -122.42174100000001 37.732743, -122.421779 37.732884999999996, -122.421849 37.732986, -122.422027 37.73314, -122.42226300000002 37.73347599999999, -122.422337 37.733668, -122.42237800000001 37.73384300000001, -122.422514 37.73404899999998, -122.422641 37.734182, -122.42287600000002 37.73436999999999, -122.422737 37.73449, -122.422547 37.73462, -122.42228399999999 37.73478, -122.42220499999999 37.734856999999984, -122.42214700000001 37.734963, -122.422121 37.73515299999998, -122.42186099999999 37.735139999999994, -122.42022399999999 37.735057999999995, -122.420163 37.735777, -122.41676000000001 37.735605, -122.416824 37.734888, -122.416172 37.73485599999999, -122.415554 37.73482499999998, -122.41493499999999 37.734794, -122.41431299999999 37.734763, -122.413689 37.734732, -122.41306900000002 37.734701000000015, -122.412826 37.73468799999999, -122.412447 37.73467, -122.41182599999999 37.734638, -122.411166 37.735071999999995, -122.41083000000002 37.734733, -122.41051299999998 37.734592, -122.41034400000001 37.734621000000004, -122.409865 37.73490399999999, -122.40979800000001 37.73482799999999, -122.40995 37.734715, -122.41147299999999 37.733785999999995, -122.41208499999999 37.733457000000016, -122.413437 37.732836999999996, -122.41378399999999 37.732671999999994, -122.41438800000002 37.73241699999997, -122.41511499999999 37.73223, -122.415459 37.732164000000004, -122.415939 37.732071999999995))",63667.0,0.0,2013,075,S,060750254032013,+37.7329297,-122.4216459,G5040,Block 2013,06,025403,,
60750254023,"POLYGON ((-122.411166 37.735071999999995, -122.41182599999999 37.734638, -122.412447 37.73467, -122.412345 37.73582199999999, -122.41223899999999 37.73700000000001, -122.412125 37.73824400000001, -122.41199200000001 37.739709999999995, -122.411748 37.739853999999994, -122.41137000000002 37.739830999999995, -122.410733 37.739792, -122.41050699999998 37.739779, -122.41011499999999 37.739755, -122.41019100000001 37.73892300000002, -122.410264 37.738122999999995, -122.41037700000001 37.736894, -122.409762 37.73685799999999, -122.409138 37.73682299999999, -122.40899300000001 37.736827999999996, -122.40885399999999 37.736830999999995, -122.40879 37.73699700000001, -122.40868400000001 37.73723400000001, -122.408465 37.737489, -122.40821700000002 37.737612, -122.40821599999998 37.737582, -122.408211 37.7374, -122.408245 37.73706299999999, -122.408337 37.736678, -122.40835799999999 37.736616999999995, -122.40846799999998 37.73634199999998, -122.40848800000002 37.73629099999999, -122.40858200000001 37.73612499999999, -122.408655 37.735998, -122.408779 37.73581699999999, -122.40881 37.73577299999999, -122.408836 37.735745000000016, -122.40892300000002 37.73564999999998, -122.40899300000001 37.735575, -122.40908599999999 37.735449, -122.409141 37.735375000000005, -122.409505 37.735043999999995, -122.40979800000001 37.73482799999999, -122.409865 37.73490399999999, -122.41034400000001 37.734621000000004, -122.41051299999998 37.734592, -122.41083000000002 37.734733, -122.411166 37.735071999999995))",7021.0,0.0,3019,075,S,060750254023019,+37.7352291,-122.4120857,G5040,Block 3019,06,025402,,
60750254022,"POLYGON ((-122.41431299999999 37.734763, -122.41421 37.735929, -122.41410300000001 37.737105, -122.413991 37.73834899999998, -122.41393799999999 37.73892999999999, -122.41331199999999 37.738982, -122.413186 37.738998, -122.412657 37.73931100000001, -122.41199200000001 37.739709999999995, -122.412125 37.73824400000001, -122.41223899999999 37.73700000000001, -122.412345 37.73582199999999, -122.412447 37.73467, -122.412826 37.73468799999999, -122.41306900000002 37.734701000000015, -122.413689 37.734732, -122.41431299999999 37.734763))",7659.0,0.0,2000,075,S,060750254022000,+37.7388922,-122.4123614,G5040,Block 2000,06,025402,,
60750254021,"POLYGON ((-122.415554 37.73482499999998, -122.416172 37.73485599999999, -122.416824 37.734888, -122.41676000000001 37.735605, -122.41671799999999 37.73607399999999, -122.416696 37.73631699999999, -122.41663100000001 37.737036999999994, -122.41661300000001 37.737247999999994, -122.415955 37.737210999999995, -122.41584100000001 37.738451999999995, -122.415801 37.73894900000001, -122.41589899999998 37.73900199999999, -122.41518400000001 37.73893299999999, -122.414666 37.738883, -122.41455900000001 37.738881, -122.41393799999999 37.73892999999999, -122.413991 37.73834899999998, -122.41410300000001 37.737105, -122.41421 37.735929, -122.41431299999999 37.734763, -122.41493499999999 37.734794, -122.415554 37.73482499999998))",7121.0,0.0,1007,075,S,060750254021007,+37.7365704,-122.4150840,G5040,Block 1007,06,025402,,
60750251003,"POLYGON ((-122.40755400000002 37.737837, -122.407658 37.737812999999996, -122.407685 37.73780599999999, -122.40778900000001 37.737777, -122.407851 37.73775500000001, -122.40798699999999 37.737705999999996, -122.40812500000001 37.737657, -122.40821700000002 37.737612, -122.408465 37.737489, -122.40868400000001 37.73723400000001, -122.40879 37.73699700000001, -122.40885399999999 37.736830999999995, -122.40899300000001 37.736827999999996, -122.409138 37.73682299999999, -122.409762 37.73685799999999, -122.41037700000001 37.736894, -122.410264 37.738122999999995, -122.41019100000001 37.73892300000002, -122.41011499999999 37.739755, -122.41050699999998 37.739779, -122.41036500000001 37.74136199999999, -122.410099 37.741347999999974, -122.40950000000001 37.741316, -122.40874900000001 37.74127699999999, -122.40838999999998 37.741257999999995, -122.408195 37.741869, -122.408157 37.742356, -122.40809899999998 37.74318699999999, -122.408001 37.74328299999999, -122.40749499999998 37.743303999999995, -122.407265 37.743882000000006, -122.407076 37.744358999999996, -122.406896 37.74481199999999, -122.40577 37.744527999999995, -122.405574 37.74502899999997, -122.40541400000001 37.74543800000001, -122.405214 37.746474000000006, -122.40517 37.746528999999995, -122.40502599999999 37.747344999999996, -122.40499299999999 37.74753, -122.404992 37.7476, -122.404896 37.748152999999995, -122.404937 37.74822299999999, -122.40505699999999 37.748247000000006, -122.405899 37.74795799999999, -122.40597599999998 37.747896, -122.406275 37.747859, -122.406758 37.74876599999999, -122.406728 37.74881899999999, -122.406499 37.74888500000001, -122.40631199999999 37.748939, -122.405682 37.74904399999998, -122.40550100000002 37.749081, -122.405239 37.749125, -122.405092 37.749154, -122.405025 37.749178, -122.404887 37.74921299999999, -122.404808 37.749235, -122.40481000000001 37.749210000000005, -122.40477700000001 37.749217, -122.40430599999999 37.74931900000001, -122.403784 37.749432999999996, -122.403593 37.74947200000002, -122.403569 37.749475, -122.403613 37.749337, -122.40378100000001 37.748801, -122.40389700000001 37.748428999999994, -122.40373600000001 37.74838499999999, -122.403618 37.748121, -122.40356100000001 37.747761999999994, -122.403662 37.747412000000004, -122.40371199999998 37.747201999999994, -122.40392400000002 37.746594, -122.404064 37.74625299999999, -122.404169 37.74610999999999, -122.40429000000002 37.74596099999998, -122.40431500000001 37.745929999999994, -122.404257 37.745664999999995, -122.40422799999999 37.745568, -122.404203 37.74548399999999, -122.404185 37.74523699999997, -122.404527 37.74429800000001, -122.40459 37.74412600000001, -122.404896 37.743691999999996, -122.405214 37.743247, -122.40524200000002 37.743051, -122.40540499999999 37.74298499999999, -122.40574400000001 37.742520999999996, -122.405838 37.742391999999974, -122.406533 37.741439, -122.406914 37.740762999999994, -122.40700500000001 37.74024199999999, -122.407052 37.739706, -122.406979 37.739566, -122.406911 37.73943, -122.40692700000001 37.739233999999996, -122.40692899999999 37.739206999999986, -122.406937 37.73908799999999, -122.40694500000001 37.738693999999974, -122.40691599999998 37.738456, -122.406868 37.738144, -122.406911 37.737966, -122.40710300000002 37.737966000000014, -122.40755400000002 37.737837))",1909.0,0.0,3012,075,S,060750251003012,+37.7484570,-122.4044613,G5040,Block 3012,06,025100,,
60750252003,"POLYGON ((-122.413186 37.738998, -122.41331199999999 37.738982, -122.41393799999999 37.73892999999999, -122.41455900000001 37.738881, -122.414666 37.738883, -122.41518400000001 37.73893299999999, -122.415278 37.738991, -122.415169 37.740376999999974, -122.415074 37.74158, -122.415014 37.742181999999985, -122.41476600000001 37.742321999999994, -122.414498 37.74243899999999, -122.414372 37.74245700000001, -122.414273 37.74246999999999, -122.41374200000001 37.742394999999995, -122.413135 37.742309, -122.41267099999999 37.74224399999999, -122.412583 37.74224299999998, -122.412517 37.74224299999998, -122.41194700000001 37.742332, -122.41167999999999 37.74237299999999, -122.411426 37.742391, -122.411264 37.742398, -122.41066200000002 37.74242399999999, -122.410669 37.74219199999999, -122.41069800000001 37.741822, -122.410718 37.74156000000001, -122.41073199999998 37.741381, -122.41036500000001 37.74136199999999, -122.41050699999998 37.739779, -122.410733 37.739792, -122.41137000000002 37.739830999999995, -122.411748 37.739853999999994, -122.41199200000001 37.739709999999995, -122.412657 37.73931100000001, -122.413186 37.738998))",8842.0,0.0,3017,075,S,060750252003017,+37.7396374,-122.4149127,G5040,Block 3017,06,025200,,
60759809001,"POLYGON ((-122.40692899999999 37.739206999999986, -122.40692700000001 37.739233999999996, -122.406911 37.73943, -122.406979 37.739566, -122.407052 37.739706, -122.40700500000001 37.74024199999999, -122.406914 37.740762999999994, -122.406533 37.741439, -122.405838 37.742391999999974, -122.40574400000001 37.742520999999996, -122.40540499999999 37.74298499999999, -122.40524200000002 37.743051, -122.405214 37.743247, -122.404896 37.743691999999996, -122.40459 37.74412600000001, -122.404527 37.74429800000001, -122.404185 37.74523699999997, -122.404203 37.74548399999999, -122.40422799999999 37.745568, -122.404257 37.745664999999995, -122.40431500000001 37.745929999999994, -122.40429000000002 37.74596099999998, -122.404169 37.74610999999999, -122.404064 37.74625299999999, -122.40392400000002 37.746594, -122.40371199999998 37.747201999999994, -122.403662 37.747412000000004, -122.40356100000001 37.747761999999994, -122.403618 37.748121, -122.40373600000001 37.74838499999999, -122.40389700000001 37.748428999999994, -122.40378100000001 37.748801, -122.403613 37.749337, -122.403569 37.749475, -122.40326100000001 37.74952999999999, -122.40320299999999 37.74953400000001, -122.403055 37.749544, -122.402969 37.749549999999985, -122.402866 37.749477999999996, -122.40284999999999 37.749652999999995, -122.402801 37.75020099999999, -122.40278400000001 37.75038599999999, -122.402725 37.750496999999996, -122.402605 37.750558, -122.402184 37.750581, -122.40123200000001 37.75063199999999, -122.40047200000001 37.750673, -122.40021699999998 37.750752999999996, -122.399845 37.750883, -122.39941400000002 37.750989999999994, -122.398341 37.751055, -122.396408 37.75117900000001, -122.396513 37.752311, -122.395548 37.752369000000016, -122.39458700000002 37.75242699999998, -122.393619 37.752485, -122.39318499999999 37.752511999999996, -122.392639 37.75254499999999, -122.391656 37.752604, -122.391616 37.752606, -122.39153000000002 37.752612000000006, -122.391231 37.752629999999996, -122.390683 37.752663, -122.38973 37.752720999999994, -122.388753 37.752778, -122.387756 37.752835999999995, -122.38681199999998 37.75289000000001, -122.385846 37.752945999999994, -122.38488000000001 37.753001999999995, -122.383914 37.75305799999998, -122.38295099999999 37.75311399999998, -122.38198500000001 37.75317, -122.381711 37.75318599999999, -122.380985 37.75322799999999, -122.380014 37.753358, -122.380096 37.75328, -122.380198 37.753104, -122.38027374380168 37.75294687190083, -122.38029200000001 37.75290900000001, -122.380003 37.752922, -122.37993200000001 37.752908999999995, -122.37988 37.752886, -122.379855 37.752857999999996, -122.379852 37.752824999999994, -122.379866 37.752798, -122.379897 37.75278299999998, -122.379999 37.752747, -122.380021 37.752723, -122.38002500000002 37.752694, -122.38000699999999 37.752458, -122.37996 37.752030000000005, -122.376087 37.752249, -122.37577099999999 37.748707, -122.37881866666666 37.74851966666667, -122.38491399999998 37.74814499999999, -122.38492100000002 37.74818499999999, -122.38492099999999 37.74818499999999, -122.38465100000002 37.74820199999999, -122.38466455045871 37.748300724770644, -122.384665 37.748304000000005, -122.38470450000001 37.7483035, -122.384744 37.74830299999999, -122.384782 37.748295, -122.38481999999999 37.748287000000005, -122.38488200000002 37.748259999999995, -122.38493400000002 37.748230999999976, -122.38497933333333 37.748218333333305, -122.385002 37.748212, -122.38501900000001 37.748203499999995, -122.38503600000001 37.748194999999996, -122.385047 37.74818050000001, -122.385058 37.748166000000005, -122.38506900000002 37.74813600000001, -122.38509399999998 37.74811600000001, -122.38512899999999 37.748108, -122.38514599999999 37.748111, -122.385163 37.74811399999999, -122.38518400000001 37.74812799999997, -122.385226 37.748156000000016, -122.38525733333334 37.74816266666665, -122.38527300000001 37.74816599999999, -122.38528600000001 37.74816549999997, -122.385299 37.74816500000001, -122.38540300000001 37.748118999999996, -122.38547200000001 37.748108, -122.385539 37.748111, -122.38582000000001 37.74814700000001, -122.385848 37.748141, -122.38586199999999 37.74813799999999, -122.38589200000001 37.74811699999999, -122.385909 37.748079, -122.38593 37.748067, -122.385953 37.748066, -122.385998 37.74808600000001, -122.38604800000002 37.748093, -122.386104 37.748085, -122.386148 37.748069, -122.386185 37.748038, -122.38620399999999 37.74800400000001, -122.38620799999998 37.74798199999999, -122.386212 37.74795999999999, -122.386236 37.74792699999998, -122.386244 37.747873999999996, -122.38626499999998 37.747798, -122.38628500000002 37.74778, -122.38631500000001 37.74775700000001, -122.386372 37.747766, -122.386412 37.74778700000001, -122.38649666666669 37.74778033333333, -122.386539 37.74777699999999, -122.38681100000001 37.74774899999999, -122.386913 37.74772699999999, -122.38700600000001 37.747717, -122.38705100000001 37.747682999999995, -122.387112 37.747625, -122.387154 37.747604999999986, -122.387253 37.747595999999994, -122.38732999999999 37.747541999999996, -122.38739099999998 37.74753199999999, -122.39021600000001 37.747504, -122.390264 37.74752099999999, -122.39122250000001 37.747925499999994, -122.392181 37.74833, -122.392331 37.74838, -122.392481 37.74842999999999, -122.392781 37.74763, -122.39228100000001 37.74752999999999, -122.390481 37.747029999999995, -122.39012800000002 37.74705099999999, -122.38892200000001 37.747125999999994, -122.387363 37.74722899999999, -122.387319 37.74722599999998, -122.38729899999997 37.74718999999999, -122.38728899999998 37.747172000000006, -122.38721000000001 37.747172, -122.386888 37.747174, -122.38623400000002 37.74720999999999, -122.376583 37.74774499999999, -122.376529 37.747645999999996, -122.37644000000002 37.747478, -122.376148 37.74716399999999, -122.37591200000001 37.747139000000004, -122.37563599999999 37.74708099999999, -122.37539600000001 37.746979, -122.37517800000002 37.746855, -122.374931 37.74665199999999, -122.374829 37.746543, -122.374815 37.746434, -122.374815 37.74631800000001, -122.37489499999998 37.74607799999998, -122.374943 37.74586599999999, -122.374955 37.74582899999999, -122.37495 37.745791, -122.374925 37.745753, -122.374144 37.744984, -122.37411699999998 37.744975, -122.37611299999999 37.74147699999998, -122.376847 37.740192, -122.37742 37.739557, -122.37772199999999 37.739220999999986, -122.37910999999998 37.73768, -122.37916899999999 37.737766, -122.38011 37.738308, -122.380366 37.738530999999995, -122.38079699999999 37.738776, -122.38094300000002 37.738763999999996, -122.381558 37.738123, -122.38341 37.739177, -122.38528200000002 37.74024, -122.387143 37.74129699999999, -122.38655500000002 37.74194999999999, -122.386603 37.74206799999999, -122.38770500000001 37.742697, -122.387926 37.742703, -122.38801 37.742644999999996, -122.388235 37.741977000000006, -122.3882 37.741889, -122.388301 37.741814, -122.38850499999998 37.741235, -122.388476 37.741107999999976, -122.388577 37.741032999999995, -122.388784 37.74044400000002, -122.388755 37.740317000000005, -122.38885499999999 37.740243, -122.38896100000001 37.73993999999999, -122.38905999999999 37.73966000000002, -122.389031 37.739532999999994, -122.389132 37.739459, -122.38934 37.738869, -122.38931 37.738741999999995, -122.391268 37.739853, -122.39183100000001 37.739228, -122.39192100000001 37.739127999999994, -122.392393 37.738603, -122.39296500000002 37.737961, -122.39352400000001 37.737351, -122.394093 37.736729, -122.39511900000001 37.737314, -122.395945 37.73778399999999, -122.39780999999999 37.73884700000001, -122.39964499999999 37.73988, -122.39968499999999 37.739902, -122.399705 37.739920000000005, -122.399752 37.73990799999999, -122.400086 37.739942, -122.40077500000001 37.739742, -122.40089899999998 37.739658999999996, -122.401064 37.739658000000006, -122.40207100000002 37.73938100000001, -122.40318599999999 37.73907399999999, -122.403289 37.739044, -122.40413699999999 37.738797000000005, -122.40425800000001 37.738713, -122.40439900000001 37.738732, -122.404975 37.73857099999998, -122.405028 37.738498, -122.40514000000002 37.738526, -122.40524900000001 37.738495, -122.40555100000002 37.738406999999995, -122.405647 37.738321, -122.405814 37.738338, -122.40676200000001 37.73807699999999, -122.406911 37.737966, -122.406868 37.738144, -122.40691599999998 37.738456, -122.40694500000001 37.738693999999974, -122.406937 37.73908799999999, -122.40692899999999 37.739206999999986))",16877.0,0.0,1016,075,S,060759809001016,+37.7511721,-122.3928439,G5040,Block 1016,06,980900,,
60750251002,"POLYGON ((-122.41073199999998 37.741381, -122.410718 37.74156000000001, -122.41069800000001 37.741822, -122.410669 37.74219199999999, -122.41066200000002 37.74242399999999, -122.410612 37.742426, -122.41043099999999 37.74245799999999, -122.410234 37.74254600000001, -122.409989 37.74277199999999, -122.40996799999999 37.74305, -122.409625 37.743071, -122.40948500000002 37.743031, -122.409378 37.74292299999999, -122.40936100000002 37.743263, -122.40946699999999 37.743255000000005, -122.409745 37.743289999999995, -122.40985700000002 37.743337999999994, -122.40999099999998 37.743442, -122.41022300000002 37.743621999999995, -122.41033800000001 37.743749, -122.41038900000001 37.74432499999999, -122.41044099999998 37.744917999999984, -122.40887200000002 37.74501599999999, -122.408919 37.74507200000001, -122.408973 37.745665, -122.408826 37.745601, -122.40782800000001 37.746035, -122.40752799999999 37.745598, -122.407475 37.745521, -122.407367 37.745476, -122.40679200000001 37.74533299999998, -122.40673699999999 37.74533299999999, -122.40670499999999 37.745292, -122.40682599999998 37.744989000000004, -122.406896 37.74481199999999, -122.407076 37.744358999999996, -122.407265 37.743882000000006, -122.40749499999998 37.743303999999995, -122.408001 37.74328299999999, -122.40809899999998 37.74318699999999, -122.408157 37.742356, -122.408195 37.741869, -122.40838999999998 37.741257999999995, -122.40874900000001 37.74127699999999, -122.40950000000001 37.741316, -122.410099 37.741347999999974, -122.41036500000001 37.74136199999999, -122.41073199999998 37.741381))",4465.0,0.0,2012,075,S,060750251002012,+37.7415432,-122.4099961,G5040,Block 2012,06,025100,,
60750231031,"POLYGON ((-122.37954700000002 37.734041, -122.37982699999999 37.73373499999999, -122.379925 37.733584, -122.37993200000001 37.73338100000002, -122.380111 37.733398, -122.3802 37.73343199999999, -122.38128399999998 37.734033999999994, -122.38143999999998 37.73388899999999, -122.381476 37.733714, -122.38129500000001 37.733463, -122.381018 37.73323699999998, -122.38066 37.73298399999998, -122.380186 37.732659999999996, -122.38013300000001 37.73255400000001, -122.38018499999998 37.732422000000014, -122.380327 37.732425, -122.38062299999999 37.732508, -122.38098200000002 37.732645, -122.38131299999999 37.732811999999996, -122.381852 37.73318799999999, -122.38203 37.733373, -122.382279 37.733632, -122.38236000000002 37.73371499999998, -122.38291900000002 37.734511, -122.38293400000002 37.734543, -122.382962 37.73460300000001, -122.383134 37.734977, -122.38323400000002 37.735211, -122.38338400000002 37.735647, -122.383425 37.735803000000004, -122.38357600000002 37.73637, -122.383638 37.73660500000001, -122.383693 37.736812999999984, -122.383842 37.73722, -122.384047 37.737514, -122.383732 37.73758999999999, -122.38339400000001 37.737551999999994, -122.382872 37.737278, -122.38212100000001 37.737097, -122.38197300000002 37.737083, -122.38180800000002 37.737140999999994, -122.381725 37.73725399999997, -122.38173699999999 37.737370999999996, -122.38176700000001 37.737466, -122.38180000000001 37.737567999999996, -122.381807 37.737731999999994, -122.381795 37.73777, -122.38174299999999 37.737927, -122.381558 37.738123, -122.38094300000002 37.738763999999996, -122.38079699999999 37.738776, -122.380366 37.738530999999995, -122.38011 37.738308, -122.37916899999999 37.737766, -122.37910999999998 37.73768, -122.37772199999999 37.739220999999986, -122.37742 37.739557, -122.376847 37.740192, -122.37611299999999 37.74147699999998, -122.37411699999998 37.744975, -122.374087 37.74495999999999, -122.374024 37.744949, -122.37396099999998 37.74495599999999, -122.373907 37.744977999999996, -122.37386400000001 37.74501299999999, -122.37384300000001 37.745046999999985, -122.37384300000001 37.745046999999985, -122.37384850000001 37.7450665, -122.373854 37.74508600000001, -122.373431 37.74533299999999, -122.37335700000001 37.74537199999999, -122.37327500000002 37.7454, -122.37317099999999 37.745415, -122.373073 37.745412999999985, -122.372986 37.74539699999998, -122.37297099999999 37.745392, -122.372956 37.74538700000001, -122.372762 37.74550500000001, -122.369079 37.741644, -122.36763099999999 37.74013399999999, -122.36771 37.74008733333332, -122.36786800000002 37.73999400000001, -122.36814666666668 37.739982, -122.36828599999998 37.739975999999984, -122.36828599999998 37.739975999999984, -122.36828199999997 37.73992666666666, -122.36827399999999 37.73982800000001, -122.37121900000001 37.739666, -122.371235 37.739664999999995, -122.371253 37.739664, -122.37125899999998 37.73973999999999, -122.37126400000001 37.739793, -122.37340800000001 37.739658999999996, -122.37342299999999 37.73963499999999, -122.37345300000001 37.73961899999998, -122.37360699999998 37.73959299999999, -122.374004 37.73952999999999, -122.37401200000001 37.73949899999999, -122.374004 37.739467000000005, -122.37396000000001 37.739419999999996, -122.373899 37.739354, -122.373811 37.739228, -122.373748 37.73909400000001, -122.37369200000002 37.738957, -122.37363300000001 37.738854, -122.373547 37.73874100000001, -122.373488 37.738682, -122.37342899999999 37.73862299999999, -122.373309 37.738532, -122.37325812749005 37.73850093625497, -122.37319600000001 37.73846299999998, -122.37307400000002 37.738404, -122.37292400000001 37.738347999999995, -122.372766 37.73830799999999, -122.37260300000001 37.73828199999999, -122.37243700000002 37.738273, -122.37243699999999 37.738273, -122.37234199999999 37.738275, -122.371418 37.73819799999998, -122.371204 37.738177, -122.370983 37.738171, -122.37076200000001 37.73818099999999, -122.370586 37.738199, -122.370542 37.73815299999999, -122.370404 37.73820299999999, -122.370161 37.738205, -122.369839 37.738224999999986, -122.36959800000001 37.738251, -122.36947500000001 37.73826899999999, -122.36934200000002 37.738275, -122.369209 37.738267999999984, -122.369152 37.738260999999994, -122.369067 37.73826199999996, -122.36899400000001 37.73825099999999, -122.36874400000002 37.738246, -122.36874399999999 37.738246, -122.368412 37.738254, -122.36807999999999 37.73828200000001, -122.367519 37.73834400000001, -122.3675085 37.73834050000001, -122.367498 37.73833699999998, -122.36746000000001 37.738325999999994, -122.367422 37.7383, -122.36739900000002 37.738264, -122.36739399999999 37.738224, -122.36740399999998 37.73819400000003, -122.36743950000002 37.7381665, -122.36747500000001 37.73813899999999, -122.367554 37.738099999999996, -122.36764900000001 37.738074, -122.367921 37.738023, -122.368154 37.737989999999996, -122.36838900000001 37.737967, -122.368446 37.737957, -122.368494 37.73796, -122.368624 37.737941, -122.36875000000002 37.737908000000004, -122.3688025 37.737888, -122.368855 37.73786799999999, -122.368953 37.737817, -122.36898100000002 37.73778699999999, -122.3690009875 37.737776750000016, -122.36902000000002 37.73776699999999, -122.36907200000002 37.73776, -122.369113 37.737767, -122.36927900000002 37.737757, -122.36948 37.737726, -122.369536 37.737711999999995, -122.369648 37.73768399999998, -122.369809 37.737629, -122.369873 37.7376, -122.369936 37.737569, -122.370001 37.737552, -122.370176 37.73752499999998, -122.37030699999998 37.73749000000001, -122.370431 37.737441999999994, -122.370517 37.737396999999994, -122.37053300000002 37.737385, -122.37054900000001 37.737373000000005, -122.37059 37.737364, -122.37059602000001 37.737364979999995, -122.37063300000001 37.73737100000001, -122.37067766666668 37.737375666666665, -122.37069999999999 37.73737799999999, -122.37072233333333 37.737375666666665, -122.370767 37.73737100000001, -122.37082899999999 37.737349, -122.370884 37.73731200000001, -122.3709245 37.737266, -122.370965 37.73721999999998, -122.371038 37.737161999999984, -122.37112300000001 37.73711499999999, -122.371217 37.737080999999996, -122.37129700000001 37.737063, -122.37134800000001 37.737056, -122.37136450000001 37.737067999999994, -122.37138100000001 37.73707999999999, -122.37137866666667 37.737072999999995, -122.371374 37.73705900000001, -122.371494 37.737078000000004, -122.371616 37.73708, -122.371737 37.737064999999994, -122.37185800000002 37.737037, -122.37192800000001 37.737034, -122.371996 37.73704300000001, -122.37205000000002 37.737076, -122.3721 37.737123, -122.37212899999999 37.737163, -122.37222200000001 37.737149, -122.37228800000001 37.737126, -122.37229400000001 37.73711649999999, -122.37230000000001 37.737106999999995, -122.372299 37.737089, -122.372509 37.737062, -122.372737 37.73704699999999, -122.372923 37.737043, -122.37306000000001 37.737051, -122.373196 37.737069999999996, -122.373328 37.737101, -122.373456 37.737142, -122.37353700000001 37.737176, -122.37395 37.73751, -122.37395000000546 37.737510000004036, -122.374322 37.737787000000004, -122.37432799999999 37.737790000000004, -122.374328 37.737790000000004, -122.374379 37.737812, -122.37444300000001 37.737823000000006, -122.37452700000001 37.73782, -122.374782 37.737941, -122.375 37.73805300000001, -122.37514000000002 37.738147999999995, -122.37529900000001 37.738239, -122.375433 37.73830399999999, -122.37560899999998 37.73837399999999, -122.37579099999999 37.738431999999996, -122.375979 37.738476999999996, -122.37608399999998 37.738475, -122.37618200000001 37.738456, -122.37627200000001 37.738420999999995, -122.376352 37.738372000000005, -122.376417 37.73831000000001, -122.37645800000001 37.738251999999996, -122.376018 37.73799100000002, -122.375869 37.738003, -122.37570400000001 37.73800099999998, -122.37556300000001 37.73798699999999, -122.37544600000001 37.73796099999999, -122.375342 37.73792499999998, -122.375233 37.737869999999994, -122.37513700000001 37.737803, -122.375055 37.73772400000002, -122.37499600000001 37.737647, -122.37495100000001 37.737562999999994, -122.374916 37.73745300000001, -122.37490199999999 37.73740200000001, -122.374883 37.73729499999999, -122.374884 37.73719899999999, -122.374905 37.737092, -122.37494199999999 37.737, -122.374994 37.736914, -122.375052 37.736843000000015, -122.37502900000001 37.73679800000001, -122.375028 37.736746999999994, -122.375051 37.736698, -122.37512199999999 37.736630000000005, -122.37515200000001 37.736575999999985, -122.375168 37.736504, -122.37516499999998 37.736414999999994, -122.37522 37.73629899999999, -122.375237 37.736225, -122.375493 37.73605399999999, -122.375565 37.735997999999995, -122.375665 37.73588399999999, -122.37573700000002 37.73582899999999, -122.375831 37.735819, -122.375902 37.73583799999999, -122.37594800000001 37.73584299999999, -122.375966 37.73581599999999, -122.375965 37.735772999999995, -122.37590500000002 37.73565299999999, -122.37588099999999 37.73562899999999, -122.37591 37.735561000000004, -122.375898 37.735531, -122.37585499999999 37.73552, -122.37582800000001 37.735493, -122.375877 37.735471, -122.37585 37.73545300000001, -122.375902 37.735416, -122.375928 37.735384999999994, -122.37598999999999 37.735241, -122.376 37.73518600000002, -122.37591700000002 37.73508700000001, -122.375874 37.735048000000006, -122.37583300000001 37.73508800000001, -122.37578300000001 37.73509899999999, -122.375934 37.73493199999998, -122.376103 37.73474499999998, -122.37615199999999 37.73453699999997, -122.37649 37.734303000000004, -122.376844 37.734504, -122.376873 37.734396999999994, -122.37697400000002 37.733616, -122.37723000000001 37.733533, -122.37764899999999 37.73307000000002, -122.378354 37.73347, -122.37943100000001 37.73408200000001, -122.37954700000002 37.734041))",146637.0,0.0,1006,075,S,060750231031006,+37.7357330,-122.3814300,G5040,Block 1006,06,023103,,
60750252004,"POLYGON ((-122.417139 37.73912099999999, -122.417779 37.739184, -122.41846100000001 37.739249, -122.418584 37.73929699999999, -122.41777 37.740564, -122.418347 37.740789, -122.41883400000002 37.740983, -122.418752 37.74118, -122.418494 37.741592, -122.418418 37.741662999999996, -122.41798800000001 37.742351, -122.417929 37.74248700000001, -122.41763600000002 37.74293500000001, -122.417569 37.74301099999999, -122.417422 37.74322300000001, -122.416103 37.74525299999999, -122.416032 37.745239999999974, -122.415693 37.745102999999986, -122.415476 37.745016000000014, -122.415314 37.744978999999994, -122.415149 37.74499, -122.41492099999999 37.74504499999999, -122.414847 37.744275, -122.414822 37.744056, -122.41537099999998 37.74420599999999, -122.41559800000002 37.744213, -122.41578100000001 37.744101, -122.415921 37.74384499999999, -122.416134 37.743673, -122.416179 37.743649, -122.416506 37.743476, -122.41663 37.743316, -122.41662700000002 37.743013, -122.416681 37.742931, -122.416776 37.742785000000005, -122.41702 37.742608999999995, -122.41705999999999 37.74243199999999, -122.416957 37.74222599999999, -122.41682899999999 37.74210699999998, -122.41677500000002 37.742056999999996, -122.416413 37.74200699999999, -122.416301 37.742017, -122.41626500000001 37.742026, -122.415869 37.742124, -122.415651 37.742132999999995, -122.41522300000001 37.742157, -122.415014 37.742181999999985, -122.415074 37.74158, -122.415169 37.740376999999974, -122.415278 37.738991, -122.41518400000001 37.73893299999999, -122.41589899999998 37.73900199999999, -122.41652 37.739062000000004, -122.417139 37.73912099999999))",7322.0,0.0,4006,075,S,060750252004006,+37.7410519,-122.4166667,G5040,Block 4006,06,025200,,
60750252002,"POLYGON ((-122.414847 37.744275, -122.41492099999999 37.74504499999999, -122.415149 37.74499, -122.415314 37.744978999999994, -122.415476 37.745016000000014, -122.415693 37.745102999999986, -122.416032 37.745239999999974, -122.416103 37.74525299999999, -122.416559 37.745439, -122.41723999999999 37.745718, -122.41764 37.74588199999999, -122.41782300000001 37.745957, -122.416004 37.74665400000001, -122.415914 37.746643999999996, -122.415065 37.74654700000001, -122.41495900000001 37.746581, -122.414958 37.746728, -122.414333 37.746766, -122.413662 37.746808, -122.41353200000002 37.746766, -122.41254700000002 37.746825, -122.41161 37.746880999999995, -122.410619 37.746941, -122.41056499999999 37.74632299999999, -122.410498 37.745571, -122.41047399999998 37.745298, -122.41044099999998 37.744917999999984, -122.41038900000001 37.74432499999999, -122.41033800000001 37.743749, -122.41022300000002 37.743621999999995, -122.40999099999998 37.743442, -122.40985700000002 37.743337999999994, -122.409745 37.743289999999995, -122.40946699999999 37.743255000000005, -122.40936100000002 37.743263, -122.409378 37.74292299999999, -122.40948500000002 37.743031, -122.409625 37.743071, -122.40996799999999 37.74305, -122.409989 37.74277199999999, -122.410234 37.74254600000001, -122.41043099999999 37.74245799999999, -122.410612 37.742426, -122.41066200000002 37.74242399999999, -122.411264 37.742398, -122.411426 37.742391, -122.41167999999999 37.74237299999999, -122.41194700000001 37.742332, -122.412517 37.74224299999998, -122.412583 37.74224299999998, -122.41267099999999 37.74224399999999, -122.413135 37.742309, -122.41374200000001 37.742394999999995, -122.414273 37.74246999999999, -122.414372 37.74245700000001, -122.414498 37.74243899999999, -122.41476600000001 37.742321999999994, -122.415014 37.742181999999985, -122.41522300000001 37.742157, -122.415651 37.742132999999995, -122.415869 37.742124, -122.41626500000001 37.742026, -122.416301 37.742017, -122.416413 37.74200699999999, -122.41677500000002 37.742056999999996, -122.41682899999999 37.74210699999998, -122.416957 37.74222599999999, -122.41705999999999 37.74243199999999, -122.41702 37.742608999999995, -122.416776 37.742785000000005, -122.416681 37.742931, -122.41662700000002 37.743013, -122.41663 37.743316, -122.416506 37.743476, -122.416179 37.743649, -122.416134 37.743673, -122.415921 37.74384499999999, -122.41578100000001 37.744101, -122.41559800000002 37.744213, -122.41537099999998 37.74420599999999, -122.414822 37.744056, -122.414847 37.744275))",12141.0,0.0,2004,075,S,060750252002004,+37.7458957,-122.4146215,G5040,Block 2004,06,025200,,
60750251001,"POLYGON ((-122.41056499999999 37.74632299999999, -122.410619 37.746941, -122.410589 37.747136999999995, -122.410495 37.747353999999994, -122.41046100000001 37.747429999999994, -122.410546 37.74831700000002, -122.41044900000001 37.74836499999999, -122.40974900000002 37.74838, -122.409646 37.748334, -122.409547 37.74838499999999, -122.40885399999999 37.748397, -122.408706 37.748353, -122.408604 37.748402, -122.40807 37.748398000000016, -122.40788199999999 37.74840499999999, -122.40777399999999 37.748475, -122.40715200000001 37.74868499999998, -122.406892 37.748772, -122.406758 37.74876599999999, -122.406275 37.747859, -122.40597599999998 37.747896, -122.405899 37.74795799999999, -122.40505699999999 37.748247000000006, -122.404937 37.74822299999999, -122.404896 37.748152999999995, -122.404992 37.7476, -122.40499299999999 37.74753, -122.40502599999999 37.747344999999996, -122.40517 37.746528999999995, -122.405214 37.746474000000006, -122.40541400000001 37.74543800000001, -122.405574 37.74502899999997, -122.40577 37.744527999999995, -122.406896 37.74481199999999, -122.40682599999998 37.744989000000004, -122.40670499999999 37.745292, -122.40673699999999 37.74533299999999, -122.40679200000001 37.74533299999998, -122.407367 37.745476, -122.407475 37.745521, -122.40752799999999 37.745598, -122.40782800000001 37.746035, -122.408826 37.745601, -122.408973 37.745665, -122.408919 37.74507200000001, -122.40887200000002 37.74501599999999, -122.41044099999998 37.744917999999984, -122.41047399999998 37.745298, -122.410498 37.745571, -122.41056499999999 37.74632299999999))",755.0,0.0,1018,075,S,060750251001018,+37.7483244,-122.4100948,G5040,Block 1018,06,025100,,
60750253001,"POLYGON ((-122.41798800000001 37.742351, -122.418418 37.741662999999996, -122.418494 37.741592, -122.418752 37.74118, -122.41876200000002 37.741317000000016, -122.418692 37.741884, -122.418702 37.741961999999994, -122.418735 37.74201000000001, -122.418914 37.742085, -122.419491 37.74231799999999, -122.41980699999999 37.742444, -122.42038699999999 37.742678999999995, -122.41949199999999 37.74405999999999, -122.418785 37.74515099999999, -122.41840200000001 37.745735, -122.41815900000002 37.746078000000004, -122.41764 37.74588199999999, -122.41723999999999 37.745718, -122.416559 37.745439, -122.416103 37.74525299999999, -122.417422 37.74322300000001, -122.417569 37.74301099999999, -122.41763600000002 37.74293500000001, -122.417929 37.74248700000001, -122.41798800000001 37.742351))",9893.0,0.0,1006,075,S,060750253001006,+37.7432520,-122.4196495,G5040,Block 1006,06,025300,,
60750253004,"POLYGON ((-122.41949199999999 37.74405999999999, -122.42038699999999 37.742678999999995, -122.42148500000002 37.743123, -122.42089400000002 37.744037999999996, -122.421977 37.74397899999999, -122.42266900000001 37.743942000000004, -122.422706 37.74404, -122.422439 37.744758999999995, -122.422369 37.744958999999994, -122.422293 37.74518399999999, -122.42227600000001 37.745348, -122.422283 37.745481999999996, -122.42221800000002 37.74557899999999, -122.42191800000002 37.74582600000001, -122.42170400000002 37.746412000000014, -122.42140599999998 37.747231, -122.421328 37.74744199999999, -122.421385 37.748031999999995, -122.42139300000001 37.74812400000001, -122.42129900000002 37.748143, -122.42047 37.748160999999996, -122.42027900000001 37.748125000000016, -122.420139 37.74815700000002, -122.41917099999999 37.74817899999999, -122.41835700000001 37.748197999999995, -122.418221 37.74816599999999, -122.419121 37.74677500000001, -122.41828500000001 37.746693999999984, -122.41782300000001 37.745957, -122.41764 37.74588199999999, -122.41815900000002 37.746078000000004, -122.41840200000001 37.745735, -122.418785 37.74515099999999, -122.41949199999999 37.74405999999999))",2083.0,0.0,4010,075,S,060750253004010,+37.7447495,-122.4223894,G5040,Block 4010,06,025300,,
60750252001,"POLYGON ((-122.41828500000001 37.746693999999984, -122.419121 37.74677500000001, -122.418221 37.74816599999999, -122.418047 37.748210999999976, -122.41600900000002 37.74825099999998, -122.415863 37.74821199999998, -122.415728 37.748255, -122.415026 37.748267000000006, -122.414919 37.748231, -122.41482600000002 37.748273, -122.413818 37.748292, -122.413669 37.748255, -122.41353600000001 37.74830399999999, -122.412589 37.74832200000001, -122.41162800000002 37.748340999999996, -122.41148400000002 37.74829799999998, -122.411346 37.748344, -122.41065399999998 37.74836299999998, -122.410546 37.74831700000002, -122.41046100000001 37.747429999999994, -122.410495 37.747353999999994, -122.410589 37.747136999999995, -122.410619 37.746941, -122.41161 37.746880999999995, -122.41254700000002 37.746825, -122.41353200000002 37.746766, -122.413662 37.746808, -122.414333 37.746766, -122.414958 37.746728, -122.41495900000001 37.746581, -122.415065 37.74654700000001, -122.415914 37.746643999999996, -122.416004 37.74665400000001, -122.41782300000001 37.745957, -122.41828500000001 37.746693999999984))",771.0,0.0,1000,075,S,060750252001000,+37.7483052,-122.4110040,G5040,Block 1000,06,025200,,
60750229012,"POLYGON ((-122.41353600000001 37.74830399999999, -122.413669 37.748255, -122.41372499999999 37.74883999999999, -122.413771 37.749303999999974, -122.41392599999999 37.750903, -122.414086 37.752506, -122.41351700000001 37.752538, -122.41299500000001 37.752573, -122.41246399999999 37.752601, -122.4119 37.75262899999999, -122.41174600000001 37.751034, -122.41159300000001 37.749435999999996, -122.41154399999999 37.748932, -122.41148400000002 37.74829799999998, -122.41162800000002 37.748340999999996, -122.412589 37.74832200000001, -122.41353600000001 37.74830399999999))",5220.0,0.0,2007,075,S,060750229012007,+37.7491599,-122.4121079,G5040,Block 2007,06,022901,,
60750229013,"POLYGON ((-122.415955 37.74917199999999, -122.416108 37.750771, -122.415542 37.750804999999986, -122.415014 37.750837, -122.41449000000001 37.750869, -122.41392599999999 37.750903, -122.413771 37.749303999999974, -122.41372499999999 37.74883999999999, -122.413669 37.748255, -122.413818 37.748292, -122.41482600000002 37.748273, -122.414919 37.748231, -122.415026 37.748267000000006, -122.415728 37.748255, -122.415863 37.74821199999998, -122.415955 37.74917199999999))",8252.0,0.0,3001,075,S,060750229013001,+37.7500532,-122.4146752,G5040,Block 3001,06,022901,,
60750209003,"POLYGON ((-122.42035399999999 37.74890699999999, -122.42050700000001 37.750506, -122.41993400000001 37.75054000000001, -122.41940000000001 37.750572999999996, -122.41886099999999 37.75060499999999, -122.41828800000002 37.75063999999999, -122.41813499999999 37.749041, -122.41809399999998 37.748605000000005, -122.418097 37.74847800000001, -122.418221 37.74816599999999, -122.41835700000001 37.748197999999995, -122.41917099999999 37.74817899999999, -122.420139 37.74815700000002, -122.42027900000001 37.748125000000016, -122.42035399999999 37.74890699999999))",8402.0,0.0,3002,075,S,060750209003002,+37.7497570,-122.4195905,G5040,Block 3002,06,020900,,
60750209002,"POLYGON ((-122.41809399999998 37.748605000000005, -122.41813499999999 37.749041, -122.41828800000002 37.75063999999999, -122.41772600000002 37.75067399999999, -122.41720100000002 37.75070499999998, -122.41667200000002 37.750737, -122.416108 37.750771, -122.415955 37.74917199999999, -122.415863 37.74821199999998, -122.41600900000002 37.74825099999998, -122.418047 37.748210999999976, -122.418221 37.74816599999999, -122.418097 37.74847800000001, -122.41809399999998 37.748605000000005))",12571.0,0.0,2005,075,S,060750209002005,+37.7486201,-122.4166681,G5040,Block 2005,06,020900,,
60750229033,"POLYGON ((-122.40882500000001 37.74960099999999, -122.408978 37.75120099999999, -122.40803700000002 37.751256999999995, -122.407139 37.75131, -122.406187 37.75136699999999, -122.406224 37.75124199999999, -122.40620100000001 37.751064, -122.40616400000002 37.750896, -122.40562399999999 37.749854000000006, -122.405239 37.749125, -122.40550100000002 37.749081, -122.405682 37.74904399999998, -122.40631199999999 37.748939, -122.406499 37.74888500000001, -122.406728 37.74881899999999, -122.406758 37.74876599999999, -122.406892 37.748772, -122.40715200000001 37.74868499999998, -122.40777399999999 37.748475, -122.40788199999999 37.74840499999999, -122.40807 37.748398000000016, -122.408604 37.748402, -122.408706 37.748353, -122.40882500000001 37.74960099999999))",24021.0,0.0,3000,075,S,060750229033000,+37.7501241,-122.4064021,G5040,Block 3000,06,022903,,
60750229031,"POLYGON ((-122.40621900000001 37.751726, -122.406187 37.75136699999999, -122.407139 37.75131, -122.40803700000002 37.751256999999995, -122.408978 37.75120099999999, -122.40913000000002 37.752796, -122.40926599999999 37.754222999999996, -122.40923900000001 37.754262, -122.40925300000002 37.754397999999995, -122.408343 37.754453, -122.40744900000001 37.75450599999999, -122.40647999999999 37.754564, -122.406418 37.75451399999998, -122.40640199999999 37.754351, -122.40645299999998 37.754277, -122.40633600000001 37.753004000000004, -122.40621900000001 37.751726))",262.0,0.0,1000,075,S,060750229031000,+37.7544248,-122.4064687,G5040,Block 1000,06,022903,,
60750262002,"POLYGON ((-122.45195500000001 37.712056, -122.451911 37.712157999999995, -122.45101199999999 37.712854999999976, -122.45063099999999 37.71311699999998, -122.449995 37.713473, -122.449657 37.71362799999999, -122.44909900000002 37.713883, -122.44894999999998 37.713886, -122.44810799999999 37.713211, -122.44740900000001 37.71265, -122.44680000000001 37.712160999999995, -122.44609100000001 37.711591999999996, -122.44638299999998 37.711436, -122.447672 37.710749, -122.44837699999998 37.710373000000004, -122.44893100000002 37.710074, -122.44930900000001 37.70994599999999, -122.44946300000001 37.71006900000001, -122.45013800000001 37.710609, -122.450774 37.711118, -122.45153799999999 37.71172800000001, -122.45195500000001 37.712056))",3768.0,0.0,2002,075,S,060750262002002,+37.7136576,-122.4493253,G5040,Block 2002,06,026200,,
60750263032,"POLYGON ((-122.44582399999999 37.70825, -122.44483900000002 37.70858399999999, -122.442923 37.70923499999999, -122.44266899999998 37.709320999999996, -122.44300000000003 37.709934999999994, -122.443335 37.71055500000001, -122.4427 37.710764, -122.442156 37.710944, -122.44165999999998 37.711073, -122.44113 37.71121099999999, -122.44061700000002 37.711344999999994, -122.44010799999998 37.71147699999999, -122.439589 37.711614999999995, -122.439082 37.711749999999995, -122.43856300000002 37.71188799999998, -122.438059 37.712021, -122.43781099999998 37.71192, -122.43791800000001 37.71177, -122.43836999999998 37.71113299999999, -122.43758700000002 37.71085999999999, -122.43699300000002 37.710746, -122.436978 37.710637, -122.436771 37.710156000000005, -122.436688 37.71002300000001, -122.43659699999999 37.709880999999996, -122.43617600000002 37.70940699999999, -122.435968 37.70929899999999, -122.43573899999998 37.70906599999999, -122.435322 37.708686, -122.43499999999999 37.708310999999995, -122.435041 37.708292, -122.435382 37.70813199999999, -122.4357986666667 37.708215333333335, -122.43588200000002 37.708232, -122.436026 37.708231999999995, -122.43617700000001 37.708231999999995, -122.43620100000001 37.708231999999995, -122.436464 37.708231999999995, -122.43658200000002 37.708232, -122.437608 37.708231999999995, -122.438182 37.70823199999999, -122.438329 37.708231999999995, -122.43855800000001 37.708231999999995, -122.438682 37.708231, -122.438895 37.70824799999999, -122.43889500000036 37.70824800000002, -122.43891500000001 37.70825, -122.43903299999998 37.708259000000005, -122.43911900000002 37.70826900000001, -122.43914994736842 37.7082745263158, -122.43920299999999 37.70828399999999, -122.43939927935726 37.70830429048208, -122.43967700000002 37.70833300000002, -122.440459 37.708338, -122.440497 37.708282000000004, -122.440536 37.708225000000006, -122.440537 37.708225999999996, -122.440538 37.708227, -122.44062300000002 37.708254, -122.44071100000001 37.708282, -122.440781 37.708304000000005, -122.44081800000002 37.7083155, -122.44085500000001 37.708326999999976, -122.441223 37.708324999999995, -122.441258 37.708312, -122.441258 37.708311, -122.441354 37.708301, -122.441546 37.70828099999997, -122.44181200000001 37.708256, -122.44207900000002 37.708230999999984, -122.443138 37.70825699999999, -122.44321199999999 37.708278999999976, -122.44448200000001 37.708332, -122.44469199999999 37.708308, -122.44482433333332 37.708294333333335, -122.44508899999998 37.708266999999985, -122.445381 37.708231999999995, -122.44587499999999 37.708233, -122.44582399999999 37.70825))",1828.0,0.0,2018,075,S,060750263032018,+37.7083636,-122.4451540,G5040,Block 2018,06,026303,,
60750263013,"POLYGON ((-122.44375700000002 37.71178199999999, -122.44370000000002 37.711805, -122.44331999999999 37.71190899999998, -122.443192 37.71194399999999, -122.44256600000001 37.71211500000001, -122.44214299999999 37.71223, -122.441585 37.712381, -122.44110400000001 37.712511, -122.44060400000001 37.712646, -122.440079 37.712787999999996, -122.439751 37.712877, -122.439703 37.71291299999999, -122.43958 37.712947, -122.439417 37.71299499999999, -122.439069 37.713087, -122.43856400000001 37.713221, -122.43805400000001 37.713356, -122.436894 37.71366299999999, -122.43664199999999 37.71355, -122.437486 37.71237299999999, -122.43781099999998 37.71192, -122.438059 37.712021, -122.43856300000002 37.71188799999998, -122.439082 37.711749999999995, -122.439589 37.711614999999995, -122.44010799999998 37.71147699999999, -122.44061700000002 37.711344999999994, -122.44113 37.71121099999999, -122.44165999999998 37.711073, -122.442156 37.710944, -122.4427 37.710764, -122.443335 37.71055500000001, -122.44368600000001 37.71120299999998, -122.44409700000001 37.71168900000001, -122.44375700000002 37.71178199999999))",9680.0,0.0,3010,075,S,060750263013010,+37.7112755,-122.4433326,G5040,Block 3010,06,026301,,
60750263012,"POLYGON ((-122.44370599999999 37.713591999999984, -122.44334599999999 37.713927999999996, -122.44266200000001 37.714566999999995, -122.442565 37.714661, -122.44189600000001 37.71530799999997, -122.441799 37.715430000000005, -122.44169099999999 37.715573, -122.44155400000001 37.71575299999999, -122.44102000000001 37.71646, -122.440896 37.716378, -122.440349 37.716131000000004, -122.44025500000001 37.716038999999995, -122.440097 37.716017999999984, -122.43950999999998 37.71575499999999, -122.43943800000001 37.71567299999999, -122.439314 37.715666999999996, -122.43871199999998 37.715396999999996, -122.43862399999999 37.715306999999996, -122.438463 37.71528599999999, -122.43790000000001 37.71503299999999, -122.43780499999998 37.71494, -122.437655 37.714923, -122.43708 37.714665, -122.436992 37.714575, -122.43683200000001 37.714554000000014, -122.43628199999999 37.714307, -122.43617600000002 37.714209, -122.43664199999999 37.71355, -122.436894 37.71366299999999, -122.43805400000001 37.713356, -122.43856400000001 37.713221, -122.439069 37.713087, -122.439417 37.71299499999999, -122.43958 37.712947, -122.439703 37.71291299999999, -122.439751 37.712877, -122.440079 37.712787999999996, -122.44060400000001 37.712646, -122.44110400000001 37.712511, -122.441585 37.712381, -122.44214299999999 37.71223, -122.44256600000001 37.71211500000001, -122.443192 37.71194399999999, -122.44331999999999 37.71190899999998, -122.44370000000002 37.711805, -122.44375700000002 37.71178199999999, -122.44409700000001 37.71168900000001, -122.444571 37.71278299999998, -122.443952 37.713362000000004, -122.44370599999999 37.713591999999984))",10860.0,0.0,2018,075,S,060750263012018,+37.7124449,-122.4439686,G5040,Block 2018,06,026301,,
60750261002,"POLYGON ((-122.44583500000002 37.71529799999999, -122.446372 37.71572799999999, -122.446945 37.716187, -122.445808 37.717079999999996, -122.445246 37.717521000000005, -122.444706 37.717994999999995, -122.444293 37.71837599999999, -122.444191 37.71846999999999, -122.443696 37.718928999999996, -122.44308600000001 37.719383, -122.442552 37.71962099999998, -122.441877 37.719081, -122.44131799999998 37.718633999999994, -122.44088799999999 37.71828999999999, -122.44060999999999 37.718068, -122.44010700000001 37.717665, -122.44018599999998 37.71762399999999, -122.440418 37.71731, -122.440418 37.717244999999984, -122.44102000000001 37.71646, -122.44155400000001 37.71575299999999, -122.44169099999999 37.715573, -122.441799 37.715430000000005, -122.44189600000001 37.71530799999997, -122.442565 37.714661, -122.44266200000001 37.714566999999995, -122.44334599999999 37.713927999999996, -122.44370599999999 37.713591999999984, -122.44432499999999 37.714087, -122.444936 37.71457699999999, -122.445646 37.715146000000004, -122.44583500000002 37.71529799999999))",12973.0,0.0,2007,075,S,060750261002007,+37.7178872,-122.4438306,G5040,Block 2007,06,026100,,
60750263021,"POLYGON ((-122.43791800000001 37.71177, -122.43781099999998 37.71192, -122.437486 37.71237299999999, -122.43664199999999 37.71355, -122.43617600000002 37.714209, -122.436 37.714180999999996, -122.43544800000001 37.71393299999999, -122.435361 37.713844, -122.435209 37.71382599999998, -122.43462 37.713561999999996, -122.43454100000001 37.713476, -122.43439599999999 37.71346099999999, -122.434004 37.71328599999999, -122.43381099999999 37.713223, -122.433707 37.713142999999995, -122.433521 37.713148, -122.43279600000001 37.712996, -122.432858 37.712914, -122.43299199999998 37.712726, -122.433432 37.71211, -122.43377699999999 37.711695, -122.43418299999999 37.71136800000001, -122.43462099999999 37.71113400000001, -122.43526400000002 37.71090499999998, -122.436049 37.710747999999995, -122.43699300000002 37.710746, -122.43758700000002 37.71085999999999, -122.43836999999998 37.71113299999999, -122.43791800000001 37.71177))",14735.0,0.0,1011,075,S,060750263021011,+37.7116741,-122.4345188,G5040,Block 1011,06,026302,,
60750263011,"POLYGON ((-122.434004 37.71328599999999, -122.43439599999999 37.71346099999999, -122.43454100000001 37.713476, -122.43462 37.713561999999996, -122.435209 37.71382599999998, -122.435361 37.713844, -122.43544800000001 37.71393299999999, -122.436 37.714180999999996, -122.43617600000002 37.714209, -122.43628199999999 37.714307, -122.43683200000001 37.714554000000014, -122.436992 37.714575, -122.43708 37.714665, -122.437655 37.714923, -122.43780499999998 37.71494, -122.43790000000001 37.71503299999999, -122.438463 37.71528599999999, -122.43862399999999 37.715306999999996, -122.43871199999998 37.715396999999996, -122.439314 37.715666999999996, -122.43943800000001 37.71567299999999, -122.43950999999998 37.71575499999999, -122.440097 37.716017999999984, -122.44025500000001 37.716038999999995, -122.440349 37.716131000000004, -122.440896 37.716378, -122.44102000000001 37.71646, -122.440418 37.717244999999984, -122.43964 37.71695900000002, -122.43875800000002 37.716632, -122.43790099999998 37.71631999999999, -122.437046 37.716007999999995, -122.43619500000001 37.715693, -122.43534599999998 37.71537899999999, -122.43449200000002 37.715064999999996, -122.433639 37.714752, -122.432777 37.71443699999999, -122.43283800000002 37.714386999999995, -122.433635 37.713280999999995, -122.433707 37.713142999999995, -122.43381099999999 37.713223, -122.434004 37.71328599999999))",8630.0,0.0,1008,075,S,060750263011008,+37.7166707,-122.4403196,G5040,Block 1008,06,026301,,
60750260041,"POLYGON ((-122.440418 37.71731, -122.44018599999998 37.71762399999999, -122.44010700000001 37.717665, -122.440106 37.71771899999999, -122.43955700000002 37.718446, -122.4395 37.71846699999999, -122.43949700000002 37.718525, -122.438922 37.719286, -122.438863 37.71930899999999, -122.43885499999999 37.719374, -122.43838900000002 37.719991000000014, -122.438329 37.720016, -122.43831200000001 37.720093, -122.437533 37.721121999999994, -122.437461 37.721164, -122.43745699999998 37.721222, -122.437209 37.72155, -122.43714999999999 37.72157499999998, -122.436385 37.721209, -122.43558500000002 37.72082699999999, -122.434785 37.72044499999999, -122.43398499999999 37.720063, -122.435157 37.71850800000001, -122.43633099999998 37.71695299999999, -122.437046 37.716007999999995, -122.43790099999998 37.71631999999999, -122.43875800000002 37.716632, -122.43964 37.71695900000002, -122.440418 37.717244999999984, -122.440418 37.71731))",12459.0,0.0,1016,075,S,060750260041016,+37.7173598,-122.4387797,G5040,Block 1016,06,026004,,
60750263023,"POLYGON ((-122.43218199999701 37.70822899999999, -122.432182 37.708229, -122.43222300000001 37.708229, -122.43224 37.708229, -122.43228900000001 37.708229, -122.43235 37.708232, -122.43237900000001 37.708232, -122.43240200000002 37.708231999999995, -122.4326125 37.708232, -122.4328 37.708232, -122.43331 37.708231999999995, -122.43338200000001 37.708232, -122.43338200000008 37.708231999999974, -122.434064 37.708182, -122.43377799999999 37.708294, -122.43257 37.708768000000006, -122.43190200000001 37.709188, -122.431554 37.709406, -122.43128300000001 37.709641, -122.43067600000002 37.710166, -122.43084 37.710305, -122.43122899999999 37.710544000000006, -122.431366 37.710658, -122.431829 37.711216999999984, -122.431867 37.71140499999999, -122.43216600000001 37.71202, -122.43231500000002 37.712228999999994, -122.432423 37.712381, -122.43283700000002 37.71265799999999, -122.43299199999998 37.712726, -122.432858 37.712914, -122.43279600000001 37.712996, -122.433521 37.713148, -122.433707 37.713142999999995, -122.433635 37.713280999999995, -122.43283800000002 37.714386999999995, -122.432777 37.71443699999999, -122.432323 37.71503799999999, -122.431154 37.71659399999999, -122.43106700000001 37.71654899999999, -122.43066999999999 37.71645299999998, -122.430206 37.71639400000001, -122.429255 37.71621299999999, -122.428327 37.716006, -122.427189 37.715748, -122.427306 37.71506999999999, -122.42554799999999 37.714517000000015, -122.42652100000001 37.711805, -122.42673700000002 37.71122499999999, -122.426438 37.711113000000005, -122.42551200000001 37.710789, -122.42504 37.71054300000001, -122.42455499999998 37.710172, -122.42455 37.710102, -122.424417 37.71004700000002, -122.423971 37.709678, -122.423442 37.709376, -122.42335299999999 37.709250999999995, -122.42376499999999 37.708341999999995, -122.42389 37.708235999999985, -122.42404343283583 37.70824312366739, -122.425352 37.708617, -122.425402 37.708367, -122.42541680782497 37.70830678151177, -122.425619 37.708315999999996, -122.42598900000002 37.70833300000002, -122.426091 37.708338999999995, -122.426193 37.70834399999999, -122.42627 37.70834699999999, -122.426366 37.708351, -122.426927 37.708378, -122.427106 37.708385, -122.427164 37.70838799999999, -122.427915 37.708423, -122.42808200000002 37.708431, -122.428294 37.70840999999999, -122.42918199999998 37.708330999999994, -122.42926149999998 37.70832699999999, -122.42934100000001 37.70832300000001, -122.430027 37.708281, -122.430882 37.708231000000005, -122.4311115 37.708230999999984, -122.431341 37.70823099999999, -122.43218199999701 37.70822899999999))",2117.0,0.0,3001,075,S,060750263023001,+37.7125347,-122.4307971,G5040,Block 3001,06,026302,,
60750263022,"POLYGON ((-122.435241 37.708132000000006, -122.435382 37.70813199999999, -122.435041 37.708292, -122.43499999999999 37.708310999999995, -122.435322 37.708686, -122.43573899999998 37.70906599999999, -122.435968 37.70929899999999, -122.43617600000002 37.70940699999999, -122.43659699999999 37.709880999999996, -122.436688 37.71002300000001, -122.436771 37.710156000000005, -122.436978 37.710637, -122.43699300000002 37.710746, -122.436049 37.710747999999995, -122.43526400000002 37.71090499999998, -122.43462099999999 37.71113400000001, -122.43418299999999 37.71136800000001, -122.43377699999999 37.711695, -122.433432 37.71211, -122.43299199999998 37.712726, -122.43283700000002 37.71265799999999, -122.432423 37.712381, -122.43231500000002 37.712228999999994, -122.43216600000001 37.71202, -122.431867 37.71140499999999, -122.431829 37.711216999999984, -122.431366 37.710658, -122.43122899999999 37.710544000000006, -122.43084 37.710305, -122.43067600000002 37.710166, -122.43128300000001 37.709641, -122.431554 37.709406, -122.43190200000001 37.709188, -122.43257 37.708768000000006, -122.43377799999999 37.708294, -122.434064 37.708182, -122.43338200000008 37.708231999999974, -122.43358200000002 37.708198666666654, -122.43398200000001 37.708131999999985, -122.43420266666666 37.70813199999999, -122.434313 37.708132000000006, -122.434589 37.708132, -122.43487000000002 37.708132, -122.434968 37.708132, -122.4351 37.708132000000006, -122.435241 37.708132000000006))",11866.0,0.0,2009,075,S,060750263022009,+37.7104881,-122.4321661,G5040,Block 2009,06,026302,,
60750260042,"POLYGON ((-122.43534599999998 37.71537899999999, -122.43619500000001 37.715693, -122.437046 37.716007999999995, -122.43633099999998 37.71695299999999, -122.435157 37.71850800000001, -122.43398499999999 37.720063, -122.433185 37.71968100000001, -122.43238500000001 37.719298, -122.433555 37.717744, -122.43275400000002 37.71736, -122.43195300000001 37.716976, -122.431154 37.71659399999999, -122.432323 37.71503799999999, -122.432777 37.71443699999999, -122.433639 37.714752, -122.43449200000002 37.715064999999996, -122.43534599999998 37.71537899999999))",16581.0,0.0,2000,075,S,060750260042000,+37.7190938,-122.4341706,G5040,Block 2000,06,026004,,
60750260032,"POLYGON ((-122.431154 37.71659399999999, -122.43195300000001 37.716976, -122.43275400000002 37.71736, -122.433555 37.717744, -122.43238500000001 37.719298, -122.431205 37.720856, -122.43041200000002 37.72047800000001, -122.42959900000001 37.72009, -122.428805 37.71971200000001, -122.427993 37.71932499999998, -122.42719300000002 37.71894299999999, -122.42639 37.718561, -122.42667 37.71707799999999, -122.42669800000002 37.717046, -122.42684799999999 37.716651, -122.427189 37.715748, -122.428327 37.716006, -122.429255 37.71621299999999, -122.430206 37.71639400000001, -122.43066999999999 37.71645299999998, -122.43106700000001 37.71654899999999, -122.431154 37.71659399999999))",13503.0,0.0,2009,075,S,060750260032009,+37.7169411,-122.4292622,G5040,Block 2009,06,026003,,
60750260031,"POLYGON ((-122.428805 37.71971200000001, -122.42959900000001 37.72009, -122.43041200000002 37.72047800000001, -122.431205 37.720856, -122.430026 37.722398, -122.428837 37.72395499999998, -122.42807399999998 37.723591, -122.42725300000002 37.723200000000006, -122.426468 37.722826, -122.42564999999999 37.722435000000004, -122.42523899999999 37.72224, -122.424848 37.72205299999999, -122.42455499999998 37.721647999999995, -122.42547900000001 37.720233, -122.42582999999999 37.719302, -122.42597799999999 37.719107, -122.42639 37.718561, -122.42719300000002 37.71894299999999, -122.427993 37.71932499999998, -122.428805 37.71971200000001))",16253.0,0.0,1009,075,S,060750260031009,+37.7206729,-122.4286210,G5040,Block 1009,06,026003,,
60750260012,"POLYGON ((-122.434785 37.72044499999999, -122.43558500000002 37.72082699999999, -122.436385 37.721209, -122.43714999999999 37.72157499999998, -122.43646799999999 37.722465, -122.43603999999998 37.723044, -122.435977 37.72313, -122.43538499999998 37.72390899999999, -122.43531300000001 37.724005, -122.43487000000002 37.724588, -122.434798 37.724683, -122.43403300000001 37.724316, -122.43323100000002 37.723932000000005, -122.43243200000002 37.723549999999996, -122.431633 37.723167000000004, -122.430833 37.72278399999999, -122.430026 37.722398, -122.431205 37.720856, -122.43238500000001 37.719298, -122.433185 37.71968100000001, -122.43398499999999 37.720063, -122.434785 37.72044499999999))",16526.0,0.0,2002,075,S,060750260012002,+37.7229658,-122.4334192,G5040,Block 2002,06,026001,,
60750261001,"POLYGON ((-122.44088799999999 37.71828999999999, -122.44131799999998 37.718633999999994, -122.441877 37.719081, -122.442552 37.71962099999998, -122.44140100000001 37.719865, -122.440947 37.720183999999996, -122.44070100000002 37.72056799999999, -122.44047300000001 37.720934, -122.44010900000002 37.721517, -122.43976500000001 37.722069000000005, -122.43934999999999 37.72273299999999, -122.43880899999999 37.72360099999999, -122.438704 37.72364799999999, -122.438437 37.723672, -122.438355 37.723645, -122.43827 37.723676000000005, -122.437545 37.72373299999998, -122.437439 37.723715999999996, -122.43702000000002 37.723722999999985, -122.436449 37.723788, -122.43538499999998 37.72390899999999, -122.435977 37.72313, -122.43603999999998 37.723044, -122.43646799999999 37.722465, -122.43714999999999 37.72157499999998, -122.437209 37.72155, -122.43745699999998 37.721222, -122.437461 37.721164, -122.437533 37.721121999999994, -122.43831200000001 37.720093, -122.438329 37.720016, -122.43838900000002 37.719991000000014, -122.43885499999999 37.719374, -122.438863 37.71930899999999, -122.438922 37.719286, -122.43949700000002 37.718525, -122.4395 37.71846699999999, -122.43955700000002 37.718446, -122.440106 37.71771899999999, -122.44010700000001 37.717665, -122.44060999999999 37.718068, -122.44088799999999 37.71828999999999))",22874.0,0.0,1004,075,S,060750261001004,+37.7227407,-122.4386635,G5040,Block 1004,06,026100,,
60750255004,"POLYGON ((-122.438272 37.724469, -122.43793399999998 37.72509399999999, -122.436805 37.72716799999999, -122.43599099999999 37.72671899999999, -122.43398200000001 37.72576199999999, -122.43442600000002 37.72517499999999, -122.434798 37.724683, -122.43487000000002 37.724588, -122.43531300000001 37.724005, -122.43538499999998 37.72390899999999, -122.436449 37.723788, -122.43702000000002 37.723722999999985, -122.437439 37.723715999999996, -122.437545 37.72373299999998, -122.43827 37.723676000000005, -122.438355 37.723645, -122.438437 37.723672, -122.438704 37.72364799999999, -122.43880899999999 37.72360099999999, -122.43868400000001 37.723808999999996, -122.438272 37.724469))",18934.0,0.0,4000,075,S,060750255004000,+37.7259756,-122.4369720,G5040,Block 4000,06,025500,,
60750260011,"POLYGON ((-122.43243200000002 37.723549999999996, -122.43323100000002 37.723932000000005, -122.43403300000001 37.724316, -122.434798 37.724683, -122.43442600000002 37.72517499999999, -122.43398200000001 37.72576199999999, -122.433624 37.726236, -122.43335700000002 37.72658799999999, -122.432912 37.72717799999999, -122.43280800000001 37.727315, -122.432447 37.727637, -122.43176700000001 37.72731100000001, -122.43096499999999 37.72692599999999, -122.43017 37.726544, -122.43008 37.726663, -122.42927999999999 37.72628199999999, -122.42848199999999 37.72590099999999, -122.427684 37.725519999999996, -122.426912 37.725151, -122.42807399999998 37.723591, -122.428837 37.72395499999998, -122.430026 37.722398, -122.430833 37.72278399999999, -122.431633 37.723167000000004, -122.43243200000002 37.723549999999996))",15885.0,0.0,1011,075,S,060750260011011,+37.7245559,-122.4278756,G5040,Block 1011,06,026001,,
60750605023,"POLYGON ((-122.42376499999999 37.708341999999995, -122.42335299999999 37.709250999999995, -122.423442 37.709376, -122.423971 37.709678, -122.424417 37.71004700000002, -122.42455 37.710102, -122.42418200000002 37.710265, -122.423368 37.710302000000006, -122.423027 37.710377, -122.42281099999998 37.710511, -122.42241100000001 37.710971, -122.422241 37.711317, -122.420953 37.71101299999999, -122.41948900000001 37.710782, -122.418772 37.71073199999999, -122.41857699999998 37.71071699999999, -122.41784700000001 37.71073200000001, -122.417517 37.710692, -122.416648 37.71047299999999, -122.41688399999998 37.709949999999985, -122.417236 37.710057, -122.41765699999999 37.709471, -122.41850099999999 37.70970899999999, -122.41934800000001 37.70994699999999, -122.42008300000002 37.708310999999995, -122.42008200000001 37.708231, -122.422382 37.70823, -122.42378200000002 37.70823000000001, -122.42383600000002 37.70823300000001, -122.42389 37.708235999999985, -122.42376499999999 37.708341999999995))",45236.0,0.0,3001,075,S,060750605023001,+37.7103502,-122.4216808,G5040,Block 3001,06,060502,,
60750605022,"POLYGON ((-122.41757700000001 37.712301999999994, -122.41673899999999 37.712118, -122.416 37.71191499999999, -122.416648 37.71047299999999, -122.417517 37.710692, -122.41784700000001 37.71073200000001, -122.41857699999998 37.71071699999999, -122.418772 37.71073199999999, -122.41948900000001 37.710782, -122.420953 37.71101299999999, -122.422241 37.711317, -122.42212299999998 37.711718, -122.42196300000002 37.712018, -122.421632 37.712185000000005, -122.421475 37.71220099999999, -122.421321 37.712216, -122.419732 37.71196599999999, -122.41939300000001 37.711985999999996, -122.418766 37.711933, -122.418283 37.71234899999999, -122.418028 37.712334999999996, -122.41757700000001 37.712301999999994))",37450.0,0.0,2000,075,S,060750605022000,+37.7114544,-122.4175066,G5040,Block 2000,06,060502,,
60750605021,"POLYGON ((-122.421321 37.712216, -122.421475 37.71220099999999, -122.42122799999999 37.71331000000001, -122.420908 37.713773999999994, -122.420331 37.71396699999999, -122.41563499999998 37.71273299999999, -122.416 37.71191499999999, -122.41673899999999 37.712118, -122.41757700000001 37.712301999999994, -122.418028 37.712334999999996, -122.418283 37.71234899999999, -122.418766 37.711933, -122.41939300000001 37.711985999999996, -122.419732 37.71196599999999, -122.421321 37.712216))",47040.0,0.0,1000,075,S,060750605021000,+37.7129710,-122.4183697,G5040,Block 1000,06,060502,,
60750260022,"POLYGON ((-122.426468 37.722826, -122.42725300000002 37.723200000000006, -122.42807399999998 37.723591, -122.426912 37.725151, -122.425733 37.726708, -122.424199 37.72873599999999, -122.42374 37.72876, -122.423509 37.72820699999999, -122.423336 37.727792, -122.42312199999999 37.72727700000001, -122.42284000000001 37.726597, -122.422343 37.725395, -122.421847 37.724199000000006, -122.42283000000002 37.723943999999996, -122.42380700000001 37.723690999999995, -122.424848 37.72205299999999, -122.42523899999999 37.72224, -122.42564999999999 37.722435000000004, -122.426468 37.722826))",14410.0,0.0,2003,075,S,060750260022003,+37.7258808,-122.4231664,G5040,Block 2003,06,026002,,
60750256003,"POLYGON ((-122.418888 37.724966, -122.41987499999998 37.72471000000001, -122.42086100000002 37.724454, -122.421847 37.724199000000006, -122.422343 37.725395, -122.42284000000001 37.726597, -122.42312199999999 37.72727700000001, -122.423336 37.727792, -122.422345 37.728048, -122.421359 37.72830200000001, -122.420374 37.72855499999999, -122.41988299999998 37.72737000000001, -122.419386 37.72616899999998, -122.418888 37.724966))",12721.0,0.0,3001,075,S,060750256003001,+37.7275792,-122.4216059,G5040,Block 3001,06,025600,,
60750260021,"POLYGON ((-122.42927999999999 37.72628199999999, -122.43008 37.726663, -122.43017 37.726544, -122.43096499999999 37.72692599999999, -122.43176700000001 37.72731100000001, -122.432447 37.727637, -122.432363 37.727717, -122.43180100000002 37.728248999999984, -122.431294 37.72872999999999, -122.43039 37.728547000000006, -122.42866699999999 37.72853399999998, -122.42820900000001 37.72854499999999, -122.42758000000002 37.72856600000001, -122.426423 37.728617, -122.425964 37.728641, -122.42528999999999 37.728677, -122.42488 37.728699, -122.424199 37.72873599999999, -122.425733 37.726708, -122.426912 37.725151, -122.427684 37.725519999999996, -122.42848199999999 37.72590099999999, -122.42927999999999 37.72628199999999))",18605.0,0.0,1000,075,S,060750260021000,+37.7277957,-122.4254137,G5040,Block 1000,06,026002,,
60750256004,"POLYGON ((-122.431269 37.728806999999975, -122.430878 37.729209, -122.43080900000001 37.729228, -122.43080499999999 37.729284, -122.43026 37.729831999999995, -122.43018099999999 37.729859999999995, -122.430111 37.729931, -122.430105 37.72998799999999, -122.429378 37.73071999999999, -122.42930400000002 37.730742, -122.42839000000001 37.730789, -122.426267 37.73089699999999, -122.426144 37.73088099999999, -122.426084 37.730136, -122.426025 37.72939699999999, -122.423798 37.72950899999999, -122.422943 37.729242, -122.42250300000002 37.729262000000006, -122.42227600000001 37.729272, -122.42144099999999 37.729310999999996, -122.42072600000002 37.72934399999999, -122.420563 37.729385, -122.42058300000001 37.729302, -122.42042 37.729279999999996, -122.42056499999998 37.729014, -122.42052799999999 37.728927999999996, -122.420374 37.72855499999999, -122.421359 37.72830200000001, -122.422345 37.728048, -122.423336 37.727792, -122.423509 37.72820699999999, -122.42374 37.72876, -122.424199 37.72873599999999, -122.42488 37.728699, -122.42528999999999 37.728677, -122.425964 37.728641, -122.426423 37.728617, -122.42758000000002 37.72856600000001, -122.42820900000001 37.72854499999999, -122.42866699999999 37.72853399999998, -122.43039 37.728547000000006, -122.431294 37.72872999999999, -122.431269 37.728806999999975))",7195.0,0.0,4010,075,S,060750256004010,+37.7285081,-122.4220172,G5040,Block 4010,06,025600,,
60750256001,"POLYGON ((-122.426025 37.72939699999999, -122.426084 37.730136, -122.426144 37.73088099999999, -122.426267 37.73089699999999, -122.42839000000001 37.730789, -122.42930400000002 37.730742, -122.428873 37.73117499999999, -122.42868600000001 37.731365, -122.42820299999998 37.73185099999999, -122.428038 37.732016, -122.42734300000002 37.73186799999999, -122.427119 37.731826, -122.426391 37.73169, -122.42610400000001 37.73165099999999, -122.42556300000001 37.731578999999996, -122.42498600000002 37.73156000000001, -122.42464499999998 37.731549, -122.42455400000001 37.73154899999999, -122.42398199999998 37.73155199999999, -122.42392 37.731553, -122.42282 37.731640999999996, -122.42170299999998 37.73180699999999, -122.421715 37.731607999999994, -122.42172599999999 37.731438, -122.421731 37.731352, -122.42175300000001 37.73108499999999, -122.42094500000002 37.731308999999996, -122.42018500000002 37.731463, -122.41985000000001 37.73147600000001, -122.419514 37.73149, -122.419356 37.731439, -122.41927000000001 37.73132999999997, -122.41928200000001 37.73116400000001, -122.41937300000001 37.730430000000005, -122.419536 37.72912900000001, -122.41948599999999 37.729046000000004, -122.41938799999998 37.728809, -122.420374 37.72855499999999, -122.42052799999999 37.728927999999996, -122.42056499999998 37.729014, -122.42042 37.729279999999996, -122.42058300000001 37.729302, -122.420563 37.729385, -122.42072600000002 37.72934399999999, -122.42144099999999 37.729310999999996, -122.42227600000001 37.729272, -122.42250300000002 37.729262000000006, -122.422943 37.729242, -122.423798 37.72950899999999, -122.426025 37.72939699999999))",1471.0,0.0,1015,075,S,060750256001015,+37.7313223,-122.4258299,G5040,Block 1015,06,025600,,
60750254031,"POLYGON ((-122.425047 37.73212999999999, -122.42519899999999 37.73212899999999, -122.42550000000001 37.732053, -122.42578200000001 37.73193, -122.42591999999999 37.731815999999995, -122.426095 37.731671, -122.42610400000001 37.73165099999999, -122.426391 37.73169, -122.427119 37.731826, -122.42734300000002 37.73186799999999, -122.428038 37.732016, -122.427338 37.73272099999998, -122.426391 37.73367500000001, -122.42637500000001 37.733736, -122.42617500000001 37.733937999999995, -122.426115 37.73395399999999, -122.42740099999999 37.734506999999994, -122.42783899999999 37.73469399999999, -122.428354 37.734914999999994, -122.428437 37.734950999999995, -122.428573 37.735082000000006, -122.42801699999998 37.735444, -122.427874 37.735537, -122.42672200000001 37.736371999999996, -122.42654499999999 37.73626899999999, -122.42620899999999 37.73607399999999, -122.424595 37.735943999999996, -122.424466 37.736061, -122.423264 37.73596499999999, -122.42315200000002 37.735927999999966, -122.42268799999998 37.735205, -122.422602 37.73517699999999, -122.42227199999999 37.73515999999999, -122.422121 37.73515299999998, -122.42214700000001 37.734963, -122.42220499999999 37.734856999999984, -122.42228399999999 37.73478, -122.422547 37.73462, -122.422737 37.73449, -122.42287600000002 37.73436999999999, -122.422641 37.734182, -122.422514 37.73404899999998, -122.42237800000001 37.73384300000001, -122.422337 37.733668, -122.42226300000002 37.73347599999999, -122.422027 37.73314, -122.421849 37.732986, -122.421779 37.732884999999996, -122.42174100000001 37.732743, -122.42181999999998 37.732588, -122.421964 37.732433, -122.42259799999998 37.732308, -122.423195 37.732223, -122.42348600000001 37.732261, -122.42376899999998 37.73216300000001, -122.42427800000002 37.732133999999995, -122.425047 37.73212999999999))",11517.0,0.0,1017,075,S,060750254031017,+37.7326737,-122.4226528,G5040,Block 1017,06,025403,,
60750255006,"POLYGON ((-122.44732800000001 37.72300599999998, -122.447453 37.72300599999998, -122.447639 37.72300599999999, -122.447878 37.723004999999986, -122.44760099999999 37.723834999999994, -122.44758600000002 37.72387999999998, -122.44753399999999 37.724005000000005, -122.447237 37.72456899999999, -122.44720100000002 37.724637999999985, -122.446864 37.725213, -122.44639099999999 37.725863000000004, -122.446308 37.725978000000005, -122.44595299999999 37.72636500000001, -122.445724 37.72661299999999, -122.445603 37.726734, -122.445041 37.727295000000005, -122.444688 37.727582999999996, -122.444423 37.72779899999999, -122.44379099999999 37.72823299999999, -122.443664 37.728304, -122.443075 37.728634, -122.44272200000002 37.728793999999986, -122.44197 37.729136, -122.44180099999998 37.729202, -122.44122999999999 37.729423, -122.441135 37.729459999999996, -122.440781 37.729604999999985, -122.440256 37.72982, -122.44010199999998 37.72987799999999, -122.43948300000001 37.730111999999984, -122.4395 37.730167, -122.439558 37.73019099999998, -122.438541 37.73056800000001, -122.43819100000002 37.730698, -122.43701200000001 37.731117999999995, -122.43645 37.731333, -122.436133 37.73147000000001, -122.43589200000001 37.731577, -122.435601 37.73159599999999, -122.435404 37.731621999999994, -122.43516700000002 37.73165300000001, -122.43526199999998 37.731509, -122.435329 37.73140700000001, -122.43570500000001 37.73131299999999, -122.435887 37.731262, -122.43620899999999 37.731167000000006, -122.436147 37.73112100000001, -122.43600300000001 37.730999, -122.435852 37.73087199999999, -122.43573899999998 37.730775999999985, -122.435641 37.730693, -122.434677 37.729889, -122.435196 37.7293, -122.43575000000001 37.728671, -122.43637199999999 37.727964, -122.436805 37.72716799999999, -122.43793399999998 37.72509399999999, -122.438096 37.725151, -122.43876299999998 37.725508, -122.43918200000002 37.725732, -122.439617 37.725964999999995, -122.440517 37.726447, -122.440968 37.72668900000002, -122.441437 37.726939999999985, -122.44158199999998 37.72675899999999, -122.442387 37.725792999999996, -122.443066 37.724987999999996, -122.44401900000001 37.723842999999974, -122.444747 37.72296699999999, -122.444811 37.72299799999999, -122.44721700000001 37.722995999999995, -122.447272 37.722957, -122.44732800000001 37.72300599999998))",6797.0,0.0,6002,075,S,060750255006002,+37.7309695,-122.4371853,G5040,Block 6002,06,025500,,
60750255005,"POLYGON ((-122.44115199999999 37.72335999999999, -122.44243799999998 37.72321099999999, -122.44255400000002 37.72316799999999, -122.44265000000001 37.72317999999998, -122.443163 37.723121000000006, -122.44327400000002 37.723085000000005, -122.443378 37.723102, -122.444498 37.72297, -122.44460699999999 37.72297499999999, -122.444747 37.72296699999999, -122.44401900000001 37.723842999999974, -122.443066 37.724987999999996, -122.442387 37.725792999999996, -122.44158199999998 37.72675899999999, -122.441437 37.726939999999985, -122.440968 37.72668900000002, -122.440517 37.726447, -122.439617 37.725964999999995, -122.43918200000002 37.725732, -122.43876299999998 37.725508, -122.438096 37.725151, -122.43793399999998 37.72509399999999, -122.438272 37.724469, -122.43868400000001 37.723808999999996, -122.43880899999999 37.72360099999999, -122.43890399999998 37.72362, -122.439763 37.723521, -122.43985 37.723481, -122.439957 37.72349899999998, -122.440958 37.723383, -122.44104999999999 37.723342, -122.44115199999999 37.72335999999999))",4810.0,0.0,5003,075,S,060750255005003,+37.7251964,-122.4392218,G5040,Block 5003,06,025500,,
60750255003,"POLYGON ((-122.433624 37.726236, -122.43398200000001 37.72576199999999, -122.43599099999999 37.72671899999999, -122.436805 37.72716799999999, -122.43637199999999 37.727964, -122.43575000000001 37.728671, -122.435196 37.7293, -122.434677 37.729889, -122.434617 37.72981499999999, -122.433974 37.72930300000001, -122.43383200000001 37.72922, -122.43180100000002 37.728248999999984, -122.432363 37.727717, -122.432447 37.727637, -122.43280800000001 37.727315, -122.432912 37.72717799999999, -122.43335700000002 37.72658799999999, -122.433624 37.726236))",861.0,0.0,3001,075,S,060750255003001,+37.7290180,-122.4342266,G5040,Block 3001,06,025500,,
60750255002,"POLYGON ((-122.435641 37.730693, -122.43573899999998 37.730775999999985, -122.435852 37.73087199999999, -122.43600300000001 37.730999, -122.436147 37.73112100000001, -122.43620899999999 37.731167000000006, -122.435887 37.731262, -122.43570500000001 37.73131299999999, -122.435329 37.73140700000001, -122.43526199999998 37.731509, -122.43516700000002 37.73165300000001, -122.435404 37.731621999999994, -122.435601 37.73159599999999, -122.43589200000001 37.731577, -122.435425 37.731786, -122.435061 37.731965, -122.43491399999998 37.732037999999996, -122.434299 37.73231099999999, -122.43253500000002 37.733123, -122.432422 37.73317600000001, -122.43239900000002 37.73316299999998, -122.43220799999999 37.73305200000001, -122.432185 37.73303899999999, -122.432118 37.733001, -122.43208899999998 37.73298399999999, -122.431957 37.732994, -122.431983 37.732868, -122.431966 37.73264999999999, -122.43189000000001 37.732445999999996, -122.43184499999998 37.732272, -122.43184 37.73225399999999, -122.43179599999999 37.732081, -122.43168500000002 37.731652, -122.431393 37.731009, -122.431192 37.730568000000005, -122.43109300000002 37.730655999999996, -122.430947 37.730698999999994, -122.430945 37.73057800000001, -122.430833 37.730335, -122.430789 37.73023999999998, -122.43018099999999 37.729859999999995, -122.43026 37.729831999999995, -122.43080499999999 37.729284, -122.43080900000001 37.729228, -122.430878 37.729209, -122.431269 37.728806999999975, -122.431294 37.72872999999999, -122.43180100000002 37.728248999999984, -122.43383200000001 37.72922, -122.433974 37.72930300000001, -122.434617 37.72981499999999, -122.434677 37.729889, -122.435641 37.730693))",276.0,0.0,2008,075,S,060750255002008,+37.7321238,-122.4336744,G5040,Block 2008,06,025500,,
60750311001,"POLYGON ((-122.436133 37.73147000000001, -122.43645 37.731333, -122.43701200000001 37.731117999999995, -122.43819100000002 37.730698, -122.438541 37.73056800000001, -122.439558 37.73019099999998, -122.439686 37.730326, -122.43973500000001 37.730376, -122.439737 37.73073300000001, -122.43974299999999 37.731584000000005, -122.439748 37.73236799999999, -122.439752 37.733110999999994, -122.43962099999999 37.73311199999998, -122.43946 37.73308299999999, -122.43881600000002 37.73308699999999, -122.438646 37.733609000000015, -122.43855500000001 37.73388699999999, -122.43840800000001 37.734341, -122.438392 37.73442, -122.43751399999998 37.734246, -122.436752 37.734096, -122.43667299999998 37.73404, -122.43658 37.734068, -122.43592 37.733931, -122.43584 37.733875, -122.43573899999998 37.733898999999994, -122.435067 37.733782, -122.434996 37.733717999999996, -122.434899 37.733750999999984, -122.43423800000001 37.733626, -122.434145 37.73355000000001, -122.43402100000002 37.733588, -122.433201 37.733439, -122.432974 37.733311, -122.43280200000001 37.73334, -122.43257199999998 37.733242999999995, -122.43244800000001 37.733191, -122.432422 37.73317600000001, -122.43253500000002 37.733123, -122.434299 37.73231099999999, -122.43491399999998 37.732037999999996, -122.435061 37.731965, -122.435425 37.731786, -122.43589200000001 37.731577, -122.436133 37.73147000000001))",11936.0,0.0,1020,075,S,060750311001020,+37.7330756,-122.4356505,G5040,Block 1020,06,031100,,
60750255001,"POLYGON ((-122.431393 37.731009, -122.43168500000002 37.731652, -122.43179599999999 37.732081, -122.43184 37.73225399999999, -122.43184499999998 37.732272, -122.43189000000001 37.732445999999996, -122.431966 37.73264999999999, -122.431983 37.732868, -122.431957 37.732994, -122.43208899999998 37.73298399999999, -122.432118 37.733001, -122.432185 37.73303899999999, -122.43220799999999 37.73305200000001, -122.43239900000002 37.73316299999998, -122.432422 37.73317600000001, -122.430928 37.733867000000004, -122.430396 37.734121000000016, -122.42979900000002 37.73440599999999, -122.42960000000001 37.734518, -122.429391 37.734636000000016, -122.428843 37.73493199999997, -122.428607 37.73506, -122.428573 37.735082000000006, -122.428437 37.734950999999995, -122.428354 37.734914999999994, -122.42783899999999 37.73469399999999, -122.42740099999999 37.734506999999994, -122.426115 37.73395399999999, -122.42617500000001 37.733937999999995, -122.42637500000001 37.733736, -122.426391 37.73367500000001, -122.427338 37.73272099999998, -122.428038 37.732016, -122.42820299999998 37.73185099999999, -122.42868600000001 37.731365, -122.428873 37.73117499999999, -122.42930400000002 37.730742, -122.429378 37.73071999999999, -122.430105 37.72998799999999, -122.430111 37.729931, -122.43018099999999 37.729859999999995, -122.430789 37.73023999999998, -122.430833 37.730335, -122.430945 37.73057800000001, -122.430947 37.730698999999994, -122.43109300000002 37.730655999999996, -122.431192 37.730568000000005, -122.431393 37.731009))",2961.0,0.0,1002,075,S,060750255001002,+37.7339650,-122.4298926,G5040,Block 1002,06,025500,,
60750307002,"POLYGON ((-122.44889299999998 37.734277, -122.448896 37.734379000000004, -122.448884 37.734447, -122.44889 37.734971, -122.44889800000001 37.73579699999999, -122.448876 37.735907999999995, -122.44851999999999 37.736374, -122.448504 37.736389, -122.44933499999998 37.736685, -122.449365 37.737345999999995, -122.449464 37.738016000000016, -122.44932499999999 37.738025, -122.44891900000002 37.73799999999999, -122.448705 37.738027, -122.44848000000002 37.738065, -122.448148 37.73807299999999, -122.44790199999998 37.738057000000005, -122.44754100000002 37.737977, -122.447371 37.73793399999999, -122.44658900000002 37.737587, -122.44622699999998 37.73730700000001, -122.446039 37.737079999999985, -122.44603699999999 37.737023, -122.44612099999999 37.73683299999999, -122.446263 37.736663, -122.44646699999998 37.736541, -122.44667100000001 37.73651499999998, -122.446852 37.73655099999999, -122.44702100000002 37.73666599999999, -122.447125 37.73687099999999, -122.447243 37.737027000000005, -122.447455 37.737190000000005, -122.447809 37.737317999999995, -122.448001 37.73660199999998, -122.44776600000002 37.736557, -122.44759899999998 37.736442000000004, -122.44751 37.736311, -122.447452 37.73616399999999, -122.44736400000001 37.736063, -122.446985 37.735732999999996, -122.44685900000002 37.735658, -122.446663 37.73560199999999, -122.446405 37.735602, -122.446378 37.735416, -122.446291 37.735224, -122.446224 37.735141000000006, -122.446062 37.735011, -122.44583399999998 37.734863000000004, -122.445354 37.734548999999994, -122.44433699999999 37.734556999999995, -122.44297100000001 37.73456399999999, -122.442988 37.73491499999997, -122.443194 37.734997, -122.443541 37.735158999999996, -122.443978 37.735378, -122.44414499999999 37.73548999999999, -122.44420800000002 37.73554600000001, -122.444234 37.735642999999996, -122.44429199999999 37.73574399999999, -122.44432800000001 37.73584499999999, -122.44433699999999 37.73606600000001, -122.44440600000001 37.73621899999999, -122.444306 37.736409, -122.44418799999998 37.736528, -122.444039 37.736574999999995, -122.44384200000002 37.73657999999999, -122.44368300000001 37.736537999999996, -122.44360200000001 37.73650299999999, -122.44365500000002 37.73642799999999, -122.44374599999999 37.73635499999997, -122.44380100000001 37.736239, -122.443829 37.73613399999998, -122.44382399999999 37.736009, -122.443792 37.735921999999995, -122.44374599999999 37.735856, -122.44366600000001 37.735786, -122.44356599999999 37.735729, -122.443453 37.73569199999999, -122.44330099999999 37.735676, -122.443162 37.735688, -122.442429 37.735893999999995, -122.44215500000001 37.73597099999999, -122.442029 37.73599099999999, -122.441927 37.735968, -122.441867 37.73597700000002, -122.44169800000002 37.735951, -122.441384 37.73585999999999, -122.44115199999999 37.73570899999998, -122.44101499999998 37.73556999999999, -122.44069400000001 37.735069, -122.44002399999998 37.73490899999998, -122.43993399999998 37.73485699999999, -122.43957300000001 37.734843, -122.439191 37.73473499999999, -122.43892 37.7346, -122.43862899999999 37.734494000000005, -122.438392 37.73442, -122.43840800000001 37.734341, -122.43855500000001 37.73388699999999, -122.438646 37.733609000000015, -122.43881600000002 37.73308699999999, -122.43946 37.73308299999999, -122.43962099999999 37.73311199999998, -122.439752 37.733110999999994, -122.440903 37.733104, -122.44200199999999 37.733098, -122.44432 37.733087999999995, -122.44660100000002 37.733076999999994, -122.44887299999999 37.73306899999999, -122.44887800000001 37.73381000000001, -122.44889299999998 37.734277))",1833.0,0.0,2003,075,S,060750307002003,+37.7356663,-122.4432905,G5040,Block 2003,06,030700,,
60750217002,"POLYGON ((-122.43980400000001 37.735220999999996, -122.439724 37.735532, -122.43973500000001 37.735585, -122.43972299999999 37.73588599999999, -122.439691 37.73719800000001, -122.43973400000002 37.737238999999995, -122.43977100000001 37.737418, -122.43988400000002 37.73769099999999, -122.43992700000001 37.737746, -122.43992 37.73778899999999, -122.43999000000001 37.737813, -122.440124 37.737939000000004, -122.44018799999999 37.738153999999994, -122.44007600000002 37.738451999999995, -122.439841 37.73865, -122.439629 37.738699, -122.43954899999999 37.73868799999999, -122.43945099999998 37.738697, -122.437641 37.73833399999999, -122.437485 37.738322, -122.437398 37.738288, -122.43691600000001 37.73779599999999, -122.437422 37.737854999999996, -122.437512 37.737799, -122.437622 37.73721499999999, -122.436716 37.737092999999994, -122.43637799999999 37.737226000000014, -122.436284 37.737323999999994, -122.43585300000001 37.73769199999998, -122.43508900000002 37.73790199999999, -122.434626 37.73829, -122.43471500000001 37.737547000000006, -122.434731 37.737413, -122.43469699999999 37.73725599999999, -122.434564 37.73677899999999, -122.434401 37.736199, -122.43461200000002 37.73609400000001, -122.434773 37.73587199999999, -122.43498500000001 37.735682, -122.43507700000002 37.73557699999998, -122.43538 37.73533899999999, -122.43539300000002 37.73529899999998, -122.435551 37.73479699999999, -122.43584 37.733875, -122.43592 37.733931, -122.43658 37.734068, -122.43667299999998 37.73404, -122.436752 37.734096, -122.43751399999998 37.734246, -122.438392 37.73442, -122.43862899999999 37.734494000000005, -122.43892 37.7346, -122.439191 37.73473499999999, -122.43957300000001 37.734843, -122.43993399999998 37.73485699999999, -122.43980400000001 37.735220999999996))",9233.0,0.0,2017,075,S,060750217002017,+37.7349879,-122.4391125,G5040,Block 2017,06,021700,,
60750218004,"POLYGON ((-122.43573899999998 37.733898999999994, -122.43584 37.733875, -122.435551 37.73479699999999, -122.43539300000002 37.73529899999998, -122.43538 37.73533899999999, -122.43507700000002 37.73557699999998, -122.43498500000001 37.735682, -122.434773 37.73587199999999, -122.43461200000002 37.73609400000001, -122.434401 37.736199, -122.434564 37.73677899999999, -122.43469699999999 37.73725599999999, -122.434608 37.737273, -122.43437399999999 37.737238, -122.434211 37.73711900000001, -122.43400199999999 37.73688500000001, -122.43370999999998 37.736638000000006, -122.433104 37.736063, -122.43286800000001 37.735839, -122.43253500000002 37.73585399999999, -122.432443 37.73587899999999, -122.431378 37.736574, -122.43134900000001 37.73661799999999, -122.43079099999999 37.73608999999999, -122.430246 37.735559999999985, -122.429699 37.735026999999995, -122.429417 37.73475399999998, -122.429391 37.734636000000016, -122.42960000000001 37.734518, -122.42979900000002 37.73440599999999, -122.430396 37.734121000000016, -122.430928 37.733867000000004, -122.432422 37.73317600000001, -122.43244800000001 37.733191, -122.43257199999998 37.733242999999995, -122.43280200000001 37.73334, -122.432974 37.733311, -122.433201 37.733439, -122.43402100000002 37.733588, -122.434145 37.73355000000001, -122.43423800000001 37.733626, -122.434899 37.733750999999984, -122.434996 37.733717999999996, -122.435067 37.733782, -122.43573899999998 37.733898999999994))",4907.0,0.0,4008,075,S,060750218004008,+37.7342585,-122.4343787,G5040,Block 4008,06,021800,,
60750218003,"POLYGON ((-122.428607 37.73506, -122.428843 37.73493199999997, -122.429391 37.734636000000016, -122.429417 37.73475399999998, -122.429699 37.735026999999995, -122.430246 37.735559999999985, -122.43079099999999 37.73608999999999, -122.43134900000001 37.73661799999999, -122.430072 37.737449000000005, -122.42949600000001 37.737823999999996, -122.42927100000001 37.737970000000004, -122.428726 37.738325999999994, -122.428729 37.738202, -122.42825600000002 37.73774399999999, -122.42770700000001 37.73721400000001, -122.427156 37.736685, -122.426991 37.736527999999986, -122.42672200000001 37.736371999999996, -122.427874 37.735537, -122.42801699999998 37.735444, -122.428573 37.735082000000006, -122.428607 37.73506))",11065.0,0.0,3004,075,S,060750218003004,+37.7357074,-122.4293374,G5040,Block 3004,06,021800,,
60750217003,"POLYGON ((-122.434608 37.737273, -122.43469699999999 37.73725599999999, -122.434731 37.737413, -122.43471500000001 37.737547000000006, -122.434626 37.73829, -122.43508900000002 37.73790199999999, -122.43585300000001 37.73769199999998, -122.436284 37.737323999999994, -122.43637799999999 37.737226000000014, -122.436716 37.737092999999994, -122.437622 37.73721499999999, -122.437512 37.737799, -122.437422 37.737854999999996, -122.43691600000001 37.73779599999999, -122.437398 37.738288, -122.437357 37.738348, -122.43699300000002 37.73847699999999, -122.43676899999998 37.73872499999999, -122.43668 37.738752, -122.43665199999998 37.738868, -122.435956 37.740093, -122.43584 37.740152999999985, -122.43586700000002 37.74025499999997, -122.435632 37.740680999999995, -122.43555800000001 37.74101199999999, -122.435626 37.74136900000001, -122.43566300000002 37.741448999999996, -122.43562100000001 37.741534, -122.43552500000001 37.741651999999995, -122.435425 37.74168799999999, -122.43538699999999 37.74192300000001, -122.43546200000002 37.742273, -122.435509 37.742591999999995, -122.435536 37.74269699999999, -122.43555899999998 37.743160999999986, -122.434622 37.743218, -122.43332 37.74329600000001, -122.43338 37.743174999999994, -122.433315 37.74249499999999, -122.433259 37.741903, -122.432902 37.74192499999999, -122.43278099999999 37.74189899999998, -122.432597 37.7418, -122.43244400000002 37.741772, -122.43222500000002 37.74178299999999, -122.432017 37.741794, -122.43111800000001 37.741831999999995, -122.430888 37.741833, -122.430741 37.740423999999976, -122.43075 37.74035099999997, -122.431759 37.739802999999995, -122.431308 37.739277999999985, -122.43117500000001 37.73915300000001, -122.431029 37.739150999999985, -122.43030100000001 37.739188999999996, -122.429248 37.738981999999986, -122.428729 37.738631, -122.428728 37.738502000000004, -122.428727 37.738412, -122.428726 37.738325999999994, -122.42927100000001 37.737970000000004, -122.42949600000001 37.737823999999996, -122.430072 37.737449000000005, -122.43134900000001 37.73661799999999, -122.431378 37.736574, -122.432443 37.73587899999999, -122.43253500000002 37.73585399999999, -122.43286800000001 37.735839, -122.433104 37.736063, -122.43370999999998 37.736638000000006, -122.43400199999999 37.73688500000001, -122.434211 37.73711900000001, -122.43437399999999 37.737238, -122.434608 37.737273))",24417.0,0.0,3010,075,S,060750217003010,+37.7391582,-122.4357830,G5040,Block 3010,06,021700,,
60750311002,"POLYGON ((-122.446573 37.730698999999994, -122.446578 37.73154900000001, -122.446477 37.73159899999999, -122.44430200000001 37.731604999999995, -122.442118 37.731615, -122.442021 37.731573999999995, -122.44192300000002 37.731624000000004, -122.43984300000001 37.731626999999996, -122.43974299999999 37.731584000000005, -122.439737 37.73073300000001, -122.43973500000001 37.730376, -122.439686 37.730326, -122.439558 37.73019099999998, -122.43948300000001 37.730111999999984, -122.44010199999998 37.72987799999999, -122.440256 37.72982, -122.440781 37.729604999999985, -122.441135 37.729459999999996, -122.44122999999999 37.729423, -122.44180099999998 37.729202, -122.44197 37.729136, -122.44272200000002 37.728793999999986, -122.443075 37.728634, -122.443664 37.728304, -122.44370699999999 37.72830400000001, -122.44427700000001 37.72826200000001, -122.444399 37.728287, -122.446559 37.728275, -122.446564 37.729082999999996, -122.44656899999998 37.729892, -122.446573 37.730698999999994))",18030.0,0.0,2014,075,S,060750311002014,+37.7286845,-122.4454205,G5040,Block 2014,06,031100,,
60750217001,"POLYGON ((-122.44451799999999 37.74069299999999, -122.444682 37.74079299999999, -122.44491099999999 37.740871999999996, -122.44519600000001 37.74092100000002, -122.445523 37.740972, -122.445738 37.741022, -122.445898 37.741116999999996, -122.44596400000002 37.741199, -122.446059 37.741275, -122.44610000000002 37.74135799999999, -122.44615700000001 37.741534999999985, -122.446195 37.741872, -122.446239 37.74201299999999, -122.446257 37.742072, -122.446324 37.742184999999985, -122.446371 37.742238, -122.446411 37.742281999999996, -122.446516 37.74235899999999, -122.44665800000001 37.742442000000004, -122.44684 37.742519, -122.44711 37.74258, -122.44738500000001 37.742609, -122.448489 37.742705, -122.44882099999998 37.742749, -122.44913700000001 37.74282900000001, -122.44935699999999 37.742922, -122.44958299999999 37.74306500000001, -122.44979000000001 37.743257, -122.449861 37.74326499999999, -122.44991900000001 37.74327199999999, -122.45059199999999 37.744091000000004, -122.450587 37.744213, -122.45158899999998 37.745428999999994, -122.451624 37.745534, -122.45157000000002 37.74565399999999, -122.45097000000001 37.74587, -122.45085300000001 37.745826, -122.450705 37.745929, -122.44972100000001 37.746055999999996, -122.44889299999998 37.746232000000006, -122.44856200000001 37.746316, -122.44791599999999 37.74647999999998, -122.44778600000002 37.746438000000005, -122.447659 37.746537, -122.44739899999999 37.74659599999999, -122.447375 37.74648199999999, -122.447285 37.746055, -122.44685300000002 37.74612300000001, -122.446817 37.74595099999999, -122.446739 37.745841, -122.44642799999998 37.74551799999998, -122.446336 37.745460000000016, -122.446179 37.745314, -122.446026 37.74513399999998, -122.44586600000001 37.744804999999985, -122.44578499999999 37.744651999999995, -122.44573300000002 37.744417, -122.445679 37.74413899999999, -122.44559000000001 37.743906, -122.44541100000001 37.74376600000001, -122.44521399999999 37.743688000000006, -122.44465800000002 37.74352799999999, -122.44436 37.743368999999994, -122.44414800000001 37.74329700000001, -122.443901 37.743304, -122.44374300000001 37.74336999999998, -122.44289300000001 37.74384299999999, -122.44274099999998 37.74399500000001, -122.44264400000002 37.744192999999996, -122.44262900000001 37.744347999999995, -122.44227100000002 37.74437499999999, -122.44201399999999 37.74445199999999, -122.44171000000001 37.74462899999997, -122.441366 37.74490699999999, -122.441271 37.74504799999998, -122.44127 37.745231, -122.440088 37.745295999999996, -122.439968 37.74522699999999, -122.439764 37.74496999999999, -122.439529 37.744803999999995, -122.43773900000001 37.74372899999999, -122.43768299999999 37.743609, -122.43751399999998 37.74359399999999, -122.43722700000002 37.743421, -122.43647199999998 37.742886, -122.436098 37.742518999999994, -122.4358 37.742104999999995, -122.435584 37.741611999999996, -122.43562100000001 37.741534, -122.43566300000002 37.741448999999996, -122.435626 37.74136900000001, -122.43555800000001 37.74101199999999, -122.435632 37.740680999999995, -122.43586700000002 37.74025499999997, -122.43584 37.740152999999985, -122.435956 37.740093, -122.43665199999998 37.738868, -122.43668 37.738752, -122.43676899999998 37.73872499999999, -122.43699300000002 37.73847699999999, -122.437357 37.738348, -122.437398 37.738288, -122.437485 37.738322, -122.437641 37.73833399999999, -122.43945099999998 37.738697, -122.43954899999999 37.73868799999999, -122.439629 37.738699, -122.439841 37.73865, -122.44007600000002 37.738451999999995, -122.44018799999999 37.738153999999994, -122.440124 37.737939000000004, -122.43999000000001 37.737813, -122.43992 37.73778899999999, -122.43992700000001 37.737746, -122.43988400000002 37.73769099999999, -122.43977100000001 37.737418, -122.43973400000002 37.737238999999995, -122.439691 37.73719800000001, -122.43972299999999 37.73588599999999, -122.43973500000001 37.735585, -122.439724 37.735532, -122.43980400000001 37.735220999999996, -122.43993399999998 37.73485699999999, -122.44002399999998 37.73490899999998, -122.44069400000001 37.735069, -122.44101499999998 37.73556999999999, -122.44115199999999 37.73570899999998, -122.441384 37.73585999999999, -122.44169800000002 37.735951, -122.441867 37.73597700000002, -122.441927 37.735968, -122.442029 37.73599099999999, -122.44215500000001 37.73597099999999, -122.442429 37.735893999999995, -122.443162 37.735688, -122.44330099999999 37.735676, -122.443453 37.73569199999999, -122.44356599999999 37.735729, -122.44366600000001 37.735786, -122.44374599999999 37.735856, -122.443792 37.735921999999995, -122.44382399999999 37.736009, -122.443829 37.73613399999998, -122.44380100000001 37.736239, -122.44374599999999 37.73635499999997, -122.44365500000002 37.73642799999999, -122.44360200000001 37.73650299999999, -122.44353200000002 37.736602000000005, -122.44265699999998 37.73711899999999, -122.44248899999998 37.737289, -122.442421 37.73743799999999, -122.44240400000001 37.73764, -122.44244599999999 37.73780000000001, -122.44257899999998 37.73817199999999, -122.44262499999999 37.738313999999995, -122.442628 37.738565, -122.442504 37.739238, -122.442525 37.739447999999975, -122.44257800000001 37.739520999999996, -122.442597 37.73954799999999, -122.442718 37.739681999999995, -122.44285700000002 37.739766999999986, -122.44302 37.739813999999996, -122.443419 37.739901999999994, -122.443694 37.73997099999999, -122.443876 37.74006399999998, -122.443922 37.740088000000014, -122.44409799999998 37.740234, -122.444133 37.740279, -122.444366 37.740576, -122.44451799999999 37.74069299999999))",568830.0,0.0,1000,075,S,060750217001000,+37.7417731,-122.4433903,G5040,Block 1000,06,021700,,
60750216002,"POLYGON ((-122.44264400000002 37.744192999999996, -122.44274099999998 37.74399500000001, -122.44289300000001 37.74384299999999, -122.44374300000001 37.74336999999998, -122.443901 37.743304, -122.44414800000001 37.74329700000001, -122.44436 37.743368999999994, -122.44465800000002 37.74352799999999, -122.44521399999999 37.743688000000006, -122.44541100000001 37.74376600000001, -122.44559000000001 37.743906, -122.445679 37.74413899999999, -122.44573300000002 37.744417, -122.44578499999999 37.744651999999995, -122.44586600000001 37.744804999999985, -122.446026 37.74513399999998, -122.446179 37.745314, -122.446336 37.745460000000016, -122.44642799999998 37.74551799999998, -122.446739 37.745841, -122.446817 37.74595099999999, -122.44685300000002 37.74612300000001, -122.447285 37.746055, -122.447375 37.74648199999999, -122.44739899999999 37.74659599999999, -122.44684100000002 37.746722, -122.446648 37.746759999999995, -122.446186 37.746843, -122.445414 37.74696, -122.44504999999998 37.74701499999999, -122.444847 37.746945000000004, -122.444783 37.746770999999995, -122.444603 37.746683, -122.44455600000002 37.746687, -122.444095 37.746722, -122.443961 37.746765, -122.443162 37.747504, -122.44258400000001 37.748079, -122.442519 37.748183, -122.44191700000002 37.748474, -122.44155500000001 37.74857099999999, -122.44140799999998 37.748609999999985, -122.44069300000001 37.74863899999998, -122.439718 37.748649, -122.43885800000001 37.748658999999996, -122.438246 37.748665, -122.438166 37.74783199999999, -122.43809 37.747049999999994, -122.43801100000002 37.74623100000001, -122.43793399999998 37.74543499999999, -122.43786100000001 37.744634, -122.43567999999999 37.744761, -122.43560300000001 37.744, -122.43555899999998 37.743160999999986, -122.435536 37.74269699999999, -122.435509 37.742591999999995, -122.43546200000002 37.742273, -122.43538699999999 37.74192300000001, -122.435425 37.74168799999999, -122.43552500000001 37.741651999999995, -122.43562100000001 37.741534, -122.435584 37.741611999999996, -122.4358 37.742104999999995, -122.436098 37.742518999999994, -122.43647199999998 37.742886, -122.43722700000002 37.743421, -122.43751399999998 37.74359399999999, -122.43768299999999 37.743609, -122.43773900000001 37.74372899999999, -122.439529 37.744803999999995, -122.439764 37.74496999999999, -122.439968 37.74522699999999, -122.440088 37.745295999999996, -122.44127 37.745231, -122.441271 37.74504799999998, -122.441366 37.74490699999999, -122.44171000000001 37.74462899999997, -122.44201399999999 37.74445199999999, -122.44227100000002 37.74437499999999, -122.44262900000001 37.744347999999995, -122.44264400000002 37.744192999999996))",22518.0,0.0,2003,075,S,060750216002003,+37.7464225,-122.4452552,G5040,Block 2003,06,021600,,
60750254013,"POLYGON ((-122.42315200000002 37.735927999999966, -122.423264 37.73596499999999, -122.424466 37.736061, -122.424595 37.735943999999996, -122.42620899999999 37.73607399999999, -122.42654499999999 37.73626899999999, -122.42672200000001 37.736371999999996, -122.42665900000001 37.73641800000001, -122.426166 37.736835, -122.425598 37.737316999999976, -122.425286 37.73764, -122.425111 37.73755099999999, -122.424775 37.73738, -122.42417900000001 37.737325, -122.42403999999999 37.737406, -122.423117 37.73735800000001, -122.42108000000002 37.73726, -122.42112300000001 37.737078, -122.42109200000002 37.73681800000001, -122.42099099999999 37.736536, -122.420813 37.736374000000005, -122.420511 37.736214, -122.42013399999999 37.736137, -122.420163 37.735777, -122.42022399999999 37.735057999999995, -122.42186099999999 37.735139999999994, -122.422121 37.73515299999998, -122.42227199999999 37.73515999999999, -122.422602 37.73517699999999, -122.42268799999998 37.735205, -122.42315200000002 37.735927999999966))",1739.0,0.0,3001,075,S,060750254013001,+37.7369182,-122.4239721,G5040,Block 3001,06,025401,,
60750254012,"POLYGON ((-122.41671799999999 37.73607399999999, -122.41676000000001 37.735605, -122.420163 37.735777, -122.42013399999999 37.736137, -122.420511 37.736214, -122.420813 37.736374000000005, -122.42099099999999 37.736536, -122.42109200000002 37.73681800000001, -122.42112300000001 37.737078, -122.42108000000002 37.73726, -122.421019 37.73745500000001, -122.42091 37.737611, -122.420679 37.737926, -122.420362 37.73809299999999, -122.41998100000002 37.73824, -122.41964599999999 37.738248, -122.419302 37.738182, -122.419073 37.738538, -122.418584 37.73929699999999, -122.41846100000001 37.739249, -122.417779 37.739184, -122.417139 37.73912099999999, -122.41652 37.739062000000004, -122.41589899999998 37.73900199999999, -122.415801 37.73894900000001, -122.41584100000001 37.738451999999995, -122.415955 37.737210999999995, -122.41661300000001 37.737247999999994, -122.41663100000001 37.737036999999994, -122.416696 37.73631699999999, -122.41671799999999 37.73607399999999))",9412.0,0.0,2005,075,S,060750254012005,+37.7374047,-122.4173354,G5040,Block 2005,06,025401,,
60750254011,"POLYGON ((-122.42417900000001 37.737325, -122.424775 37.73738, -122.425111 37.73755099999999, -122.425286 37.73764, -122.42508200000002 37.737851, -122.42495100000001 37.738063, -122.424724 37.738431, -122.42448500000002 37.738993, -122.424276 37.739783999999986, -122.424147 37.739869, -122.42358 37.73988399999999, -122.42309 37.740642, -122.422841 37.741027, -122.42174199999998 37.740581, -122.420856 37.740221, -122.42027500000002 37.73998499999999, -122.41972000000001 37.73975900000002, -122.419566 37.73969599999999, -122.41916499999999 37.739532999999994, -122.418584 37.73929699999999, -122.419073 37.738538, -122.419302 37.738182, -122.41964599999999 37.738248, -122.41998100000002 37.73824, -122.420362 37.73809299999999, -122.420679 37.737926, -122.42091 37.737611, -122.421019 37.73745500000001, -122.42108000000002 37.73726, -122.423117 37.73735800000001, -122.42403999999999 37.737406, -122.42417900000001 37.737325))",4880.0,0.0,1008,075,S,060750254011008,+37.7386763,-122.4245691,G5040,Block 1008,06,025401,,
60750253002,"POLYGON ((-122.41916499999999 37.739532999999994, -122.419566 37.73969599999999, -122.41972000000001 37.73975900000002, -122.42027500000002 37.73998499999999, -122.420856 37.740221, -122.42174199999998 37.740581, -122.42126400000001 37.74131399999999, -122.42098 37.74175, -122.42069300000001 37.742191, -122.42057600000001 37.742372, -122.42038699999999 37.742678999999995, -122.41980699999999 37.742444, -122.419491 37.74231799999999, -122.418914 37.742085, -122.418735 37.74201000000001, -122.418702 37.741961999999994, -122.418692 37.741884, -122.41876200000002 37.741317000000016, -122.418752 37.74118, -122.41883400000002 37.740983, -122.418347 37.740789, -122.41777 37.740564, -122.418584 37.73929699999999, -122.41916499999999 37.739532999999994))",5312.0,0.0,2002,075,S,060750253002002,+37.7422555,-122.4200944,G5040,Block 2002,06,025300,,
60750253003,"POLYGON ((-122.424048 37.74062999999999, -122.424036 37.740657999999996, -122.42394200000001 37.740888999999996, -122.42362100000001 37.741671, -122.42340300000001 37.74220299999998, -122.42328599999999 37.74229499999999, -122.42330199999999 37.74242599999999, -122.42304300000002 37.743114, -122.422763 37.743854999999996, -122.42266900000001 37.743942000000004, -122.421977 37.74397899999999, -122.42089400000002 37.744037999999996, -122.42148500000002 37.743123, -122.42038699999999 37.742678999999995, -122.42057600000001 37.742372, -122.42069300000001 37.742191, -122.42098 37.74175, -122.42126400000001 37.74131399999999, -122.42174199999998 37.740581, -122.422841 37.741027, -122.42309 37.740642, -122.42358 37.73988399999999, -122.424147 37.739869, -122.42425799999998 37.739934999999996, -122.42413700000002 37.740336, -122.424048 37.74062999999999))",5953.0,0.0,3008,075,S,060750253003008,+37.7417557,-122.4216736,G5040,Block 3008,06,025300,,
60750218002,"POLYGON ((-122.42825600000002 37.73774399999999, -122.428729 37.738202, -122.428726 37.738325999999994, -122.428727 37.738412, -122.428728 37.738502000000004, -122.428729 37.738631, -122.429248 37.738981999999986, -122.43030100000001 37.739188999999996, -122.431029 37.739150999999985, -122.43117500000001 37.73915300000001, -122.431308 37.739277999999985, -122.431759 37.739802999999995, -122.43075 37.74035099999997, -122.430741 37.740423999999976, -122.43035 37.7402, -122.42984 37.740753, -122.428736 37.740121999999985, -122.427915 37.739652, -122.427652 37.739668, -122.426619 37.739730999999985, -122.42557800000002 37.73979499999999, -122.42450300000002 37.73986, -122.424147 37.739869, -122.424276 37.739783999999986, -122.42448500000002 37.738993, -122.424724 37.738431, -122.42495100000001 37.738063, -122.42508200000002 37.737851, -122.425286 37.73764, -122.425598 37.737316999999976, -122.426166 37.736835, -122.42665900000001 37.73641800000001, -122.42672200000001 37.736371999999996, -122.426991 37.736527999999986, -122.427156 37.736685, -122.42770700000001 37.73721400000001, -122.42825600000002 37.73774399999999))",14233.0,0.0,2008,075,S,060750218002008,+37.7383282,-122.4267817,G5040,Block 2008,06,021800,,
60750218001,"POLYGON ((-122.427879 37.74201499999998, -122.42684599999998 37.742078, -122.42651800000002 37.742098, -122.425814 37.74214099999999, -122.42423300000002 37.742235999999984, -122.42328599999999 37.74229499999999, -122.42340300000001 37.74220299999998, -122.42362100000001 37.741671, -122.42394200000001 37.740888999999996, -122.424036 37.740657999999996, -122.424048 37.74062999999999, -122.42413700000002 37.740336, -122.42425799999998 37.739934999999996, -122.424147 37.739869, -122.42450300000002 37.73986, -122.42557800000002 37.73979499999999, -122.426619 37.739730999999985, -122.427652 37.739668, -122.427915 37.739652, -122.428736 37.740121999999985, -122.42984 37.740753, -122.43035 37.7402, -122.430741 37.740423999999976, -122.430888 37.741833, -122.42994700000001 37.74189000000001, -122.42891100000001 37.74195299999999, -122.428729 37.741963999999996, -122.427879 37.74201499999998))",23937.0,0.0,1003,075,S,060750218001003,+37.7409345,-122.4262141,G5040,Block 1003,06,021800,,
60750215003,"POLYGON ((-122.42880600000001 37.742764, -122.42659399999998 37.74289699999998, -122.42667 37.743700000000004, -122.424385 37.74383799999999, -122.42266900000001 37.743942000000004, -122.422763 37.743854999999996, -122.42304300000002 37.743114, -122.42330199999999 37.74242599999999, -122.42328599999999 37.74229499999999, -122.42423300000002 37.742235999999984, -122.425814 37.74214099999999, -122.42651800000002 37.742098, -122.42684599999998 37.742078, -122.427879 37.74201499999998, -122.428729 37.741963999999996, -122.42891100000001 37.74195299999999, -122.42994700000001 37.74189000000001, -122.430888 37.741833, -122.43095299999999 37.74191700000001, -122.43102200000001 37.74263099999999, -122.42880600000001 37.742764))",1129.0,0.0,3001,075,S,060750215003001,+37.7434352,-122.4243478,G5040,Block 3001,06,021500,,
60750215004,"POLYGON ((-122.43118 37.74424499999999, -122.43125599999999 37.74503199999999, -122.42903700000001 37.745165, -122.426822 37.74529899999999, -122.426746 37.744496999999996, -122.42667 37.743700000000004, -122.42659399999998 37.74289699999998, -122.42880600000001 37.742764, -122.43102200000001 37.74263099999999, -122.43109999999999 37.743430999999994, -122.43118 37.74424499999999))",17459.0,0.0,4004,075,S,060750215004004,+37.7432316,-122.4277378,G5040,Block 4004,06,021500,,
60750216001,"POLYGON ((-122.43786100000001 37.744634, -122.43793399999998 37.74543499999999, -122.43801100000002 37.74623100000001, -122.43809 37.747049999999994, -122.435916 37.74717899999999, -122.435026 37.747224, -122.434383 37.74725599999999, -122.43369700000001 37.747296999999996, -122.43212900000002 37.747389999999996, -122.43177399999999 37.747413, -122.431477 37.747434, -122.43141200000001 37.74663, -122.43132500000002 37.74582799999998, -122.43125599999999 37.74503199999999, -122.43118 37.74424499999999, -122.43109999999999 37.743430999999994, -122.43102200000001 37.74263099999999, -122.43095299999999 37.74191700000001, -122.430888 37.741833, -122.43111800000001 37.741831999999995, -122.432017 37.741794, -122.43222500000002 37.74178299999999, -122.43244400000002 37.741772, -122.432597 37.7418, -122.43278099999999 37.74189899999998, -122.432902 37.74192499999999, -122.433259 37.741903, -122.433315 37.74249499999999, -122.43338 37.743174999999994, -122.43332 37.74329600000001, -122.434622 37.743218, -122.43555899999998 37.743160999999986, -122.43560300000001 37.744, -122.43567999999999 37.744761, -122.43786100000001 37.744634))",39680.0,0.0,1005,075,S,060750216001005,+37.7457689,-122.4326245,G5040,Block 1005,06,021600,,
60750213001,"POLYGON ((-122.43599000000002 37.747963, -122.436067 37.748762, -122.43613800000001 37.749562, -122.43832000000002 37.74942999999998, -122.438397 37.75022600000001, -122.43847400000001 37.751024, -122.43629899999999 37.751152999999995, -122.43409000000001 37.75130399999999, -122.43400699999998 37.750494999999994, -122.433929 37.749696, -122.433851 37.74889599999999, -122.43376900000001 37.748096999999994, -122.43369700000001 37.747296999999996, -122.434383 37.74725599999999, -122.435026 37.747224, -122.435916 37.74717899999999, -122.43599000000002 37.747963))",17443.0,0.0,1005,075,S,060750213001005,+37.7484294,-122.4349192,G5040,Block 1005,06,021300,,
60750215005,"POLYGON ((-122.42689099999998 37.746099, -122.426822 37.74529899999999, -122.42903700000001 37.745165, -122.43125599999999 37.74503199999999, -122.43132500000002 37.74582799999998, -122.43141200000001 37.74663, -122.431477 37.747434, -122.42927 37.74756399999999, -122.42704499999999 37.74769599999999, -122.42696800000002 37.74689699999998, -122.42692999999998 37.74649900000001, -122.42689099999998 37.746099))",17464.0,0.0,5001,075,S,060750215005001,+37.7470974,-122.4303385,G5040,Block 5001,06,021500,,
60750213002,"POLYGON ((-122.444172 37.74755599999999, -122.444158 37.74779100000001, -122.44422099999998 37.748031, -122.444267 37.74838, -122.444093 37.74868500000001, -122.44370400000001 37.749176999999996, -122.443553 37.749443, -122.443441 37.750015, -122.44334699999999 37.750083, -122.44340199999998 37.750187000000004, -122.443255 37.750769, -122.44310300000002 37.75077099999998, -122.442783 37.750772999999995, -122.441687 37.750836000000014, -122.440616 37.750901999999996, -122.439547 37.750963, -122.43847400000001 37.751024, -122.438397 37.75022600000001, -122.43832000000002 37.74942999999998, -122.43613800000001 37.749562, -122.436067 37.748762, -122.43599000000002 37.747963, -122.435916 37.74717899999999, -122.43809 37.747049999999994, -122.438166 37.74783199999999, -122.438246 37.748665, -122.43885800000001 37.748658999999996, -122.439718 37.748649, -122.44069300000001 37.74863899999998, -122.44140799999998 37.748609999999985, -122.44155500000001 37.74857099999999, -122.44191700000002 37.748474, -122.442519 37.748183, -122.44258400000001 37.748079, -122.443162 37.747504, -122.443961 37.746765, -122.444095 37.746722, -122.44455600000002 37.746687, -122.44478599999998 37.746933999999996, -122.44481999999999 37.746970000000005, -122.44474000000001 37.74704499999999, -122.44461999999999 37.74708100000001, -122.44442599999999 37.747173999999994, -122.44429199999999 37.747309, -122.444172 37.74755599999999))",16958.0,0.0,2002,075,S,060750213002002,+37.7500665,-122.4410751,G5040,Block 2002,06,021300,,
60750214002,"POLYGON ((-122.429346 37.748362000000014, -122.429423 37.74915799999999, -122.4295 37.749964999999996, -122.42838900000001 37.750031, -122.42727700000002 37.75009699999999, -122.42499900000001 37.750233, -122.42490800000002 37.75012499999998, -122.42486900000002 37.749725000000005, -122.42485100000002 37.74954799999998, -122.42492300000002 37.749435, -122.42483000000001 37.74933099999999, -122.42477300000002 37.74875199999997, -122.42484500000002 37.748633, -122.424918 37.748512, -122.42486300000002 37.747938999999995, -122.42476799999999 37.74783, -122.42704499999999 37.74769599999999, -122.42927 37.74756399999999, -122.431477 37.747434, -122.43177399999999 37.747413, -122.43212900000002 37.747389999999996, -122.43369700000001 37.747296999999996, -122.43376900000001 37.748096999999994, -122.431557 37.748228999999974, -122.429346 37.748362000000014))",17289.0,0.0,2007,075,S,060750214002007,+37.7478974,-122.4304104,G5040,Block 2007,06,021400,,
60750214003,"POLYGON ((-122.433929 37.749696, -122.43400699999998 37.750494999999994, -122.43409000000001 37.75130399999999, -122.43187700000001 37.75143699999999, -122.42965899999999 37.75157099999999, -122.429577 37.750761999999995, -122.4295 37.749964999999996, -122.429423 37.74915799999999, -122.429346 37.748362000000014, -122.431557 37.748228999999974, -122.43376900000001 37.748096999999994, -122.433851 37.74889599999999, -122.433929 37.749696))",17428.0,0.0,3005,075,S,060750214003005,+37.7493626,-122.4327838,G5040,Block 3005,06,021400,,
60750211003,"POLYGON ((-122.43424000000002 37.752890999999984, -122.434317 37.75369, -122.4321 37.75382299999999, -122.42988399999999 37.75395699999999, -122.429808 37.753158, -122.429731 37.75236199999999, -122.42965899999999 37.75157099999999, -122.43187700000001 37.75143699999999, -122.43409000000001 37.75130399999999, -122.43416299999998 37.752092, -122.43424000000002 37.752890999999984))",17387.0,0.0,3003,075,S,060750211003003,+37.7526927,-122.4308782,G5040,Block 3003,06,021100,,
60750204021,"POLYGON ((-122.44856200000001 37.746316, -122.44889299999998 37.746232000000006, -122.44972100000001 37.746055999999996, -122.450705 37.745929, -122.45085300000001 37.745826, -122.45087 37.746078, -122.45072699999999 37.74618700000001, -122.450521 37.746207, -122.450169 37.746269000000005, -122.449797 37.746442, -122.44944699999999 37.746660000000006, -122.44931000000001 37.746715999999985, -122.449146 37.74685999999999, -122.44904800000002 37.747074999999995, -122.44873799999999 37.747816, -122.44864899999999 37.74798799999999, -122.448272 37.748586, -122.447794 37.749408, -122.44769600000002 37.74948500000001, -122.447558 37.74951299999999, -122.44734800000002 37.74945400000002, -122.447149 37.749339, -122.446513 37.748872999999996, -122.446321 37.74878200000001, -122.446146 37.74873299999998, -122.44590000000001 37.74876100000001, -122.445697 37.74885499999999, -122.44563500000001 37.748982999999996, -122.445658 37.749137000000005, -122.44580300000001 37.749296, -122.446924 37.749961999999975, -122.447061 37.74999899999999, -122.447716 37.750196999999986, -122.44795800000001 37.75027, -122.44813299999998 37.75025000000001, -122.448264 37.75016799999999, -122.448885 37.749338999999985, -122.44905100000001 37.74918299999998, -122.44924499999998 37.749106000000005, -122.44940000000001 37.749106, -122.44954300000002 37.74918199999999, -122.44963999999999 37.74931399999999, -122.44971699999999 37.749539999999996, -122.44968200000001 37.74982299999998, -122.44949800000002 37.750256, -122.449423 37.750412, -122.449305 37.750547000000005, -122.449185 37.75063699999998, -122.44883800000001 37.75082799999999, -122.44873000000001 37.750901999999996, -122.44792799999999 37.750797999999996, -122.447769 37.750831, -122.447633 37.750907999999995, -122.44709000000002 37.751505, -122.44703399999999 37.75165899999999, -122.447029 37.751774999999995, -122.44709499999998 37.751931, -122.44739799999998 37.752262, -122.447536 37.75248200000001, -122.447357 37.752720999999994, -122.44722500000002 37.752848, -122.446777 37.75324899999998, -122.44671600000001 37.75338800000001, -122.446734 37.753572999999996, -122.446869 37.75376199999998, -122.44721 37.754043, -122.44737599999999 37.754218, -122.447435 37.75432899999999, -122.447699 37.75482999999999, -122.447943 37.755531999999995, -122.447962 37.75567299999999, -122.447852 37.755821, -122.44768299999998 37.75586799999999, -122.44753 37.755821, -122.447004 37.755438, -122.44680899999999 37.75534899999999, -122.44656 37.755345999999996, -122.446152 37.75546399999999, -122.44578200000001 37.755507, -122.445348 37.755618999999996, -122.445222 37.755736999999996, -122.44526800000001 37.755921, -122.445464 37.755984000000005, -122.445929 37.75583, -122.44612599999999 37.75580400000001, -122.446339 37.75591100000001, -122.446777 37.756299, -122.44694999999999 37.75655, -122.44594599999999 37.75641299999999, -122.445849 37.75642500000001, -122.445646 37.756448999999996, -122.44528300000002 37.756572999999996, -122.445026 37.756612000000004, -122.444763 37.756558000000005, -122.444545 37.75643, -122.444501 37.756374, -122.44448499999999 37.756353999999995, -122.444342 37.75617299999999, -122.44428400000001 37.756026999999996, -122.44423900000001 37.755911, -122.444219 37.75558399999999, -122.44420899999999 37.755162999999996, -122.444186 37.755014999999986, -122.44400199999998 37.754609, -122.443966 37.754456999999995, -122.44400199999998 37.754267, -122.44406400000001 37.75417100000001, -122.44409100000001 37.754129000000006, -122.444261 37.753913000000004, -122.44430000000003 37.753623999999995, -122.44437400000001 37.753379, -122.44461 37.753201, -122.44463999999999 37.753136, -122.443762 37.752747, -122.443773 37.75264699999997, -122.44371900000002 37.752489, -122.44361000000002 37.75231200000001, -122.44349900000002 37.75213099999999, -122.443462 37.751996999999996, -122.44349 37.751889999999996, -122.443548 37.75179899999999, -122.44359899999999 37.75171799999999, -122.44369299999998 37.751566, -122.44389799999999 37.751152, -122.444017 37.750839, -122.44407100000001 37.750659, -122.44396899999998 37.75045899999999, -122.44367199999998 37.750124000000014, -122.44358900000002 37.75015799999999, -122.443426 37.75013699999999, -122.44334699999999 37.750083, -122.443441 37.750015, -122.443553 37.749443, -122.44370400000001 37.749176999999996, -122.444093 37.74868500000001, -122.444267 37.74838, -122.44422099999998 37.748031, -122.444158 37.74779100000001, -122.444172 37.74755599999999, -122.44429199999999 37.747309, -122.44442599999999 37.747173999999994, -122.44461999999999 37.74708100000001, -122.44474000000001 37.74704499999999, -122.44481999999999 37.746970000000005, -122.44478599999998 37.746933999999996, -122.44455600000002 37.746687, -122.444603 37.746683, -122.444783 37.746770999999995, -122.444847 37.746945000000004, -122.44504999999998 37.74701499999999, -122.445414 37.74696, -122.446186 37.746843, -122.446648 37.746759999999995, -122.44684100000002 37.746722, -122.44739899999999 37.74659599999999, -122.447659 37.746537, -122.44778600000002 37.746438000000005, -122.44791599999999 37.74647999999998, -122.44856200000001 37.746316))",10413.0,0.0,1007,075,S,060750204021007,+37.7515933,-122.4454818,G5040,Block 1007,06,020402,,
60750305002,"POLYGON ((-122.451179 37.74736099999998, -122.45176200000002 37.747983999999995, -122.45203300000001 37.748273999999995, -122.4521 37.74843099999999, -122.45212000000001 37.74866900000001, -122.45212300000001 37.74935099999999, -122.452133 37.751236, -122.452929 37.751215, -122.452441 37.752193, -122.45226100000001 37.752402, -122.452118 37.752539999999996, -122.45203900000001 37.75267399999999, -122.45205399999999 37.752817, -122.45210200000001 37.75295999999999, -122.45223199999998 37.75319, -122.45240500000001 37.753392999999996, -122.45257 37.753542, -122.45159400000001 37.753899, -122.45136 37.753961, -122.45111100000001 37.75393100000001, -122.450941 37.75387899999999, -122.450797 37.75376599999999, -122.45070899999999 37.753615999999994, -122.45001200000002 37.753935999999996, -122.44971500000001 37.75407200000001, -122.44956700000002 37.75413999999999, -122.449339 37.75376699999998, -122.44925 37.75354699999999, -122.449212 37.75334299999999, -122.44919500000002 37.75314200000001, -122.44920199999999 37.752987999999995, -122.449223 37.752826000000006, -122.44926 37.75263999999998, -122.44932299999999 37.75239299999999, -122.449422 37.751920000000005, -122.44953799999999 37.75139800000001, -122.44965800000001 37.751259999999995, -122.44981799999998 37.75117099999999, -122.45002 37.75113499999999, -122.45004 37.750789999999995, -122.45012000000001 37.750377, -122.450279 37.749813, -122.45036000000002 37.749369, -122.45037800000001 37.749157000000004, -122.450376 37.748837, -122.449121 37.74848599999999, -122.44962 37.74733, -122.44982900000001 37.746845, -122.450523 37.74683499999999, -122.450653 37.746866999999995, -122.450789 37.74694399999999, -122.451179 37.74736099999998))",16772.0,0.0,2003,075,S,060750305002003,+37.7523832,-122.4517871,G5040,Block 2003,06,030500,,
60750305001,"POLYGON ((-122.453625 37.753371, -122.455537 37.75377399999999, -122.45523600000001 37.75420499999998, -122.455175 37.754337, -122.455125 37.754876, -122.45509500000001 37.75497599999999, -122.455052 37.755116, -122.454821 37.75554699999999, -122.45425 37.756347, -122.454172 37.756507, -122.45407800000001 37.757027000000015, -122.45402700000001 37.75717999999998, -122.453872 37.75737799999999, -122.45376900000001 37.757467999999996, -122.45366899999999 37.757556, -122.45359400000001 37.757622000000005, -122.453317 37.757819999999995, -122.45289499999998 37.75806299999997, -122.45283500000001 37.75809700000001, -122.452551 37.758191999999994, -122.452298 37.758277000000014, -122.45211699999999 37.75832499999997, -122.45204799999999 37.75834400000001, -122.451367 37.758576, -122.450929 37.758725, -122.448535 37.75904500000001, -122.44847400000002 37.75895399999999, -122.44848400000001 37.758609, -122.44829499999999 37.758029, -122.448182 37.757849999999976, -122.447915 37.757588999999996, -122.447819 37.75748999999998, -122.44770700000001 37.757345, -122.44754700000001 37.75718999999997, -122.44730700000001 37.757042, -122.447165 37.756916, -122.447119 37.75687499999998, -122.44703300000002 37.756755999999996, -122.44694999999999 37.75655, -122.446777 37.756299, -122.446339 37.75591100000001, -122.44612599999999 37.75580400000001, -122.445929 37.75583, -122.445464 37.755984000000005, -122.44526800000001 37.755921, -122.445222 37.755736999999996, -122.445348 37.755618999999996, -122.44578200000001 37.755507, -122.446152 37.75546399999999, -122.44656 37.755345999999996, -122.44680899999999 37.75534899999999, -122.447004 37.755438, -122.44753 37.755821, -122.44768299999998 37.75586799999999, -122.447852 37.755821, -122.447962 37.75567299999999, -122.447943 37.755531999999995, -122.447699 37.75482999999999, -122.447435 37.75432899999999, -122.44737599999999 37.754218, -122.44721 37.754043, -122.446869 37.75376199999998, -122.446734 37.753572999999996, -122.44671600000001 37.75338800000001, -122.446777 37.75324899999998, -122.44722500000002 37.752848, -122.447357 37.752720999999994, -122.447536 37.75248200000001, -122.44739799999998 37.752262, -122.44709499999998 37.751931, -122.447029 37.751774999999995, -122.44703399999999 37.75165899999999, -122.44709000000002 37.751505, -122.447633 37.750907999999995, -122.447769 37.750831, -122.44792799999999 37.750797999999996, -122.44873000000001 37.750901999999996, -122.44883800000001 37.75082799999999, -122.449185 37.75063699999998, -122.449305 37.750547000000005, -122.449423 37.750412, -122.44949800000002 37.750256, -122.44968200000001 37.74982299999998, -122.44971699999999 37.749539999999996, -122.44963999999999 37.74931399999999, -122.44954300000002 37.74918199999999, -122.44940000000001 37.749106, -122.44924499999998 37.749106000000005, -122.44905100000001 37.74918299999998, -122.448885 37.749338999999985, -122.448264 37.75016799999999, -122.44813299999998 37.75025000000001, -122.44795800000001 37.75027, -122.447716 37.750196999999986, -122.447061 37.74999899999999, -122.446924 37.749961999999975, -122.44580300000001 37.749296, -122.445658 37.749137000000005, -122.44563500000001 37.748982999999996, -122.445697 37.74885499999999, -122.44590000000001 37.74876100000001, -122.446146 37.74873299999998, -122.446321 37.74878200000001, -122.446513 37.748872999999996, -122.447149 37.749339, -122.44734800000002 37.74945400000002, -122.447558 37.74951299999999, -122.44769600000002 37.74948500000001, -122.447794 37.749408, -122.448272 37.748586, -122.44864899999999 37.74798799999999, -122.44873799999999 37.747816, -122.44904800000002 37.747074999999995, -122.449146 37.74685999999999, -122.44931000000001 37.746715999999985, -122.44944699999999 37.746660000000006, -122.44965800000001 37.74679, -122.44982900000001 37.746845, -122.44962 37.74733, -122.449121 37.74848599999999, -122.450376 37.748837, -122.45037800000001 37.749157000000004, -122.45036000000002 37.749369, -122.450279 37.749813, -122.45012000000001 37.750377, -122.45004 37.750789999999995, -122.45002 37.75113499999999, -122.44981799999998 37.75117099999999, -122.44965800000001 37.751259999999995, -122.44953799999999 37.75139800000001, -122.449422 37.751920000000005, -122.44932299999999 37.75239299999999, -122.44926 37.75263999999998, -122.449223 37.752826000000006, -122.44920199999999 37.752987999999995, -122.44919500000002 37.75314200000001, -122.449212 37.75334299999999, -122.44925 37.75354699999999, -122.449339 37.75376699999998, -122.44956700000002 37.75413999999999, -122.44971500000001 37.75407200000001, -122.45001200000002 37.753935999999996, -122.45070899999999 37.753615999999994, -122.450797 37.75376599999999, -122.450941 37.75387899999999, -122.45111100000001 37.75393100000001, -122.45136 37.753961, -122.45159400000001 37.753899, -122.45257 37.753542, -122.452977 37.75338299999999, -122.453262 37.753333000000005, -122.453625 37.753371))",42169.0,0.0,1001,075,S,060750305001001,+37.7574879,-122.4518560,G5040,Block 1001,06,030500,,
60750212002,"POLYGON ((-122.43847400000001 37.751024, -122.439547 37.750963, -122.440616 37.750901999999996, -122.441687 37.750836000000014, -122.442783 37.750772999999995, -122.44310300000002 37.75077099999998, -122.443255 37.750769, -122.443213 37.750935, -122.44306199999998 37.751528000000015, -122.442991 37.75180799999999, -122.442847 37.75237499999997, -122.44270399999999 37.752376999999996, -122.442525 37.75237999999999, -122.440774 37.752497999999996, -122.43862799999998 37.75262899999999, -122.437494 37.75269699999999, -122.436454 37.75276, -122.43424000000002 37.752890999999984, -122.43416299999998 37.752092, -122.43409000000001 37.75130399999999, -122.43629899999999 37.751152999999995, -122.43847400000001 37.751024))",13982.0,0.0,2003,075,S,060750212002003,+37.7520325,-122.4416277,G5040,Block 2003,06,021200,,
60750204022,"POLYGON ((-122.444017 37.750839, -122.44389799999999 37.751152, -122.44369299999998 37.751566, -122.44359899999999 37.75171799999999, -122.443548 37.75179899999999, -122.44349 37.751889999999996, -122.443462 37.751996999999996, -122.44349900000002 37.75213099999999, -122.44361000000002 37.75231200000001, -122.44371900000002 37.752489, -122.443773 37.75264699999997, -122.443762 37.752747, -122.44463999999999 37.753136, -122.44461 37.753201, -122.44437400000001 37.753379, -122.44430000000003 37.753623999999995, -122.444261 37.753913000000004, -122.44409100000001 37.754129000000006, -122.44406400000001 37.75417100000001, -122.44400199999998 37.754267, -122.443966 37.754456999999995, -122.44400199999998 37.754609, -122.444186 37.755014999999986, -122.44420899999999 37.755162999999996, -122.444219 37.75558399999999, -122.44423900000001 37.755911, -122.44428400000001 37.756026999999996, -122.444342 37.75617299999999, -122.44448499999999 37.756353999999995, -122.444385 37.756401999999994, -122.444375 37.756421999999986, -122.444357 37.756456, -122.44435500000002 37.756502999999995, -122.44440699999998 37.756567999999994, -122.44481999999999 37.75680799999999, -122.44510600000001 37.75696099999998, -122.444979 37.757204, -122.444964 37.757273, -122.44481200000001 37.757253000000006, -122.44469599999998 37.757224, -122.443933 37.75670699999999, -122.44338300000001 37.75633700000001, -122.443276 37.756234, -122.443334 37.75642400000002, -122.442981 37.75616000000001, -122.442379 37.756512, -122.442273 37.75657499999999, -122.44221999999999 37.756638999999986, -122.44224400000002 37.756754999999984, -122.44228700000001 37.75685399999999, -122.44237100000001 37.757584, -122.44228100000001 37.75763, -122.442258 37.757734000000006, -122.44223800000002 37.758103999999996, -122.442223 37.75832299999999, -122.442209 37.758514, -122.442164 37.75875400000002, -122.44217499999999 37.758939000000005, -122.44103400000002 37.75900999999999, -122.44079799999999 37.759025, -122.44059099999998 37.759042, -122.440381 37.75903200000001, -122.44009599999998 37.758979, -122.43916700000001 37.75902800000001, -122.439114 37.758463, -122.43907400000002 37.757855000000006, -122.43903299999998 37.757415000000016, -122.439003 37.75708999999999, -122.438977 37.75702199999999, -122.438839 37.755525000000006, -122.43886400000001 37.755434, -122.438974 37.755389, -122.439647 37.75532, -122.440033 37.755229, -122.44034500000001 37.755227999999995, -122.44044999999998 37.755065, -122.440768 37.754609, -122.440897 37.754493, -122.441076 37.754178, -122.44116300000002 37.75409, -122.441307 37.753879999999995, -122.44180699999998 37.753471, -122.441886 37.75336499999999, -122.442057 37.75307099999999, -122.44223899999999 37.752829999999996, -122.442493 37.752607000000005, -122.442525 37.75237999999999, -122.44270399999999 37.752376999999996, -122.442847 37.75237499999997, -122.442991 37.75180799999999, -122.44306199999998 37.751528000000015, -122.443213 37.750935, -122.443255 37.750769, -122.44340199999998 37.750187000000004, -122.44334699999999 37.750083, -122.443426 37.75013699999999, -122.44358900000002 37.75015799999999, -122.44367199999998 37.750124000000014, -122.44396899999998 37.75045899999999, -122.44407100000001 37.750659, -122.444017 37.750839))",540.0,0.0,2017,075,S,060750204022017,+37.7527804,-122.4427909,G5040,Block 2017,06,020402,,
60750212003,"POLYGON ((-122.442057 37.75307099999999, -122.441886 37.75336499999999, -122.44180699999998 37.753471, -122.441307 37.753879999999995, -122.44116300000002 37.75409, -122.441076 37.754178, -122.440897 37.754493, -122.440768 37.754609, -122.44044999999998 37.755065, -122.44034500000001 37.755227999999995, -122.440033 37.755229, -122.439647 37.75532, -122.438974 37.755389, -122.43886400000001 37.755434, -122.437769 37.755541, -122.43764899999998 37.754296000000004, -122.437494 37.75269699999999, -122.43862799999998 37.75262899999999, -122.440774 37.752497999999996, -122.442525 37.75237999999999, -122.442493 37.752607000000005, -122.44223899999999 37.752829999999996, -122.442057 37.75307099999999))",12063.0,0.0,3001,075,S,060750212003001,+37.7547689,-122.4393673,G5040,Block 3001,06,021200,,
60750212001,"POLYGON ((-122.436454 37.75276, -122.437494 37.75269699999999, -122.43764899999998 37.754296000000004, -122.437769 37.755541, -122.437803 37.755893, -122.43674400000002 37.755966, -122.43564200000002 37.756040999999996, -122.434671 37.75610899999999, -122.434546 37.75609300000001, -122.43447 37.75528899999999, -122.43439399999998 37.75449400000001, -122.434317 37.75369, -122.43424000000002 37.752890999999984, -122.436454 37.75276))",16415.0,0.0,1003,075,S,060750212001003,+37.7535291,-122.4370498,G5040,Block 1003,06,021200,,
60750204012,"POLYGON ((-122.44338300000001 37.75633700000001, -122.443933 37.75670699999999, -122.44469599999998 37.757224, -122.44481200000001 37.757253000000006, -122.444964 37.757273, -122.444979 37.757204, -122.44510600000001 37.75696099999998, -122.44481999999999 37.75680799999999, -122.44440699999998 37.756567999999994, -122.44435500000002 37.756502999999995, -122.444357 37.756456, -122.444375 37.756421999999986, -122.444385 37.756401999999994, -122.44448499999999 37.756353999999995, -122.444501 37.756374, -122.444545 37.75643, -122.444763 37.756558000000005, -122.445026 37.756612000000004, -122.44528300000002 37.756572999999996, -122.445646 37.756448999999996, -122.445849 37.75642500000001, -122.44594599999999 37.75641299999999, -122.44694999999999 37.75655, -122.44703300000002 37.756755999999996, -122.447119 37.75687499999998, -122.447165 37.756916, -122.44730700000001 37.757042, -122.44754700000001 37.75718999999997, -122.44770700000001 37.757345, -122.447819 37.75748999999998, -122.447915 37.757588999999996, -122.447768 37.75766199999999, -122.447488 37.757799000000006, -122.44730300000002 37.757891, -122.447036 37.758174, -122.446772 37.758454000000015, -122.44639499999998 37.75885600000001, -122.44626700000002 37.758753999999996, -122.446021 37.758722, -122.44586299999999 37.758738, -122.44491099999999 37.758328999999996, -122.44456299999999 37.75833000000001, -122.44424700000002 37.758264, -122.443994 37.75814799999997, -122.44378200000001 37.75819299999999, -122.44376700000001 37.758120999999996, -122.44344600000001 37.757920999999996, -122.44331999999999 37.75781400000001, -122.44321700000002 37.757799, -122.44320200000001 37.75771000000002, -122.44315800000001 37.75766699999998, -122.443003 37.757493000000004, -122.44291499999999 37.757360000000006, -122.44261799999998 37.756939999999986, -122.442525 37.75683299999999, -122.442339 37.756693, -122.44221999999999 37.756638999999986, -122.442273 37.75657499999999, -122.442379 37.756512, -122.442981 37.75616000000001, -122.443334 37.75642400000002, -122.443276 37.756234, -122.44338300000001 37.75633700000001))",827.0,0.0,2006,075,S,060750204012006,+37.7566426,-122.4446556,G5040,Block 2006,06,020401,,
60750301023,"POLYGON ((-122.44829499999999 37.758029, -122.44848400000001 37.758609, -122.44847400000002 37.75895399999999, -122.448535 37.75904500000001, -122.450929 37.758725, -122.451367 37.758576, -122.45151899999999 37.759311999999994, -122.451553 37.759471999999995, -122.451958 37.761478, -122.45057999999999 37.761560999999986, -122.44912 37.761647999999994, -122.44778 37.76172599999999, -122.446783 37.76178100000001, -122.44652999999998 37.761396, -122.44641 37.761094, -122.44643399999998 37.761007, -122.44639400000001 37.760906999999996, -122.44634300000001 37.760411000000005, -122.446399 37.76001300000001, -122.446413 37.759854999999995, -122.44645400000002 37.759047, -122.44639499999998 37.75885600000001, -122.446772 37.758454000000015, -122.447036 37.758174, -122.44730300000002 37.757891, -122.447488 37.757799000000006, -122.447768 37.75766199999999, -122.447915 37.757588999999996, -122.448182 37.757849999999976, -122.44829499999999 37.758029))",283.0,0.0,3013,075,S,060750301023013,+37.7577003,-122.4479550,G5040,Block 3013,06,030102,,
60750204011,"POLYGON ((-122.44456299999999 37.75833000000001, -122.44491099999999 37.758328999999996, -122.44586299999999 37.758738, -122.446021 37.758722, -122.44626700000002 37.758753999999996, -122.44639499999998 37.75885600000001, -122.44645400000002 37.759047, -122.446413 37.759854999999995, -122.446399 37.76001300000001, -122.44634300000001 37.760411000000005, -122.44639400000001 37.760906999999996, -122.44643399999998 37.761007, -122.44641 37.761094, -122.44652999999998 37.761396, -122.446783 37.76178100000001, -122.446384 37.76181600000002, -122.445309 37.76188, -122.44419600000002 37.76194699999999, -122.44454400000002 37.76157499999999, -122.44461100000001 37.761245999999986, -122.44434999999999 37.760514, -122.444293 37.76066799999999, -122.44428400000001 37.760764, -122.444289 37.760988999999995, -122.444264 37.76109999999997, -122.44410399999998 37.761248, -122.44400799999998 37.761282000000016, -122.443739 37.760858000000006, -122.443517 37.76050899999999, -122.443374 37.76037600000001, -122.443408 37.760276, -122.44311900000001 37.75983099999998, -122.44300400000002 37.759632, -122.442991 37.75956699999999, -122.442307 37.759614, -122.44217499999999 37.758939000000005, -122.442164 37.75875400000002, -122.442209 37.758514, -122.442223 37.75832299999999, -122.44223800000002 37.758103999999996, -122.442258 37.757734000000006, -122.44228100000001 37.75763, -122.44237100000001 37.757584, -122.44228700000001 37.75685399999999, -122.44224400000002 37.756754999999984, -122.44221999999999 37.756638999999986, -122.442339 37.756693, -122.442525 37.75683299999999, -122.44261799999998 37.756939999999986, -122.44291499999999 37.757360000000006, -122.443003 37.757493000000004, -122.44315800000001 37.75766699999998, -122.44320200000001 37.75771000000002, -122.44321700000002 37.757799, -122.44331999999999 37.75781400000001, -122.44344600000001 37.757920999999996, -122.44376700000001 37.758120999999996, -122.44378200000001 37.75819299999999, -122.443994 37.75814799999997, -122.44424700000002 37.758264, -122.44456299999999 37.75833000000001))",1685.0,0.0,1005,075,S,060750204011005,+37.7600843,-122.4439614,G5040,Block 1005,06,020401,,
60750304005,"POLYGON ((-122.47582400000002 37.744806000000004, -122.47577300000002 37.744918999999996, -122.47475399999999 37.744964, -122.473684 37.74501199999999, -122.472925 37.745043999999986, -122.472184 37.745078, -122.471489 37.745108999999985, -122.47036500000002 37.74515900000001, -122.470235 37.743289000000004, -122.47135700000001 37.74324000000001, -122.47247899999999 37.743191, -122.473553 37.743144, -122.474624 37.743097, -122.47564400000002 37.743052, -122.47570999999999 37.743173000000006, -122.47582400000002 37.744806000000004))",17664.0,0.0,5005,075,S,060750304005005,+37.7440090,-122.4751712,G5040,Block 5005,06,030400,,
60750328011,"POLYGON ((-122.475954 37.74667, -122.475839 37.74502599999998, -122.47577300000002 37.744918999999996, -122.47689600000001 37.74486899999999, -122.47796700000002 37.744822, -122.479035 37.74477499999999, -122.479166 37.746638, -122.479296 37.748504000000004, -122.479426 37.750368, -122.478354 37.750415999999994, -122.47728300000001 37.750463, -122.47616300000001 37.750512, -122.476216 37.750398999999994, -122.476102 37.74875499999999, -122.476033 37.748647999999996, -122.476087 37.748536999999985, -122.475973 37.74688899999999, -122.47590199999999 37.74678199999999, -122.475954 37.74667))",19612.0,0.0,1002,075,S,060750328011002,+37.7494598,-122.4788250,G5040,Block 1002,06,032801,,
60750304004,"POLYGON ((-122.475954 37.74667, -122.47590199999999 37.74678199999999, -122.474887 37.74682699999998, -122.47381599999999 37.746874, -122.472742 37.746921, -122.472058 37.746952, -122.47162000000002 37.746970999999974, -122.471319 37.746984, -122.470512 37.74702000000001, -122.47048600000001 37.74690199999999, -122.47036500000002 37.74515900000001, -122.471489 37.745108999999985, -122.472184 37.745078, -122.472925 37.745043999999986, -122.473684 37.74501199999999, -122.47475399999999 37.744964, -122.47577300000002 37.744918999999996, -122.475839 37.74502599999998, -122.475954 37.74667))",2004.0,0.0,4006,075,S,060750304004006,+37.7458518,-122.4758383,G5040,Block 4006,06,030400,,
60750303023,"POLYGON ((-122.47622900000002 37.75062200000001, -122.47634300000001 37.752263000000006, -122.47629200000002 37.75237899999997, -122.475276 37.752424, -122.47474100000001 37.752448, -122.474205 37.752472000000004, -122.47313300000002 37.75251999999997, -122.472559 37.752545, -122.47200800000002 37.752570000000006, -122.470908 37.752615999999996, -122.47084600000001 37.752582999999994, -122.47068 37.752376, -122.470592 37.752267, -122.47052199999999 37.752144, -122.47048000000001 37.752029, -122.47047400000001 37.75184099999999, -122.47054600000001 37.751616000000006, -122.47073499999999 37.751118999999996, -122.47079099999999 37.75096, -122.47084600000001 37.750912000000014, -122.470947 37.750814, -122.470987 37.75073899999998, -122.471032 37.750623999999995, -122.47103599999998 37.750395, -122.471018 37.749775, -122.47066800000002 37.748971, -122.470595 37.748869, -122.47074000000002 37.748843, -122.471587 37.748806, -122.47174900000002 37.748836, -122.47232199999999 37.74881, -122.472873 37.748786999999986, -122.473946 37.74873999999999, -122.47501700000001 37.748691999999984, -122.476033 37.748647999999996, -122.476102 37.74875499999999, -122.476216 37.750398999999994, -122.47616300000001 37.750512, -122.47622900000002 37.75062200000001))",9811.0,0.0,3000,075,S,060750303023000,+37.7513375,-122.4711306,G5040,Block 3000,06,030302,,
60750328021,"POLYGON ((-122.479296 37.748504000000004, -122.480368 37.748456, -122.48143999999998 37.74840899999999, -122.48251400000001 37.74836200000001, -122.48358200000001 37.748315, -122.48465400000002 37.74826700000001, -122.48572699999998 37.74822, -122.485857 37.750085, -122.485988 37.75195099999999, -122.48491500000002 37.751998, -122.483844 37.75204499999999, -122.483974 37.753910000000005, -122.482899 37.753957, -122.48183200000001 37.754003999999995, -122.48075900000002 37.754051, -122.479687 37.75409899999999, -122.479558 37.752234999999985, -122.479426 37.750368, -122.479296 37.748504000000004))",19612.0,0.0,1007,075,S,060750328021007,+37.7494122,-122.4798970,G5040,Block 1007,06,032802,,
60750329011,"POLYGON ((-122.494969 37.749684, -122.49442700000002 37.74970599999998, -122.49335800000001 37.74975300000001, -122.492285 37.749801, -122.491212 37.749848, -122.490139 37.749894999999995, -122.48906599999998 37.749943, -122.48799600000001 37.74998999999999, -122.48692299999999 37.750037000000006, -122.485857 37.750085, -122.48572699999998 37.74822, -122.486793 37.748173, -122.487866 37.748125000000016, -122.48893600000001 37.748078, -122.490009 37.74803099999999, -122.49108200000002 37.747983, -122.492156 37.747936, -122.493228 37.74788799999999, -122.494297 37.747841, -122.494837 37.747817, -122.49492300000001 37.74792300000001, -122.495035 37.74957399999998, -122.494969 37.749684))",19630.0,0.0,1001,075,S,060750329011001,+37.7490812,-122.4873945,G5040,Block 1001,06,032901,,
60750329023,"POLYGON ((-122.495098 37.751545, -122.494561 37.75156799999999, -122.49348799999999 37.751614000000004, -122.492417 37.751662, -122.491345 37.751709999999996, -122.49026999999998 37.751758, -122.48919400000001 37.751807, -122.488143 37.751854, -122.48705300000002 37.751903, -122.485988 37.75195099999999, -122.485857 37.750085, -122.48692299999999 37.750037000000006, -122.48799600000001 37.74998999999999, -122.48906599999998 37.749943, -122.490139 37.749894999999995, -122.491212 37.749848, -122.492285 37.749801, -122.49335800000001 37.74975300000001, -122.49442700000002 37.74970599999998, -122.494969 37.749684, -122.495053 37.749786, -122.49516800000002 37.751431, -122.495098 37.751545))",2735.0,0.0,3009,075,S,060750329023009,+37.7506132,-122.4950312,G5040,Block 3009,06,032902,,
60750329022,"POLYGON ((-122.495227 37.753414, -122.49469100000002 37.753437000000005, -122.493619 37.75348499999999, -122.49254800000001 37.75353199999999, -122.491475 37.753578999999995, -122.49040099999999 37.753627, -122.48932399999998 37.75367399999999, -122.488264 37.75372099999998, -122.487183 37.75376899999999, -122.486118 37.753814999999996, -122.485988 37.75195099999999, -122.48705300000002 37.751903, -122.488143 37.751854, -122.48919400000001 37.751807, -122.49026999999998 37.751758, -122.491345 37.751709999999996, -122.492417 37.751662, -122.49348799999999 37.751614000000004, -122.494561 37.75156799999999, -122.495098 37.751545, -122.49518400000001 37.751650999999995, -122.495297 37.753282999999996, -122.495227 37.753414))",19677.0,0.0,2007,075,S,060750329022007,+37.7525259,-122.4940896,G5040,Block 2007,06,032902,,
60750352012,"POLYGON ((-122.506348 37.75105200000001, -122.50527700000002 37.751093, -122.50420300000002 37.751144, -122.50313299999999 37.75119, -122.50205999999999 37.751239999999996, -122.50193000000002 37.749376999999996, -122.503004 37.74933, -122.50407400000002 37.749282, -122.50514799999999 37.749235, -122.506219 37.749187, -122.50728699999999 37.74913999999998, -122.50794199999999 37.74911099999999, -122.50834699999999 37.748959, -122.50846300000002 37.74891499999998, -122.50887900000001 37.748830000000005, -122.509707 37.74884700000002, -122.50970400000001 37.748956, -122.50971299999999 37.749083999999996, -122.50972899999998 37.74911099999999, -122.50972899999998 37.74916799999999, -122.50974900000001 37.74923299999998, -122.50976900000002 37.749298, -122.509836 37.749449999999996, -122.509906 37.749572, -122.510008 37.749711000000005, -122.51015 37.749888999999996, -122.510288 37.750089, -122.51037900000001 37.750243, -122.510434 37.75034899999999, -122.51048700000001 37.750504, -122.51053 37.750692999999984, -122.510552 37.750883, -122.51055399999998 37.751073999999996, -122.51053900000001 37.751227, -122.510517 37.75133499999999, -122.510513 37.751453999999995, -122.51053 37.75157099999999, -122.510562 37.75167199999998, -122.51061600000001 37.751782, -122.510666 37.751852, -122.510697 37.751887, -122.51070349999998 37.751908999999976, -122.51070999999999 37.75193099999999, -122.510711 37.751948999999996, -122.510744 37.752065, -122.51088899999999 37.75233499999999, -122.5109240429448 37.75237347852761, -122.51094000000002 37.75239100000001, -122.510972 37.752415, -122.511008 37.752481, -122.51102899999998 37.752551999999994, -122.511032 37.752624999999995, -122.51102299999998 37.75300199999999, -122.511008 37.753189, -122.511071 37.753569, -122.51110699999998 37.75373, -122.51123500000001 37.753986000000005, -122.51129299999998 37.754124, -122.51125999999998 37.75416299999999, -122.51124700000001 37.75420899999999, -122.51125399999998 37.75425099999998, -122.51127699999999 37.75428649999999, -122.51130000000002 37.754322000000016, -122.51130400000001 37.754362, -122.511288 37.754397999999995, -122.51125300000001 37.754425999999995, -122.511234 37.754435999999984, -122.51120499999999 37.754493999999994, -122.511174 37.754504, -122.51119600000001 37.754622999999995, -122.51117200000002 37.754668, -122.51118699999999 37.754748, -122.51116399999998 37.754816999999996, -122.511168 37.754966, -122.51118699999999 37.75498600000001, -122.511182 37.755041000000006, -122.51116150000001 37.7550785, -122.511141 37.75511599999998, -122.51113000000001 37.7552, -122.51115199999998 37.75531399999999, -122.5111633333333 37.75534533333334, -122.511186 37.75540800000001, -122.511212 37.755447, -122.51122000000001 37.75550200000002, -122.51123733333334 37.755524666666666, -122.511246 37.755535999999985, -122.51124700000001 37.75557099999999, -122.511273 37.75560500000001, -122.51126800000002 37.75566500000001, -122.5112855 37.75572900000002, -122.511303 37.75579299999999, -122.511291 37.755812999999996, -122.51129800000001 37.755858, -122.51134399999998 37.755917, -122.511359 37.75601100000001, -122.511372 37.75604999999999, -122.51138800000001 37.756174, -122.51141500000001 37.75623799999998, -122.51144200000002 37.75632699999997, -122.511451 37.756400999999975, -122.511445 37.75643099999999, -122.51146600000001 37.756495999999984, -122.51147499999999 37.7566, -122.51149 37.75668400000001, -122.51151100000001 37.756767999999994, -122.51150599999998 37.75682299999999, -122.511507 37.756852499999994, -122.51150799999999 37.756882000000004, -122.5115245 37.756929000000014, -122.511541 37.756975999999995, -122.51151100000001 37.75699599999999, -122.51151100000001 37.75699599999999, -122.51152400000001 37.757016, -122.511537 37.75703600000001, -122.51155099999998 37.75709, -122.511552 37.75713499999999, -122.511535 37.7572, -122.511535 37.75720000000001, -122.51154499999998 37.75732799999999, -122.51156499999999 37.757372999999994, -122.51154881179775 37.75745775, -122.511548 37.75746199999999, -122.51157 37.75756599999999, -122.511636 37.757689, -122.511626 37.75780399999999, -122.51163600000002 37.757828499999995, -122.51164600000001 37.75785300000001, -122.51167 37.75804149999998, -122.51169400000002 37.75822999999999, -122.511744 37.758436999999994, -122.51184700000002 37.75901199999999, -122.51187 37.759384, -122.511867 37.75946899999999, -122.511867 37.759469, -122.5119 37.75956999999998, -122.511933 37.75967099999999, -122.5119435 37.759731500000015, -122.511954 37.759792000000004, -122.511957 37.759896, -122.51190400000002 37.76044099999998, -122.51187 37.760574999999996, -122.51185399999999 37.760707000000004, -122.511856 37.760839000000004, -122.5118655 37.760904999999994, -122.511875 37.76097099999999, -122.51191100000001 37.76110099999999, -122.51193799999999 37.76116399999999, -122.511965 37.76122700000002, -122.51197566666666 37.76124733333333, -122.511997 37.761287999999986, -122.51202599999998 37.761324, -122.512065 37.761354, -122.512126 37.761532, -122.512146 37.76156900000002, -122.512203 37.761605, -122.512204 37.761627, -122.512287 37.761908999999996, -122.51232899999998 37.762102, -122.51240000000001 37.76228, -122.51241299999998 37.762407, -122.51247200000002 37.762518, -122.51241999999999 37.762682, -122.512395 37.76278699999999, -122.51234900000001 37.76293233333333, -122.512326 37.76300499999999, -122.51232200000001 37.763035, -122.512318 37.763065000000005, -122.512275 37.763199, -122.512347 37.763452, -122.51236999999999 37.76358599999999, -122.51034099999998 37.76400099999999, -122.51016099999998 37.76407999999998, -122.50987 37.764089999999975, -122.50983300000001 37.76396899999998, -122.509817 37.763729000000005, -122.50962200000002 37.762127, -122.50938200000002 37.76027200000001, -122.509166 37.75848799999998, -122.509111 37.75841399999998, -122.508903 37.756550999999995, -122.508679 37.754692000000006, -122.508432 37.75282999999998, -122.50818699999999 37.75096799999998, -122.50741599999999 37.75100300000001, -122.506348 37.75105200000001))",62545.0,0.0,2001,075,S,060750352012001,+37.7565622,-122.5091200,G5040,Block 2001,06,035201,,
60750351007,"POLYGON ((-122.500857 37.74942499999999, -122.50193000000002 37.749376999999996, -122.50205999999999 37.751239999999996, -122.502191 37.753105999999995, -122.50111799999998 37.753153999999995, -122.50004500000001 37.753201, -122.498972 37.753248, -122.497903 37.753296, -122.49683500000002 37.753342999999994, -122.49576000000002 37.75338999999998, -122.495227 37.753414, -122.495297 37.753282999999996, -122.49518400000001 37.751650999999995, -122.495098 37.751545, -122.49563 37.751527, -122.496702 37.751476000000004, -122.49777 37.751425999999995, -122.498842 37.75138100000001, -122.499914 37.751334, -122.499784 37.74947200000001, -122.500857 37.74942499999999))",19582.0,0.0,7002,075,S,060750351007002,+37.7523852,-122.4973026,G5040,Block 7002,06,035100,,
60750352011,"POLYGON ((-122.507546 37.75286899999999, -122.50647599999999 37.75291700000001, -122.505406 37.752964, -122.504333 37.753012, -122.50326300000002 37.75305899999999, -122.502191 37.753105999999995, -122.50205999999999 37.751239999999996, -122.50313299999999 37.75119, -122.50420300000002 37.751144, -122.50527700000002 37.751093, -122.506348 37.75105200000001, -122.50741599999999 37.75100300000001, -122.50818699999999 37.75096799999998, -122.508432 37.75282999999998, -122.507546 37.75286899999999))",19568.0,0.0,1004,075,S,060750352011004,+37.7519605,-122.5069466,G5040,Block 1004,06,035201,,
60750352015,"POLYGON ((-122.507674 37.754736, -122.506605 37.754784, -122.50553399999998 37.754830999999996, -122.504463 37.754878999999995, -122.50339199999999 37.75492599999999, -122.50231799999999 37.754953, -122.502191 37.753105999999995, -122.50326300000002 37.75305899999999, -122.504333 37.753012, -122.505406 37.752964, -122.50647599999999 37.75291700000001, -122.507546 37.75286899999999, -122.508432 37.75282999999998, -122.508679 37.754692000000006, -122.507674 37.754736))",19536.0,0.0,5000,075,S,060750352015000,+37.7540111,-122.5027920,G5040,Block 5000,06,035201,,
60750351006,"POLYGON ((-122.50124900000002 37.755003, -122.500173 37.75505299999999, -122.499103 37.75510299999999, -122.49803099999998 37.75515199999999, -122.49696 37.755202000000004, -122.495897 37.755251, -122.49535800000001 37.755275999999995, -122.495432 37.755214, -122.49531500000002 37.753541000000006, -122.495227 37.753414, -122.49576000000002 37.75338999999998, -122.49683500000002 37.753342999999994, -122.497903 37.753296, -122.498972 37.753248, -122.50004500000001 37.753201, -122.50111799999998 37.753153999999995, -122.502191 37.753105999999995, -122.50231799999999 37.754953, -122.50124900000002 37.755003))",19487.0,0.0,6004,075,S,060750351006004,+37.7541509,-122.4995731,G5040,Block 6004,06,035100,,
60750329021,"POLYGON ((-122.49535800000001 37.755275999999995, -122.49482000000002 37.75530100000002, -122.49375100000002 37.755351000000005, -122.49267499999998 37.75539799999999, -122.49160499999999 37.755446, -122.49053399999998 37.755493, -122.48945899999998 37.755541, -122.48838599999999 37.75558799999999, -122.48731599999999 37.755634999999984, -122.48624800000002 37.755683, -122.486118 37.753814999999996, -122.487183 37.75376899999999, -122.488264 37.75372099999998, -122.48932399999998 37.75367399999999, -122.49040099999999 37.753627, -122.491475 37.753578999999995, -122.49254800000001 37.75353199999999, -122.493619 37.75348499999999, -122.49469100000002 37.753437000000005, -122.495227 37.753414, -122.49531500000002 37.753541000000006, -122.495432 37.755214, -122.49535800000001 37.755275999999995))",19621.0,0.0,1005,075,S,060750329021005,+37.7544883,-122.4920757,G5040,Block 1005,06,032902,,
60750328023,"POLYGON ((-122.48491500000002 37.751998, -122.485988 37.75195099999999, -122.486118 37.753814999999996, -122.48624800000002 37.755683, -122.485176 37.75573, -122.484104 37.755777, -122.483034 37.755824, -122.48196 37.75587199999999, -122.48089 37.755919, -122.479817 37.75596600000001, -122.479687 37.75409899999999, -122.48075900000002 37.754051, -122.48183200000001 37.754003999999995, -122.482899 37.753957, -122.483974 37.753910000000005, -122.483844 37.75204499999999, -122.48491500000002 37.751998))",19597.0,0.0,3007,075,S,060750328023007,+37.7529540,-122.4844445,G5040,Block 3007,06,032802,,
60750352013,"POLYGON ((-122.50780499999999 37.756599, -122.50673700000002 37.756645999999996, -122.505665 37.756693000000006, -122.50459400000001 37.75674, -122.503524 37.756787, -122.50245000000001 37.756834999999974, -122.50231799999999 37.754953, -122.50339199999999 37.75492599999999, -122.504463 37.754878999999995, -122.50553399999998 37.754830999999996, -122.506605 37.754784, -122.507674 37.754736, -122.508679 37.754692000000006, -122.508903 37.756550999999995, -122.50780499999999 37.756599))",19526.0,0.0,3004,075,S,060750352013004,+37.7556911,-122.5072053,G5040,Block 3004,06,035201,,
60750351005,"POLYGON ((-122.500305 37.756929, -122.49923400000002 37.756976000000016, -122.498162 37.757023000000004, -122.49709100000001 37.75707, -122.496021 37.75711700000001, -122.49548700000001 37.75713999999999, -122.495555 37.757027000000015, -122.495441 37.755384000000014, -122.49535800000001 37.755275999999995, -122.495897 37.755251, -122.49696 37.755202000000004, -122.49803099999998 37.75515199999999, -122.499103 37.75510299999999, -122.500173 37.75505299999999, -122.50124900000002 37.755003, -122.50231799999999 37.754953, -122.50245000000001 37.756834999999974, -122.501374 37.756882000000004, -122.500305 37.756929))",19689.0,0.0,5004,075,S,060750351005004,+37.7560154,-122.4997039,G5040,Block 5004,06,035100,,
60750327006,"POLYGON ((-122.49548700000001 37.75713999999999, -122.495563 37.75720500000001, -122.49568299999999 37.75893, -122.49561699999998 37.759004000000004, -122.49508200000001 37.759028, -122.49454399999999 37.759052, -122.49464499999999 37.76048, -122.49466699999999 37.76055199999999, -122.494693 37.760921, -122.49414 37.76094499999999, -122.49306800000001 37.76099200000001, -122.492937 37.75912299999998, -122.49280600000002 37.757259, -122.49267499999998 37.75539799999999, -122.49375100000002 37.755351000000005, -122.49482000000002 37.75530100000002, -122.49535800000001 37.755275999999995, -122.495441 37.755384000000014, -122.495555 37.757027000000015, -122.49548700000001 37.75713999999999))",19665.0,0.0,6000,075,S,060750327006000,+37.7600339,-122.4935387,G5040,Block 6000,06,032700,,
60750303022,"POLYGON ((-122.47103599999998 37.750395, -122.471032 37.750623999999995, -122.470987 37.75073899999998, -122.470947 37.750814, -122.47084600000001 37.750912000000014, -122.47079099999999 37.75096, -122.47073499999999 37.751118999999996, -122.47054600000001 37.751616000000006, -122.47047400000001 37.75184099999999, -122.47048000000001 37.752029, -122.47052199999999 37.752144, -122.470592 37.752267, -122.47068 37.752376, -122.469894 37.75277700000001, -122.469782 37.752675, -122.46909600000001 37.752924, -122.468781 37.75305399999999, -122.46868100000002 37.753116999999975, -122.468335 37.753243999999995, -122.468181 37.75295599999998, -122.468031 37.752787000000005, -122.46791500000002 37.752734999999994, -122.46780400000002 37.75272299999999, -122.46764300000001 37.75275599999999, -122.4666 37.75280299999998, -122.46553299999998 37.752850999999986, -122.464462 37.75289899999999, -122.46441800000001 37.75231899999999, -122.464276 37.75232099999999, -122.463845 37.751984, -122.46344200000001 37.75119499999999, -122.46427700000001 37.75098099999999, -122.464186 37.750716999999995, -122.46445900000002 37.75086699999999, -122.4649 37.75100799999999, -122.46540300000001 37.750986, -122.466469 37.750939, -122.46633600000001 37.749075, -122.46737800000001 37.749027999999996, -122.468026 37.74899899999998, -122.46848099999998 37.74894600000001, -122.46856 37.748936, -122.46954900000001 37.74890299999999, -122.470595 37.748869, -122.47066800000002 37.748971, -122.471018 37.749775, -122.47103599999998 37.750395))",1403.0,0.0,2011,075,S,060750303022011,+37.7501460,-122.4709813,G5040,Block 2011,06,030302,,
60750328022,"POLYGON ((-122.47634300000001 37.752263000000006, -122.47622900000002 37.75062200000001, -122.47616300000001 37.750512, -122.47728300000001 37.750463, -122.478354 37.750415999999994, -122.479426 37.750368, -122.479558 37.752234999999985, -122.479687 37.75409899999999, -122.479817 37.75596600000001, -122.478744 37.756014, -122.47768 37.75606099999999, -122.477133 37.75608499999999, -122.47655400000001 37.756109999999985, -122.47661400000001 37.756045999999984, -122.476495 37.754349, -122.476424 37.754242000000005, -122.47648 37.754129000000006, -122.47636400000002 37.752484, -122.47629200000002 37.75237899999997, -122.47634300000001 37.752263000000006))",19641.0,0.0,2002,075,S,060750328022002,+37.7550565,-122.4792160,G5040,Block 2002,06,032802,,
60750303021,"POLYGON ((-122.476424 37.754242000000005, -122.476495 37.754349, -122.47661400000001 37.756045999999984, -122.47655400000001 37.756109999999985, -122.475537 37.756155, -122.47446400000001 37.756202, -122.47433199999999 37.75625500000001, -122.473761 37.756280999999994, -122.473683 37.756237, -122.47271699999999 37.756282, -122.47263899999999 37.756322, -122.472643 37.756284999999984, -122.472609 37.75621, -122.472447 37.75601099999999, -122.47238099999998 37.755942999999995, -122.472279 37.755835999999995, -122.47208999999998 37.755688000000006, -122.47189999999999 37.755586, -122.471689 37.755475, -122.47142200000002 37.755348999999995, -122.47128599999999 37.755252999999996, -122.47120999999999 37.755193999999996, -122.471168 37.755099, -122.47101700000002 37.754796999999996, -122.471049 37.75451500000001, -122.471043 37.754466, -122.471019 37.754265999999994, -122.47101599999999 37.754217, -122.47103599999998 37.7541, -122.47113199999998 37.753876999999996, -122.47117099999998 37.75373399999998, -122.47119100000002 37.753606, -122.47118800000001 37.753494, -122.471174 37.75335600000001, -122.470908 37.752615999999996, -122.47200800000002 37.752570000000006, -122.472559 37.752545, -122.47313300000002 37.75251999999997, -122.474205 37.752472000000004, -122.47474100000001 37.752448, -122.475276 37.752424, -122.47629200000002 37.75237899999997, -122.47636400000002 37.752484, -122.47648 37.754129000000006, -122.476424 37.754242000000005))",638.0,0.0,1003,075,S,060750303021003,+37.7562193,-122.4740568,G5040,Block 1003,06,030302,,
60750303014,"POLYGON ((-122.47068 37.752376, -122.47084600000001 37.752582999999994, -122.470908 37.752615999999996, -122.471174 37.75335600000001, -122.47118800000001 37.753494, -122.47119100000002 37.753606, -122.47117099999998 37.75373399999998, -122.47113199999998 37.753876999999996, -122.47103599999998 37.7541, -122.47101599999999 37.754217, -122.471019 37.754265999999994, -122.471043 37.754466, -122.471049 37.75451500000001, -122.47101700000002 37.754796999999996, -122.471168 37.755099, -122.47120999999999 37.755193999999996, -122.47128599999999 37.755252999999996, -122.47142200000002 37.755348999999995, -122.471689 37.755475, -122.47189999999999 37.755586, -122.47208999999998 37.755688000000006, -122.472279 37.755835999999995, -122.47238099999998 37.755942999999995, -122.472447 37.75601099999999, -122.472609 37.75621, -122.472643 37.756284999999984, -122.47263899999999 37.756322, -122.47271699999999 37.756282, -122.473683 37.756237, -122.47357600000001 37.756538999999975, -122.47344300000002 37.756845000000006, -122.47366199999999 37.75759300000001, -122.47369800000001 37.758100000000006, -122.47376299999999 37.75908099999999, -122.47376400000002 37.75914999999999, -122.47373700000001 37.75923299999997, -122.473655 37.75929300000001, -122.473556 37.75932700000001, -122.473495 37.759330999999996, -122.47229899999999 37.759108, -122.47196199999999 37.759046, -122.471656 37.758938, -122.471252 37.758705, -122.47095100000001 37.75841999999998, -122.470793 37.758309999999994, -122.470562 37.758244999999995, -122.47020400000001 37.75825699999999, -122.46913100000002 37.75830399999999, -122.46900299999999 37.75643799999999, -122.46891800000002 37.755217, -122.468779 37.755176000000006, -122.468842 37.75513099999999, -122.46920999999999 37.75454900000002, -122.469245 37.75449700000001, -122.469043 37.754429000000016, -122.46894900000001 37.75438399999998, -122.46883700000002 37.754298999999996, -122.468752 37.75419199999999, -122.46862899999999 37.753986, -122.46853399999999 37.753778, -122.46844100000001 37.753541, -122.468335 37.753243999999995, -122.46868100000002 37.753116999999975, -122.468781 37.75305399999999, -122.46909600000001 37.752924, -122.469782 37.752675, -122.469894 37.75277700000001, -122.47068 37.752376))",22633.0,0.0,4008,075,S,060750303014008,+37.7562944,-122.4717027,G5040,Block 4008,06,030301,,
60750303013,"POLYGON ((-122.468335 37.753243999999995, -122.46844100000001 37.753541, -122.46853399999999 37.753778, -122.46862899999999 37.753986, -122.468752 37.75419199999999, -122.46883700000002 37.754298999999996, -122.46894900000001 37.75438399999998, -122.469043 37.754429000000016, -122.469245 37.75449700000001, -122.46920999999999 37.75454900000002, -122.468842 37.75513099999999, -122.468779 37.755176000000006, -122.46891800000002 37.755217, -122.46900299999999 37.75643799999999, -122.46793199999998 37.75648599999998, -122.466862 37.756533999999995, -122.46579000000001 37.756581999999995, -122.465202 37.75660799999999, -122.46472100000001 37.756629999999994, -122.46463900000002 37.756722999999994, -122.463749 37.756762999999985, -122.463658 37.75676400000001, -122.463632 37.75639500000001, -122.463555 37.75529799999999, -122.463581 37.755013999999996, -122.463627 37.75478799999999, -122.46360800000001 37.754736, -122.46365500000002 37.75458999999997, -122.46376999999998 37.75414199999999, -122.463773 37.753814999999996, -122.46375199999999 37.75374899999999, -122.463711 37.753617999999996, -122.46357799999998 37.753333999999995, -122.46336099999999 37.753039, -122.46343300000001 37.753028, -122.46418399999999 37.752911999999995, -122.464462 37.75289899999999, -122.46553299999998 37.752850999999986, -122.4666 37.75280299999998, -122.46764300000001 37.75275599999999, -122.46780400000002 37.75272299999999, -122.46791500000002 37.752734999999994, -122.468031 37.752787000000005, -122.468181 37.75295599999998, -122.468335 37.753243999999995))",15787.0,0.0,3004,075,S,060750303013004,+37.7556977,-122.4683716,G5040,Block 3004,06,030301,,
60750326023,"POLYGON ((-122.483161 37.757684, -122.48209099999998 37.75773100000001, -122.481017 37.757777999999995, -122.479945 37.757825, -122.47887499999999 37.757873000000004, -122.478387 37.757893999999986, -122.477807 37.757919999999984, -122.476684 37.757968999999996, -122.47674999999998 37.757903999999996, -122.47662899999999 37.75617199999999, -122.47655400000001 37.756109999999985, -122.477133 37.75608499999999, -122.47768 37.75606099999999, -122.478744 37.756014, -122.479817 37.75596600000001, -122.48089 37.755919, -122.48196 37.75587199999999, -122.483034 37.755824, -122.484104 37.755777, -122.48423400000001 37.75763700000001, -122.483161 37.757684))",19559.0,0.0,3003,075,S,060750326023003,+37.7568719,-122.4804172,G5040,Block 3003,06,032602,,
60750303012,"POLYGON ((-122.46900299999999 37.75643799999999, -122.46913100000002 37.75830399999999, -122.469263 37.760171, -122.46819099999999 37.760218000000016, -122.467122 37.76026499999999, -122.46605 37.760312, -122.464981 37.760358, -122.463912 37.76040499999999, -122.46378200000001 37.75853800000001, -122.463658 37.75676400000001, -122.463749 37.756762999999985, -122.46463900000002 37.756722999999994, -122.46472100000001 37.756629999999994, -122.465202 37.75660799999999, -122.46579000000001 37.756581999999995, -122.466862 37.756533999999995, -122.46793199999998 37.75648599999998, -122.46900299999999 37.75643799999999))",19608.0,0.0,2007,075,S,060750303012007,+37.7574899,-122.4663913,G5040,Block 2007,06,030301,,
60750301022,"POLYGON ((-122.45920899999999 37.751928, -122.46066800000001 37.75181399999998, -122.46115999999999 37.751693999999986, -122.46152400000001 37.75150399999998, -122.46158700000001 37.751565, -122.46181 37.751667999999995, -122.462125 37.751903000000006, -122.462414 37.75222200000001, -122.462724 37.752488, -122.46311399999999 37.752779999999994, -122.463341 37.753012, -122.46336099999999 37.753039, -122.46357799999998 37.753333999999995, -122.463711 37.753617999999996, -122.46375199999999 37.75374899999999, -122.463773 37.753814999999996, -122.46376999999998 37.75414199999999, -122.46365500000002 37.75458999999997, -122.46360800000001 37.754736, -122.463627 37.75478799999999, -122.463581 37.755013999999996, -122.463555 37.75529799999999, -122.463632 37.75639500000001, -122.463658 37.75676400000001, -122.46378200000001 37.75853800000001, -122.46322599999999 37.75856199999999, -122.46314599999998 37.758610999999995, -122.46306999999999 37.758658999999994, -122.46286299999998 37.75867299999998, -122.46211500000001 37.758068, -122.46188699999999 37.75740699999999, -122.46149100000001 37.756777, -122.46140100000001 37.75662499999999, -122.461335 37.755761, -122.46135000000001 37.75553299999999, -122.46142 37.7553, -122.461509 37.75510699999999, -122.461521 37.754981, -122.46147200000001 37.754836999999995, -122.46138500000002 37.754678999999996, -122.46121400000001 37.75449699999999, -122.46054100000002 37.75502799999998, -122.460176 37.755306, -122.460016 37.755464, -122.459828 37.755777, -122.45969800000002 37.75588, -122.459565 37.75593399999999, -122.45947600000001 37.75561999999999, -122.45936100000002 37.755463, -122.45871300000002 37.755099, -122.458444 37.75507399999999, -122.45832300000001 37.755098999999994, -122.458163 37.755199, -122.458084 37.755297, -122.457994 37.75544599999999, -122.457898 37.75555399999999, -122.457719 37.755663999999996, -122.45753900000001 37.755722999999996, -122.45743 37.755736, -122.45735300000001 37.755689000000004, -122.457261 37.75589799999997, -122.457246 37.755984999999995, -122.457235 37.756052, -122.45727200000002 37.75620500000001, -122.45734999999999 37.75631099999999, -122.457442 37.75642500000001, -122.457469 37.756561, -122.45743199999998 37.75665999999998, -122.45734799999998 37.75675499999998, -122.457199 37.756828, -122.45703800000001 37.756836999999976, -122.45647100000001 37.756748, -122.45590600000001 37.756668000000005, -122.455697 37.756676000000006, -122.45565400000001 37.756677999999994, -122.45542900000001 37.756724999999996, -122.454764 37.75689899999998, -122.45407800000001 37.757027000000015, -122.454172 37.756507, -122.45425 37.756347, -122.454821 37.75554699999999, -122.455052 37.755116, -122.45509500000001 37.75497599999999, -122.455125 37.754876, -122.455175 37.754337, -122.45523600000001 37.75420499999998, -122.455537 37.75377399999999, -122.45578399999998 37.753409999999995, -122.45591899999998 37.75314799999999, -122.456032 37.752886, -122.45603 37.75285399999999, -122.45601400000001 37.752359, -122.45600499999999 37.752094, -122.456091 37.751804, -122.456448 37.751483, -122.45703200000001 37.751402, -122.45795700000001 37.75166000000001, -122.458985 37.751946, -122.45920899999999 37.751928))",181027.0,14870.0,2004,075,S,060750301022004,+37.7540628,-122.4609223,G5040,Block 2004,06,030102,,
60750303011,"POLYGON ((-122.476684 37.757968999999996, -122.476766 37.75808, -122.47688099999999 37.759722, -122.47681399999999 37.759834, -122.47579700000001 37.759879000000005, -122.474724 37.75992699999998, -122.473652 37.75997499999998, -122.47244599999999 37.760029, -122.471409 37.760076, -122.47033500000002 37.760124, -122.469263 37.760171, -122.46913100000002 37.75830399999999, -122.47020400000001 37.75825699999999, -122.470562 37.758244999999995, -122.470793 37.758309999999994, -122.47095100000001 37.75841999999998, -122.471252 37.758705, -122.471656 37.758938, -122.47196199999999 37.759046, -122.47229899999999 37.759108, -122.473495 37.759330999999996, -122.473556 37.75932700000001, -122.473655 37.75929300000001, -122.47373700000001 37.75923299999997, -122.47376400000002 37.75914999999999, -122.47376299999999 37.75908099999999, -122.47369800000001 37.758100000000006, -122.47366199999999 37.75759300000001, -122.47344300000002 37.756845000000006, -122.47357600000001 37.756538999999975, -122.473683 37.756237, -122.473761 37.756280999999994, -122.47433199999999 37.75625500000001, -122.47446400000001 37.756202, -122.475537 37.756155, -122.47655400000001 37.756109999999985, -122.47662899999999 37.75617199999999, -122.47674999999998 37.757903999999996, -122.476684 37.757968999999996))",20192.0,0.0,1002,075,S,060750303011002,+37.7591828,-122.4713020,G5040,Block 1002,06,030301,,
60750305003,"POLYGON ((-122.452133 37.751236, -122.45212300000001 37.74935099999999, -122.45212000000001 37.74866900000001, -122.4521 37.74843099999999, -122.45203300000001 37.748273999999995, -122.45176200000002 37.747983999999995, -122.451179 37.74736099999998, -122.450789 37.74694399999999, -122.450653 37.746866999999995, -122.450523 37.74683499999999, -122.44982900000001 37.746845, -122.44965800000001 37.74679, -122.44944699999999 37.746660000000006, -122.449797 37.746442, -122.450169 37.746269000000005, -122.450521 37.746207, -122.45072699999999 37.74618700000001, -122.45087 37.746078, -122.45085300000001 37.745826, -122.45097000000001 37.74587, -122.45157000000002 37.74565399999999, -122.451624 37.745534, -122.45169100000001 37.745605999999995, -122.451816 37.745671, -122.45222799999999 37.74569199999999, -122.45337599999998 37.745687999999994, -122.45364500000001 37.745695999999995, -122.45382899999998 37.745723999999996, -122.453916 37.74569999999998, -122.453959 37.745765, -122.454275 37.745908, -122.45458500000001 37.746106999999995, -122.45466399999998 37.746105999999976, -122.45472200000002 37.746178000000015, -122.454815 37.746216999999994, -122.455375 37.74634799999998, -122.455467 37.746328, -122.45553399999999 37.74639399999999, -122.455839 37.746466, -122.45622399999999 37.746558, -122.456315 37.74653, -122.45637700000002 37.74659, -122.45667399999999 37.746660000000006, -122.457079 37.746725, -122.45716700000001 37.74669799999999, -122.45724799999999 37.74675399999999, -122.45791200000001 37.746861, -122.458472 37.74687099999999, -122.458657 37.746823, -122.458729 37.74675499999999, -122.458691 37.74685899999999, -122.45903 37.74725899999999, -122.45917399999998 37.747286, -122.459017 37.747306, -122.45871199999999 37.74760499999999, -122.45863500000002 37.747769000000005, -122.45866200000002 37.748038, -122.45885400000002 37.748259, -122.45949700000001 37.74891799999999, -122.45962600000001 37.748941999999985, -122.45963899999998 37.749019, -122.46040300000001 37.749757, -122.460552 37.749939, -122.46104000000001 37.75095799999998, -122.461418 37.75144600000001, -122.46152400000001 37.75150399999998, -122.46115999999999 37.751693999999986, -122.46066800000001 37.75181399999998, -122.45920899999999 37.751928, -122.458985 37.751946, -122.45795700000001 37.75166000000001, -122.45703200000001 37.751402, -122.456448 37.751483, -122.456091 37.751804, -122.45600499999999 37.752094, -122.45601400000001 37.752359, -122.45603 37.75285399999999, -122.456032 37.752886, -122.45591899999998 37.75314799999999, -122.45578399999998 37.753409999999995, -122.455537 37.75377399999999, -122.453625 37.753371, -122.453262 37.753333000000005, -122.452977 37.75338299999999, -122.45257 37.753542, -122.45240500000001 37.753392999999996, -122.45223199999998 37.75319, -122.45210200000001 37.75295999999999, -122.45205399999999 37.752817, -122.45203900000001 37.75267399999999, -122.452118 37.752539999999996, -122.45226100000001 37.752402, -122.452441 37.752193, -122.452929 37.751215, -122.452133 37.751236))",151381.0,0.0,3001,075,S,060750305003001,+37.7477817,-122.4529934,G5040,Block 3001,06,030500,,
60750301021,"POLYGON ((-122.46142 37.7553, -122.46135000000001 37.75553299999999, -122.461335 37.755761, -122.46140100000001 37.75662499999999, -122.46149100000001 37.756777, -122.46188699999999 37.75740699999999, -122.46211500000001 37.758068, -122.46286299999998 37.75867299999998, -122.46306999999999 37.758658999999994, -122.46314599999998 37.758610999999995, -122.46322599999999 37.75856199999999, -122.463266 37.75870799999999, -122.463401 37.759007, -122.463386 37.759221999999994, -122.46324999999999 37.759479000000006, -122.46279200000001 37.75973599999999, -122.46284200000001 37.760452, -122.46297200000001 37.762316000000006, -122.461901 37.76236300000001, -122.460843 37.76262800000001, -122.45979 37.76292600000001, -122.457827 37.76348199999999, -122.45753600000002 37.76356599999999, -122.45667 37.763815, -122.456424 37.763884999999995, -122.455781 37.76406999999999, -122.455466 37.764161, -122.454217 37.764311, -122.45351600000001 37.76439500000001, -122.452569 37.76450899999998, -122.45240000000001 37.763669, -122.45223300000002 37.762843, -122.452097 37.762167, -122.451958 37.761478, -122.451553 37.759471999999995, -122.45151899999999 37.759311999999994, -122.451367 37.758576, -122.45204799999999 37.75834400000001, -122.45211699999999 37.75832499999997, -122.452298 37.758277000000014, -122.452551 37.758191999999994, -122.45283500000001 37.75809700000001, -122.45289499999998 37.75806299999997, -122.453317 37.757819999999995, -122.45359400000001 37.757622000000005, -122.45366899999999 37.757556, -122.45376900000001 37.757467999999996, -122.453872 37.75737799999999, -122.45402700000001 37.75717999999998, -122.45407800000001 37.757027000000015, -122.454764 37.75689899999998, -122.45542900000001 37.756724999999996, -122.45565400000001 37.756677999999994, -122.455697 37.756676000000006, -122.45590600000001 37.756668000000005, -122.45647100000001 37.756748, -122.45703800000001 37.756836999999976, -122.457199 37.756828, -122.45734799999998 37.75675499999998, -122.45743199999998 37.75665999999998, -122.457469 37.756561, -122.457442 37.75642500000001, -122.45734999999999 37.75631099999999, -122.45727200000002 37.75620500000001, -122.457235 37.756052, -122.457246 37.755984999999995, -122.457261 37.75589799999997, -122.45735300000001 37.755689000000004, -122.45743 37.755736, -122.45753900000001 37.755722999999996, -122.457719 37.755663999999996, -122.457898 37.75555399999999, -122.457994 37.75544599999999, -122.458084 37.755297, -122.458163 37.755199, -122.45832300000001 37.755098999999994, -122.458444 37.75507399999999, -122.45871300000002 37.755099, -122.45936100000002 37.755463, -122.45947600000001 37.75561999999999, -122.459565 37.75593399999999, -122.45969800000002 37.75588, -122.459828 37.755777, -122.460016 37.755464, -122.460176 37.755306, -122.46054100000002 37.75502799999998, -122.46121400000001 37.75449699999999, -122.46138500000002 37.754678999999996, -122.46147200000001 37.754836999999995, -122.461521 37.754981, -122.461509 37.75510699999999, -122.46142 37.7553))",20764.0,0.0,1014,075,S,060750301021014,+37.7558606,-122.4609327,G5040,Block 1014,06,030102,,
60750301014,"POLYGON ((-122.463266 37.75870799999999, -122.46322599999999 37.75856199999999, -122.46378200000001 37.75853800000001, -122.463912 37.76040499999999, -122.46404200000002 37.76226899999998, -122.464172 37.76413100000001, -122.46310199999999 37.76417800000001, -122.46203100000001 37.764225, -122.46095800000002 37.764272000000005, -122.460843 37.76262800000001, -122.461901 37.76236300000001, -122.46297200000001 37.762316000000006, -122.46284200000001 37.760452, -122.46279200000001 37.75973599999999, -122.46324999999999 37.759479000000006, -122.463386 37.759221999999994, -122.463401 37.759007, -122.463266 37.75870799999999))",13797.0,0.0,4004,075,S,060750301014004,+37.7596686,-122.4634308,G5040,Block 4004,06,030101,,
60750301012,"POLYGON ((-122.45753600000002 37.76356599999999, -122.457827 37.76348199999999, -122.45979 37.76292600000001, -122.460843 37.76262800000001, -122.46095800000002 37.764272000000005, -122.46102299999998 37.765209, -122.46109 37.766161000000004, -122.460954 37.76612599999999, -122.460016 37.76616599999998, -122.459064 37.76620899999997, -122.458947 37.766256, -122.458825 37.76621600000001, -122.458568 37.76622100000001, -122.457977 37.766028999999996, -122.45779 37.766014999999996, -122.457789 37.76582, -122.457756 37.765354, -122.457718 37.76481, -122.4577 37.764549999999986, -122.45753600000002 37.76356599999999))",9841.0,0.0,2003,075,S,060750301012003,+37.7647643,-122.4604554,G5040,Block 2003,06,030101,,
60750171021,"POLYGON ((-122.44827400000001 37.764196, -122.44960000000002 37.764027000000006, -122.45104200000002 37.763842999999994, -122.45240000000001 37.763669, -122.452569 37.76450899999998, -122.452758 37.765443000000005, -122.45140299999998 37.76561600000001, -122.44995800000001 37.7658, -122.450146 37.766729, -122.449074 37.766872, -122.448013 37.76700700000001, -122.44782399999998 37.766071999999994, -122.447635 37.765139, -122.44844100000002 37.765035999999995, -122.44827400000001 37.764196))",19987.0,0.0,1000,075,S,060750171021000,+37.7664030,-122.4489843,G5040,Block 1000,06,017102,,
60750302023,"POLYGON ((-122.46511499999998 37.76222200000001, -122.46404200000002 37.76226899999998, -122.463912 37.76040499999999, -122.464981 37.760358, -122.46605 37.760312, -122.467122 37.76026499999999, -122.46819099999999 37.760218000000016, -122.469263 37.760171, -122.47033500000002 37.760124, -122.47046499999999 37.76198699999999, -122.47039800000002 37.76202299999999, -122.46948399999998 37.762063, -122.469392 37.76203399999999, -122.46930900000001 37.762071, -122.46839899999999 37.762111, -122.46832100000002 37.762080999999995, -122.468254 37.76211699999999, -122.46732700000001 37.762158, -122.467253 37.762128, -122.467182 37.762163999999984, -122.46626100000002 37.762205, -122.466181 37.762175, -122.46511499999998 37.76222200000001))",725.0,0.0,3003,075,S,060750302023003,+37.7621476,-122.4667175,G5040,Block 3003,06,030202,,
60750302022,"POLYGON ((-122.470595 37.763849, -122.46952200000001 37.763896, -122.468451 37.763943, -122.467383 37.76399, -122.46631099999999 37.764036999999995, -122.465245 37.76408399999998, -122.464172 37.76413100000001, -122.46404200000002 37.76226899999998, -122.46511499999998 37.76222200000001, -122.466181 37.762175, -122.46626100000002 37.762205, -122.467182 37.762163999999984, -122.467253 37.762128, -122.46732700000001 37.762158, -122.468254 37.76211699999999, -122.46832100000002 37.762080999999995, -122.46839899999999 37.762111, -122.46930900000001 37.762071, -122.469392 37.76203399999999, -122.46948399999998 37.762063, -122.47039800000002 37.76202299999999, -122.47046499999999 37.76198699999999, -122.470595 37.763849))",19472.0,0.0,2001,075,S,060750302022001,+37.7631295,-122.4657130,G5040,Block 2001,06,030202,,
60750301013,"POLYGON ((-122.46095800000002 37.764272000000005, -122.46203100000001 37.764225, -122.46310199999999 37.76417800000001, -122.464172 37.76413100000001, -122.464237 37.76506699999999, -122.46429700000002 37.765963, -122.463354 37.766005, -122.463233 37.766056999999996, -122.46315799999998 37.766107, -122.462287 37.766150999999994, -122.46216200000002 37.76611, -122.462111 37.766159, -122.46119699999998 37.766203, -122.46109 37.766161000000004, -122.46102299999998 37.765209, -122.46095800000002 37.764272000000005))",9553.0,0.0,3001,075,S,060750301013001,+37.7656395,-122.4615907,G5040,Block 3001,06,030101,,
60750302021,"POLYGON ((-122.470595 37.763849, -122.47072699999998 37.76573899999999, -122.470614 37.76579100000001, -122.46979 37.76582399999999, -122.46965399999999 37.765783000000006, -122.46953099999999 37.76583499999999, -122.468698 37.765872, -122.46858299999998 37.76583, -122.468439 37.76588299999998, -122.467628 37.765919, -122.46751499999999 37.765876999999996, -122.46735400000001 37.765931, -122.466561 37.76596599999999, -122.46644199999999 37.76592499999999, -122.466315 37.76597700000001, -122.465498 37.766011999999996, -122.465377 37.76597, -122.465266 37.765927000000005, -122.46429700000002 37.765963, -122.464237 37.76506699999999, -122.464172 37.76413100000001, -122.465245 37.76408399999998, -122.46631099999999 37.764036999999995, -122.467383 37.76399, -122.468451 37.763943, -122.46952200000001 37.763896, -122.470595 37.763849))",863.0,0.0,1002,075,S,060750302021002,+37.7659476,-122.4659057,G5040,Block 1002,06,030202,,
60759803001,"POLYGON ((-122.503084 37.764343, -122.50392600000002 37.76430399999999, -122.504049 37.764261, -122.50415800000002 37.764296, -122.504982 37.76426, -122.50512 37.76421399999999, -122.50523200000002 37.764249, -122.50609 37.76421, -122.50619100000002 37.764165999999996, -122.50632300000001 37.764202999999995, -122.50714900000001 37.76416399999999, -122.507262 37.76411600000001, -122.50736500000001 37.76415200000001, -122.50820900000001 37.76412, -122.508331 37.764075999999996, -122.508462 37.764106, -122.50928400000001 37.764088, -122.509402 37.764033, -122.50957500000001 37.7641, -122.50987 37.764089999999975, -122.51016099999998 37.76407999999998, -122.51034099999998 37.76400099999999, -122.51236999999999 37.76358599999999, -122.51245700000001 37.763703, -122.51249899999999 37.763851999999986, -122.51254799999998 37.763933, -122.512647 37.76411799999999, -122.51269500000001 37.764147, -122.51273400000001 37.764183, -122.51273600000002 37.764288, -122.512776 37.764362, -122.51277800000001 37.764421, -122.512752 37.76451900000001, -122.512782 37.764585, -122.51277500000002 37.76466, -122.512786 37.76473399999999, -122.512762 37.764869, -122.512744 37.764922, -122.512717 37.76496699999999, -122.51268500000002 37.765161, -122.51265500000001 37.76545299999999, -122.51264900000001 37.765467666666666, -122.51264600000002 37.76547499999999, -122.51263199999998 37.765632, -122.512693 37.765802, -122.512705 37.76589899999999, -122.51271500000001 37.76592499999999, -122.512725 37.76595100000001, -122.51271249999999 37.766011, -122.5127 37.76607099999999, -122.512768 37.766137, -122.512789 37.766218, -122.512786 37.76627799999999, -122.512783 37.76633799999999, -122.512803 37.76639, -122.51288100000001 37.766515, -122.512893 37.76696199999999, -122.512932 37.766999, -122.51301699999998 37.767019999999995, -122.5130575754386 37.76706885614034, -122.513066 37.767079, -122.513078 37.76719799999999, -122.51310800000002 37.76724200000001, -122.51308100000001 37.767302, -122.513124 37.76751, -122.513079 37.767556000000006, -122.513071 37.767607999999996, -122.513071 37.767608, -122.513091 37.767652, -122.51307599999998 37.76779399999999, -122.513059 37.767854, -122.513041 37.767891999999996, -122.51305099999999 37.767936, -122.51308100000001 37.767981, -122.513073 37.768048, -122.51308399999999 37.768800999999996, -122.51310247277937 37.76887313180518, -122.513105 37.76888300000001, -122.513112 37.76913599999999, -122.513087 37.769233, -122.51312600000001 37.76929200000001, -122.513091 37.769397, -122.513086 37.76955400000001, -122.513146 37.770030000000006, -122.513104 37.770232, -122.513083 37.770501, -122.51314700000002 37.77076100000001, -122.511054 37.771342000000004, -122.509895 37.771395999999974, -122.50882300000002 37.771446, -122.507751 37.77149499999999, -122.506685 37.771542000000004, -122.50561100000002 37.771592000000005, -122.504544 37.77163999999999, -122.503473 37.771688999999995, -122.50240000000001 37.771738, -122.501328 37.771786999999996, -122.50025800000002 37.771836, -122.49918300000002 37.77188499999998, -122.49811400000002 37.77193400000001, -122.497047 37.771983, -122.495972 37.772031999999996, -122.494903 37.77208099999999, -122.493832 37.77213, -122.49276100000002 37.77217899999999, -122.491688 37.772226999999994, -122.49061700000001 37.77227599999999, -122.489539 37.77232499999999, -122.488471 37.77237400000001, -122.487398 37.77242299999999, -122.486334 37.772472, -122.485262 37.77252, -122.484194 37.77256899999998, -122.483119 37.77261800000001, -122.482049 37.77266700000001, -122.48097899999999 37.77271599999999, -122.479905 37.77276599999999, -122.478837 37.772814999999994, -122.47776700000001 37.772864000000006, -122.476694 37.772912999999996, -122.47561400000001 37.772962, -122.47455099999999 37.773011000000004, -122.47342800000001 37.773063, -122.47229699999998 37.77311399999999, -122.47176200000001 37.773139, -122.47124000000001 37.773162, -122.470163 37.77320999999999, -122.46909200000002 37.773257, -122.46802400000001 37.77330399999999, -122.46695199999999 37.773351000000005, -122.46588299999999 37.77339799999999, -122.465332 37.773422999999994, -122.46481199999998 37.773488999999984, -122.463749 37.773624, -122.462684 37.773759999999996, -122.46162000000001 37.77389499999998, -122.46055300000002 37.774031, -122.459486 37.77416699999999, -122.45837100000001 37.77430899999998, -122.45628400000001 37.77455500000001, -122.455253 37.77468699999999, -122.454683 37.774755, -122.454642 37.77464599999999, -122.454451 37.773711000000006, -122.45428499999998 37.77289499999999, -122.454083 37.77193, -122.453959 37.77199699999998, -122.452437 37.77218899999999, -122.452242 37.77218099999999, -122.450787 37.77236800000001, -122.44914299999999 37.772579, -122.447497 37.77279000000001, -122.44590199999999 37.772995, -122.444216 37.773212, -122.442565 37.773424, -122.440922 37.773635000000006, -122.440735 37.772712999999996, -122.442378 37.77250400000001, -122.444024 37.772295, -122.445717 37.772079999999995, -122.447312 37.771878, -122.44895800000002 37.771668999999996, -122.45060000000002 37.77146000000002, -122.45187100000001 37.771299, -122.452242 37.77123, -122.453782 37.771021999999995, -122.453902 37.77105399999999, -122.45372600000002 37.770098, -122.45353700000001 37.769165, -122.453352 37.768246, -122.45316500000001 37.767307, -122.45304999999999 37.766742, -122.452996 37.76647599999999, -122.452947 37.766374, -122.45459300000002 37.76616499999999, -122.456913 37.765874, -122.457189 37.76588100000001, -122.45749000000002 37.76593099999998, -122.45779 37.766014999999996, -122.457977 37.766028999999996, -122.458568 37.76622100000001, -122.458825 37.76621600000001, -122.458947 37.766256, -122.459064 37.76620899999997, -122.460016 37.76616599999998, -122.460954 37.76612599999999, -122.46109 37.766161000000004, -122.46119699999998 37.766203, -122.462111 37.766159, -122.46216200000002 37.76611, -122.462287 37.766150999999994, -122.46315799999998 37.766107, -122.463233 37.766056999999996, -122.463354 37.766005, -122.46429700000002 37.765963, -122.465266 37.765927000000005, -122.465377 37.76597, -122.465498 37.766011999999996, -122.466315 37.76597700000001, -122.46644199999999 37.76592499999999, -122.466561 37.76596599999999, -122.46735400000001 37.765931, -122.46751499999999 37.765876999999996, -122.467628 37.765919, -122.468439 37.76588299999998, -122.46858299999998 37.76583, -122.468698 37.765872, -122.46953099999999 37.76583499999999, -122.46965399999999 37.765783000000006, -122.46979 37.76582399999999, -122.470614 37.76579100000001, -122.47072699999998 37.76573899999999, -122.47085599999998 37.76578, -122.47170200000001 37.765738999999996, -122.4718 37.765688, -122.47192 37.765729999999984, -122.472803 37.76569299999999, -122.472923 37.76564099999999, -122.47304400000002 37.76567799999999, -122.47394299999998 37.76563699999998, -122.474045 37.76559299999999, -122.474159 37.76562700000001, -122.475021 37.765587, -122.475119 37.765544000000006, -122.475253 37.76557999999999, -122.476064 37.765544999999996, -122.476187 37.765498, -122.47630699999999 37.765533999999995, -122.477125 37.76549799999998, -122.47730800000001 37.765447999999985, -122.47748899999998 37.765486, -122.47820300000001 37.765451999999996, -122.47832500000001 37.765398999999995, -122.478347 37.765436, -122.47926799999999 37.765395, -122.479398 37.76535099999999, -122.47952 37.76538, -122.48034899999999 37.765344999999975, -122.48046900000001 37.765305999999995, -122.48059500000001 37.765338, -122.481412 37.76530299999999, -122.481541 37.765259999999984, -122.481651 37.765294000000004, -122.482486 37.765254999999996, -122.482615 37.765209999999996, -122.48274 37.765243999999996, -122.483515 37.765208, -122.48368500000001 37.765159999999995, -122.48380399999999 37.76520199999999, -122.484641 37.765167999999996, -122.484759 37.765117, -122.484855 37.76515900000002, -122.485725 37.765119999999996, -122.48583099999999 37.765069, -122.48595399999999 37.76510999999999, -122.48676899999998 37.765072, -122.486902 37.76501899999999, -122.48701499999999 37.765057999999996, -122.48784300000001 37.76502000000001, -122.487967 37.764971, -122.48808700000001 37.76500300000001, -122.488929 37.76497, -122.489042 37.76492899999999, -122.489168 37.764955999999984, -122.489922 37.764922, -122.49011600000001 37.764880999999995, -122.49023000000001 37.764908000000005, -122.49103700000002 37.76487199999999, -122.491186 37.764833, -122.491318 37.76486299999999, -122.49212800000001 37.764823, -122.49225799999999 37.76478, -122.492381 37.764821, -122.493221 37.764783999999985, -122.493331 37.76473299999999, -122.493421 37.76477599999999, -122.49431600000001 37.764737, -122.494402 37.764686, -122.494514 37.76473000000001, -122.495345 37.764706, -122.49547500000001 37.764638, -122.49558600000002 37.764696, -122.49593400000002 37.764680999999996, -122.49608500000001 37.76467500000001, -122.496431 37.76466, -122.49654699999999 37.764596000000004, -122.496631 37.76465100000001, -122.49745700000001 37.764601, -122.49761600000001 37.764545000000005, -122.49773900000001 37.764586, -122.49859799999999 37.764545999999996, -122.49868700000002 37.764495, -122.49877000000001 37.76453799999999, -122.499641 37.764500999999996, -122.49976000000001 37.76445, -122.49985000000001 37.764486999999995, -122.50072900000002 37.764452000000006, -122.50083100000002 37.764406000000015, -122.500936 37.764443, -122.50181000000002 37.76440600000001, -122.501901 37.764360999999994, -122.50201499999999 37.764393, -122.50286100000001 37.764354000000004, -122.502976 37.764311, -122.503084 37.764343))",76640.0,0.0,1028,075,S,060759803001028,+37.7647514,-122.5051643,G5040,Block 1028,06,980300,,
60750327005,"POLYGON ((-122.49173700000001 37.75730599999999, -122.490664 37.757352999999995, -122.489591 37.75740000000001, -122.488517 37.75744799999997, -122.487449 37.757495, -122.48638199999998 37.757542, -122.48624800000002 37.755683, -122.48731599999999 37.755634999999984, -122.48838599999999 37.75558799999999, -122.48945899999998 37.755541, -122.49053399999998 37.755493, -122.49160499999999 37.755446, -122.49267499999998 37.75539799999999, -122.49280600000002 37.757259, -122.49173700000001 37.75730599999999))",19562.0,0.0,5004,075,S,060750327005004,+37.7563998,-122.4911350,G5040,Block 5004,06,032700,,
60750326021,"POLYGON ((-122.48663999999998 37.76127599999997, -122.48677000000002 37.76313699999999, -122.486902 37.76501899999999, -122.48676899999998 37.765072, -122.48595399999999 37.76510999999999, -122.48583099999999 37.765069, -122.485725 37.765119999999996, -122.484855 37.76515900000002, -122.484759 37.765117, -122.48462700000002 37.76323099999999, -122.48449600000001 37.76136999999999, -122.484365 37.75950100000001, -122.48423400000001 37.75763700000001, -122.484104 37.755777, -122.485176 37.75573, -122.48624800000002 37.755683, -122.48638199999998 37.757542, -122.48651200000002 37.759406999999996, -122.48663999999998 37.76127599999997))",761.0,0.0,1000,075,S,060750326021000,+37.7650991,-122.4852919,G5040,Block 1000,06,032602,,
60750352014,"POLYGON ((-122.507936 37.75846599999999, -122.506868 37.758513, -122.50579700000002 37.75856, -122.50472500000002 37.758606, -122.503652 37.75865299999999, -122.50258199999999 37.758700000000005, -122.50245000000001 37.756834999999974, -122.503524 37.756787, -122.50459400000001 37.75674, -122.505665 37.756693000000006, -122.50673700000002 37.756645999999996, -122.50780499999999 37.756599, -122.508903 37.756550999999995, -122.509111 37.75841399999998, -122.507936 37.75846599999999))",19621.0,0.0,4002,075,S,060750352014002,+37.7576499,-122.5051953,G5040,Block 4002,06,035201,,
60750351004,"POLYGON ((-122.50150499999998 37.75874699999998, -122.50043600000001 37.758794, -122.499365 37.758841, -122.498293 37.758888, -122.497222 37.758934, -122.496152 37.758981000000006, -122.49561699999998 37.759004000000004, -122.49568299999999 37.75893, -122.495563 37.75720500000001, -122.49548700000001 37.75713999999999, -122.496021 37.75711700000001, -122.49709100000001 37.75707, -122.498162 37.757023000000004, -122.49923400000002 37.756976000000016, -122.500305 37.756929, -122.501374 37.756882000000004, -122.50245000000001 37.756834999999974, -122.50258199999999 37.758700000000005, -122.50150499999998 37.75874699999998))",19596.0,0.0,4004,075,S,060750351004004,+37.7578850,-122.4998350,G5040,Block 4004,06,035100,,
60750352023,"POLYGON ((-122.50938200000002 37.76027200000001, -122.509141 37.760282000000004, -122.50806800000001 37.760329999999996, -122.50699900000001 37.760377, -122.505928 37.760424, -122.504857 37.760472, -122.503785 37.760519, -122.502713 37.760567, -122.50258199999999 37.758700000000005, -122.503652 37.75865299999999, -122.50472500000002 37.758606, -122.50579700000002 37.75856, -122.506868 37.758513, -122.507936 37.75846599999999, -122.509111 37.75841399999998, -122.509166 37.75848799999998, -122.50938200000002 37.76027200000001))",19605.0,0.0,3002,075,S,060750352023002,+37.7595154,-122.5053266,G5040,Block 3002,06,035202,,
60750327004,"POLYGON ((-122.49186699999998 37.75917, -122.490794 37.75921799999998, -122.48972200000001 37.759265, -122.48864800000001 37.759311999999994, -122.48758 37.75935899999999, -122.48651200000002 37.759406999999996, -122.48638199999998 37.757542, -122.487449 37.757495, -122.488517 37.75744799999997, -122.489591 37.75740000000001, -122.490664 37.757352999999995, -122.49173700000001 37.75730599999999, -122.49280600000002 37.757259, -122.492937 37.75912299999998, -122.49186699999998 37.75917))",19558.0,0.0,4005,075,S,060750327004005,+37.7582146,-122.4923368,G5040,Block 4005,06,032700,,
60750351003,"POLYGON ((-122.50163999999998 37.760614, -122.50056700000002 37.76066099999999, -122.49949699999999 37.76070899999999, -122.498425 37.76075600000001, -122.497353 37.760803, -122.496284 37.76085, -122.495749 37.760874, -122.49581100000002 37.760761, -122.495693 37.759072999999994, -122.49561699999998 37.759004000000004, -122.496152 37.758981000000006, -122.497222 37.758934, -122.498293 37.758888, -122.499365 37.758841, -122.50043600000001 37.758794, -122.50150499999998 37.75874699999998, -122.50258199999999 37.758700000000005, -122.502713 37.760567, -122.50163999999998 37.760614))",19691.0,0.0,3006,075,S,060750351003006,+37.7596564,-122.5021099,G5040,Block 3006,06,035100,,
60750327007,"POLYGON ((-122.495749 37.760874, -122.49583200000002 37.760974, -122.495945 37.762628, -122.49587700000002 37.762735, -122.49595899999998 37.76283499999998, -122.496078 37.76456799999999, -122.49608500000001 37.76467500000001, -122.49593400000002 37.764680999999996, -122.49558600000002 37.764696, -122.49547500000001 37.764638, -122.495345 37.764706, -122.494514 37.76473000000001, -122.494402 37.764686, -122.49431600000001 37.764737, -122.493421 37.76477599999999, -122.493331 37.76473299999999, -122.49319900000002 37.762853, -122.49306800000001 37.76099200000001, -122.49414 37.76094499999999, -122.494693 37.760921, -122.49466699999999 37.76055199999999, -122.49464499999999 37.76048, -122.49454399999999 37.759052, -122.49508200000001 37.759028, -122.49561699999998 37.759004000000004, -122.495693 37.759072999999994, -122.49581100000002 37.760761, -122.495749 37.760874))",19597.0,0.0,7007,075,S,060750327007007,+37.7618522,-122.4947418,G5040,Block 7007,06,032700,,
60750326022,"POLYGON ((-122.482221 37.75959599999999, -122.481148 37.759643000000004, -122.48007600000001 37.75969, -122.479005 37.759737, -122.47858900000001 37.759755000000006, -122.477937 37.759783999999996, -122.47681399999999 37.759834, -122.47688099999999 37.759722, -122.476766 37.75808, -122.476684 37.757968999999996, -122.477807 37.757919999999984, -122.478387 37.757893999999986, -122.47887499999999 37.757873000000004, -122.479945 37.757825, -122.481017 37.757777999999995, -122.48209099999998 37.75773100000001, -122.483161 37.757684, -122.48423400000001 37.75763700000001, -122.484365 37.75950100000001, -122.483292 37.759549, -122.482221 37.75959599999999))",19641.0,0.0,2005,075,S,060750326022005,+37.7586869,-122.4816192,G5040,Block 2005,06,032602,,
60750327003,"POLYGON ((-122.491997 37.76104, -122.490923 37.761087, -122.489853 37.761134, -122.488779 37.76118100000001, -122.48770800000001 37.761229000000014, -122.48663999999998 37.76127599999997, -122.48651200000002 37.759406999999996, -122.48758 37.75935899999999, -122.48864800000001 37.759311999999994, -122.48972200000001 37.759265, -122.490794 37.75921799999998, -122.49186699999998 37.75917, -122.492937 37.75912299999998, -122.49306800000001 37.76099200000001, -122.491997 37.76104))",19634.0,0.0,3005,075,S,060750327003005,+37.7600814,-122.4924672,G5040,Block 3005,06,032700,,
60750352022,"POLYGON ((-122.509269 37.762143, -122.50819899999999 37.76219, -122.50713000000002 37.762238, -122.50605900000001 37.762285000000006, -122.504988 37.762331999999994, -122.503916 37.762379999999986, -122.50284399999998 37.76242699999998, -122.502713 37.760567, -122.503785 37.760519, -122.504857 37.760472, -122.505928 37.760424, -122.50699900000001 37.760377, -122.50806800000001 37.760329999999996, -122.509141 37.760282000000004, -122.50938200000002 37.76027200000001, -122.50962200000002 37.762127, -122.509269 37.762143))",19553.0,0.0,2003,075,S,060750352022003,+37.7613310,-122.5065290,G5040,Block 2003,06,035202,,
60750351002,"POLYGON ((-122.500698 37.762522, -122.49962700000002 37.76256899999999, -122.498555 37.762617, -122.49748400000001 37.762664, -122.49641500000001 37.762710999999996, -122.49587700000002 37.762735, -122.495945 37.762628, -122.49583200000002 37.760974, -122.495749 37.760874, -122.496284 37.76085, -122.497353 37.760803, -122.498425 37.76075600000001, -122.49949699999999 37.76070899999999, -122.50056700000002 37.76066099999999, -122.50163999999998 37.760614, -122.502713 37.760567, -122.50284399999998 37.76242699999998, -122.50177099999999 37.762475000000016, -122.500698 37.762522))",19517.0,0.0,2001,075,S,060750351002001,+37.7617570,-122.4968840,G5040,Block 2001,06,035100,,
60750326013,"POLYGON ((-122.482352 37.761464, -122.481278 37.761511999999996, -122.48020700000002 37.76155899999999, -122.47913600000001 37.76160599999999, -122.47806199999998 37.761652999999995, -122.477011 37.761699, -122.476925 37.761584, -122.476748 37.75995299999999, -122.47681399999999 37.759834, -122.477937 37.759783999999996, -122.47858900000001 37.759755000000006, -122.479005 37.759737, -122.48007600000001 37.75969, -122.481148 37.759643000000004, -122.482221 37.75959599999999, -122.483292 37.759549, -122.484365 37.75950100000001, -122.48449600000001 37.76136999999999, -122.48342300000002 37.761416999999994, -122.482352 37.761464))",18704.0,0.0,3000,075,S,060750326013000,+37.7607294,-122.4774882,G5040,Block 3000,06,032601,,
60750327002,"POLYGON ((-122.492127 37.762901, -122.49105399999998 37.762948, -122.489984 37.762995000000004, -122.48891 37.76304299999999, -122.487839 37.76309, -122.48677000000002 37.76313699999999, -122.48663999999998 37.76127599999997, -122.48770800000001 37.761229000000014, -122.488779 37.76118100000001, -122.489853 37.761134, -122.490923 37.761087, -122.491997 37.76104, -122.49306800000001 37.76099200000001, -122.49319900000002 37.762853, -122.492127 37.762901))",19559.0,0.0,2001,075,S,060750327002001,+37.7621357,-122.4883090,G5040,Block 2001,06,032700,,
60750302013,"POLYGON ((-122.477011 37.761699, -122.476876 37.761747, -122.476 37.76178499999998, -122.475924 37.761747, -122.47585499999998 37.76179099999999, -122.47496800000002 37.76182999999999, -122.474855 37.761794, -122.474789 37.761838, -122.473862 37.76187899999998, -122.47378300000001 37.761841000000004, -122.473708 37.76188600000001, -122.472775 37.76192700000001, -122.472659 37.761891000000006, -122.47258500000001 37.761935, -122.471605 37.761978, -122.471538 37.76193999999999, -122.471472 37.76198399999999, -122.470541 37.762025, -122.47046499999999 37.76198699999999, -122.47033500000002 37.760124, -122.471409 37.760076, -122.47244599999999 37.760029, -122.473652 37.75997499999998, -122.474724 37.75992699999998, -122.47579700000001 37.759879000000005, -122.47681399999999 37.759834, -122.476748 37.75995299999999, -122.476925 37.761584, -122.477011 37.761699))",17580.0,0.0,3010,075,S,060750302013010,+37.7607829,-122.4763499,G5040,Block 3010,06,030201,,
60750302012,"POLYGON ((-122.477011 37.761699, -122.476964 37.76181100000001, -122.477101 37.76345500000001, -122.47717399999999 37.763559, -122.476054 37.763608999999995, -122.474985 37.763656, -122.473913 37.76370299999998, -122.47279 37.763752000000004, -122.471668 37.763802, -122.470595 37.763849, -122.47046499999999 37.76198699999999, -122.470541 37.762025, -122.471472 37.76198399999999, -122.471538 37.76193999999999, -122.471605 37.761978, -122.47258500000001 37.761935, -122.472659 37.761891000000006, -122.472775 37.76192700000001, -122.473708 37.76188600000001, -122.47378300000001 37.761841000000004, -122.473862 37.76187899999998, -122.474789 37.761838, -122.474855 37.761794, -122.47496800000002 37.76182999999999, -122.47585499999998 37.76179099999999, -122.475924 37.761747, -122.476 37.76178499999998, -122.476876 37.761747, -122.477011 37.761699))",19135.0,0.0,2004,075,S,060750302012004,+37.7627202,-122.4754556,G5040,Block 2004,06,030201,,
60750326012,"POLYGON ((-122.48248300000002 37.76332599999999, -122.48140900000001 37.763372999999994, -122.480337 37.763419999999996, -122.479267 37.76346699999999, -122.47819099999998 37.76351499999999, -122.47717399999999 37.763559, -122.477101 37.76345500000001, -122.476964 37.76181100000001, -122.477011 37.761699, -122.47806199999998 37.761652999999995, -122.47913600000001 37.76160599999999, -122.48020700000002 37.76155899999999, -122.481278 37.761511999999996, -122.482352 37.761464, -122.48342300000002 37.761416999999994, -122.48449600000001 37.76136999999999, -122.48462700000002 37.76323099999999, -122.483554 37.763279, -122.48248300000002 37.76332599999999))",17683.0,0.0,2000,075,S,060750326012000,+37.7626006,-122.4776420,G5040,Block 2000,06,032601,,
60750326011,"POLYGON ((-122.483554 37.763279, -122.48462700000002 37.76323099999999, -122.484759 37.765117, -122.484641 37.765167999999996, -122.48380399999999 37.76520199999999, -122.48368500000001 37.765159999999995, -122.483515 37.765208, -122.48274 37.765243999999996, -122.482615 37.765209999999996, -122.482486 37.765254999999996, -122.481651 37.765294000000004, -122.481541 37.765259999999984, -122.481412 37.76530299999999, -122.48059500000001 37.765338, -122.48046900000001 37.765305999999995, -122.48034899999999 37.765344999999975, -122.47952 37.76538, -122.479398 37.76535099999999, -122.47926799999999 37.765395, -122.478347 37.765436, -122.47832500000001 37.765398999999995, -122.47820300000001 37.765451999999996, -122.47748899999998 37.765486, -122.47730800000001 37.765447999999985, -122.47724099999999 37.765321, -122.47712100000001 37.763675, -122.47717399999999 37.763559, -122.47819099999998 37.76351499999999, -122.479267 37.76346699999999, -122.480337 37.763419999999996, -122.48140900000001 37.763372999999994, -122.48248300000002 37.76332599999999, -122.483554 37.763279))",668.0,0.0,1010,075,S,060750326011010,+37.7652384,-122.4820719,G5040,Block 1010,06,032601,,
60750302011,"POLYGON ((-122.47730800000001 37.765447999999985, -122.477125 37.76549799999998, -122.47630699999999 37.765533999999995, -122.476187 37.765498, -122.476064 37.765544999999996, -122.475253 37.76557999999999, -122.475119 37.765544000000006, -122.475021 37.765587, -122.474159 37.76562700000001, -122.474045 37.76559299999999, -122.47394299999998 37.76563699999998, -122.47304400000002 37.76567799999999, -122.472923 37.76564099999999, -122.472803 37.76569299999999, -122.47192 37.765729999999984, -122.4718 37.765688, -122.47170200000001 37.765738999999996, -122.47085599999998 37.76578, -122.47072699999998 37.76573899999999, -122.470595 37.763849, -122.471668 37.763802, -122.47279 37.763752000000004, -122.473913 37.76370299999998, -122.474985 37.763656, -122.476054 37.763608999999995, -122.47717399999999 37.763559, -122.47712100000001 37.763675, -122.47724099999999 37.765321, -122.47730800000001 37.765447999999985))",862.0,0.0,1009,075,S,060750302011009,+37.7655162,-122.4756519,G5040,Block 1009,06,030201,,
60750351001,"POLYGON ((-122.50177099999999 37.762475000000016, -122.50284399999998 37.76242699999998, -122.502976 37.764311, -122.50286100000001 37.764354000000004, -122.50201499999999 37.764393, -122.501901 37.764360999999994, -122.50181000000002 37.76440600000001, -122.500936 37.764443, -122.50083100000002 37.764406000000015, -122.50072900000002 37.764452000000006, -122.49985000000001 37.764486999999995, -122.49976000000001 37.76445, -122.499641 37.764500999999996, -122.49877000000001 37.76453799999999, -122.49868700000002 37.764495, -122.49859799999999 37.764545999999996, -122.49773900000001 37.764586, -122.49761600000001 37.764545000000005, -122.49745700000001 37.764601, -122.496631 37.76465100000001, -122.49654699999999 37.764596000000004, -122.496431 37.76466, -122.49608500000001 37.76467500000001, -122.496078 37.76456799999999, -122.49595899999998 37.76283499999998, -122.49587700000002 37.762735, -122.49641500000001 37.762710999999996, -122.49748400000001 37.762664, -122.498555 37.762617, -122.49962700000002 37.76256899999999, -122.500698 37.762522, -122.50177099999999 37.762475000000016))",3768.0,0.0,1004,075,S,060750351001004,+37.7632010,-122.4962686,G5040,Block 1004,06,035100,,
60750327001,"POLYGON ((-122.49105399999998 37.762948, -122.492127 37.762901, -122.49319900000002 37.762853, -122.493331 37.76473299999999, -122.493221 37.764783999999985, -122.492381 37.764821, -122.49225799999999 37.76478, -122.49212800000001 37.764823, -122.491318 37.76486299999999, -122.491186 37.764833, -122.49103700000002 37.76487199999999, -122.49023000000001 37.764908000000005, -122.49011600000001 37.764880999999995, -122.489922 37.764922, -122.489168 37.764955999999984, -122.489042 37.76492899999999, -122.488929 37.76497, -122.48808700000001 37.76500300000001, -122.487967 37.764971, -122.48784300000001 37.76502000000001, -122.48701499999999 37.765057999999996, -122.486902 37.76501899999999, -122.48677000000002 37.76313699999999, -122.487839 37.76309, -122.48891 37.76304299999999, -122.489984 37.762995000000004, -122.49105399999998 37.762948))",19491.0,0.0,1010,075,S,060750327001010,+37.7638034,-122.4927278,G5040,Block 1010,06,032700,,
60750352021,"POLYGON ((-122.50987 37.764089999999975, -122.50957500000001 37.7641, -122.509402 37.764033, -122.50928400000001 37.764088, -122.508462 37.764106, -122.508331 37.764075999999996, -122.50820900000001 37.76412, -122.50736500000001 37.76415200000001, -122.507262 37.76411600000001, -122.50714900000001 37.76416399999999, -122.50632300000001 37.764202999999995, -122.50619100000002 37.764165999999996, -122.50609 37.76421, -122.50523200000002 37.764249, -122.50512 37.76421399999999, -122.504982 37.76426, -122.50415800000002 37.764296, -122.504049 37.764261, -122.50392600000002 37.76430399999999, -122.503084 37.764343, -122.502976 37.764311, -122.50284399999998 37.76242699999998, -122.503916 37.762379999999986, -122.504988 37.762331999999994, -122.50605900000001 37.762285000000006, -122.50713000000002 37.762238, -122.50819899999999 37.76219, -122.509269 37.762143, -122.50962200000002 37.762127, -122.509817 37.763729000000005, -122.50983300000001 37.76396899999998, -122.50987 37.764089999999975))",19450.0,0.0,1010,075,S,060750352021010,+37.7630928,-122.5087991,G5040,Block 1010,06,035202,,
60750479014,"POLYGON ((-122.50571600000002 37.77303499999998, -122.50574699999999 37.773455999999996, -122.50468000000002 37.77350499999999, -122.50360900000001 37.77355399999999, -122.50253499999998 37.773603999999985, -122.501463 37.773652999999996, -122.50038599999999 37.773702, -122.49931899999999 37.773751, -122.49824999999998 37.7738, -122.49811400000002 37.77193400000001, -122.49918300000002 37.77188499999998, -122.50025800000002 37.771836, -122.501328 37.771786999999996, -122.50240000000001 37.771738, -122.503473 37.771688999999995, -122.504544 37.77163999999999, -122.50561100000002 37.771592000000005, -122.50571600000002 37.77303499999998))",19571.0,0.0,4000,075,S,060750479014000,+37.7728425,-122.4987165,G5040,Block 4000,06,047901,,
60750478022,"POLYGON ((-122.494903 37.77208099999999, -122.495972 37.772031999999996, -122.497047 37.771983, -122.49811400000002 37.77193400000001, -122.49824999999998 37.7738, -122.498386 37.775667, -122.497319 37.775715, -122.49625900000001 37.77576399999999, -122.49517499999999 37.775813, -122.49503899999999 37.773946999999986, -122.494903 37.77208099999999))",19539.0,0.0,2002,075,S,060750478022002,+37.7747577,-122.4977845,G5040,Block 2002,06,047802,,
60750478011,"POLYGON ((-122.49396800000001 37.773996, -122.492903 37.77404499999999, -122.491824 37.77409399999997, -122.49075200000001 37.774142999999995, -122.48967999999999 37.774192, -122.488606 37.774240999999996, -122.488471 37.77237400000001, -122.489539 37.77232499999999, -122.49061700000001 37.77227599999999, -122.491688 37.772226999999994, -122.49276100000002 37.77217899999999, -122.493832 37.77213, -122.494903 37.77208099999999, -122.49503899999999 37.773946999999986, -122.49396800000001 37.773996))",19627.0,0.0,1002,075,S,060750478011002,+37.7731851,-122.4912203,G5040,Block 1002,06,047801,,
60750477023,"POLYGON ((-122.48753400000001 37.774289999999986, -122.486469 37.774339, -122.485397 37.774387999999995, -122.484326 37.77443699999999, -122.48325500000001 37.774485999999996, -122.482184 37.77453399999999, -122.482049 37.77266700000001, -122.483119 37.77261800000001, -122.484194 37.77256899999998, -122.485262 37.77252, -122.486334 37.772472, -122.487398 37.77242299999999, -122.488471 37.77237400000001, -122.488606 37.774240999999996, -122.48753400000001 37.774289999999986))",19600.0,0.0,3002,075,S,060750477023002,+37.7734789,-122.4847948,G5040,Block 3002,06,047702,,
60750479012,"POLYGON ((-122.51314700000002 37.77076100000001, -122.513128 37.771214, -122.51314099999999 37.771331, -122.51310719114221 37.77142054778554, -122.513104 37.77142899999999, -122.513117 37.771539, -122.513111 37.77170699999997, -122.513105 37.77173033333333, -122.51310200000002 37.771742, -122.51310899999999 37.771800999999996, -122.51310299999999 37.7718515, -122.51309699999999 37.77190199999999, -122.51313 37.77206699999999, -122.513163 37.77223199999999, -122.513144 37.77226100000001, -122.513143 37.772299, -122.513179 37.77237, -122.51317800000001 37.772411999999996, -122.513138 37.77248300000001, -122.51313300000001 37.772518, -122.51314799999999 37.772556999999985, -122.513128 37.772862999999994, -122.513144 37.77291799999999, -122.51313500000002 37.772952999999994, -122.513146 37.773046, -122.51312000000001 37.773098999999995, -122.51310899999999 37.773165, -122.513117 37.77322699999998, -122.5131265 37.77325149999999, -122.513136 37.77327600000001, -122.51313666666667 37.77335599999999, -122.513137 37.77339599999998, -122.513124 37.773514, -122.513137 37.773648, -122.513131 37.773759000000005, -122.51312033333333 37.77380933333334, -122.513099 37.77390999999998, -122.513099 37.77390999999998, -122.513116 37.774549999999984, -122.51316500000001 37.774891, -122.51317 37.77510900000001, -122.51315 37.775202, -122.513168 37.775294999999986, -122.51313900000001 37.775383, -122.513155 37.77541299999999, -122.51313650000002 37.775453999999996, -122.513118 37.77549500000001, -122.513116 37.775991999999995, -122.51322 37.77664299999999, -122.51326200000001 37.776765999999995, -122.513273 37.776852999999996, -122.513337 37.777196999999994, -122.513351 37.77733, -122.513419 37.777443, -122.513485 37.777542000000004, -122.51348798770493 37.77754875, -122.51351199999998 37.777603000000006, -122.513606 37.77763399999999, -122.51379000000001 37.777711, -122.51397000000001 37.777743, -122.51413000000001 37.777902, -122.514272 37.778125, -122.51434300000001 37.77819799999999, -122.51441400000002 37.77827099999999, -122.51463 37.778506, -122.514662 37.778644, -122.514636 37.77874799999999, -122.5146005 37.778797, -122.51456499999999 37.77884600000001, -122.514579 37.77897799999998, -122.51455233333333 37.779036666666656, -122.51449899999999 37.779153999999984, -122.514494 37.779242999999994, -122.51456800000001 37.77941799999999, -122.51467099999998 37.77944600000001, -122.51474802215189 37.779479249999994, -122.514854 37.77952500000001, -122.51488533333334 37.779589666666666, -122.514948 37.779718999999986, -122.51493958252429 37.77974029126212, -122.51489699999999 37.779848, -122.51475000000002 37.779872, -122.514641 37.779821000000005, -122.51456499999999 37.77989699999997, -122.51453500000001 37.780082, -122.514512 37.78026899999999, -122.514475 37.78042600000001, -122.514467 37.780603, -122.514648 37.780861, -122.51472400000002 37.781134, -122.51466600000002 37.78120399999998, -122.51458600000001 37.781301, -122.514468 37.78130300000001, -122.51440966666667 37.781295, -122.514293 37.781278999999984, -122.514303 37.781351999999984, -122.51428500000002 37.781428999999996, -122.514242 37.781465, -122.51386800000002 37.78142799999999, -122.51381350000001 37.7814525, -122.513759 37.781476999999995, -122.513759 37.781477, -122.51388299999999 37.781615, -122.513812 37.781738000000004, -122.51375399999999 37.781814999999995, -122.513696 37.78189199999999, -122.513671 37.781982, -122.513523 37.782081, -122.51346699999998 37.782191999999995, -122.51354599999999 37.782286000000006, -122.51358563963964 37.78238600000001, -122.51358999999998 37.782397, -122.513504 37.782433, -122.51346000000001 37.782520999999996, -122.51346000000001 37.78252100000001, -122.51348999999999 37.78257700000001, -122.51349900000001 37.78263400000001, -122.51349900000001 37.782700999999975, -122.51344399999999 37.782781, -122.51331300000001 37.782817, -122.51317800000001 37.782748999999995, -122.513099 37.782773999999996, -122.51308200000001 37.78289600000001, -122.51298599999998 37.783035999999996, -122.51302 37.78313900000002, -122.513026 37.78320000000001, -122.512879 37.783237, -122.512854 37.783353, -122.51280599999998 37.78347499999998, -122.512706 37.783554, -122.512519 37.78362, -122.51246599999999 37.783743, -122.51264600000002 37.783874, -122.512714 37.783930999999995, -122.51265200000002 37.78402099999998, -122.51265200000002 37.784021, -122.512681 37.78412, -122.512566 37.784152999999996, -122.51229500000001 37.783941999999996, -122.51220350000001 37.78386749999999, -122.51211199999999 37.78379299999999, -122.511916 37.783949, -122.51193599999998 37.784103, -122.51198757615894 37.78414910596025, -122.512002 37.784162, -122.512011 37.784237000000005, -122.51197699999999 37.784290999999996, -122.51191100000001 37.784326, -122.51179600000002 37.784312, -122.51164300000002 37.784335, -122.511486 37.784289, -122.511302 37.784284, -122.51133399999999 37.784425, -122.51130599999999 37.78455399999999, -122.51122900000001 37.784589, -122.51102499999999 37.78448499999999, -122.51097100000001 37.784497, -122.510839 37.78458500000001, -122.510747 37.78467200000001, -122.510492 37.784697, -122.510371 37.784698999999996, -122.510237 37.784733999999986, -122.51016900000002 37.784703, -122.51016899999999 37.784703, -122.51010700738011 37.78471150184502, -122.50999400000002 37.78472699999999, -122.50985399999999 37.78479399999999, -122.50983000000001 37.784419, -122.509783 37.784029, -122.50748400000002 37.782185, -122.508337 37.782278, -122.50847999999998 37.78227899999999, -122.50861600000002 37.782222000000004, -122.508762 37.78205099999998, -122.50892400000001 37.782013, -122.509739 37.78219, -122.509837 37.782195, -122.50997400000001 37.782160000000005, -122.510102 37.78206399999999, -122.510215 37.782030000000006, -122.51035 37.782056999999995, -122.510506 37.782122, -122.510636 37.782123, -122.510781 37.782059000000004, -122.509879 37.78062700000002, -122.50959300000001 37.780173, -122.50943300000002 37.779851000000015, -122.50936800000001 37.77896499999999, -122.50922800000001 37.77704399999999, -122.509159 37.77610000000001, -122.50912699999999 37.775672, -122.50912400000001 37.77562299999999, -122.50909199999998 37.775177000000006, -122.50895800000002 37.77330899999999, -122.50788800000001 37.77335799999998, -122.50682100000002 37.77340699999998, -122.50574699999999 37.773455999999996, -122.50571600000002 37.77303499999998, -122.50561100000002 37.771592000000005, -122.506685 37.771542000000004, -122.507751 37.77149499999999, -122.50882300000002 37.771446, -122.509895 37.771395999999974, -122.511054 37.771342000000004, -122.51314700000002 37.77076100000001))",,,,,,,,,,,,,,
60750301011,"POLYGON ((-122.457718 37.76481, -122.457756 37.765354, -122.457789 37.76582, -122.45779 37.766014999999996, -122.45749000000002 37.76593099999998, -122.457189 37.76588100000001, -122.456913 37.765874, -122.45459300000002 37.76616499999999, -122.452947 37.766374, -122.452758 37.765443000000005, -122.452569 37.76450899999998, -122.45351600000001 37.76439500000001, -122.454217 37.764311, -122.455466 37.764161, -122.455781 37.76406999999999, -122.456424 37.763884999999995, -122.45667 37.763815, -122.45753600000002 37.76356599999999, -122.4577 37.764549999999986, -122.457718 37.76481))",15382.0,0.0,1000,075,S,060750301011000,+37.7658037,-122.4536756,G5040,Block 1000,06,030101,,
60750171022,"POLYGON ((-122.45223300000002 37.762843, -122.45240000000001 37.763669, -122.45104200000002 37.763842999999994, -122.44960000000002 37.764027000000006, -122.44827400000001 37.764196, -122.44810899999999 37.763367, -122.44943300000001 37.7632, -122.449296 37.76251899999999, -122.44912 37.761647999999994, -122.45057999999999 37.761560999999986, -122.451958 37.761478, -122.452097 37.762167, -122.45223300000002 37.762843))",9790.0,0.0,2004,075,S,060750171022004,+37.7627695,-122.4500838,G5040,Block 2004,06,017102,,
60750171023,"POLYGON ((-122.452996 37.76647599999999, -122.45304999999999 37.766742, -122.45316500000001 37.767307, -122.453352 37.768246, -122.453206 37.76824899999997, -122.451676 37.768446, -122.45052200000002 37.768592999999996, -122.44945399999999 37.76872900000001, -122.44839000000002 37.768865, -122.448013 37.76700700000001, -122.449074 37.766872, -122.450146 37.766729, -122.44995800000001 37.7658, -122.45140299999998 37.76561600000001, -122.452758 37.765443000000005, -122.452947 37.766374, -122.452996 37.76647599999999))",10743.0,0.0,3005,075,S,060750171023005,+37.7671264,-122.4508151,G5040,Block 3005,06,017102,,
60750166003,"POLYGON ((-122.45372600000002 37.770098, -122.453902 37.77105399999999, -122.453782 37.771021999999995, -122.452242 37.77123, -122.45187100000001 37.771299, -122.45060000000002 37.77146000000002, -122.450408 37.77051900000001, -122.45021700000001 37.769588999999996, -122.45071 37.76952599999999, -122.45052200000002 37.768592999999996, -122.451676 37.768446, -122.453206 37.76824899999997, -122.453352 37.768246, -122.45353700000001 37.769165, -122.45372600000002 37.770098))",15652.0,0.0,3005,075,S,060750166003005,+37.7688054,-122.4526066,G5040,Block 3005,06,016600,,
60750452002,"POLYGON ((-122.463749 37.773624, -122.46481199999998 37.773488999999984, -122.465332 37.773422999999994, -122.46588299999999 37.77339799999999, -122.46695199999999 37.773351000000005, -122.467086 37.77522299999999, -122.46721999999998 37.777088, -122.466154 37.777136, -122.465068 37.777184999999996, -122.464011 37.77723499999998, -122.463876 37.77536899999999, -122.463749 37.773624))",19513.0,0.0,2000,075,S,060750452002000,+37.7762775,-122.4644767,G5040,Block 2000,06,045200,,
60750451002,"POLYGON ((-122.46055300000002 37.774031, -122.46162000000001 37.77389499999998, -122.462684 37.773759999999996, -122.463749 37.773624, -122.463876 37.77536899999999, -122.464011 37.77723499999998, -122.46294099999999 37.777283, -122.461868 37.777332, -122.460796 37.777379999999994, -122.46066100000002 37.775517, -122.46055300000002 37.774031))",16971.0,0.0,2004,075,S,060750451002004,+37.7746348,-122.4622153,G5040,Block 2004,06,045100,,
60750165004,"POLYGON ((-122.450787 37.77236800000001, -122.452242 37.77218099999999, -122.452437 37.77218899999999, -122.453959 37.77199699999998, -122.454083 37.77193, -122.45428499999998 37.77289499999999, -122.454451 37.773711000000006, -122.454642 37.77464599999999, -122.454683 37.774755, -122.45300300000001 37.774971, -122.45281000000001 37.774995000000004, -122.451358 37.77517499999998, -122.45116299999998 37.774249, -122.450974 37.773316, -122.450787 37.77236800000001))",15338.0,0.0,4000,075,S,060750165004000,+37.7746087,-122.4520847,G5040,Block 4000,06,016500,,
60750156002,"POLYGON ((-122.454764 37.77552700000001, -122.454668 37.77496500000001, -122.454683 37.774755, -122.455253 37.77468699999999, -122.45628400000001 37.77455500000001, -122.45837100000001 37.77430899999998, -122.45843499999998 37.77523999999999, -122.458463 37.775618, -122.458505 37.77619, -122.456663 37.77641899999999, -122.456746 37.77682499999999, -122.456863 37.777402, -122.456051 37.777499, -122.455217 37.777599, -122.45522 37.77749399999999, -122.455124 37.777026, -122.45497800000001 37.77632200000001, -122.454847 37.775684999999996, -122.454764 37.77552700000001))",10028.0,0.0,2003,075,S,060750156002003,+37.7758945,-122.4557043,G5040,Block 2003,06,015600,,
60750157004,"POLYGON ((-122.454764 37.77552700000001, -122.454847 37.775684999999996, -122.45497800000001 37.77632200000001, -122.455124 37.777026, -122.45522 37.77749399999999, -122.455217 37.777599, -122.454331 37.77771299999999, -122.453385 37.777826999999995, -122.453188 37.776853, -122.45223399999999 37.776976, -122.451346 37.77709, -122.450458 37.77720499999999, -122.45065500000001 37.778165, -122.44976699999998 37.77827700000001, -122.448879 37.778388999999976, -122.44799799999998 37.77850099999999, -122.44703999999999 37.778621999999984, -122.446846 37.77766899999998, -122.44666 37.77674199999997, -122.446471 37.775801999999985, -122.44744299999998 37.775678, -122.448068 37.775599, -122.44885 37.77549899999999, -122.449708 37.77539, -122.451358 37.77517499999998, -122.45281000000001 37.774995000000004, -122.45300300000001 37.774971, -122.454683 37.774755, -122.454668 37.77496500000001, -122.454764 37.77552700000001))",13830.0,0.0,4006,075,S,060750157004006,+37.7752559,-122.4537975,G5040,Block 4006,06,015700,,
60750166004,"POLYGON ((-122.450408 37.77051900000001, -122.45060000000002 37.77146000000002, -122.44895800000002 37.771668999999996, -122.447312 37.771878, -122.445717 37.772079999999995, -122.44553500000002 37.771142000000005, -122.445345 37.77021, -122.446934 37.77000799999999, -122.448579 37.769797999999994, -122.44964500000002 37.76966199999999, -122.45021700000001 37.769588999999996, -122.450408 37.77051900000001))",15470.0,0.0,4002,075,S,060750166004002,+37.7710948,-122.4496840,G5040,Block 4002,06,016600,,
60750165003,"POLYGON ((-122.45116299999998 37.774249, -122.451358 37.77517499999998, -122.449708 37.77539, -122.44885 37.77549899999999, -122.448068 37.775599, -122.447878 37.774667, -122.44768800000001 37.773733, -122.447497 37.77279000000001, -122.44914299999999 37.772579, -122.450787 37.77236800000001, -122.450974 37.773316, -122.45116299999998 37.774249))",15357.0,0.0,3001,075,S,060750165003001,+37.7748188,-122.4504360,G5040,Block 3001,06,016500,,
60750451001,"POLYGON ((-122.45837100000001 37.77430899999998, -122.459486 37.77416699999999, -122.46055300000002 37.774031, -122.46066100000002 37.775517, -122.460796 37.777379999999994, -122.460931 37.77923499999999, -122.461063 37.78115999999999, -122.460933 37.78124199999999, -122.460123 37.781278, -122.46000000000002 37.781212999999994, -122.45988 37.781289, -122.459049 37.781324999999995, -122.458859 37.781257, -122.45873199999998 37.77933300000001, -122.458638 37.778008000000014, -122.45858100000001 37.777254000000006, -122.458505 37.77619, -122.458463 37.775618, -122.45843499999998 37.77523999999999, -122.45837100000001 37.77430899999998))",1338.0,0.0,1000,075,S,060750451001000,+37.7812380,-122.4594491,G5040,Block 1000,06,045100,,
60750156003,"POLYGON ((-122.45873199999998 37.77933300000001, -122.458859 37.781257, -122.45873 37.78134299999999, -122.45782299999998 37.781376, -122.45773299999999 37.78131499999999, -122.457647 37.781396, -122.45662899999999 37.781439, -122.45639599999998 37.781447, -122.456296 37.781381, -122.456079 37.78027, -122.455983 37.780096000000015, -122.45584300000002 37.779941000000015, -122.455684 37.779726, -122.455574 37.779477, -122.455442 37.77882800000001, -122.455213 37.77770399999999, -122.455217 37.777599, -122.456051 37.777499, -122.456863 37.777402, -122.456746 37.77682499999999, -122.456663 37.77641899999999, -122.458505 37.77619, -122.45858100000001 37.777254000000006, -122.458638 37.778008000000014, -122.45873199999998 37.77933300000001))",37728.0,0.0,3004,075,S,060750156003004,+37.7786522,-122.4573428,G5040,Block 3004,06,015600,,
60750452001,"POLYGON ((-122.464011 37.77723499999998, -122.465068 37.777184999999996, -122.466154 37.777136, -122.46721999999998 37.777088, -122.46735400000001 37.778946, -122.467488 37.780879999999996, -122.467374 37.78095500000001, -122.466555 37.780991, -122.46642700000001 37.78092499999999, -122.466297 37.780998, -122.465476 37.781037, -122.465353 37.78096499999998, -122.465239 37.78104899999999, -122.46441300000001 37.781082, -122.46427900000002 37.78101899999999, -122.46414499999999 37.77909100000001, -122.464011 37.77723499999998))",19715.0,0.0,1005,075,S,060750452001005,+37.7780882,-122.4656801,G5040,Block 1005,06,045200,,
60750451003,"POLYGON ((-122.460796 37.777379999999994, -122.461868 37.777332, -122.46294099999999 37.777283, -122.464011 37.77723499999998, -122.46414499999999 37.77909100000001, -122.46427900000002 37.78101899999999, -122.464152 37.78110000000001, -122.46333899999999 37.781141, -122.46321100000002 37.78107, -122.463089 37.78114499999999, -122.46227 37.78117999999999, -122.46213900000001 37.781110999999996, -122.462002 37.781189000000005, -122.461194 37.78122299999999, -122.461063 37.78115999999999, -122.460931 37.77923499999999, -122.460796 37.777379999999994))",19472.0,0.0,3006,075,S,060750451003006,+37.7781869,-122.4635432,G5040,Block 3006,06,045100,,
60750476004,"POLYGON ((-122.47682999999999 37.77477899999999, -122.475751 37.774828, -122.47468599999999 37.77487700000001, -122.47356300000001 37.774928, -122.472435 37.774978999999995, -122.47190499999999 37.775003, -122.47183300000002 37.774912999999984, -122.47171100000001 37.77324399999999, -122.47176200000001 37.773139, -122.47229699999998 37.77311399999999, -122.47342800000001 37.773063, -122.47455099999999 37.773011000000004, -122.47561400000001 37.772962, -122.476694 37.772912999999996, -122.47776700000001 37.772864000000006, -122.478837 37.772814999999994, -122.478972 37.774681000000015, -122.4779 37.77473, -122.47682999999999 37.77477899999999))",20554.0,0.0,4002,075,S,060750476004002,+37.7739697,-122.4740570,G5040,Block 4002,06,047600,,
60750452003,"POLYGON ((-122.47183300000002 37.774912999999984, -122.47190499999999 37.775003, -122.471847 37.7751, -122.47196300000002 37.776773999999996, -122.47203999999999 37.77686799999999, -122.47150600000002 37.776893, -122.470433 37.776940999999994, -122.470298 37.775076999999996, -122.46922700000002 37.775124999999996, -122.468158 37.77517399999999, -122.467086 37.77522299999999, -122.46695199999999 37.773351000000005, -122.46802400000001 37.77330399999999, -122.46909200000002 37.773257, -122.470163 37.77320999999999, -122.47124000000001 37.773162, -122.47176200000001 37.773139, -122.47171100000001 37.77324399999999, -122.47183300000002 37.774912999999984))",8571.0,0.0,3002,075,S,060750452003002,+37.7740855,-122.4715409,G5040,Block 3002,06,045200,,
60750477022,"POLYGON ((-122.478837 37.772814999999994, -122.479905 37.77276599999999, -122.48097899999999 37.77271599999999, -122.482049 37.77266700000001, -122.482184 37.77453399999999, -122.48231799999999 37.7764, -122.48124700000001 37.77644899999999, -122.48017499999999 37.776498, -122.47910599999999 37.776545999999996, -122.478972 37.774681000000015, -122.478837 37.772814999999994))",19608.0,0.0,2003,075,S,060750477022003,+37.7736251,-122.4815813,G5040,Block 2003,06,047702,,
60750477021,"POLYGON ((-122.48766900000001 37.776154999999996, -122.48660300000002 37.77620399999999, -122.485532 37.77625199999999, -122.484461 37.776301999999994, -122.48339000000001 37.77635099999999, -122.48231799999999 37.7764, -122.482184 37.77453399999999, -122.48325500000001 37.774485999999996, -122.484326 37.77443699999999, -122.485397 37.774387999999995, -122.486469 37.774339, -122.48753400000001 37.774289999999986, -122.488606 37.774240999999996, -122.488741 37.776106999999996, -122.48766900000001 37.776154999999996))",19496.0,0.0,1004,075,S,060750477021004,+37.7752471,-122.4870688,G5040,Block 1004,06,047702,,
60750476003,"POLYGON ((-122.47696499999999 37.776644, -122.47588799999998 37.776693, -122.47482099999999 37.77674199999999, -122.47369800000001 37.776793, -122.47257200000001 37.77684399999999, -122.47203999999999 37.77686799999999, -122.47196300000002 37.776773999999996, -122.471847 37.7751, -122.47190499999999 37.775003, -122.472435 37.774978999999995, -122.47356300000001 37.774928, -122.47468599999999 37.77487700000001, -122.475751 37.774828, -122.47682999999999 37.77477899999999, -122.4779 37.77473, -122.478972 37.774681000000015, -122.47910599999999 37.776545999999996, -122.478033 37.776595, -122.47696499999999 37.776644))",19724.0,0.0,3004,075,S,060750476003004,+37.7757357,-122.4763585,G5040,Block 3004,06,047600,,
60750477012,"POLYGON ((-122.47910599999999 37.776545999999996, -122.48017499999999 37.776498, -122.48124700000001 37.77644899999999, -122.48231799999999 37.7764, -122.48245299999999 37.778263, -122.48259200000001 37.78018899999999, -122.482486 37.780259999999984, -122.48164600000001 37.780299, -122.481516 37.780226, -122.481393 37.780307, -122.480575 37.780348999999994, -122.48045100000002 37.78028, -122.48032500000001 37.780366, -122.479495 37.780398, -122.479383 37.780335, -122.47924100000002 37.778408000000006, -122.47910599999999 37.776545999999996))",1346.0,0.0,2000,075,S,060750477012000,+37.7803093,-122.4799111,G5040,Block 2000,06,047701,,
60750476002,"POLYGON ((-122.4771 37.77850499999999, -122.47602499999999 37.77855400000001, -122.47495599999999 37.77860199999999, -122.47383300000001 37.778653, -122.47270800000001 37.778704, -122.47217399999998 37.77872800000001, -122.47208399999998 37.778628000000005, -122.47196600000001 37.77696999999999, -122.47203999999999 37.77686799999999, -122.47257200000001 37.77684399999999, -122.47369800000001 37.776793, -122.47482099999999 37.77674199999999, -122.47588799999998 37.776693, -122.47696499999999 37.776644, -122.478033 37.776595, -122.47910599999999 37.776545999999996, -122.47924100000002 37.778408000000006, -122.47816600000002 37.77845699999999, -122.4771 37.77850499999999))",19645.0,0.0,2004,075,S,060750476002004,+37.7775987,-122.4764945,G5040,Block 2004,06,047600,,
60750452004,"POLYGON ((-122.467086 37.77522299999999, -122.468158 37.77517399999999, -122.46922700000002 37.775124999999996, -122.470298 37.775076999999996, -122.470433 37.776940999999994, -122.470568 37.778800999999994, -122.46949500000001 37.778849, -122.468426 37.778897, -122.46735400000001 37.778946, -122.46721999999998 37.777088, -122.467086 37.77522299999999))",19564.0,0.0,4002,075,S,060750452004002,+37.7778954,-122.4699643,G5040,Block 4002,06,045200,,
60750452005,"POLYGON ((-122.47217399999998 37.77872800000001, -122.47210000000003 37.77885199999998, -122.47222099999999 37.780521, -122.472312 37.78065599999999, -122.47216700000001 37.780736, -122.471874 37.78074499999998, -122.47177499999998 37.780681, -122.471677 37.78075499999999, -122.47085 37.780788999999984, -122.47071700000001 37.780723, -122.470583 37.780805, -122.469757 37.780837999999996, -122.46962700000002 37.78076899999999, -122.46950100000001 37.780843, -122.468704 37.78088999999999, -122.46856400000001 37.78082199999999, -122.468434 37.78089899999999, -122.46761000000001 37.780939999999994, -122.467488 37.780879999999996, -122.46735400000001 37.778946, -122.468426 37.778897, -122.46949500000001 37.778849, -122.470568 37.778800999999994, -122.470433 37.776940999999994, -122.47150600000002 37.776893, -122.47203999999999 37.77686799999999, -122.47196600000001 37.77696999999999, -122.47208399999998 37.778628000000005, -122.47217399999998 37.77872800000001))",1311.0,0.0,5005,075,S,060750452005005,+37.7807512,-122.4701719,G5040,Block 5005,06,045200,,
60750476001,"POLYGON ((-122.47816600000002 37.77845699999999, -122.47924100000002 37.778408000000006, -122.479383 37.780335, -122.479255 37.78041199999999, -122.478414 37.780446, -122.478305 37.78038100000001, -122.478189 37.78044999999998, -122.47735399999999 37.78049899999998, -122.47724 37.78044, -122.477114 37.780505, -122.47630699999999 37.78054600000001, -122.47616900000001 37.780476, -122.47604100000001 37.78055900000001, -122.47520300000001 37.780596, -122.475084 37.780529, -122.474976 37.78060900000001, -122.474105 37.780643999999995, -122.473982 37.78057499999999, -122.473857 37.780651, -122.47294500000001 37.780694, -122.472844 37.780631, -122.472743 37.780714, -122.47247099999998 37.780726, -122.472312 37.78065599999999, -122.47222099999999 37.780521, -122.47210000000003 37.77885199999998, -122.47217399999998 37.77872800000001, -122.47270800000001 37.778704, -122.47383300000001 37.778653, -122.47495599999999 37.77860199999999, -122.47602499999999 37.77855400000001, -122.4771 37.77850499999999, -122.47816600000002 37.77845699999999))",20408.0,0.0,1005,075,S,060750476001005,+37.7795595,-122.4744615,G5040,Block 1005,06,047600,,
60750426021,"POLYGON ((-122.478444 37.78230799999999, -122.47737399999998 37.782361, -122.47630699999999 37.782405999999995, -122.47610699999998 37.782415, -122.47523600000001 37.782456999999994, -122.47411099999998 37.782509, -122.47298400000001 37.782554, -122.472451 37.782579, -122.47237499999999 37.782503999999996, -122.47225399999999 37.780828999999976, -122.472312 37.78065599999999, -122.47247099999998 37.780726, -122.472743 37.780714, -122.472844 37.780631, -122.47294500000001 37.780694, -122.473857 37.780651, -122.473982 37.78057499999999, -122.474105 37.780643999999995, -122.474976 37.78060900000001, -122.475084 37.780529, -122.47520300000001 37.780596, -122.47604100000001 37.78055900000001, -122.47616900000001 37.780476, -122.47630699999999 37.78054600000001, -122.477114 37.780505, -122.47724 37.78044, -122.47735399999999 37.78049899999998, -122.478189 37.78044999999998, -122.478305 37.78038100000001, -122.478444 37.78230799999999))",19699.0,0.0,1003,075,S,060750426021003,+37.7814978,-122.4757014,G5040,Block 1003,06,042602,,
60750402002,"POLYGON ((-122.472312 37.78065599999999, -122.47225399999999 37.780828999999976, -122.47237499999999 37.782503999999996, -122.472451 37.782579, -122.47191500000001 37.782596, -122.47084600000001 37.782652, -122.46977 37.78270199999999, -122.468704 37.782751, -122.467629 37.782802, -122.46656300000001 37.78284899999999, -122.46642700000001 37.78092499999999, -122.466555 37.780991, -122.467374 37.78095500000001, -122.467488 37.780879999999996, -122.46761000000001 37.780939999999994, -122.468434 37.78089899999999, -122.46856400000001 37.78082199999999, -122.468704 37.78088999999999, -122.46950100000001 37.780843, -122.46962700000002 37.78076899999999, -122.469757 37.780837999999996, -122.470583 37.780805, -122.47071700000001 37.780723, -122.47085 37.780788999999984, -122.471677 37.78075499999999, -122.47177499999998 37.780681, -122.471874 37.78074499999998, -122.47216700000001 37.780736, -122.472312 37.78065599999999))",19520.0,0.0,2002,075,S,060750402002002,+37.7817924,-122.4691690,G5040,Block 2002,06,040200,,
60750479011,"POLYGON ((-122.49824999999998 37.7738, -122.49931899999999 37.773751, -122.50038599999999 37.773702, -122.501463 37.773652999999996, -122.501598 37.77551999999999, -122.501733 37.777384999999974, -122.50066 37.777435, -122.499591 37.777482, -122.498521 37.77753099999999, -122.498386 37.775667, -122.49824999999998 37.7738))",19558.0,0.0,1000,075,S,060750479011000,+37.7765746,-122.4989883,G5040,Block 1000,06,047901,,
60750479015,"POLYGON ((-122.50574699999999 37.773455999999996, -122.50682100000002 37.77340699999998, -122.50788800000001 37.77335799999998, -122.50895800000002 37.77330899999999, -122.50909199999998 37.775177000000006, -122.50912400000001 37.77562299999999, -122.50912699999999 37.775672, -122.509159 37.77610000000001, -122.50922800000001 37.77704399999999, -122.50816099999999 37.777093, -122.507094 37.777141, -122.506022 37.77718999999998, -122.505884 37.77532399999999, -122.50574699999999 37.773455999999996))",9663.0,0.0,5004,075,S,060750479015004,+37.7757120,-122.5075245,G5040,Block 5004,06,047901,,
60750479013,"POLYGON ((-122.501463 37.773652999999996, -122.50253499999998 37.773603999999985, -122.50360900000001 37.77355399999999, -122.50468000000002 37.77350499999999, -122.50574699999999 37.773455999999996, -122.505884 37.77532399999999, -122.506022 37.77718999999998, -122.504952 37.777238999999994, -122.50388100000002 37.77728699999999, -122.50280700000002 37.77733599999999, -122.501733 37.777384999999974, -122.501598 37.77551999999999, -122.501463 37.773652999999996))",19559.0,0.0,3004,075,S,060750479013004,+37.7744144,-122.5052818,G5040,Block 3004,06,047901,,
60750478013,"POLYGON ((-122.493297 37.779688, -122.49315 37.77977699999999, -122.492372 37.779813999999995, -122.49223200000002 37.77974700000001, -122.49210900000001 37.779828, -122.49128600000002 37.77985399999999, -122.491167 37.779795, -122.49108000000001 37.779875999999994, -122.49023199999999 37.779911000000006, -122.49009699999999 37.77983999999999, -122.489953 37.779919, -122.489138 37.779956999999996, -122.489013 37.779891000000006, -122.48887599999999 37.777972, -122.488741 37.776106999999996, -122.488606 37.774240999999996, -122.48967999999999 37.774192, -122.49075200000001 37.774142999999995, -122.491824 37.77409399999997, -122.492903 37.77404499999999, -122.49304399999998 37.77591099999998, -122.493168 37.777774, -122.493297 37.779688))",19552.0,0.0,3007,075,S,060750478013007,+37.7787295,-122.4926958,G5040,Block 3007,06,047801,,
60750478012,"POLYGON ((-122.492903 37.77404499999999, -122.49396800000001 37.773996, -122.49503899999999 37.773946999999986, -122.49517499999999 37.775813, -122.49625900000001 37.77576399999999, -122.497319 37.775715, -122.497455 37.777578999999996, -122.49637899999999 37.777628, -122.49531000000002 37.777676999999976, -122.49423999999999 37.777725000000004, -122.493168 37.777774, -122.49304399999998 37.77591099999998, -122.492903 37.77404499999999))",19481.0,0.0,2000,075,S,060750478012000,+37.7768197,-122.4936391,G5040,Block 2000,06,047801,,
60750478023,"POLYGON ((-122.498548 37.779512000000004, -122.49772300000002 37.77955300000001, -122.49759200000001 37.779503999999996, -122.497476 37.779567, -122.49664000000001 37.77959899999998, -122.49652399999998 37.779550999999984, -122.49638999999999 37.779613999999995, -122.49556500000001 37.779648, -122.495441 37.779590999999996, -122.49530700000001 37.77966699999998, -122.49450500000002 37.779692000000004, -122.494381 37.77965, -122.49427700000001 37.779708, -122.49343699999999 37.779742999999996, -122.493297 37.779688, -122.493168 37.777774, -122.49423999999999 37.777725000000004, -122.49531000000002 37.777676999999976, -122.49637899999999 37.777628, -122.497455 37.777578999999996, -122.497319 37.775715, -122.498386 37.775667, -122.498521 37.77753099999999, -122.498665 37.779455000000006, -122.498548 37.779512000000004))",975.0,0.0,3009,075,S,060750478023009,+37.7794805,-122.4981231,G5040,Block 3009,06,047802,,
60750479021,"POLYGON ((-122.50922800000001 37.77704399999999, -122.50936800000001 37.77896499999999, -122.50943300000002 37.779851000000015, -122.50959300000001 37.780173, -122.509879 37.78062700000002, -122.507892 37.78072099999999, -122.50675200000002 37.780772999999996, -122.506509 37.78085699999999, -122.50630000000001 37.780996, -122.50618800000001 37.781031999999996, -122.50600800000001 37.78104, -122.505226 37.78107699999999, -122.50513499999998 37.7798, -122.50508999999998 37.77916, -122.506165 37.77911099999998, -122.506022 37.77718999999998, -122.507094 37.777141, -122.50816099999999 37.777093, -122.50922800000001 37.77704399999999))",20108.0,0.0,1008,075,S,060750479021008,+37.7780775,-122.5076975,G5040,Block 1008,06,047902,,
60750479022,"POLYGON ((-122.50513499999998 37.7798, -122.505226 37.78107699999999, -122.50416 37.78112699999999, -122.503086 37.78117700000001, -122.50201200000001 37.78122699999999, -122.501887 37.77951399999998, -122.50187100000001 37.779306999999996, -122.501733 37.777384999999974, -122.50280700000002 37.77733599999999, -122.50388100000002 37.77728699999999, -122.504952 37.777238999999994, -122.506022 37.77718999999998, -122.506165 37.77911099999998, -122.50508999999998 37.77916, -122.50513499999998 37.7798))",15751.0,0.0,2001,075,S,060750479022001,+37.7804045,-122.5035600,G5040,Block 2001,06,047902,,
60750477013,"POLYGON ((-122.48780499999998 37.77802, -122.48673800000002 37.77806899999999, -122.485667 37.77811699999999, -122.48459499999998 37.77816599999999, -122.48352500000001 37.778214, -122.48245299999999 37.778263, -122.48231799999999 37.7764, -122.48339000000001 37.77635099999999, -122.484461 37.776301999999994, -122.485532 37.77625199999999, -122.48660300000002 37.77620399999999, -122.48766900000001 37.776154999999996, -122.488741 37.776106999999996, -122.48887599999999 37.777972, -122.48780499999998 37.77802))",19514.0,0.0,3004,075,S,060750477013004,+37.7771121,-122.4872038,G5040,Block 3004,06,047701,,
60750477011,"POLYGON ((-122.48673800000002 37.77806899999999, -122.48780499999998 37.77802, -122.48887599999999 37.777972, -122.489013 37.779891000000006, -122.488883 37.779973999999996, -122.48806499999999 37.78000599999999, -122.48794599999998 37.779947, -122.487815 37.780015999999975, -122.48700500000001 37.780054, -122.48687799999999 37.779993999999995, -122.48676200000001 37.780058, -122.485929 37.78009900000001, -122.485808 37.780038000000005, -122.48568399999999 37.780110999999984, -122.484882 37.78015699999999, -122.484732 37.78009299999999, -122.484604 37.780168, -122.48378900000002 37.780206, -122.483662 37.78014299999999, -122.48353100000001 37.78022, -122.482711 37.780249999999995, -122.48259200000001 37.78018899999999, -122.48245299999999 37.778263, -122.48352500000001 37.778214, -122.48459499999998 37.77816599999999, -122.485667 37.77811699999999, -122.48673800000002 37.77806899999999))",19623.0,0.0,1004,075,S,060750477011004,+37.7790733,-122.4851982,G5040,Block 1004,06,047701,,
60750479023,"POLYGON ((-122.498521 37.77753099999999, -122.499591 37.777482, -122.50066 37.777435, -122.501733 37.777384999999974, -122.50187100000001 37.779306999999996, -122.501887 37.77951399999998, -122.50201200000001 37.78122699999999, -122.50094500000002 37.781277, -122.49987100000001 37.78132699999999, -122.498801 37.78137699999999, -122.49877000000001 37.78094299999998, -122.49874 37.78052899999998, -122.49871400000002 37.780167000000006, -122.498665 37.779455000000006, -122.498521 37.77753099999999))",19655.0,0.0,3008,075,S,060750479023008,+37.7784441,-122.4991248,G5040,Block 3008,06,047902,,
60750614002,"POLYGON ((-122.39632300000001 37.75441699999998, -122.396675 37.754706999999996, -122.396943 37.754799999999996, -122.39720599999998 37.75484, -122.397729 37.754827, -122.39782999999998 37.755897999999995, -122.39797000000002 37.757359, -122.39821599999999 37.759909, -122.397249 37.759966999999996, -122.39628400000001 37.760025999999996, -122.395315 37.760084, -122.394352 37.760141999999995, -122.39336499999999 37.760202, -122.39249400000001 37.760245, -122.392447 37.759671, -122.39241900000002 37.758117999999996, -122.39244399999998 37.757692, -122.39246100000001 37.75739799999999, -122.39245199999999 37.756762999999985, -122.392447 37.75643600000001, -122.39224800000001 37.75525400000001, -122.392207 37.755137, -122.392082 37.75514400000001, -122.39195400000001 37.755151999999995, -122.391901 37.755154999999995, -122.39187799999999 37.754916, -122.39152899999999 37.75401199999999, -122.391321 37.753291999999995, -122.39123599999999 37.75272199999999, -122.391232 37.752657, -122.390683 37.752663, -122.391231 37.752629999999996, -122.39153000000002 37.752612000000006, -122.391616 37.752606, -122.391656 37.752604, -122.392639 37.75254499999999, -122.39318499999999 37.752511999999996, -122.393619 37.752485, -122.39458700000002 37.75242699999998, -122.39473400000001 37.752664, -122.39632300000001 37.75441699999998))",4463.0,0.0,2015,075,S,060750614002015,+37.7535196,-122.3915228,G5040,Block 2015,06,061400,,
60750226002,"POLYGON ((-122.390683 37.752663, -122.391232 37.752657, -122.39123599999999 37.75272199999999, -122.391321 37.753291999999995, -122.39152899999999 37.75401199999999, -122.39187799999999 37.754916, -122.391901 37.755154999999995, -122.39195400000001 37.755151999999995, -122.392082 37.75514400000001, -122.392207 37.755137, -122.39224800000001 37.75525400000001, -122.392447 37.75643600000001, -122.39245199999999 37.756762999999985, -122.39246100000001 37.75739799999999, -122.39244399999998 37.757692, -122.39241900000002 37.758117999999996, -122.392447 37.759671, -122.39249400000001 37.760245, -122.39238000000002 37.760251, -122.392256 37.760256999999996, -122.391412 37.76029899999999, -122.39044700000001 37.76034699999999, -122.38959399999999 37.76039, -122.389486 37.760435, -122.38855599999998 37.760491, -122.387569 37.76054999999999, -122.38658899999999 37.760608999999995, -122.386347 37.758058, -122.387313 37.758, -122.38719499999999 37.756778, -122.38706599999999 37.75544599999999, -122.386939 37.754168, -122.385973 37.75422499999999, -122.38583 37.754187, -122.384062 37.754290999999995, -122.383074 37.754349999999995, -122.38296 37.754357, -122.38284400000002 37.75436400000001, -122.38281700000002 37.75432299999999, -122.38278499999998 37.754259000000005, -122.38278400000002 37.75420699999999, -122.382806 37.75415900000001, -122.38284100000001 37.75412499999999, -122.382904 37.754096999999994, -122.382873 37.753913000000004, -122.382866 37.753758, -122.38286800000002 37.753657, -122.38284999999999 37.753584999999994, -122.38280900000001 37.753513, -122.38276400000001 37.753462999999996, -122.382697 37.753412999999995, -122.382626 37.753377, -122.382525 37.753349000000014, -122.382441 37.753341, -122.38224 37.753350000000005, -122.38209600000002 37.753338, -122.38200000000002 37.753316999999996, -122.38197 37.75331, -122.38183899999999 37.75326099999999, -122.381732 37.75320200000001, -122.381711 37.75318599999999, -122.38198500000001 37.75317, -122.38295099999999 37.75311399999998, -122.383914 37.75305799999998, -122.38488000000001 37.753001999999995, -122.385846 37.752945999999994, -122.38681199999998 37.75289000000001, -122.387756 37.752835999999995, -122.388753 37.752778, -122.38973 37.752720999999994, -122.390683 37.752663))",11716.0,0.0,2024,075,S,060750226002024,+37.7534429,-122.3883480,G5040,Block 2024,06,022600,,
60750614001,"POLYGON ((-122.403593 37.74947200000002, -122.403784 37.749432999999996, -122.40373600000001 37.749584, -122.403514 37.750282, -122.403309 37.750885, -122.40337700000002 37.750931, -122.40335700000001 37.751351, -122.40326 37.75162399999999, -122.40322499999999 37.751721999999994, -122.403169 37.751909000000005, -122.403007 37.75244599999999, -122.40297799999999 37.752750000000006, -122.40301099999999 37.753202, -122.403127 37.75447799999999, -122.402917 37.75448999999999, -122.40255800000001 37.75451199999999, -122.40158899999999 37.754571, -122.400626 37.754629, -122.399738 37.75468199999998, -122.399718 37.754475000000006, -122.39963 37.754391, -122.39955999999998 37.754494, -122.39958000000001 37.754692000000006, -122.398693 37.75474499999999, -122.398554 37.75477399999999, -122.397729 37.754827, -122.39720599999998 37.75484, -122.396943 37.754799999999996, -122.396675 37.754706999999996, -122.39632300000001 37.75441699999998, -122.39473400000001 37.752664, -122.39458700000002 37.75242699999998, -122.395548 37.752369000000016, -122.396513 37.752311, -122.396408 37.75117900000001, -122.398341 37.751055, -122.39941400000002 37.750989999999994, -122.399845 37.750883, -122.40021699999998 37.750752999999996, -122.40047200000001 37.750673, -122.40123200000001 37.75063199999999, -122.402184 37.750581, -122.402605 37.750558, -122.402725 37.750496999999996, -122.40278400000001 37.75038599999999, -122.402801 37.75020099999999, -122.40284999999999 37.749652999999995, -122.402866 37.749477999999996, -122.402969 37.749549999999985, -122.403055 37.749544, -122.40320299999999 37.74953400000001, -122.40326100000001 37.74952999999999, -122.403569 37.749475, -122.403593 37.74947200000002))",2635.0,0.0,1009,075,S,060750614001009,+37.7538460,-122.4029640,G5040,Block 1009,06,061400,,
60750229032,"POLYGON ((-122.40616400000002 37.750896, -122.40620100000001 37.751064, -122.406224 37.75124199999999, -122.406187 37.75136699999999, -122.40621900000001 37.751726, -122.40633600000001 37.753004000000004, -122.40645299999998 37.754277, -122.40545399999998 37.754337, -122.40503200000002 37.75436300000001, -122.40448399999998 37.754396, -122.403523 37.75445399999999, -122.403127 37.75447799999999, -122.40301099999999 37.753202, -122.40297799999999 37.752750000000006, -122.403007 37.75244599999999, -122.403169 37.751909000000005, -122.40322499999999 37.751721999999994, -122.40326 37.75162399999999, -122.40335700000001 37.751351, -122.40337700000002 37.750931, -122.403309 37.750885, -122.403514 37.750282, -122.40373600000001 37.749584, -122.403784 37.749432999999996, -122.40430599999999 37.74931900000001, -122.40477700000001 37.749217, -122.40481000000001 37.749210000000005, -122.404808 37.749235, -122.404887 37.74921299999999, -122.405025 37.749178, -122.405092 37.749154, -122.405239 37.749125, -122.40562399999999 37.749854000000006, -122.40616400000002 37.750896))",12667.0,0.0,2004,075,S,060750229032004,+37.7523946,-122.4057735,G5040,Block 2004,06,022903,,
60750228022,"POLYGON ((-122.407602 37.75610899999998, -122.407754 37.757705, -122.407898 37.75921999999999, -122.40794 37.759305000000005, -122.408064 37.76060100000001, -122.407066 37.760661, -122.40688299999998 37.760709999999996, -122.406706 37.760719, -122.40647999999999 37.760731, -122.406493 37.760686, -122.40649199999999 37.760255, -122.40638899999999 37.759803999999995, -122.406262 37.759452, -122.406244 37.759422, -122.40610400000001 37.759195999999996, -122.40590300000001 37.758934, -122.40554500000002 37.758537000000004, -122.40504800000001 37.758189, -122.404836 37.758034, -122.404442 37.75774799999999, -122.404169 37.757529999999996, -122.40377400000001 37.75713799999999, -122.403689 37.757014999999996, -122.40354399999998 37.756803999999995, -122.40339600000001 37.756471, -122.40330600000001 37.756166, -122.403245 37.755759999999974, -122.403127 37.75447799999999, -122.403523 37.75445399999999, -122.40448399999998 37.754396, -122.40503200000002 37.75436300000001, -122.40545399999998 37.754337, -122.40645299999998 37.754277, -122.40640199999999 37.754351, -122.406418 37.75451399999998, -122.40647999999999 37.754564, -122.40744900000001 37.75450599999999, -122.407602 37.75610899999998))",14201.0,0.0,2004,075,S,060750228022004,+37.7585345,-122.4073806,G5040,Block 2004,06,022802,,
60750614003,"POLYGON ((-122.39955999999998 37.754494, -122.39963 37.754391, -122.399718 37.754475000000006, -122.399738 37.75468199999998, -122.400626 37.754629, -122.40158899999999 37.754571, -122.40255800000001 37.75451199999999, -122.402917 37.75448999999999, -122.403127 37.75447799999999, -122.403245 37.755759999999974, -122.40330600000001 37.756166, -122.40339600000001 37.756471, -122.40354399999998 37.756803999999995, -122.403689 37.757014999999996, -122.403461 37.757028999999996, -122.40307400000002 37.757052, -122.402803 37.75706799999998, -122.401833 37.757121000000005, -122.40087 37.75718499999999, -122.39990700000001 37.757242999999995, -122.398939 37.75730099999999, -122.39857400000001 37.757323, -122.39797000000002 37.757359, -122.39782999999998 37.755897999999995, -122.397729 37.754827, -122.398554 37.75477399999999, -122.398693 37.75474499999999, -122.39958000000001 37.754692000000006, -122.39955999999998 37.754494))",5346.0,0.0,3007,075,S,060750614003007,+37.7557716,-122.4031914,G5040,Block 3007,06,061400,,
60750227042,"POLYGON ((-122.404442 37.75774799999999, -122.404836 37.758034, -122.40504800000001 37.758189, -122.40554500000002 37.758537000000004, -122.40590300000001 37.758934, -122.40610400000001 37.759195999999996, -122.406244 37.759422, -122.406262 37.759452, -122.40638899999999 37.759803999999995, -122.40649199999999 37.760255, -122.406493 37.760686, -122.40647999999999 37.760731, -122.40626000000002 37.76074299999999, -122.406061 37.76075300000001, -122.40592099999999 37.760743999999995, -122.40583499999998 37.760749000000004, -122.405097 37.76079199999998, -122.404963 37.760783999999994, -122.404134 37.760833999999996, -122.40317100000001 37.760892000000005, -122.402203 37.76095099999999, -122.40207100000002 37.76096700000001, -122.401377 37.761007, -122.4012 37.761012, -122.40026700000001 37.761067999999995, -122.39930300000002 37.761126, -122.39833799999998 37.761184, -122.398278 37.76055599999999, -122.39821599999999 37.759909, -122.39797000000002 37.757359, -122.39857400000001 37.757323, -122.398939 37.75730099999999, -122.39990700000001 37.757242999999995, -122.40087 37.75718499999999, -122.401833 37.757121000000005, -122.402803 37.75706799999998, -122.40307400000002 37.757052, -122.403461 37.757028999999996, -122.403689 37.757014999999996, -122.40377400000001 37.75713799999999, -122.404169 37.757529999999996, -122.404442 37.75774799999999))",12061.0,0.0,2006,075,S,060750227042006,+37.7601683,-122.4045535,G5040,Block 2006,06,022704,,
60750229022,"POLYGON ((-122.411346 37.748344, -122.41148400000002 37.74829799999998, -122.41154399999999 37.748932, -122.41159300000001 37.749435999999996, -122.41174600000001 37.751034, -122.410811 37.751092, -122.40991400000001 37.751145, -122.408978 37.75120099999999, -122.40882500000001 37.74960099999999, -122.408706 37.748353, -122.40885399999999 37.748397, -122.409547 37.74838499999999, -122.409646 37.748334, -122.40974900000002 37.74838, -122.41044900000001 37.74836499999999, -122.410546 37.74831700000002, -122.41065399999998 37.74836299999998, -122.411346 37.748344))",10257.0,0.0,2003,075,S,060750229022003,+37.7489051,-122.4110701,G5040,Block 2003,06,022902,,
60750229021,"POLYGON ((-122.408978 37.75120099999999, -122.40991400000001 37.751145, -122.410811 37.751092, -122.41174600000001 37.751034, -122.4119 37.75262899999999, -122.412047 37.75423, -122.41112 37.75428699999999, -122.41022 37.754341, -122.40925300000002 37.754397999999995, -122.40923900000001 37.754262, -122.40926599999999 37.754222999999996, -122.40913000000002 37.752796, -122.408978 37.75120099999999))",14161.0,0.0,1001,075,S,060750229021001,+37.7535134,-122.4105923,G5040,Block 1001,06,022902,,
60750229011,"POLYGON ((-122.41626600000001 37.752373000000006, -122.416413 37.75396799999999, -122.41531999999998 37.75403399999999, -122.414234 37.75409899999999, -122.413141 37.754165, -122.412047 37.75423, -122.4119 37.75262899999999, -122.41246399999999 37.752601, -122.41299500000001 37.752573, -122.41351700000001 37.752538, -122.414086 37.752506, -122.41392599999999 37.750903, -122.41449000000001 37.750869, -122.415014 37.750837, -122.415542 37.750804999999986, -122.416108 37.750771, -122.41626600000001 37.752373000000006))",17145.0,0.0,1005,075,S,060750229011005,+37.7516713,-122.4145495,G5040,Block 1005,06,022901,,
60750209004,"POLYGON ((-122.41828800000002 37.75063999999999, -122.41886099999999 37.75060499999999, -122.41940000000001 37.750572999999996, -122.41993400000001 37.75054000000001, -122.42050700000001 37.750506, -122.420665 37.75210399999999, -122.420812 37.753702999999994, -122.42096399999998 37.755295, -122.41985800000002 37.75536599999999, -122.41874800000001 37.75543699999999, -122.41859400000001 37.753837, -122.418445 37.752239, -122.41828800000002 37.75063999999999))",17477.0,0.0,4003,075,S,060750209004003,+37.7530041,-122.4190753,G5040,Block 4003,06,020900,,
60750209001,"POLYGON ((-122.416108 37.750771, -122.41667200000002 37.750737, -122.41720100000002 37.75070499999998, -122.41772600000002 37.75067399999999, -122.41828800000002 37.75063999999999, -122.418445 37.752239, -122.41859400000001 37.753837, -122.41874800000001 37.75543699999999, -122.417659 37.75550200000001, -122.416567 37.755568000000004, -122.416413 37.75396799999999, -122.41626600000001 37.752373000000006, -122.416108 37.750771))",17132.0,0.0,1001,075,S,060750209001001,+37.7546696,-122.4181268,G5040,Block 1001,06,020900,,
60750228033,"POLYGON ((-122.411273 37.755888, -122.41037299999999 37.755942, -122.40943300000002 37.755998, -122.408499 37.75605500000002, -122.407602 37.75610899999998, -122.40744900000001 37.75450599999999, -122.408343 37.754453, -122.40925300000002 37.754397999999995, -122.41022 37.754341, -122.41112 37.75428699999999, -122.412047 37.75423, -122.412198 37.75583299999999, -122.411273 37.755888))",14174.0,0.0,3003,075,S,060750228033003,+37.7551145,-122.4107465,G5040,Block 3003,06,022803,,
60750228031,"POLYGON ((-122.412047 37.75423, -122.413141 37.754165, -122.414234 37.75409899999999, -122.41531999999998 37.75403399999999, -122.416413 37.75396799999999, -122.416567 37.755568000000004, -122.41672 37.757166999999995, -122.415626 37.75723199999999, -122.41454100000001 37.757298, -122.41344699999999 37.757363, -122.412348 37.75743, -122.412198 37.75583299999999, -122.412047 37.75423))",17062.0,0.0,1002,075,S,060750228031002,+37.7564658,-122.4150069,G5040,Block 1002,06,022803,,
60750228032,"POLYGON ((-122.411424 37.757484999999996, -122.41052700000002 37.75753899999999, -122.409588 37.75759499999999, -122.408651 37.757650999999996, -122.407754 37.757705, -122.407602 37.75610899999998, -122.408499 37.75605500000002, -122.40943300000002 37.755998, -122.41037299999999 37.755942, -122.411273 37.755888, -122.412198 37.75583299999999, -122.412348 37.75743, -122.411424 37.757484999999996))",14115.0,0.0,2003,075,S,060750228032003,+37.7567131,-122.4108992,G5040,Block 2003,06,022803,,
60750208004,"POLYGON ((-122.420338 37.75694899999999, -122.42001100000002 37.756969, -122.419689 37.75698800000001, -122.419841 37.75858499999999, -122.41905299999999 37.75863299999999, -122.41796499999998 37.758697999999995, -122.416872 37.758764000000006, -122.41672 37.757166999999995, -122.416567 37.755568000000004, -122.417659 37.75550200000001, -122.41874800000001 37.75543699999999, -122.41985800000002 37.75536599999999, -122.42096399999998 37.755295, -122.42104100000002 37.75610199999999, -122.421118 37.75690200000001, -122.420338 37.75694899999999))",17470.0,0.0,4006,075,S,060750208004006,+37.7561330,-122.4204879,G5040,Block 4006,06,020800,,
60750228013,"POLYGON ((-122.412348 37.75743, -122.41344699999999 37.757363, -122.41454100000001 37.757298, -122.415626 37.75723199999999, -122.41672 37.757166999999995, -122.416872 37.758764000000006, -122.41702599999999 37.76036699999998, -122.415929 37.760433, -122.41484200000001 37.760499, -122.41375500000001 37.76056399999999, -122.41268099999998 37.760629, -122.41264300000002 37.76032399999999, -122.41261000000002 37.760062000000005, -122.41250099999999 37.759028, -122.412348 37.75743))",17155.0,0.0,3002,075,S,060750228013002,+37.7596643,-122.4153100,G5040,Block 3002,06,022801,,
60750228012,"POLYGON ((-122.407898 37.75921999999999, -122.407754 37.757705, -122.408651 37.757650999999996, -122.409588 37.75759499999999, -122.41052700000002 37.75753899999999, -122.411424 37.757484999999996, -122.412348 37.75743, -122.41250099999999 37.759028, -122.41261000000002 37.760062000000005, -122.41264300000002 37.76032399999999, -122.411927 37.76037, -122.411706 37.76038299999999, -122.41096200000001 37.760427, -122.409997 37.760484999999996, -122.409033 37.760543, -122.408064 37.76060100000001, -122.40794 37.759305000000005, -122.407898 37.75921999999999))",12323.0,0.0,2000,075,S,060750228012000,+37.7599246,-122.4084853,G5040,Block 2000,06,022801,,
60750228011,"POLYGON ((-122.41268099999998 37.760629, -122.41375500000001 37.76056399999999, -122.41484200000001 37.760499, -122.415929 37.760433, -122.41702599999999 37.76036699999998, -122.417179 37.76196800000001, -122.417332 37.76357199999998, -122.41622699999999 37.763635, -122.415155 37.763697, -122.413722 37.763779, -122.413588 37.763823, -122.41300300000002 37.764091, -122.412859 37.76415900000001, -122.412293 37.764193, -122.41132999999999 37.76425199999999, -122.410364 37.76430999999999, -122.40939299999998 37.76436899999998, -122.408424 37.764427, -122.408303 37.763121999999996, -122.408187 37.76187600000001, -122.408064 37.76060100000001, -122.409033 37.760543, -122.409997 37.760484999999996, -122.41096200000001 37.760427, -122.411706 37.76038299999999, -122.411927 37.76037, -122.41264300000002 37.76032399999999, -122.41268099999998 37.760629))",33981.0,0.0,1010,075,S,060750228011010,+37.7613637,-122.4138415,G5040,Block 1010,06,022801,,
60750227041,"POLYGON ((-122.406147 37.761638000000005, -122.40602200000002 37.76186299999998, -122.405926 37.762012, -122.40565400000001 37.762432999999994, -122.40538400000001 37.76297, -122.40532400000001 37.763137, -122.405258 37.76332300000001, -122.40520300000001 37.763478, -122.405105 37.76385199999999, -122.40506 37.764311, -122.40508999999999 37.764627999999995, -122.40484 37.76464300000001, -122.40449699999999 37.76466400000002, -122.403527 37.764723000000004, -122.402563 37.76478099999999, -122.401599 37.764838999999995, -122.400633 37.764898, -122.399662 37.764956, -122.39870300000001 37.76501400000001, -122.39858000000001 37.763736, -122.39846099999998 37.762463, -122.39833799999998 37.761184, -122.39930300000002 37.761126, -122.40026700000001 37.761067999999995, -122.4012 37.761012, -122.401377 37.761007, -122.40207100000002 37.76096700000001, -122.402203 37.76095099999999, -122.40317100000001 37.760892000000005, -122.404134 37.760833999999996, -122.404963 37.760783999999994, -122.405097 37.76079199999998, -122.40583499999998 37.760749000000004, -122.40592099999999 37.760743999999995, -122.406061 37.76075300000001, -122.40626000000002 37.76074299999999, -122.40647999999999 37.760731, -122.406283 37.76139299999999, -122.406147 37.761638000000005))",486.0,0.0,1024,075,S,060750227041024,+37.7609153,-122.4061433,G5040,Block 1024,06,022704,,
60750227022,"POLYGON ((-122.39833799999998 37.761184, -122.39846099999998 37.762463, -122.39749499999999 37.762521, -122.396527 37.76258, -122.395561 37.762637999999995, -122.394595 37.762696, -122.393613 37.76275599999999, -122.392987 37.762791, -122.392962 37.762792999999995, -122.392769 37.762803999999996, -122.39262599999999 37.76281300000001, -122.39251999999999 37.76281899999999, -122.392451 37.762280999999994, -122.39237100000001 37.761543999999994, -122.392319 37.76106000000001, -122.392415 37.76061299999999, -122.39249400000001 37.760245, -122.39336499999999 37.760202, -122.394352 37.760141999999995, -122.395315 37.760084, -122.39628400000001 37.760025999999996, -122.397249 37.759966999999996, -122.39821599999999 37.759909, -122.398278 37.76055599999999, -122.39833799999998 37.761184))",22066.0,0.0,2001,075,S,060750227022001,+37.7614981,-122.3930491,G5040,Block 2001,06,022702,,
60750227021,"POLYGON ((-122.396527 37.76258, -122.39749499999999 37.762521, -122.39846099999998 37.762463, -122.39858000000001 37.763736, -122.39870300000001 37.76501400000001, -122.397737 37.765072, -122.396771 37.765129999999985, -122.395807 37.765189, -122.394829 37.76524799999999, -122.39384799999999 37.765307, -122.39373 37.764021, -122.39322100000001 37.764053, -122.393174 37.764056, -122.392995 37.76406699999999, -122.39274499999999 37.764081999999995, -122.39271399999998 37.764084, -122.3926 37.763438, -122.39251999999999 37.76281899999999, -122.39262599999999 37.76281300000001, -122.392769 37.762803999999996, -122.392962 37.762792999999995, -122.392987 37.762791, -122.393613 37.76275599999999, -122.394595 37.762696, -122.395561 37.762637999999995, -122.396527 37.76258))",10040.0,0.0,1010,075,S,060750227021010,+37.7634014,-122.3932671,G5040,Block 1010,06,022702,,
60750228021,"POLYGON ((-122.408303 37.763121999999996, -122.408424 37.764427, -122.40742 37.764488, -122.40642899999999 37.76454799999999, -122.405463 37.76460599999999, -122.40508999999999 37.764627999999995, -122.40506 37.764311, -122.405105 37.76385199999999, -122.40520300000001 37.763478, -122.405258 37.76332300000001, -122.40532400000001 37.763137, -122.40538400000001 37.76297, -122.40565400000001 37.762432999999994, -122.405926 37.762012, -122.40602200000002 37.76186299999998, -122.406147 37.761638000000005, -122.406283 37.76139299999999, -122.40647999999999 37.760731, -122.406706 37.760719, -122.40688299999998 37.760709999999996, -122.407066 37.760661, -122.408064 37.76060100000001, -122.408187 37.76187600000001, -122.408303 37.763121999999996))",18551.0,0.0,1007,075,S,060750228021007,+37.7619920,-122.4062225,G5040,Block 1007,06,022802,,
60750607002,"POLYGON ((-122.40499000000001 37.769715, -122.404391 37.76974999999999, -122.404083 37.769968999999996, -122.40387799999999 37.770063, -122.401657 37.771817, -122.400804 37.77113799999999, -122.402286 37.769960000000005, -122.402404 37.769866, -122.402073 37.769884999999995, -122.40199300000002 37.769028999999996, -122.40186 37.769065, -122.401665 37.769218999999985, -122.400023 37.770515, -122.39916299999999 37.769825, -122.39904599999998 37.769732, -122.398179 37.769041, -122.397422 37.76843799999999, -122.39665299999999 37.767824999999995, -122.39841799999999 37.766433000000006, -122.398504 37.76632899999999, -122.398825 37.766309000000014, -122.39876999999998 37.76572999999999, -122.39870300000001 37.76501400000001, -122.399662 37.764956, -122.400633 37.764898, -122.401599 37.764838999999995, -122.402563 37.76478099999999, -122.403527 37.764723000000004, -122.40449699999999 37.76466400000002, -122.404623 37.76595799999999, -122.40474999999999 37.767257, -122.404875 37.768531, -122.40499000000001 37.769715))",11198.0,0.0,2024,075,S,060750607002024,+37.7692670,-122.4025003,G5040,Block 2024,06,060700,,
60750177001,"POLYGON ((-122.413341 37.76802300000001, -122.413396 37.768671, -122.41342700000001 37.769036, -122.41338899999998 37.76945899999999, -122.41338500000002 37.769501999999996, -122.413347 37.769578, -122.41320899999998 37.769853999999995, -122.41304600000001 37.77005199999999, -122.412751 37.77038899999999, -122.41261900000002 37.770520999999974, -122.41248 37.77062999999998, -122.41098900000001 37.769456, -122.41095899999999 37.76943299999999, -122.410931 37.769411000000005, -122.41090799999999 37.769428999999995, -122.410886 37.76944699999999, -122.409736 37.770349, -122.40903499999999 37.769792999999986, -122.408436 37.769318000000005, -122.408007 37.769244, -122.407895 37.76934299999999, -122.40773899999998 37.769466, -122.40764 37.769545, -122.40762300000002 37.769557999999996, -122.40758700000002 37.76958599999999, -122.407001 37.770049999999976, -122.40621300000001 37.76946300000001, -122.40593900000002 37.769659, -122.405844 37.769664999999996, -122.40558899999998 37.76968, -122.40540800000001 37.76969, -122.40520300000001 37.769702, -122.40499000000001 37.769715, -122.404875 37.768531, -122.40474999999999 37.767257, -122.404623 37.76595799999999, -122.40449699999999 37.76466400000002, -122.40484 37.76464300000001, -122.40508999999999 37.764627999999995, -122.405463 37.76460599999999, -122.40642899999999 37.76454799999999, -122.40742 37.764488, -122.408424 37.764427, -122.40939299999998 37.76436899999998, -122.410364 37.76430999999999, -122.41132999999999 37.76425199999999, -122.412293 37.764193, -122.412859 37.76415900000001, -122.41300300000002 37.764091, -122.413105 37.765448, -122.413227 37.76672499999998, -122.41325999999998 37.767069999999975, -122.413341 37.76802300000001))",260.0,0.0,1015,075,S,060750177001015,+37.7692304,-122.4102397,G5040,Block 1015,06,017700,,
60750607001,"POLYGON ((-122.397422 37.76843799999999, -122.398179 37.769041, -122.39904599999998 37.769732, -122.39916299999999 37.769825, -122.400023 37.770515, -122.401665 37.769218999999985, -122.40186 37.769065, -122.40199300000002 37.769028999999996, -122.402073 37.769884999999995, -122.402404 37.769866, -122.402286 37.769960000000005, -122.400804 37.77113799999999, -122.401657 37.771817, -122.399648 37.773403999999985, -122.39951600000002 37.77350699999999, -122.39943299999999 37.773573, -122.400212 37.774195000000006, -122.40057000000002 37.77447999999999, -122.40098200000001 37.77480899999999, -122.400914 37.77486199999999, -122.39875500000001 37.776568000000005, -122.397969 37.77594099999999, -122.39720599999998 37.77533199999999, -122.394981 37.77708899999999, -122.39385700000001 37.77797699999999, -122.39353699999998 37.77823, -122.39328700000002 37.77842699999999, -122.39275 37.77885200000001, -122.391841 37.778126, -122.391121 37.777553, -122.388869 37.779295, -122.38801100000002 37.779983000000016, -122.388399 37.780766, -122.38859499999998 37.781161, -122.38847200000001 37.781380000000006, -122.38843400000002 37.781648999999994, -122.38830600000001 37.781797999999995, -122.388096 37.781912, -122.38807499999999 37.782112000000005, -122.38807 37.78244899999999, -122.387628 37.78282599999999, -122.38759366666667 37.78281633333333, -122.38752500000001 37.78279699999999, -122.387421 37.782790000000006, -122.38608450000002 37.7828645, -122.38474800000002 37.782939, -122.38472999999999 37.782925999999996, -122.38471200000001 37.782782, -122.384681 37.78254400000001, -122.38469600000002 37.782528999999975, -122.38469865384616 37.7825284230769, -122.384719 37.782524, -122.386143 37.782433, -122.38756700000002 37.78234199999999, -122.387788 37.78227499999999, -122.387755 37.78179599999999, -122.38555200000002 37.78193499999999, -122.38553200000001 37.781921999999994, -122.385522 37.78185049999999, -122.385512 37.78177900000001, -122.38492200000002 37.78181, -122.38490100000001 37.781825999999995, -122.384858 37.78179899999998, -122.384893 37.781763, -122.38491599999999 37.781777, -122.38550799999999 37.781741999999994, -122.38549200000001 37.781594, -122.38550700000002 37.78158, -122.38553 37.78157600000001, -122.3865795 37.7815135, -122.387629 37.78145099999999, -122.3876065 37.781208, -122.387584 37.78096499999999, -122.38747599999999 37.780971000000015, -122.38748799999999 37.78110299999997, -122.387454 37.781104, -122.38743800000002 37.780972999999996, -122.38734700000002 37.780978, -122.387358 37.78111, -122.387325 37.78111099999999, -122.38731433333336 37.78102366666666, -122.38730900000002 37.780979999999985, -122.387215 37.780986, -122.38722500000002 37.78111799999999, -122.38720850000001 37.78111849999999, -122.38719200000001 37.78111900000001, -122.38718449999999 37.78105349999999, -122.38717700000001 37.780988, -122.387079 37.780993, -122.38709000000001 37.78112599999999, -122.387055 37.78112699999999, -122.38704800000001 37.7810615, -122.387041 37.78099600000001, -122.38694699999998 37.781000999999996, -122.386957 37.781133, -122.386925 37.781134, -122.38690900000002 37.781003, -122.386822 37.78100799999999, -122.3868255 37.781074000000004, -122.386829 37.78114000000001, -122.38680187096774 37.78114093548387, -122.38680000000001 37.781141, -122.38678492086332 37.781017539568346, -122.386784 37.78100999999998, -122.386686 37.781015999999994, -122.38669600000001 37.781148, -122.38666400000001 37.78114899999999, -122.38666000000002 37.78111625, -122.386648 37.78101800000002, -122.386553 37.78102399999999, -122.386553 37.781024, -122.38655322448982 37.78102669387755, -122.38656399999999 37.781155999999996, -122.38656042105265 37.78115610526312, -122.38653 37.78115699999999, -122.386515 37.78102599999999, -122.38642099999998 37.78103099999999, -122.38643 37.781163, -122.38639957894736 37.78116389473685, -122.38639600000002 37.78116400000001, -122.386383 37.781033, -122.38629100000001 37.781037999999995, -122.386299 37.781171, -122.386268 37.781172, -122.38625299999998 37.781041, -122.386157 37.781045999999996, -122.386157 37.78104600000001, -122.38616299999998 37.78113333333332, -122.386166 37.78117699999999, -122.38613199999999 37.78118, -122.386119 37.781048000000006, -122.38604536363638 37.78105209090908, -122.386029 37.781053, -122.38603999999998 37.781186, -122.38600800000002 37.781186999999996, -122.38599099999999 37.78105599999999, -122.385889 37.781061, -122.38590000000002 37.78119399999999, -122.38588200000002 37.781194499999984, -122.385864 37.781195000000004, -122.38585750000001 37.7811295, -122.385851 37.78106399999999, -122.3858075 37.78106649999999, -122.385764 37.78106899999998, -122.385764 37.781069, -122.385774 37.781201, -122.38574 37.781202, -122.38572600000002 37.781071, -122.385631 37.781076, -122.385631 37.781076000000006, -122.38564299999999 37.781208, -122.38560700000001 37.781209, -122.385593 37.781078, -122.385498 37.78108399999999, -122.385504 37.78115, -122.38551 37.78121600000001, -122.38547200000001 37.78121799999999, -122.38546000000001 37.781085999999995, -122.385362 37.78109200000001, -122.38536750000002 37.78115800000001, -122.385373 37.781223999999995, -122.385336 37.78122499999999, -122.385324 37.781093999999996, -122.38523000000002 37.78109899999999, -122.38524 37.781231, -122.385206 37.781232999999965, -122.38519200000002 37.781101, -122.385097 37.78110699999999, -122.38510800000002 37.781238999999964, -122.38508850000002 37.78123999999999, -122.38506900000002 37.781241000000016, -122.385064 37.781175, -122.385059 37.781108999999994, -122.38501199999999 37.781111499999994, -122.38496499999998 37.781113999999995, -122.38496499999998 37.781114, -122.38497600000001 37.781245999999996, -122.38495200000001 37.78124666666664, -122.38494000000001 37.78124699999999, -122.38492700000002 37.781117, -122.384834 37.781121999999996, -122.384846 37.781254, -122.38481799999998 37.781254999999994, -122.38479200000002 37.780978999999974, -122.384815 37.78097799999999, -122.38483199999999 37.781103, -122.38492500000001 37.78109699999998, -122.38492500000001 37.78109699999998, -122.384917 37.78097199999999, -122.38494699999998 37.78097099999998, -122.384963 37.781095, -122.38505700000002 37.78109, -122.38504800000001 37.780964000000004, -122.385079 37.78096200000001, -122.3850896666667 37.781045999999996, -122.38509500000002 37.78108799999999, -122.38519000000001 37.781082, -122.38518000000002 37.780957, -122.385212 37.780956, -122.38522800000001 37.78108000000001, -122.385322 37.78107500000001, -122.38531500000002 37.780949, -122.385344 37.780948, -122.38534451612905 37.780952, -122.38535999999999 37.78107200000001, -122.38536000000002 37.78107200000001, -122.38541353703707 37.781069268518536, -122.385458 37.78106699999999, -122.385449 37.780941, -122.38548099999998 37.78094, -122.385496 37.781065, -122.38559100000002 37.781059, -122.385584 37.780933999999995, -122.385613 37.78093299999997, -122.385629 37.78105699999999, -122.38567963736263 37.781054362637356, -122.385725 37.781052, -122.38572500000001 37.781052, -122.385717 37.780926, -122.38574499999999 37.780925, -122.38576300000001 37.78104900000001, -122.38581698540145 37.78104648905107, -122.38584900000002 37.78104499999999, -122.3858391984127 37.7809215, -122.385839 37.78091899999999, -122.385872 37.780918, -122.385887 37.78104200000001, -122.38598899999998 37.781036, -122.38598200000001 37.780910999999996, -122.38601 37.78091, -122.38602700000001 37.781034000000005, -122.38611700000001 37.78102899999999, -122.386109 37.780904, -122.38614 37.78090300000001, -122.386155 37.78102700000001, -122.386251 37.781021000000024, -122.386251 37.78102100000001, -122.386245 37.780896, -122.38627199999999 37.78089399999998, -122.386289 37.78101899999999, -122.38638100000001 37.781014, -122.386374 37.780888, -122.38640200000002 37.780887, -122.386419 37.781012, -122.386513 37.781006999999995, -122.38650400000002 37.780881, -122.38653500000001 37.78087899999999, -122.38654300000002 37.78094149999999, -122.386551 37.781004, -122.38664599999998 37.780999, -122.386638 37.78087299999999, -122.38664833333335 37.78087266666667, -122.386669 37.78087200000001, -122.38668400000002 37.780997, -122.386782 37.78099100000001, -122.386773 37.780865999999996, -122.386804 37.780865, -122.38681999999999 37.780988999999984, -122.38690700000001 37.78098399999999, -122.38690300000002 37.780921, -122.386899 37.780858, -122.38693000000002 37.780856, -122.386945 37.780981999999995, -122.38699199999998 37.780978999999995, -122.38703899999999 37.780976, -122.387029 37.780851, -122.38706 37.78085000000001, -122.38707700000002 37.78097400000001, -122.387176 37.780969, -122.38716700000002 37.780843, -122.38719800000001 37.780841, -122.387214 37.780966, -122.387307 37.780961000000005, -122.387299 37.78083499999999, -122.38732799999998 37.780834, -122.38734500000001 37.78095899999999, -122.38743700000002 37.780953999999994, -122.38742900000001 37.78082799999999, -122.38743966666668 37.78082766666666, -122.387461 37.78082700000001, -122.38747499999998 37.780952, -122.387582 37.780945, -122.387582 37.78094499999998, -122.387541 37.78051, -122.387529 37.780485999999996, -122.38744200000001 37.780491000000005, -122.38744700000001 37.780603, -122.38741799999998 37.780603999999975, -122.38741066666667 37.78053, -122.387407 37.78049300000001, -122.38736899999999 37.7804955, -122.387331 37.780497999999966, -122.387331 37.78049799999998, -122.38733900000001 37.780609999999996, -122.38730800000002 37.78061099999999, -122.38729699999999 37.7805, -122.387208 37.780505, -122.387214 37.780617000000014, -122.387188 37.780618, -122.38717300000002 37.780507, -122.38708300000002 37.78051200000001, -122.38709000000001 37.78062500000001, -122.38707600000001 37.78062549999999, -122.387062 37.78062599999999, -122.38704800000001 37.780514, -122.386965 37.780519, -122.386971 37.78063200000002, -122.38694299999999 37.780633000000016, -122.38693699999999 37.780577, -122.386931 37.78052099999999, -122.38685299999999 37.780526, -122.38686 37.78063799999999, -122.38685066666669 37.78063833333332, -122.38683200000001 37.78063899999999, -122.386818 37.780528, -122.38673599999998 37.78053299999999, -122.386743 37.780645, -122.38671500000001 37.780646, -122.38670200000001 37.78053499999999, -122.3866605 37.7805375, -122.38661900000001 37.78053999999999, -122.38661900000001 37.78054, -122.386624 37.780652, -122.386598 37.780653, -122.386584 37.780541999999976, -122.3865 37.780547, -122.38650678787879 37.7806556060606, -122.386507 37.78065899999998, -122.386479 37.78065999999999, -122.38646500000002 37.780549, -122.38638399999999 37.780553999999995, -122.38638399999999 37.78055400000001, -122.38638999999999 37.780666, -122.386364 37.78066699999999, -122.38635 37.780556, -122.38626700000002 37.780561, -122.386274 37.780673, -122.386244 37.780674, -122.386232 37.780563000000015, -122.386143 37.780567999999995, -122.386143 37.780568, -122.386149 37.780680000000004, -122.386121 37.780682, -122.386109 37.78056999999998, -122.386023 37.780575, -122.38602799999998 37.780688000000005, -122.38600200000002 37.780688, -122.38598899999998 37.780576999999994, -122.38594499999999 37.7805795, -122.38590099999999 37.78058199999999, -122.38590099999999 37.780582, -122.3859045 37.780638500000016, -122.385908 37.780694999999994, -122.385881 37.78069599999999, -122.38586700000002 37.78058399999999, -122.385785 37.78058899999999, -122.385791 37.780702, -122.38576300000001 37.780702, -122.38575100000001 37.780591, -122.385669 37.780595999999996, -122.38567578969956 37.780705605150224, -122.38567599999999 37.78070899999999, -122.38564899999999 37.780708999999995, -122.3856415 37.7806535, -122.38563400000001 37.780598000000005, -122.385555 37.780603, -122.385561 37.780715, -122.385535 37.78071599999999, -122.385521 37.780605, -122.385434 37.780609999999996, -122.38544100000001 37.780722, -122.385413 37.78072299999997, -122.3854 37.780612, -122.385311 37.78061699999999, -122.385316 37.78073, -122.38528899999999 37.780730999999996, -122.385277 37.780619, -122.38519200000002 37.780623999999996, -122.38519200000002 37.78062400000001, -122.38519800000002 37.780736999999995, -122.385168 37.78073800000001, -122.38516433333334 37.780700666666654, -122.385157 37.780625999999984, -122.38508 37.780631, -122.385085 37.78074300000001, -122.38506942592595 37.78074353703703, -122.38505600000002 37.78074399999999, -122.38504499999999 37.780633, -122.38496000000002 37.780637999999996, -122.38496700000002 37.78075099999998, -122.384938 37.780750999999995, -122.38492600000001 37.78064, -122.38492599999998 37.78064, -122.384846 37.780645, -122.384851 37.780757, -122.38481799999998 37.78075900000001, -122.38480866666666 37.78060366666665, -122.384804 37.780525999999995, -122.384819 37.780524499999984, -122.384834 37.780523, -122.38483950000001 37.78057299999998, -122.384845 37.78062299999999, -122.384924 37.780619, -122.384917 37.780519999999996, -122.38494600000001 37.780517, -122.38495800000001 37.780617, -122.38504299999998 37.780611999999984, -122.385035 37.78051099999999, -122.385067 37.780510999999976, -122.38507359999998 37.780570399999995, -122.385078 37.78061000000001, -122.38513 37.78060666666666, -122.385156 37.780604999999994, -122.38515000000001 37.780507, -122.385179 37.780503, -122.38519000000001 37.780603, -122.38527500000001 37.78059799999999, -122.38526732323236 37.78050299999999, -122.38526700000001 37.780498999999985, -122.385298 37.780497, -122.38531 37.780596, -122.38535399999999 37.7805935, -122.385398 37.78059099999999, -122.385398 37.78059099999999, -122.385392 37.78049, -122.385422 37.78049, -122.385432 37.780589, -122.38551900000002 37.780584000000005, -122.38551100000001 37.780483, -122.385541 37.780482, -122.38555299999999 37.780581999999995, -122.385633 37.780577, -122.385627 37.780476, -122.38565499999999 37.78047599999999, -122.38566700000001 37.78057499999999, -122.385749 37.78057, -122.38574200000001 37.78047, -122.38576999999998 37.78046899999999, -122.3857765 37.78051849999998, -122.38578300000002 37.780568, -122.38586500000001 37.780564, -122.385858 37.780463, -122.385888 37.78046199999997, -122.38589533333332 37.78052866666667, -122.38589899999998 37.780562, -122.385987 37.780557, -122.38598 37.78045599999999, -122.38600000000001 37.78045533333333, -122.38601 37.780455, -122.3860155 37.78050499999999, -122.38602100000001 37.780555, -122.386107 37.78055, -122.3861 37.78044800000001, -122.38611450000002 37.78044799999999, -122.38612900000001 37.780447999999986, -122.38613500000001 37.780498, -122.38614100000001 37.780548, -122.38618549999998 37.78054499999999, -122.38623 37.78054199999998, -122.38623 37.78054199999998, -122.38622200000002 37.780440999999996, -122.386251 37.78043999999999, -122.38626499999998 37.780539999999995, -122.38634800000001 37.780536, -122.386341 37.78043399999999, -122.386371 37.780432999999995, -122.38638199999998 37.780534, -122.386423 37.7805315, -122.386464 37.78052899999999, -122.386464 37.78052899999999, -122.38645700000001 37.780428, -122.386485 37.78042500000001, -122.38649800000002 37.78052699999999, -122.38658200000002 37.78052199999998, -122.38658200000002 37.780521999999976, -122.386575 37.78042, -122.38660600000001 37.780418999999995, -122.386617 37.78052, -122.3867 37.780515, -122.386693 37.78041399999998, -122.38672199999999 37.78041099999998, -122.38673500000002 37.780513000000006, -122.386816 37.780508000000005, -122.3868135 37.780457, -122.38681100000001 37.78040599999999, -122.386839 37.780406, -122.386851 37.78050600000001, -122.386902079646 37.78050338053099, -122.386929 37.78050199999999, -122.38692100000002 37.780401, -122.38695200000001 37.780398, -122.386963 37.780499999999996, -122.387046 37.780494999999995, -122.38704 37.780394, -122.38706900000001 37.780391, -122.38708100000001 37.780493, -122.387172 37.78048700000001, -122.38716500000001 37.780385, -122.38719499999999 37.780384000000005, -122.38720599999999 37.780485, -122.38720600000002 37.780485000000006, -122.38725499494952 37.780482247474744, -122.38729499999998 37.78047999999999, -122.38728899999998 37.780378, -122.38732 37.780376999999994, -122.387325 37.780427499999995, -122.38732999999999 37.780478, -122.387406 37.780474, -122.387397 37.780370999999995, -122.387427 37.780371, -122.38744 37.780472, -122.38752700000002 37.78046700000001, -122.38753400000002 37.780440999999996, -122.38750199999998 37.78009299999999, -122.387488 37.780049000000005, -122.38748799999999 37.780049000000005, -122.38744213586956 37.78005163586954, -122.387401 37.78005399999999, -122.387407 37.780165999999994, -122.38737800000001 37.780167000000006, -122.387367 37.78005599999997, -122.38729099999999 37.780059999999985, -122.387299 37.780173, -122.387269 37.780173, -122.38725600000001 37.78006200000001, -122.38716700000002 37.780067, -122.387176 37.780179, -122.387145 37.780179999999994, -122.387133 37.780069, -122.38704200000001 37.780074, -122.38705100000001 37.780188, -122.38701800000001 37.780187, -122.387007 37.780075999999994, -122.386923 37.780082, -122.386931 37.780193, -122.38690100000001 37.780195, -122.38689 37.780083, -122.38681199999998 37.78008700000001, -122.386821 37.7802, -122.386788 37.7802, -122.386777 37.78008899999999, -122.38669600000001 37.780094, -122.386704 37.780206, -122.38667200000002 37.780207, -122.386661 37.78009600000001, -122.38663333333334 37.780097333333316, -122.386578 37.780099999999976, -122.386578 37.780099999999976, -122.38658800000002 37.780212999999996, -122.386554 37.780214, -122.38654300000002 37.78010199999997, -122.38645900000002 37.780107, -122.386469 37.78021899999999, -122.386452 37.7802195, -122.38643500000002 37.78021999999999, -122.38643133333336 37.780183, -122.386424 37.78010900000001, -122.38634299999998 37.780114, -122.38635 37.780226, -122.38632 37.780227000000004, -122.38630900000001 37.780116, -122.38622599999998 37.78012000000001, -122.38622599999998 37.78012000000001, -122.38623400000002 37.780232999999996, -122.38620199999998 37.780233, -122.386191 37.780122, -122.38610200000001 37.780127, -122.386109 37.780240000000006, -122.38607800000001 37.78024, -122.386067 37.780128999999995, -122.38598200000001 37.780134, -122.38599099999999 37.78024599999998, -122.38596966666667 37.780246666666656, -122.385959 37.78024699999999, -122.385948 37.780136, -122.38585999999998 37.78014099999998, -122.38585999999998 37.78014099999998, -122.38586599999998 37.78021566666666, -122.385869 37.78025299999999, -122.38583400000002 37.780254000000006, -122.385825 37.780142999999995, -122.38574400000002 37.78014700000001, -122.385748 37.7802035, -122.385752 37.78025999999998, -122.38574176 37.78026032, -122.38572000000002 37.780260999999996, -122.385709 37.780148999999994, -122.38568199999999 37.780150666666664, -122.38562800000001 37.78015399999999, -122.38562800000001 37.78015400000001, -122.38563600000002 37.780266, -122.385605 37.780268, -122.385593 37.780156000000005, -122.38551399999999 37.78016000000001, -122.38551399999999 37.780160000000016, -122.385523 37.780273, -122.38549 37.780274, -122.385479 37.78016199999996, -122.385393 37.780167, -122.385393 37.78016700000001, -122.3853975 37.780223499999984, -122.38540200000001 37.78028000000001, -122.385369 37.78028, -122.385359 37.780169, -122.38526999999999 37.780173999999995, -122.38528000000001 37.780286999999994, -122.385246 37.780287, -122.385236 37.78017600000001, -122.38523599999999 37.78017600000001, -122.38515100000001 37.780181, -122.38515900000002 37.78029300000001, -122.38514250000001 37.78029349999998, -122.38512600000001 37.78029399999999, -122.38512100000001 37.780238499999996, -122.385116 37.78018300000001, -122.38507749999998 37.780185, -122.38503899999999 37.78018699999999, -122.385047 37.7803, -122.385014 37.7803, -122.38500399999998 37.780189, -122.38491900000001 37.780193999999995, -122.38492800000002 37.78030599999999, -122.38489500000001 37.780308, -122.384884 37.780196, -122.38480500000001 37.780199999999994, -122.38481 37.78031299999999, -122.384777 37.780314, -122.384763 37.78008100000001, -122.38477950000001 37.7800805, -122.38479600000001 37.780080000000005, -122.384803 37.78017899999999, -122.38488300000002 37.780173999999995, -122.38487600000002 37.780074, -122.38487954285715 37.78007388571428, -122.38490700000001 37.780072999999994, -122.384917 37.780172, -122.385002 37.780168, -122.384996 37.780068, -122.385028 37.780066, -122.38503699999998 37.780166, -122.38511400000002 37.780161, -122.38510800000002 37.78006199999998, -122.38513800000001 37.78006, -122.385149 37.78016, -122.38523400000001 37.78015500000001, -122.38523133333335 37.78012133333334, -122.385226 37.78005399999998, -122.385259 37.780054, -122.38526799999998 37.780153, -122.38535700000001 37.780148, -122.385349 37.78004700000001, -122.38538299999998 37.780046, -122.38539084313724 37.7801440392157, -122.38539099999998 37.780146, -122.385478 37.780141, -122.385471 37.78004099999999, -122.38550500000001 37.780039, -122.385512 37.780139000000005, -122.38555199999999 37.780136999999996, -122.38559199999999 37.780134999999994, -122.385584 37.78003399999999, -122.385617 37.78003199999998, -122.385626 37.78013299999999, -122.38566700000001 37.78013099999999, -122.385708 37.780129, -122.385708 37.780128999999995, -122.385701 37.780028, -122.385734 37.780026, -122.38574200000001 37.78012700000001, -122.38578300000002 37.7801245, -122.385824 37.78012199999999, -122.38581699999999 37.780021, -122.38584999999999 37.78002, -122.385858 37.78012, -122.38594599999999 37.780115000000016, -122.38594599999999 37.780114999999995, -122.38593900000002 37.780014000000016, -122.385971 37.780013, -122.38598 37.78011300000001, -122.38606600000001 37.780109, -122.38606600000001 37.78010899999999, -122.38606000000001 37.780007, -122.38609199999999 37.78000599999999, -122.3861 37.780107, -122.38618900000002 37.78010200000001, -122.386184 37.780001, -122.38621399999998 37.779999999999994, -122.386224 37.780100000000004, -122.386307 37.780094999999996, -122.38629999999999 37.779994, -122.386332 37.779993000000005, -122.386341 37.780093, -122.386423 37.78008899999999, -122.38641999999999 37.78003800000001, -122.386417 37.779987000000006, -122.3864335 37.77998650000001, -122.38645000000001 37.779985999999994, -122.38645700000001 37.780086999999995, -122.38653305263159 37.78008252631578, -122.386542 37.780082, -122.386533 37.77998099999998, -122.38656799999998 37.779979, -122.38657599999999 37.78008, -122.386659 37.780076, -122.386653 37.77997400000001, -122.38667433333333 37.77997333333334, -122.38668499999999 37.77997299999999, -122.386694 37.780074, -122.386776 37.78006899999999, -122.38676800000002 37.779967, -122.386802 37.779965999999995, -122.38681 37.780066999999995, -122.386888 37.78006299999999, -122.386879 37.77996099999999, -122.38691399999998 37.77995899999999, -122.386923 37.78006099999997, -122.38700600000001 37.78005600000001, -122.38700600000001 37.780055999999995, -122.38699900000002 37.779954, -122.38703200000002 37.77995300000001, -122.38704 37.780055000000004, -122.387131 37.78005000000001, -122.387131 37.780049999999996, -122.38712633333333 37.77998133333332, -122.387124 37.779946999999986, -122.38714100000001 37.779946499999994, -122.387158 37.779946, -122.38716599999998 37.780048, -122.38716600000001 37.780048, -122.38718233027524 37.7800470825688, -122.38725500000001 37.780043000000006, -122.387247 37.77993999999998, -122.38728 37.779939, -122.38728899999998 37.780041, -122.387365 37.780037, -122.38735700000001 37.779934000000004, -122.38739000000001 37.77993300000001, -122.3874 37.780035, -122.38748600000001 37.78002999999997, -122.387493 37.77999, -122.38746499999999 37.779693, -122.387451 37.77965600000001, -122.38737899999998 37.77966, -122.38738699999999 37.77975, -122.38735700000001 37.779751, -122.38734500000001 37.779661999999995, -122.38727600000001 37.77966599999999, -122.38728200000001 37.779754999999994, -122.387253 37.77975699999999, -122.387242 37.779668, -122.38717400000002 37.77967199999999, -122.387178 37.779762, -122.387151 37.77976300000002, -122.387139 37.779674, -122.387067 37.779678, -122.387073 37.779768, -122.38704500000001 37.779769000000016, -122.38703299999999 37.77968, -122.386969 37.779683999999975, -122.386969 37.779684, -122.38697500000002 37.779773999999996, -122.38694800000002 37.779775, -122.386935 37.779686, -122.386868 37.77968999999999, -122.386868 37.77969, -122.386872 37.77978, -122.38684600000002 37.77978100000002, -122.386834 37.77969199999999, -122.386765 37.779695999999994, -122.386771 37.779785, -122.386743 37.779787, -122.38672999999999 37.779697999999996, -122.38666000000002 37.77970200000001, -122.3866600967742 37.7797034516129, -122.38666599999999 37.77979199999999, -122.38663900000002 37.77979299999998, -122.38662500000001 37.779703999999995, -122.38655599999998 37.779708, -122.38656199999998 37.779798000000014, -122.386548 37.779798500000005, -122.38653400000001 37.77979899999999, -122.38652200000001 37.77971, -122.38645199999999 37.779714, -122.38645900000002 37.779803, -122.38642899999999 37.77980499999997, -122.386417 37.77971599999999, -122.38635400000001 37.77971899999999, -122.38636199999999 37.779809999999976, -122.386332 37.77981, -122.38632 37.779721, -122.38624600000001 37.779726, -122.38625299999998 37.77981599999999, -122.38623899999999 37.779816499999995, -122.38622500000001 37.77981700000001, -122.386211 37.779728, -122.386152 37.779731, -122.386157 37.77982100000002, -122.38612999999998 37.77982200000001, -122.38611700000001 37.77973300000001, -122.386049 37.779737, -122.386055 37.779827, -122.38602799999998 37.779827999999995, -122.386014 37.779739, -122.38594599999999 37.779743, -122.38595100000002 37.779832999999996, -122.38594133333335 37.77983333333332, -122.38592200000001 37.77983399999999, -122.38591099999998 37.779745, -122.385843 37.77974899999999, -122.385843 37.779749, -122.385848 37.77983899999999, -122.385819 37.77984, -122.38580800000001 37.779751, -122.38574200000001 37.779755, -122.385748 37.779844, -122.38571800000001 37.779845999999985, -122.385707 37.77975699999999, -122.385635 37.779761, -122.385637045977 37.779791348658996, -122.38564099999998 37.77984999999999, -122.38562018367348 37.7798513877551, -122.385611 37.779851999999984, -122.38560733333333 37.779822333333335, -122.3856 37.779762999999996, -122.385528 37.779767, -122.385536 37.779857, -122.385506 37.779858000000004, -122.38549300000001 37.779769, -122.38542300000002 37.779773, -122.38542900000002 37.779863000000006, -122.385401 37.77986399999998, -122.385395 37.77981949999998, -122.385389 37.779775, -122.38532 37.779779, -122.38532700000002 37.779868, -122.385297 37.779869999999995, -122.385285 37.779781, -122.385226 37.779784, -122.38523400000001 37.779875000000004, -122.385202 37.779876, -122.385191 37.779785999999994, -122.38512099999998 37.77979, -122.385125 37.779881, -122.38511249999999 37.779881499999995, -122.38510000000001 37.77988199999999, -122.38508700000001 37.77979199999999, -122.38505350000001 37.779793999999995, -122.38502 37.779796000000005, -122.385026 37.77988699999999, -122.38499799999998 37.77988699999999, -122.38498500000001 37.77979799999999, -122.384917 37.779802, -122.384923 37.77989300000001, -122.38489500000001 37.77989300000001, -122.38488200000002 37.779804, -122.384812 37.77980799999998, -122.38481799999998 37.77989899999999, -122.384783 37.7799, -122.384762 37.779694, -122.38479600000001 37.779692000000004, -122.38481 37.779785999999994, -122.38488000000001 37.779782, -122.384872 37.779688, -122.38490199999998 37.77968599999998, -122.38491500000002 37.77978, -122.384983 37.779776, -122.384977 37.779681, -122.38500500000002 37.77967899999999, -122.38501150000003 37.779726499999995, -122.38501800000002 37.779774, -122.38505100000002 37.77977249999999, -122.38508399999999 37.77977099999999, -122.38508099999999 37.7797235, -122.385078 37.779676, -122.38509300000001 37.779675, -122.38510800000002 37.779673999999986, -122.385119 37.779768999999995, -122.38518900000001 37.77976499999999, -122.38518600000002 37.7797175, -122.38518300000001 37.77967, -122.385214 37.77966800000001, -122.385224 37.77976300000001, -122.38526333333331 37.779760333333314, -122.385283 37.77975899999999, -122.38527600000002 37.779665, -122.38530600000001 37.77966199999998, -122.38531800000001 37.77975699999999, -122.385386 37.779753, -122.38537899999999 37.779658999999995, -122.38541 37.779656, -122.38542100000001 37.779751000000005, -122.385491 37.77974700000001, -122.385483 37.779652999999996, -122.385515 37.77965100000001, -122.38552599999998 37.779745000000005, -122.38556200000001 37.779742999999996, -122.38559799999999 37.779740999999994, -122.38559633333334 37.779709, -122.385593 37.77964500000001, -122.38562100000001 37.779645, -122.385633 37.77973900000003, -122.38570500000002 37.779735, -122.38570500000002 37.779734999999995, -122.38570487239585 37.77973324999999, -122.385698 37.779639, -122.38572699999999 37.779638, -122.38573899999999 37.77973300000001, -122.385806 37.77972899999997, -122.3858 37.77963299999999, -122.38582800000002 37.77963299999999, -122.38584100000001 37.779727, -122.385909 37.779723, -122.385902 37.779627, -122.385934 37.779627000000005, -122.38594399999998 37.779721, -122.38601200000001 37.779717000000005, -122.3860085 37.779669000000005, -122.386005 37.77962099999999, -122.38603599999999 37.779621, -122.38604699999999 37.77971499999998, -122.38604700000002 37.77971499999998, -122.38604700000002 37.779715, -122.386115 37.779711000000006, -122.3861115 37.7796635, -122.386108 37.77961599999999, -122.38613699999999 37.779614999999986, -122.38615000000001 37.779709, -122.386209 37.77970599999998, -122.386209 37.77970599999998, -122.38620599999999 37.779658500000004, -122.386203 37.779611, -122.386232 37.779609, -122.386244 37.779704, -122.38631800000002 37.779699, -122.38631100000002 37.779604000000006, -122.386341 37.779603, -122.386352 37.77969699999999, -122.386415 37.779694, -122.38640800000002 37.77959799999999, -122.38643800000001 37.779596, -122.38645000000001 37.779692000000004, -122.38652 37.77968799999999, -122.386513 37.779592, -122.38654300000002 37.77959099999997, -122.386554 37.77968599999997, -122.386623 37.77968199999999, -122.386617 37.779587, -122.38664500000002 37.77958499999999, -122.38665150000003 37.7796325, -122.38665800000001 37.779680000000006, -122.386728 37.779676, -122.38672 37.779581, -122.38675000000002 37.779579000000005, -122.38676299999999 37.779674, -122.38683100000002 37.779669999999996, -122.38682500000002 37.779574, -122.38685299999999 37.779571999999995, -122.386866 37.77966799999999, -122.386933 37.779664, -122.386927 37.779568000000005, -122.386956 37.779566, -122.3869615 37.779614, -122.38696700000001 37.77966199999999, -122.38703100000001 37.779658, -122.387022 37.779564, -122.387046 37.779562, -122.387055 37.77965699999998, -122.387137 37.779652, -122.38713200000001 37.779565, -122.38716199999999 37.779563, -122.38717199999998 37.77965, -122.387172 37.77965, -122.38718495238095 37.77964923809524, -122.38723999999999 37.779646, -122.38723399999999 37.77955999999999, -122.38725672972978 37.77955843243245, -122.38726299999999 37.77955800000001, -122.387274 37.779644, -122.387343 37.77964, -122.387338 37.77955300000001, -122.38736600000001 37.779552, -122.38736966666667 37.77958066666666, -122.387377 37.779637999999984, -122.387449 37.779634, -122.38745600000001 37.779596000000005, -122.38745543642924 37.779589890892694, -122.38743100000002 37.779325, -122.38741700000001 37.779288, -122.38733999999998 37.779292, -122.387343 37.779374999999995, -122.38731500000002 37.77937699999999, -122.38730600000001 37.77929399999998, -122.387236 37.77929900000001, -122.387238 37.779380999999994, -122.38721000000001 37.77938199999999, -122.38720099999999 37.779301000000004, -122.38713200000001 37.779305, -122.38713500000001 37.77939999999999, -122.387107 37.779401, -122.387097 37.779306999999996, -122.387028 37.779311, -122.38703200000002 37.779406, -122.387004 37.779407, -122.38699399999999 37.77931299999999, -122.386933 37.77931600000002, -122.386933 37.77931600000004, -122.38693302368422 37.77931675000001, -122.38693599999999 37.779410999999996, -122.38690900000002 37.779412000000015, -122.38689799999999 37.779317999999996, -122.3868635 37.77932, -122.386829 37.77932199999999, -122.38683100000002 37.77941699999999, -122.38680500000001 37.779418, -122.386794 37.779323999999995, -122.38672700000001 37.77932799999999, -122.38672999999999 37.779422999999994, -122.38670200000001 37.779424, -122.386692 37.779329999999995, -122.3866585 37.779332, -122.38662500000001 37.77933400000001, -122.38662500000001 37.77933400000001, -122.386628 37.779427999999996, -122.38661300000001 37.77942900000001, -122.386598 37.77943, -122.38659 37.779336, -122.386521 37.77934, -122.38652500000002 37.779434, -122.386495 37.779436, -122.38648600000002 37.779342, -122.386417 37.77934600000001, -122.38642000000002 37.77944099999999, -122.386391 37.779443, -122.386383 37.779348, -122.386319 37.77935099999999, -122.386323 37.779447, -122.386293 37.779449, -122.38628500000002 37.77935299999999, -122.386211 37.77935799999999, -122.3862125 37.7794055, -122.38621399999998 37.779453000000004, -122.386185 37.77945400000001, -122.38618200000002 37.779422666666655, -122.38617600000002 37.779359999999976, -122.386113 37.779363, -122.386116 37.779458, -122.386088 37.779461000000005, -122.38607899999998 37.779365000000006, -122.386011 37.779368999999996, -122.386011 37.779369, -122.386013 37.779464999999995, -122.38598400000002 37.77946499999998, -122.385977 37.779371, -122.385909 37.779375, -122.38591299999999 37.779469999999996, -122.385884 37.77947100000001, -122.385875 37.77937699999998, -122.385801 37.779381, -122.385803 37.779477, -122.38577500000001 37.779478000000005, -122.385767 37.779382999999996, -122.38573300000002 37.779385000000005, -122.38569900000002 37.77938699999997, -122.38569900000002 37.77938699999998, -122.385704 37.779483, -122.38567300000001 37.77948299999999, -122.385664 37.779389, -122.38559799999999 37.779393, -122.38560100000001 37.77948799999999, -122.385574 37.779489, -122.38556400000002 37.779394999999994, -122.38549500000002 37.779398999999984, -122.38549500000002 37.779398999999984, -122.38549499999999 37.779398999999984, -122.38549900000001 37.77949399999999, -122.38548966666667 37.77949433333335, -122.385471 37.77949500000001, -122.38546000000001 37.779401, -122.38539000000002 37.77940499999999, -122.385392 37.7795, -122.38536400000001 37.779500999999996, -122.385355 37.779407000000006, -122.385285 37.77941099999999, -122.385285 37.779411, -122.38528899999999 37.779506999999995, -122.38526100000001 37.779506999999995, -122.385251 37.779413, -122.38519000000001 37.779416999999995, -122.38519000000001 37.779417, -122.385194 37.779512, -122.38516500000001 37.779514, -122.385156 37.77941899999999, -122.38508799999998 37.779423, -122.385091 37.779518, -122.385065 37.77951900000001, -122.38505400000001 37.779424999999996, -122.38498500000001 37.779427999999996, -122.38498500000001 37.77942800000001, -122.38498799999999 37.779523999999995, -122.38495899999998 37.779525000000014, -122.3849545 37.77947750000002, -122.38495 37.77943, -122.38488099999998 37.779434, -122.38488495876288 37.77952901030927, -122.384885 37.779529999999994, -122.384857 37.77953099999999, -122.38484700000001 37.779436, -122.38477499999999 37.779441000000006, -122.38477899999998 37.779536, -122.38474700000002 37.77953699999999, -122.384732 37.77932899999999, -122.384764 37.779326999999995, -122.384774 37.77942099999999, -122.384845 37.77941699999999, -122.384839 37.779323000000005, -122.38487099999999 37.779322000000015, -122.38487549999999 37.7793685, -122.38488000000001 37.77941499999999, -122.38490300000002 37.77941366666664, -122.38494899999999 37.77941100000001, -122.38494899999999 37.779410999999996, -122.38494299999999 37.779318, -122.384974 37.77931600000004, -122.384984 37.779409, -122.385052 37.77940499999999, -122.38504899999998 37.779311, -122.385078 37.779309999999995, -122.38508700000001 37.779402999999995, -122.385155 37.779399000000005, -122.38515100000001 37.77930500000001, -122.38517999999999 37.779304, -122.38518878225806 37.77939474999999, -122.38518900000001 37.779397, -122.38524900000002 37.77939399999999, -122.385245 37.779299000000016, -122.385275 37.77929900000001, -122.385284 37.77939200000001, -122.38535400000002 37.779388000000004, -122.38535100000001 37.779293, -122.38537899999999 37.779293, -122.385389 37.779386, -122.38542399999999 37.779384, -122.385459 37.77938199999999, -122.38545600000002 37.779288, -122.385484 37.77928599999999, -122.38548850000001 37.779333, -122.38549300000001 37.77938, -122.385516 37.77937866666669, -122.38556200000001 37.77937599999998, -122.38556200000001 37.77937599999998, -122.38555800000002 37.779281, -122.385587 37.77928, -122.38559700000002 37.779374000000004, -122.385619 37.77937266666666, -122.385663 37.779369999999986, -122.385659 37.779275, -122.385689 37.779275000000005, -122.38568920769231 37.779277146153845, -122.38569799999998 37.779367999999984, -122.38572746666668 37.779366266666656, -122.38576599999999 37.77936400000001, -122.3857635 37.77931699999998, -122.385761 37.77926999999999, -122.38577100000002 37.77926966666668, -122.385791 37.77926900000001, -122.385797 37.779331000000006, -122.3858 37.77936199999999, -122.38582433333335 37.77936066666665, -122.38587300000002 37.77935800000001, -122.38587300000002 37.77935799999999, -122.38586799999999 37.779263, -122.38589800000001 37.779263, -122.385908 37.77935600000001, -122.385975 37.77935199999999, -122.385971 37.779257, -122.38600000000001 37.77925599999999, -122.38601 37.77935, -122.386077 37.779346000000004, -122.386077 37.779346, -122.38607697643981 37.77934526178011, -122.38607400000002 37.779252000000014, -122.38610200000001 37.779251, -122.386112 37.77934400000001, -122.38617499999998 37.77934000000001, -122.38617499999998 37.77934000000001, -122.38617299999997 37.779292999999996, -122.38617099999999 37.779245999999986, -122.38620100000001 37.779244999999996, -122.38620999999999 37.77933899999999, -122.38624699999998 37.7793365, -122.386284 37.779334000000006, -122.386282 37.779287499999995, -122.38628 37.77924099999999, -122.386308 37.779239, -122.38631800000002 37.779332, -122.38638100000001 37.779329, -122.38637500000002 37.779234999999986, -122.38640194736843 37.77923247368421, -122.38640699999999 37.779232, -122.38641559296482 37.779322703517586, -122.386416 37.779327, -122.386485 37.779323000000005, -122.386481 37.779228, -122.38649099999999 37.77922733333333, -122.38651099999998 37.77922599999999, -122.3865155 37.77927349999999, -122.38652 37.77932100000001, -122.38658899999999 37.779317, -122.38658600000001 37.77922199999999, -122.38661299999998 37.779219999999974, -122.386624 37.779315, -122.38669099999998 37.779310999999986, -122.38669099999998 37.779310999999986, -122.386686 37.779216, -122.386716 37.779215, -122.386726 37.779309, -122.38679300000001 37.779304999999994, -122.386789 37.77921099999998, -122.38681700000001 37.779209, -122.386827 37.779303, -122.38689700000002 37.779299000000016, -122.386894 37.77920399999999, -122.38692200000001 37.779202999999995, -122.386931 37.77929699999997, -122.38696839698491 37.77929454773868, -122.386992 37.779293, -122.38698799999999 37.7792, -122.38701800000001 37.779197, -122.38702699999999 37.779291, -122.38709600000001 37.77928699999999, -122.387094 37.77919300000002, -122.38712000000001 37.779192, -122.38712550000001 37.7792385, -122.387131 37.779284999999994, -122.38720000000002 37.779281, -122.38719800000001 37.77919899999999, -122.38722400000002 37.779197999999994, -122.38723399999999 37.779278999999995, -122.387305 37.779275, -122.38730300000002 37.779193, -122.38733399999998 37.77919299999999, -122.38733900000001 37.779272999999996, -122.387415 37.77926899999999, -122.38742300000001 37.77923599999999, -122.387397 37.77896499999999, -122.38738400000001 37.778932999999995, -122.387316 37.778937, -122.38732100000001 37.77900599999999, -122.38729354285715 37.77900688571429, -122.38729000000002 37.779007, -122.38728128825625 37.778941177935934, -122.387281 37.778938999999994, -122.38721900000002 37.778941999999994, -122.38722000000001 37.7789765, -122.387221 37.779011000000004, -122.387193 37.779012, -122.387185 37.778943999999996, -122.38712299999999 37.778948, -122.387125 37.779027, -122.387099 37.77902900000001, -122.387094 37.778989499999994, -122.38708900000002 37.77894999999999, -122.38706023913046 37.77895136956521, -122.38702599999999 37.778953, -122.387028 37.779033, -122.38699999999999 37.779033999999974, -122.38699100000001 37.778955, -122.38693000000002 37.77895900000003, -122.38693000000002 37.77895900000003, -122.386933 37.77903699999998, -122.386905 37.77903999999998, -122.38689600000001 37.77896099999999, -122.386896 37.77896099999999, -122.38689314285713 37.77896114285715, -122.386836 37.77896399999999, -122.386836 37.77896400000001, -122.38683800000001 37.77901666666667, -122.386839 37.779042999999994, -122.38681548387096 37.77904387096774, -122.386812 37.779044, -122.386802310559 37.778968422360236, -122.386802 37.778966000000004, -122.38676899999999 37.778968, -122.38673599999998 37.778969999999994, -122.386739 37.779048999999986, -122.38671100000002 37.77904999999999, -122.386701 37.77897199999998, -122.386638 37.77897499999999, -122.386643 37.77905499999999, -122.38661200000001 37.779055, -122.386604 37.778977000000005, -122.386577 37.7789785, -122.38654999999999 37.77897999999999, -122.386553 37.77905999999997, -122.386526 37.77906, -122.38651600000001 37.778982000000006, -122.38645000000001 37.778985999999996, -122.38645000000001 37.77898600000001, -122.386454 37.779065, -122.38644000000002 37.7790655, -122.38642600000001 37.77906599999999, -122.386415 37.77898799999999, -122.38635600000002 37.778991, -122.38636100000001 37.77907099999998, -122.38633000000002 37.77907199999998, -122.38632100000001 37.77899299999999, -122.386256 37.778997, -122.38626 37.779075999999996, -122.386233 37.77907700000002, -122.38622200000002 37.778999, -122.386164 37.779002, -122.386167 37.779081999999995, -122.38615866666667 37.779082333333335, -122.386142 37.77908299999999, -122.38612999999998 37.77900399999999, -122.386067 37.779008, -122.38606899999999 37.779087, -122.386043 37.779087999999994, -122.38603300000001 37.77900999999999, -122.385962 37.779014, -122.38596400000002 37.77909299999999, -122.38593700000001 37.779094, -122.385928 37.779016000000006, -122.38586500000001 37.77901999999999, -122.38586799999999 37.779098999999995, -122.38585066666666 37.77909966666667, -122.385842 37.77909999999999, -122.385831 37.77902099999999, -122.385768 37.779025, -122.38576999999998 37.77910399999999, -122.38574400000002 37.779104999999994, -122.385734 37.779026999999985, -122.38568044615387 37.779029723076924, -122.38567499999999 37.77903, -122.38567697530864 37.779109012345685, -122.385677 37.779110000000024, -122.385651 37.77911100000001, -122.38564000000001 37.77903200000001, -122.38561933333335 37.77903333333333, -122.385578 37.779035999999984, -122.385581 37.77911499999999, -122.38556750000001 37.77911549999999, -122.385554 37.77911599999999, -122.385543 37.779038, -122.38548099999998 37.779042000000004, -122.385484 37.77912099999999, -122.385457 37.779122, -122.385446 37.779043, -122.38538499999999 37.779047, -122.385387 37.77912500000001, -122.385361 37.779126999999995, -122.385356 37.779087999999994, -122.38535100000001 37.77904899999999, -122.38528600000001 37.77905299999998, -122.38528800000002 37.779131, -122.38526199999998 37.779133, -122.385252 37.779054999999985, -122.385195 37.77905799999999, -122.38519649999999 37.779097500000006, -122.38519800000002 37.779137000000006, -122.385168 37.779137999999996, -122.38515999999998 37.77906, -122.38509399999998 37.779063999999984, -122.385098 37.77914299999999, -122.38508300000002 37.779143499999975, -122.385068 37.77914399999999, -122.38506000000001 37.77906499999999, -122.385002 37.779069, -122.38500399999998 37.77914799999999, -122.38497600000001 37.77914899999999, -122.384972 37.779109999999996, -122.384968 37.77907099999999, -122.38493750000002 37.7790725, -122.38490700000001 37.779073999999994, -122.38490999999999 37.779153, -122.38488200000002 37.77915399999999, -122.3848775 37.779114999999976, -122.384873 37.77907599999999, -122.384806 37.77908, -122.38481100000001 37.779159, -122.38478099999999 37.779160000000005, -122.38476600000001 37.778979, -122.384794 37.778977999999995, -122.384804 37.779061, -122.38487099999999 37.779057, -122.384867 37.778973, -122.38489799999999 37.778972, -122.384906 37.779055, -122.38496600000002 37.779052, -122.38496400000001 37.778967, -122.38499 37.778967, -122.385001 37.77904999999999, -122.385058 37.779045999999994, -122.385053 37.77896199999999, -122.385067 37.778960999999995, -122.38508100000001 37.77896000000001, -122.38508700000001 37.779002, -122.38509300000001 37.779043999999985, -122.38515900000002 37.779041, -122.385155 37.778956, -122.38518399999998 37.778955999999994, -122.385193 37.77903899999999, -122.38524999999998 37.779034999999986, -122.38524999999998 37.779034999999986, -122.385246 37.778951, -122.385275 37.77894900000002, -122.3852844680851 37.77902853191489, -122.385285 37.77903299999999, -122.385349 37.77903, -122.38534599999998 37.778945, -122.385373 37.77894499999999, -122.38538400000002 37.77902799999999, -122.38540433333334 37.77902666666667, -122.385445 37.77902400000004, -122.385445 37.77902400000003, -122.38544350000001 37.778982, -122.38544199999998 37.77893999999998, -122.38546800000002 37.778939, -122.385479 37.779022, -122.385542 37.779019, -122.385539 37.778934, -122.385566 37.778934, -122.38557600000001 37.77901699999998, -122.385639 37.77901299999999, -122.38563890588235 37.77901104705883, -122.38563500000001 37.778929999999995, -122.385664 37.77892799999998, -122.38567300000001 37.77901099999999, -122.38569141798945 37.779010063492066, -122.38573200000002 37.77900800000001, -122.385729 37.77892399999999, -122.385758 37.77892299999999, -122.385767 37.779005999999995, -122.38582899999999 37.779002, -122.385827 37.77891799999999, -122.3858405 37.77891749999999, -122.385854 37.778917000000014, -122.385863 37.779, -122.385926 37.77899699999999, -122.38592400000002 37.778913, -122.38594900000001 37.778912, -122.38596100000001 37.77899500000001, -122.386031 37.77899100000001, -122.386031 37.77899100000001, -122.38602700000001 37.778907, -122.38605300000002 37.77890599999999, -122.38606600000001 37.77898899999999, -122.386128 37.778985000000006, -122.38612797345132 37.77898425663717, -122.38612500000002 37.778901, -122.386152 37.778899, -122.38615749999998 37.77894099999997, -122.38616299999998 37.77898299999998, -122.38621999999998 37.77898, -122.38621599999999 37.778896, -122.3862315 37.7788955, -122.38624699999998 37.77889499999999, -122.38625099999997 37.77893649999999, -122.38625499999999 37.778978, -122.38632 37.778974, -122.38631500000001 37.77889, -122.386344 37.778889, -122.38635400000001 37.77897199999999, -122.38641400000002 37.77896899999999, -122.38641 37.778884999999995, -122.38643800000001 37.77888399999998, -122.386448 37.778967, -122.386514 37.778963000000005, -122.386509 37.77887900000002, -122.38654 37.778878, -122.38654900000002 37.778961, -122.386602 37.778958, -122.386602 37.778957999999996, -122.38660000000002 37.778915999999995, -122.386598 37.778873999999995, -122.38661450000001 37.7788735, -122.38663100000001 37.778873000000004, -122.38663700000001 37.778956, -122.3867 37.778953, -122.386695 37.778868, -122.38672300000002 37.778868, -122.3867285 37.778909500000005, -122.386734 37.77895099999999, -122.38676912903227 37.77894887096774, -122.3868 37.778947, -122.3868 37.77894699999999, -122.38680000000001 37.77894699999999, -122.386797 37.778863, -122.386824 37.778861, -122.386835 37.778944999999986, -122.38685466666668 37.778943666666656, -122.386894 37.77894100000001, -122.386894 37.778940999999996, -122.38689394690266 37.778939513274345, -122.38689100000002 37.778857, -122.38692100000002 37.778856, -122.386929 37.778938999999994, -122.38695949999999 37.7789375, -122.38699 37.77893600000001, -122.38698850000002 37.778894, -122.38698700000002 37.77885199999999, -122.387014 37.77884999999998, -122.38702400000001 37.778933999999985, -122.38708700000001 37.77892999999999, -122.38708399999999 37.778846, -122.387112 37.77884499999999, -122.38712200000002 37.778928, -122.38718300000001 37.778925, -122.387181 37.77884999999998, -122.38721000000001 37.77884899999998, -122.38721533333336 37.77889833333332, -122.38721800000002 37.778923000000006, -122.38728 37.778919, -122.38727899999999 37.77889399999997, -122.387277 37.778843999999985, -122.38730699999998 37.77884299999999, -122.38731384193548 37.77891532903224, -122.387314 37.77891700000001, -122.387382 37.778914, -122.38739000000001 37.77888, -122.387367 37.77863, -122.38735300000002 37.77860499999999, -122.387286 37.778609, -122.38728800000001 37.77868099999999, -122.38727449999999 37.7786815, -122.38726100000001 37.77868199999999, -122.38725199999999 37.778611, -122.38718600000001 37.778614999999995, -122.387188 37.778687, -122.38716100000002 37.778687, -122.387152 37.778617, -122.38709300000001 37.77861999999999, -122.387094 37.778661, -122.38709500000002 37.77870199999999, -122.3870825 37.77870250000001, -122.38706999999998 37.77870299999999, -122.387059 37.77862199999999, -122.38702699999999 37.778623999999986, -122.386995 37.778625999999996, -122.386995 37.778626, -122.38699900000002 37.778708, -122.386972 37.778709, -122.38696000000002 37.778628000000005, -122.3869 37.778631, -122.38690300000002 37.778712999999996, -122.38687600000002 37.77871399999999, -122.386866 37.778633, -122.38679900000001 37.77863699999999, -122.38679900000001 37.77863700000001, -122.386802 37.77871899999999, -122.38678800000001 37.7787195, -122.38677400000002 37.77871999999999, -122.386764 37.778639, -122.386707 37.778642, -122.38671099999999 37.778724999999994, -122.386683 37.778725, -122.38667200000002 37.778644, -122.386614 37.778648, -122.386616 37.77872999999999, -122.386591 37.778731, -122.38657900000001 37.778650000000006, -122.38651000000002 37.778653999999996, -122.38651000000002 37.778654, -122.386513 37.778735999999995, -122.38649633333334 37.778736666666674, -122.386488 37.778737, -122.386476 37.778656, -122.386417 37.778659, -122.386419 37.778741, -122.38639300000001 37.778741999999994, -122.386383 37.778661, -122.38631699999999 37.778665000000004, -122.38631897560974 37.77874599999999, -122.386319 37.77874699999999, -122.38629399999999 37.778748, -122.386283 37.778667000000006, -122.38622100000002 37.77867, -122.386223 37.778752999999995, -122.386196 37.778752999999995, -122.38618600000001 37.778672, -122.38612599999999 37.778676000000004, -122.38612900000001 37.778758, -122.38611933333334 37.778758333333336, -122.3861 37.77875899999999, -122.386094 37.77870499999999, -122.38609099999998 37.778678000000006, -122.3860595 37.77868, -122.38602799999998 37.77868199999999, -122.38603300000001 37.778763999999995, -122.38600200000002 37.778766, -122.38599400000001 37.778684, -122.385932 37.77868699999999, -122.385935 37.77876899999999, -122.385926 37.77876933333332, -122.385908 37.77877000000002, -122.38589800000001 37.778689, -122.38583400000002 37.778693000000004, -122.385839 37.77877499999999, -122.38581099999999 37.778776, -122.3858 37.778695, -122.385741 37.778698, -122.38574400000002 37.77878, -122.38571800000001 37.77878099999998, -122.385707 37.7787, -122.38564299999999 37.778704, -122.38564600000001 37.77878599999999, -122.385619 37.778786999999994, -122.385608 37.77870599999999, -122.38555000000001 37.778709, -122.38555200000002 37.778791, -122.385528 37.77879299999999, -122.385515 37.778711, -122.385452 37.778715, -122.38545400000001 37.778797, -122.38542900000002 37.778797999999995, -122.38542500000003 37.77877099999999, -122.38541700000002 37.778716999999986, -122.385355 37.77871999999999, -122.385356 37.7787615, -122.38535700000001 37.778803, -122.38533100000001 37.778802999999996, -122.38532000000001 37.778721999999995, -122.38532 37.778721999999995, -122.385258 37.778726, -122.38526199999998 37.77880799999999, -122.38523500000001 37.77880899999999, -122.385224 37.778727999999994, -122.385157 37.778732, -122.385163 37.778814, -122.38513 37.77881500000001, -122.38511400000002 37.778634, -122.38514500000001 37.778633000000006, -122.385155 37.778713, -122.38522200000001 37.778709, -122.38521899999999 37.77862900000001, -122.385245 37.77862600000002, -122.385257 37.778707, -122.38531900000001 37.77870299999999, -122.38531500000002 37.77862199999999, -122.38532742000002 37.77862154, -122.385342 37.77862100000001, -122.38534750000001 37.778660999999985, -122.385353 37.77870099999999, -122.38541500000001 37.778698, -122.385413 37.778617, -122.385439 37.77861599999999, -122.38544999999999 37.77869600000001, -122.38551399999999 37.778692, -122.38551100000001 37.778611000000005, -122.385539 37.77861000000001, -122.385548 37.77869, -122.38560700000001 37.77868700000001, -122.38560700000001 37.77868700000001, -122.38560399999999 37.778607, -122.38562999999999 37.77860499999997, -122.38564099999998 37.778684999999996, -122.385641 37.778684999999996, -122.38565379999999 37.7786842, -122.38570500000002 37.77868099999998, -122.38570500000002 37.77868099999996, -122.385701 37.778600000000004, -122.38572699999999 37.77859899999999, -122.38573349999999 37.778638999999984, -122.38574 37.778679000000004, -122.38576900000001 37.7786775, -122.385798 37.77867599999999, -122.3857965 37.77863550000001, -122.38579500000002 37.778595, -122.385824 37.778594, -122.38583299999998 37.778674, -122.385833 37.778674, -122.38585727804877 37.77867245853659, -122.385896 37.778669999999984, -122.385893 37.778589, -122.38592200000001 37.778588000000006, -122.38593100000001 37.778668, -122.385992 37.778664, -122.385987 37.778583, -122.386017 37.77858299999999, -122.38602700000001 37.778662, -122.38609000000001 37.77865899999999, -122.3860875 37.7786185, -122.38608499999998 37.778578, -122.386116 37.778577, -122.38612399999998 37.778657, -122.386185 37.778653, -122.38618000000001 37.77857199999998, -122.386211 37.77857199999999, -122.38621599999999 37.778611499999975, -122.38622100000002 37.778651, -122.386251 37.7786495, -122.386281 37.77864799999999, -122.38627600000001 37.778567, -122.38630399999998 37.778566000000005, -122.38631500000001 37.778646, -122.38633700000001 37.778644666666665, -122.38638100000001 37.77864199999997, -122.38638100000001 37.77864199999996, -122.38637966666668 37.77858799999999, -122.386379 37.778561, -122.38638733333333 37.77856033333331, -122.386404 37.77855899999999, -122.386416 37.778639999999996, -122.38647399999999 37.77863700000001, -122.38647399999999 37.778636999999996, -122.38647 37.778556, -122.38649699999999 37.778555, -122.386509 37.778635, -122.386578 37.778631, -122.38657300000001 37.77855099999999, -122.38658650000002 37.77855, -122.38660000000002 37.778549000000005, -122.38661200000001 37.778629, -122.38667200000002 37.778624, -122.386668 37.778544, -122.386694 37.77854299999999, -122.3866995 37.778582999999976, -122.38670500000002 37.778623, -122.38676200000002 37.77862, -122.38676000000001 37.778539, -122.386773 37.778538499999996, -122.38678600000001 37.77853799999999, -122.386797 37.778617999999994, -122.38686400000002 37.77861399999999, -122.38685899999999 37.778534, -122.386888 37.778532000000006, -122.386899 37.778612, -122.386959 37.778609, -122.386956 37.778528, -122.38698199999999 37.778527, -122.38699300000002 37.778607, -122.38705700000001 37.778603, -122.387055 37.778522, -122.38708 37.778521000000005, -122.387086 37.778561, -122.387092 37.778601, -122.38714999999999 37.778597999999995, -122.38714700000001 37.778527, -122.38717400000002 37.778526, -122.387185 37.778596, -122.38724999999998 37.77859200000003, -122.38724999999998 37.77859200000002, -122.38724900000001 37.778521000000005, -122.38727300000001 37.778521000000005, -122.38728499999999 37.778589999999994, -122.38735199999998 37.77858599999999, -122.387352 37.77858599999999, -122.387359 37.77856, -122.38734100000002 37.778359999999985, -122.385336 37.77848, -122.385293 37.77845099999999, -122.38533300000002 37.778412, -122.38534904444447 37.77842297777777, -122.38537099999999 37.778438, -122.385371 37.778438, -122.38544199999998 37.778434000000004, -122.385248 37.776309, -122.38502 37.776334999999996, -122.38499700000001 37.776326, -122.384986 37.77630799999999, -122.385026 37.776275, -122.384828 37.775394, -122.38488099999998 37.775389000000004, -122.38488100000001 37.775389000000004, -122.38487712903228 37.77533190322578, -122.38487700000002 37.77532999999998, -122.386996 37.77508199999999, -122.386923 37.774328, -122.38181400000002 37.774615, -122.381456 37.771916999999966, -122.38470600000001 37.773354000000005, -122.384782 37.773371999999995, -122.38486 37.773376000000006, -122.38676000000001 37.77327300000001, -122.38676000000001 37.77327300000001, -122.38657300000001 37.772839, -122.386581 37.772816, -122.386603 37.772800000000004, -122.38671700000002 37.772771, -122.386692 37.77270700000001, -122.386683 37.772631, -122.386688 37.77258, -122.386659 37.77247599999999, -122.38667200000002 37.772455, -122.386714 37.772439999999996, -122.38667899999999 37.772361999999994, -122.38664500000002 37.772369000000005, -122.386593 37.77222799999999, -122.386559 37.772089, -122.38654 37.771948, -122.38643899999998 37.771943, -122.38645900000002 37.771679, -122.38641400000002 37.771677, -122.386417 37.771634, -122.38636900000002 37.77163, -122.38636950000003 37.7716105, -122.38637 37.77159100000001, -122.386346 37.771591, -122.38634899999998 37.77156200000001, -122.386374 37.77156199999998, -122.38638399999999 37.771459, -122.386277 37.771447999999985, -122.38628 37.77143366666667, -122.386286 37.771405000000016, -122.38624899999999 37.771395999999996, -122.38621399999998 37.771392, -122.386172 37.771343999999985, -122.386133 37.771335, -122.386106 37.771316, -122.38609000000001 37.77128700000001, -122.386142 37.771266, -122.38608600000002 37.771183000000015, -122.386043 37.77120100000001, -122.386011 37.771187999999995, -122.38604100000002 37.77117399999999, -122.38589400000002 37.770992, -122.38592 37.77081499999999, -122.38584000000002 37.770683, -122.38581699999999 37.77067600000001, -122.385794 37.770682, -122.385782 37.7707, -122.385798 37.771249999999995, -122.38562200000001 37.772161999999994, -122.385554 37.772154, -122.38568100000002 37.771444, -122.38568100000002 37.771443999999995, -122.385515 37.771429999999995, -122.38546800000002 37.771530999999996, -122.385336 37.771651999999996, -122.38528600000001 37.771634, -122.385684 37.77076400000001, -122.38572000000002 37.77063700000001, -122.38572400000001 37.770592, -122.38555899999999 37.770637, -122.383155 37.769709, -122.38337600000001 37.76933300000002, -122.385569 37.77018, -122.385569 37.77017999999999, -122.38549300000001 37.769991, -122.38547499999999 37.76983699999997, -122.385019 37.76885700000001, -122.384894 37.768882, -122.384788 37.76865699999999, -122.38500600000002 37.76858599999999, -122.385007 37.76852999999999, -122.38502249999999 37.76851349999999, -122.385038 37.768497, -122.385038 37.768496999999996, -122.385008 37.768429, -122.38508 37.768406, -122.38504299999998 37.76834100000001, -122.385168 37.76829600000001, -122.38514500000001 37.768142999999995, -122.384701 37.768170999999995, -122.38462400000002 37.768075, -122.38425300000002 37.768098499999994, -122.383882 37.768122, -122.383843 37.76774499999999, -122.38315000000001 37.76778899999999, -122.38245700000002 37.767833, -122.38244 37.767692000000025, -122.38326033333334 37.76764, -122.38490100000001 37.76753599999998, -122.38490100000001 37.76753599999998, -122.38487000000002 37.767239999999994, -122.38582299999999 37.767255, -122.385933 37.767027, -122.38661500000002 37.765668, -122.38760600000002 37.764483000000006, -122.387917 37.764379, -122.388037 37.76562800000001, -122.38816400000002 37.766957999999995, -122.389099 37.766903, -122.39029 37.766833, -122.390589 37.766814999999994, -122.39091800000001 37.76679499999998, -122.39097599999998 37.766792, -122.393001 37.76667099999999, -122.39396800000002 37.766614, -122.393919 37.76607399999998, -122.39390500000002 37.765923, -122.393876 37.765611, -122.393862 37.76546, -122.39384799999999 37.765307, -122.394829 37.76524799999999, -122.395807 37.765189, -122.396771 37.765129999999985, -122.397737 37.765072, -122.39870300000001 37.76501400000001, -122.39876999999998 37.76572999999999, -122.398825 37.766309000000014, -122.398504 37.76632899999999, -122.39841799999999 37.766433000000006, -122.39665299999999 37.767824999999995, -122.397422 37.76843799999999))",141493.0,0.0,1024,075,S,060750607001024,+37.7681027,-122.3871933,G5040,Block 1024,06,060700,,
60750226001,"POLYGON ((-122.391412 37.76029899999999, -122.392256 37.760256999999996, -122.39238000000002 37.760251, -122.39249400000001 37.760245, -122.392415 37.76061299999999, -122.392319 37.76106000000001, -122.39237100000001 37.761543999999994, -122.392451 37.762280999999994, -122.39251999999999 37.76281899999999, -122.3926 37.763438, -122.39271399999998 37.764084, -122.39274499999999 37.764081999999995, -122.392995 37.76406699999999, -122.393174 37.764056, -122.39322100000001 37.764053, -122.39373 37.764021, -122.39384799999999 37.765307, -122.393862 37.76546, -122.393876 37.765611, -122.39390500000002 37.765923, -122.393919 37.76607399999998, -122.39396800000002 37.766614, -122.393001 37.76667099999999, -122.39097599999998 37.766792, -122.39091800000001 37.76679499999998, -122.390589 37.766814999999994, -122.39029 37.766833, -122.389099 37.766903, -122.38816400000002 37.766957999999995, -122.388037 37.76562800000001, -122.387917 37.764379, -122.38760600000002 37.764483000000006, -122.38661500000002 37.765668, -122.385933 37.767027, -122.38582299999999 37.767255, -122.38487000000002 37.767239999999994, -122.38484700000001 37.767013, -122.38298900000001 37.767131000000006, -122.382855 37.767139, -122.382801 37.766784, -122.38586100000002 37.766599, -122.38589499999999 37.766523, -122.385934 37.766360999999996, -122.385915 37.766284999999996, -122.385992 37.76617000000001, -122.38619200000001 37.76584999999999, -122.38629199999998 37.765689999999985, -122.386373 37.765598, -122.38652 37.76541199999999, -122.38652176642336 37.76540188321167, -122.386542 37.765285999999996, -122.38647 37.76527799999999, -122.386436 37.76505900000001, -122.38644700000002 37.764929, -122.38648399999998 37.764908, -122.386501 37.76481499999999, -122.386491 37.764617, -122.386448 37.76461299999999, -122.38645100000001 37.7644, -122.386482 37.764399000000004, -122.386482 37.764367000000014, -122.38656333333334 37.764337, -122.386604 37.76432199999999, -122.38660266666668 37.76430099999999, -122.38660000000002 37.764258999999996, -122.3865826666667 37.764254333333334, -122.38657400000001 37.76425199999999, -122.386557 37.76423399999997, -122.386558 37.764209, -122.38672100000001 37.76409999999999, -122.3867295 37.76406, -122.386738 37.76402, -122.38671700000002 37.763993000000006, -122.38670500000002 37.763987666666665, -122.386681 37.76397699999998, -122.386642 37.763974, -122.386614 37.763955, -122.38660099999998 37.763929, -122.386605 37.763899999999985, -122.38660957142858 37.763895999999995, -122.38662100000002 37.763885999999985, -122.386739 37.763809, -122.38677051758795 37.763784517587936, -122.38685100000001 37.763721999999994, -122.38689393689319 37.7636924368932, -122.386912 37.763680000000015, -122.38697599999999 37.763650999999996, -122.387054 37.763631, -122.387272 37.763605000000005, -122.387241 37.76351, -122.386905 37.76354999999998, -122.38689950000001 37.7635145, -122.386894 37.76347900000001, -122.38677499999999 37.763415, -122.386725 37.763470999999996, -122.38663 37.763442999999995, -122.386593 37.763414999999995, -122.386503 37.76338800000001, -122.38656566666668 37.76325266666665, -122.386597 37.763184999999986, -122.386597 37.763184999999986, -122.386314 37.763101999999996, -122.38621399999998 37.763316, -122.38551 37.763329999999996, -122.385503 37.763234, -122.38527900000001 37.76323999999999, -122.38527900000001 37.76324, -122.38528800000002 37.763369999999995, -122.385182 37.763373, -122.385104 37.76232, -122.384681 37.76211099999999, -122.38429199999999 37.762135, -122.384462 37.76404699999999, -122.38430399999999 37.764056999999994, -122.384132 37.76225699999999, -122.38342700000001 37.762301, -122.38345100000001 37.762466, -122.38354100000001 37.76246149999999, -122.38363100000001 37.76245699999999, -122.383669 37.76255299999998, -122.383744 37.76254399999999, -122.38390499999998 37.76414400000001, -122.38386899999998 37.764146, -122.38383299999998 37.76414799999999, -122.38381 37.76423599999999, -122.383696 37.764245, -122.38358200000002 37.76425400000001, -122.383539 37.764164, -122.383463 37.764168000000005, -122.38346150000001 37.76414950000001, -122.38346000000001 37.76413099999999, -122.383299 37.76413999999999, -122.383109 37.762321, -122.38229 37.762372000000006, -122.38240200000003 37.76348900000003, -122.38251400000001 37.76460599999999, -122.382344 37.76461200000001, -122.382122 37.76238199999998, -122.38193500000001 37.762393499999995, -122.38174800000002 37.762404999999994, -122.38169500000001 37.764737999999966, -122.38163199999998 37.764741, -122.38163100000001 37.76480099999999, -122.381492 37.76480599999999, -122.38145 37.764934999999994, -122.381173 37.764932999999985, -122.38112400000001 37.76479899999999, -122.380984 37.764799, -122.381029 37.76222400000001, -122.38330699999999 37.762082, -122.382185 37.76088, -122.38218499999998 37.76088, -122.38213900000001 37.76089000000001, -122.38209699999999 37.760884, -122.38206400000001 37.760867000000005, -122.382009 37.76080599999998, -122.38198500000001 37.760752, -122.381981 37.76069099999998, -122.38199166666666 37.760656333333344, -122.381997 37.760639000000005, -122.381696 37.760647000000006, -122.38183800000002 37.762119, -122.381336 37.762148, -122.38114800000001 37.760158, -122.38061099999999 37.76018800000001, -122.38061807336746 37.76026173165815, -122.38091299999999 37.763335999999995, -122.38089145106383 37.76333661276595, -122.380702 37.763341999999994, -122.3804 37.7602, -122.37997 37.760223999999994, -122.379507 37.76024999999998, -122.379507 37.76024999999998, -122.379808 37.763456999999995, -122.37977900000001 37.76348499999999, -122.37956600000001 37.763494, -122.37953300000001 37.76346600000001, -122.37952541424913 37.76338514643772, -122.37920200000002 37.759938, -122.381256 37.759668, -122.381257 37.75958299999998, -122.38132766666668 37.759579666666674, -122.38146900000001 37.75957300000002, -122.38146900000001 37.759572999999996, -122.381447 37.759305, -122.381389 37.759311, -122.38130400000001 37.75930900000001, -122.381197 37.758258, -122.381209 37.758165999999996, -122.381243 37.75807600000001, -122.38132 37.757963, -122.381339 37.757936000000015, -122.381399 37.757819, -122.381444 37.75769700000001, -122.38145333333334 37.757655666666665, -122.38147200000002 37.75757299999999, -122.381481 37.757509000000006, -122.381428 37.75751899999998, -122.38140600000001 37.757343, -122.38146900000001 37.7573, -122.38145 37.757145000000016, -122.38144849999999 37.757130000000004, -122.381447 37.75711499999999, -122.38132400000002 37.75711700000001, -122.38132400000002 37.75708900000001, -122.38136399999999 37.757079, -122.38132299999998 37.756540999999984, -122.381335 37.756508, -122.381366 37.75647599999999, -122.38140699999998 37.756456, -122.38140000000001 37.756405, -122.381353 37.756397, -122.38131000000001 37.75637699999999, -122.381275 37.756343, -122.381258 37.756302999999996, -122.38123800000001 37.75587499999998, -122.38123800000001 37.75587499999998, -122.381218 37.755852, -122.38118900000002 37.755843, -122.381023 37.755831, -122.38100399999999 37.75579899999999, -122.380972 37.755799499999995, -122.38094 37.755799999999994, -122.38093950000001 37.755776499999975, -122.380939 37.755753000000006, -122.381032 37.755743, -122.381032 37.75574299999999, -122.380882 37.755649999999996, -122.38082 37.755601000000006, -122.38075799999999 37.75555199999999, -122.38073100000001 37.75548599999999, -122.38072700000002 37.755461, -122.38071899999998 37.75541100000001, -122.38072500000001 37.755334999999995, -122.38074900000001 37.75526099999999, -122.380775 37.755219, -122.38083599999999 37.75518199999999, -122.380897 37.755162999999996, -122.38102200000002 37.755151, -122.38113299999999 37.755126, -122.38117999999999 37.755108, -122.38122699999998 37.75509, -122.38127449999999 37.755079499999994, -122.38132200000001 37.75506899999999, -122.3813625 37.755069999999975, -122.38140299999999 37.75507100000001, -122.381476 37.755086999999996, -122.381604 37.755143, -122.381675 37.755156, -122.381714 37.755156, -122.382834 37.75503599999999, -122.383669 37.75497199999999, -122.38374400000002 37.75494700000001, -122.38376000000001 37.75494499999999, -122.383824 37.75493699999997, -122.38407200000002 37.75495099999999, -122.38408650000001 37.75493250000002, -122.384101 37.75491400000001, -122.38409992134832 37.754902539325855, -122.384077 37.754659, -122.38400000000001 37.754618, -122.383696 37.754701, -122.383548 37.75473499999999, -122.38344199999999 37.75474, -122.383326 37.754729000000005, -122.38323400000002 37.754706999999996, -122.383148 37.754674, -122.38306900000002 37.754630999999996, -122.38301599999998 37.754592, -122.382909 37.754461000000006, -122.382896 37.754442000000004, -122.38250000000001 37.754498999999996, -122.381516 37.75463099999998, -122.380928 37.75463699999998, -122.38038300000001 37.754617, -122.380111 37.754533, -122.38004900000001 37.75434600000001, -122.38004900000001 37.754048, -122.380014 37.753358, -122.380985 37.75322799999999, -122.381711 37.75318599999999, -122.381732 37.75320200000001, -122.38183899999999 37.75326099999999, -122.38197 37.75331, -122.38200000000002 37.753316999999996, -122.38209600000002 37.753338, -122.38224 37.753350000000005, -122.382441 37.753341, -122.382525 37.753349000000014, -122.382626 37.753377, -122.382697 37.753412999999995, -122.38276400000001 37.753462999999996, -122.38280900000001 37.753513, -122.38284999999999 37.753584999999994, -122.38286800000002 37.753657, -122.382866 37.753758, -122.382873 37.753913000000004, -122.382904 37.754096999999994, -122.38284100000001 37.75412499999999, -122.382806 37.75415900000001, -122.38278400000002 37.75420699999999, -122.38278499999998 37.754259000000005, -122.38281700000002 37.75432299999999, -122.38284400000002 37.75436400000001, -122.38296 37.754357, -122.383074 37.754349999999995, -122.384062 37.754290999999995, -122.38583 37.754187, -122.385973 37.75422499999999, -122.386939 37.754168, -122.38706599999999 37.75544599999999, -122.38719499999999 37.756778, -122.387313 37.758, -122.386347 37.758058, -122.38658899999999 37.760608999999995, -122.387569 37.76054999999999, -122.38855599999998 37.760491, -122.389486 37.760435, -122.38959399999999 37.76039, -122.39044700000001 37.76034699999999, -122.391412 37.76029899999999))",1398.0,0.0,1019,075,S,060750226001019,+37.7624061,-122.3887032,G5040,Block 1019,06,022600,,
60750177002,"POLYGON ((-122.41783799999999 37.76848599999999, -122.417857 37.76919400000001, -122.41781000000002 37.76967, -122.41773300000001 37.769662, -122.41772600000002 37.769726000000006, -122.41775300000002 37.769815, -122.417764 37.769857, -122.41778099999999 37.76991800000001, -122.417777 37.769974999999995, -122.41776600000001 37.770143, -122.41770600000001 37.770364, -122.417609 37.770407000000006, -122.417794 37.77043499999999, -122.417915 37.77062600000001, -122.417995 37.77076499999998, -122.418029 37.770875999999994, -122.418399 37.772102, -122.41835199999998 37.77222199999999, -122.418469 37.77232300000001, -122.418608 37.772731, -122.418618 37.77305300000001, -122.41873000000001 37.773182999999996, -122.41901499999999 37.77409799999998, -122.41928 37.774944999999995, -122.419256 37.775147, -122.41916800000001 37.77527800000001, -122.41870399999998 37.77564499999998, -122.41865899999998 37.775558, -122.417515 37.77465099999999, -122.417104 37.77432499999999, -122.41657599999999 37.77390599999999, -122.416104 37.773531999999996, -122.415561 37.77310099999999, -122.415002 37.772649, -122.414392 37.772158, -122.41402700000002 37.771864, -122.41248 37.77062999999998, -122.41261900000002 37.770520999999974, -122.412751 37.77038899999999, -122.41304600000001 37.77005199999999, -122.41320899999998 37.769853999999995, -122.413347 37.769578, -122.41338500000002 37.769501999999996, -122.41338899999998 37.76945899999999, -122.41342700000001 37.769036, -122.413396 37.768671, -122.413341 37.76802300000001, -122.41325999999998 37.767069999999975, -122.413227 37.76672499999998, -122.413105 37.765448, -122.41300300000002 37.764091, -122.413588 37.763823, -122.413722 37.763779, -122.415155 37.763697, -122.41622699999999 37.763635, -122.417332 37.76357199999998, -122.41748700000001 37.76518299999999, -122.417542 37.765752, -122.417645 37.766804999999984, -122.41780200000001 37.76840500000001, -122.41783799999999 37.76848599999999))",17243.0,0.0,2037,075,S,060750177002037,+37.7676379,-122.4171757,G5040,Block 2037,06,017700,,
60750201004,"POLYGON ((-122.420581 37.76499599999999, -122.42048199999999 37.765001999999996, -122.41966900000001 37.765051, -122.418698 37.765109999999986, -122.418579 37.765116999999975, -122.41748700000001 37.76518299999999, -122.417332 37.76357199999998, -122.418484 37.763496, -122.419513 37.763428999999995, -122.420433 37.763376, -122.42108400000001 37.763338, -122.42173199999999 37.7633, -122.421886 37.764917000000004, -122.421964 37.765721000000006, -122.42204400000001 37.76653999999999, -122.42153100000002 37.766571, -122.421057 37.766598999999985, -122.42090099999999 37.764976999999995, -122.420581 37.76499599999999))",4005.0,0.0,4006,075,S,060750201004006,+37.7653344,-122.4216718,G5040,Block 4006,06,020100,,
60750201003,"POLYGON ((-122.418579 37.765116999999975, -122.418698 37.765109999999986, -122.41966900000001 37.765051, -122.41982500000002 37.766673999999995, -122.419982 37.76827399999999, -122.41922500000001 37.768319000000005, -122.41855600000001 37.76836, -122.41780200000001 37.76840500000001, -122.417645 37.766804999999984, -122.417542 37.765752, -122.41748700000001 37.76518299999999, -122.418579 37.765116999999975))",10532.0,0.0,3001,075,S,060750201003001,+37.7675393,-122.4188140,G5040,Block 3001,06,020100,,
60750178022,"POLYGON ((-122.415002 37.772649, -122.415561 37.77310099999999, -122.41436799999998 37.77404299999999, -122.41394399999999 37.77437799999999, -122.41376900000002 37.77451599999999, -122.413587 37.77466000000001, -122.413161 37.774992, -122.411606 37.77622100000001, -122.411069 37.775794, -122.41061099999999 37.77542799999999, -122.410063 37.774992, -122.40952 37.774552, -122.409062 37.774195, -122.408516 37.77375999999999, -122.408913 37.77344700000001, -122.40968300000002 37.772838, -122.41007699999999 37.772526, -122.410678 37.772051999999974, -122.41127800000001 37.77157899999999, -122.411841 37.771135, -122.41248 37.77062999999998, -122.41402700000002 37.771864, -122.414392 37.772158, -122.415002 37.772649))",14693.0,0.0,2012,075,S,060750178022012,+37.7714846,-122.4129424,G5040,Block 2012,06,017802,,
60750180002,"POLYGON ((-122.40903499999999 37.769792999999986, -122.409736 37.770349, -122.410886 37.76944699999999, -122.41098900000001 37.769456, -122.41248 37.77062999999998, -122.411841 37.771135, -122.41127800000001 37.77157899999999, -122.410678 37.772051999999974, -122.41007699999999 37.772526, -122.40968300000002 37.772838, -122.408913 37.77344700000001, -122.408516 37.77375999999999, -122.407986 37.77417899999999, -122.407768 37.774350999999974, -122.40740499999998 37.77463799999999, -122.406829 37.77509300000001, -122.40636899999998 37.775456999999996, -122.406296 37.775514, -122.405476 37.776162, -122.404896 37.776619999999994, -122.40461 37.776846000000006, -122.40406999999998 37.777273000000015, -122.40367299999998 37.776956, -122.403506 37.776823, -122.40337099999999 37.776714999999996, -122.402524 37.776039000000004, -122.40098200000001 37.77480899999999, -122.40057000000002 37.77447999999999, -122.400212 37.774195000000006, -122.39943299999999 37.773573, -122.39951600000002 37.77350699999999, -122.399648 37.773403999999985, -122.401657 37.771817, -122.40387799999999 37.770063, -122.404083 37.769968999999996, -122.404391 37.76974999999999, -122.40499000000001 37.769715, -122.40520300000001 37.769702, -122.40540800000001 37.76969, -122.40558899999998 37.76968, -122.405844 37.769664999999996, -122.40593900000002 37.769659, -122.40621300000001 37.76946300000001, -122.407001 37.770049999999976, -122.40758700000002 37.76958599999999, -122.40762300000002 37.769557999999996, -122.40764 37.769545, -122.40773899999998 37.769466, -122.407895 37.76934299999999, -122.408007 37.769244, -122.408436 37.769318000000005, -122.40903499999999 37.769792999999986))",14357.0,0.0,2035,075,S,060750180002035,+37.7712001,-122.4102065,G5040,Block 2035,06,018000,,
60750180001,"POLYGON ((-122.40406999999998 37.777273000000015, -122.40353 37.7777, -122.402961 37.77814899999998, -122.40238499999998 37.778604, -122.401843 37.779032, -122.39961600000001 37.780790999999994, -122.398341 37.781799, -122.39738599999998 37.782554, -122.396841 37.782119, -122.39661300000002 37.781936999999985, -122.396461 37.781815, -122.39638000000001 37.781749999999995, -122.395843 37.78132099999999, -122.39551800000001 37.78106199999998, -122.395065 37.78070100000001, -122.39463100000002 37.780353999999996, -122.3943 37.78009, -122.39275 37.77885200000001, -122.39328700000002 37.77842699999999, -122.39353699999998 37.77823, -122.39385700000001 37.77797699999999, -122.394981 37.77708899999999, -122.39720599999998 37.77533199999999, -122.397969 37.77594099999999, -122.39875500000001 37.776568000000005, -122.400914 37.77486199999999, -122.40098200000001 37.77480899999999, -122.402524 37.776039000000004, -122.40337099999999 37.776714999999996, -122.403506 37.776823, -122.40367299999998 37.776956, -122.40406999999998 37.777273000000015))",3749.0,0.0,1013,075,S,060750180001013,+37.7784049,-122.3940731,G5040,Block 1013,06,018000,,
60750178021,"POLYGON ((-122.41061099999999 37.77542799999999, -122.411069 37.775794, -122.411606 37.77622100000001, -122.41101400000001 37.776689999999995, -122.41050600000001 37.777092, -122.40992299999999 37.777553, -122.40938699999998 37.77797699999999, -122.40883300000002 37.778416, -122.40827200000001 37.77886099999999, -122.407691 37.77931799999999, -122.40715900000001 37.779739000000006, -122.40571900000002 37.78087799999998, -122.40493300000001 37.7815, -122.404404 37.781076999999996, -122.403921 37.78069900000001, -122.40338700000001 37.78026499999999, -122.40284100000001 37.77982899999999, -122.402658 37.77968299999999, -122.402518 37.779571999999995, -122.40248700000001 37.779547, -122.402377 37.779458999999996, -122.401843 37.779032, -122.40238499999998 37.778604, -122.402961 37.77814899999998, -122.40353 37.7777, -122.40406999999998 37.777273000000015, -122.40461 37.776846000000006, -122.404896 37.776619999999994, -122.405476 37.776162, -122.406296 37.775514, -122.40636899999998 37.775456999999996, -122.406829 37.77509300000001, -122.40740499999998 37.77463799999999, -122.407768 37.774350999999974, -122.407986 37.77417899999999, -122.408516 37.77375999999999, -122.409062 37.774195, -122.40952 37.774552, -122.410063 37.774992, -122.41061099999999 37.77542799999999))",18340.0,0.0,1000,075,S,060750178021000,+37.7804073,-122.4057816,G5040,Block 1000,06,017802,,
60750176011,"POLYGON ((-122.407255 37.782119, -122.407164 37.78219099999999, -122.40769599999999 37.78261199999998, -122.407871 37.782751, -122.40718500000001 37.783291999999996, -122.40748299999998 37.78352899999998, -122.408067 37.78399100000001, -122.40804199999998 37.784065999999996, -122.40742399999999 37.78455199999999, -122.407337 37.78455999999999, -122.40732600000001 37.78463, -122.406 37.78567399999999, -122.40597599999998 37.78569299999999, -122.40583099999999 37.785744, -122.40582200000001 37.785737, -122.40580700000001 37.785725000000006, -122.40523600000002 37.785264999999995, -122.404795 37.784907999999994, -122.40426699999999 37.78447899999997, -122.40371199999998 37.784043999999994, -122.40270800000002 37.783259, -122.40325 37.782831, -122.40493300000001 37.7815, -122.40571900000002 37.78087799999998, -122.40624800000002 37.781306, -122.40671099999999 37.781679999999994, -122.407255 37.782119))",790.0,0.0,1002,075,S,060750176011002,+37.7842774,-122.4076968,G5040,Block 1002,06,017601,,
60750178012,"POLYGON ((-122.40248700000001 37.779547, -122.402518 37.779571999999995, -122.402658 37.77968299999999, -122.40284100000001 37.77982899999999, -122.40338700000001 37.78026499999999, -122.402245 37.781166999999996, -122.40192899999998 37.781416, -122.40116 37.78202399999999, -122.400374 37.782644999999995, -122.39893000000001 37.783785, -122.397943 37.782998, -122.39738599999998 37.782554, -122.398341 37.781799, -122.39961600000001 37.780790999999994, -122.401843 37.779032, -122.402377 37.779458999999996, -122.40248700000001 37.779547))",6669.0,0.0,2001,075,S,060750178012001,+37.7820471,-122.3995740,G5040,Block 2001,06,017801,,
60750178011,"POLYGON ((-122.40192899999998 37.781416, -122.402245 37.781166999999996, -122.40338700000001 37.78026499999999, -122.403921 37.78069900000001, -122.404404 37.781076999999996, -122.40493300000001 37.7815, -122.40325 37.782831, -122.40270800000002 37.783259, -122.40046800000002 37.78503, -122.399887 37.784558999999994, -122.39945999999999 37.78421399999998, -122.39893000000001 37.783785, -122.400374 37.782644999999995, -122.40116 37.78202399999999, -122.40192899999998 37.781416))",26867.0,0.0,1002,075,S,060750178011002,+37.7821759,-122.4032229,G5040,Block 1002,06,017801,,
60750615001,"POLYGON ((-122.40580700000001 37.785725000000006, -122.40582200000001 37.785737, -122.40583099999999 37.785744, -122.405823 37.785768, -122.40580299999999 37.78582800000001, -122.405767 37.785855999999995, -122.40468800000001 37.786710000000014, -122.404583 37.786730999999996, -122.404556 37.78681399999999, -122.403535 37.787621000000016, -122.403431 37.78764199999999, -122.40340299999998 37.787725, -122.402914 37.788111999999984, -122.402807 37.78819699999999, -122.40270200000002 37.788279999999986, -122.40217 37.78869999999998, -122.40206599999999 37.788720999999995, -122.401939 37.788878, -122.401749 37.78902899999999, -122.401528 37.78920499999999, -122.401479 37.78924399999999, -122.40137500000002 37.789264, -122.40134800000001 37.78934799999999, -122.40015199999999 37.790289999999985, -122.39989599999998 37.790493, -122.39950499999999 37.79080499999999, -122.399255 37.790997, -122.399149 37.791017000000004, -122.39912300000002 37.791101, -122.398369 37.791695, -122.398264 37.79171600000001, -122.39823500000001 37.7918, -122.39749000000002 37.792386999999984, -122.397383 37.792405999999986, -122.39735899999998 37.79249000000001, -122.396612 37.793079, -122.396504 37.793096999999996, -122.39648 37.793181999999995, -122.39641 37.793237999999995, -122.396302 37.793256, -122.39627800000001 37.793341999999996, -122.39570499999998 37.793793, -122.39486 37.794459, -122.39474799999999 37.794479999999986, -122.39381900000001 37.793738, -122.393181 37.79322999999998, -122.392499 37.79376899999998, -122.392181 37.793928, -122.391982 37.79387199999999, -122.391589 37.793527999999995, -122.391724 37.79342900000001, -122.391724 37.79342900000001, -122.39084699999998 37.79269199999998, -122.39091800000001 37.792515, -122.391096 37.792435999999995, -122.391646 37.79200599999999, -122.392525 37.79131099999999, -122.39340799999998 37.790613, -122.393661 37.790412999999994, -122.39427599999998 37.78992599999999, -122.39515100000001 37.789235, -122.39603499999998 37.788536, -122.39723000000001 37.787591, -122.39793200000001 37.787036, -122.398257 37.786778999999996, -122.398977 37.786208999999985, -122.39936999999999 37.785899, -122.40046800000002 37.78503, -122.40270800000002 37.783259, -122.40371199999998 37.784043999999994, -122.40426699999999 37.78447899999997, -122.404795 37.784907999999994, -122.40523600000002 37.785264999999995, -122.40580700000001 37.785725000000006))",1947.0,0.0,1006,075,S,060750615001006,+37.7938695,-122.3955230,G5040,Block 1006,06,061500,,
60750615002,"POLYGON ((-122.39893000000001 37.783785, -122.39945999999999 37.78421399999998, -122.399887 37.784558999999994, -122.40046800000002 37.78503, -122.39936999999999 37.785899, -122.398977 37.786208999999985, -122.398257 37.786778999999996, -122.39793200000001 37.787036, -122.39723000000001 37.787591, -122.39603499999998 37.788536, -122.39515100000001 37.789235, -122.39427599999998 37.78992599999999, -122.39346100000002 37.78927499999999, -122.392723 37.78868699999999, -122.393306 37.788226, -122.393597 37.787996, -122.39396200000002 37.787708, -122.394481 37.787298, -122.393921 37.786852, -122.393445 37.78647199999998, -122.392937 37.786068, -122.394099 37.785149, -122.394158 37.785101999999995, -122.395161 37.784310999999974, -122.395703 37.783882000000006, -122.396262 37.783440999999996, -122.39738599999998 37.782554, -122.397943 37.782998, -122.39893000000001 37.783785))",1510.0,0.0,2004,075,S,060750615002004,+37.7874590,-122.3954622,G5040,Block 2004,06,061500,,
60750176014,"POLYGON ((-122.417515 37.77465099999999, -122.41865899999998 37.775558, -122.41870399999998 37.77564499999998, -122.417629 37.77649400000001, -122.41750100000002 37.776541, -122.41747100000002 37.77661800000001, -122.41687799999998 37.777085, -122.416392 37.77746900000001, -122.41629200000001 37.777494, -122.41532100000002 37.77671799999999, -122.414711 37.776230999999996, -122.414173 37.775801, -122.41371800000002 37.775437, -122.413161 37.774992, -122.413587 37.77466000000001, -122.41376900000002 37.77451599999999, -122.41394399999999 37.77437799999999, -122.41436799999998 37.77404299999999, -122.415561 37.77310099999999, -122.416104 37.773531999999996, -122.41657599999999 37.77390599999999, -122.417104 37.77432499999999, -122.417515 37.77465099999999))",19732.0,0.0,4002,075,S,060750176014002,+37.7756019,-122.4175414,G5040,Block 4002,06,017601,,
60750176013,"POLYGON ((-122.414173 37.775801, -122.414711 37.776230999999996, -122.41532100000002 37.77671799999999, -122.41629200000001 37.777494, -122.41626099999999 37.777572000000006, -122.41600900000002 37.777773, -122.414835 37.778701, -122.41474099999999 37.77871899999998, -122.41472100000001 37.77879099999999, -122.41336499999998 37.77986200000001, -122.412609 37.78045899999999, -122.412512 37.780479, -122.411933 37.780005999999986, -122.41148400000002 37.779648, -122.410937 37.77921200000001, -122.41040100000001 37.778785, -122.409938 37.77841599999999, -122.40938699999998 37.77797699999999, -122.40992299999999 37.777553, -122.41050600000001 37.777092, -122.41101400000001 37.776689999999995, -122.411606 37.77622100000001, -122.413161 37.774992, -122.41371800000002 37.775437, -122.414173 37.775801))",1704.0,0.0,3009,075,S,060750176013009,+37.7781034,-122.4155168,G5040,Block 3009,06,017601,,
60750124022,"POLYGON ((-122.41935499999998 37.775234, -122.419397 37.77542199999999, -122.41949199999999 37.775894, -122.419565 37.77626199999999, -122.419506 37.77636899999999, -122.419603 37.776457, -122.41975 37.77719200000001, -122.419694 37.777300000000004, -122.419788 37.777387, -122.41985700000001 37.77773199999999, -122.41993400000001 37.778120000000015, -122.41988299999998 37.778250999999976, -122.419968 37.778312, -122.420311 37.77991699999999, -122.420247 37.780075, -122.42033599999999 37.78019, -122.420425 37.78058299999997, -122.420499 37.780908999999994, -122.42044 37.781031, -122.42055200000001 37.781126, -122.42062300000002 37.78149399999998, -122.42069300000001 37.78185199999997, -122.420638 37.78196100000002, -122.418993 37.782168999999996, -122.41733900000001 37.782379, -122.417146 37.781447, -122.41694799999999 37.78047, -122.41676799999999 37.779584, -122.41658000000001 37.778658, -122.41640100000001 37.77772300000001, -122.41629200000001 37.777494, -122.416392 37.77746900000001, -122.41687799999998 37.777085, -122.41747100000002 37.77661800000001, -122.41750100000002 37.776541, -122.417629 37.77649400000001, -122.41870399999998 37.77564499999998, -122.41916800000001 37.77527800000001, -122.419256 37.775147, -122.41935499999998 37.775234))",16236.0,0.0,2005,075,S,060750124022005,+37.7808538,-122.4178755,G5040,Block 2005,06,012402,,
60750124021,"POLYGON ((-122.41676799999999 37.779584, -122.41694799999999 37.78047, -122.417146 37.781447, -122.41679900000001 37.78149099999999, -122.416341 37.781548999999984, -122.41550500000001 37.781653999999996, -122.41468299999998 37.781759, -122.41386600000001 37.781863, -122.413676 37.780927, -122.41348700000002 37.77999200000001, -122.41336499999998 37.77986200000001, -122.41472100000001 37.77879099999999, -122.41474099999999 37.77871899999998, -122.414835 37.778701, -122.41600900000002 37.777773, -122.41626099999999 37.777572000000006, -122.41629200000001 37.777494, -122.41640100000001 37.77772300000001, -122.41658000000001 37.778658, -122.41676799999999 37.779584))",15423.0,0.0,1001,075,S,060750124021001,+37.7810818,-122.4162324,G5040,Block 1001,06,012402,,
60750125011,"POLYGON ((-122.41386600000001 37.781863, -122.414054 37.78279399999999, -122.41300300000002 37.782928, -122.41241200000002 37.78300399999999, -122.41076499999998 37.783213999999994, -122.40925199999998 37.78340699999999, -122.408952 37.783288, -122.40905299999999 37.78326799999999, -122.409184 37.783164, -122.41005200000002 37.782478999999995, -122.410271 37.782306, -122.410292 37.78223099999999, -122.41039100000002 37.78221099999998, -122.411457 37.781369, -122.41170000000002 37.781177, -122.411985 37.780952, -122.412492 37.78055199999999, -122.412512 37.780479, -122.412609 37.78045899999999, -122.41336499999998 37.77986200000001, -122.41348700000002 37.77999200000001, -122.413676 37.780927, -122.41386600000001 37.781863))",15488.0,0.0,1003,075,S,060750125011003,+37.7814995,-122.4129465,G5040,Block 1003,06,012501,,
60750176012,"POLYGON ((-122.409938 37.77841599999999, -122.41040100000001 37.778785, -122.410937 37.77921200000001, -122.41148400000002 37.779648, -122.411933 37.780005999999986, -122.412512 37.780479, -122.412492 37.78055199999999, -122.411985 37.780952, -122.41170000000002 37.781177, -122.411457 37.781369, -122.41039100000002 37.78221099999998, -122.410292 37.78223099999999, -122.410069 37.78205299999999, -122.409693 37.78175399999999, -122.40924500000001 37.781397999999996, -122.408709 37.780970999999994, -122.40816099999999 37.780535, -122.407691 37.78016199999999, -122.40715900000001 37.779739000000006, -122.407691 37.77931799999999, -122.40827200000001 37.77886099999999, -122.40883300000002 37.778416, -122.40938699999998 37.77797699999999, -122.409938 37.77841599999999))",8060.0,0.0,2004,075,S,060750176012004,+37.7799132,-122.4084854,G5040,Block 2004,06,017601,,
60750176015,"POLYGON ((-122.410271 37.782306, -122.41005200000002 37.782478999999995, -122.409184 37.783164, -122.40905299999999 37.78326799999999, -122.408952 37.783288, -122.408931 37.78336399999999, -122.408688 37.78355599999999, -122.40816 37.783972999999996, -122.408067 37.78399100000001, -122.40748299999998 37.78352899999998, -122.40718500000001 37.783291999999996, -122.407871 37.782751, -122.40769599999999 37.78261199999998, -122.407164 37.78219099999999, -122.407255 37.782119, -122.40671099999999 37.781679999999994, -122.40624800000002 37.781306, -122.40571900000002 37.78087799999998, -122.40715900000001 37.779739000000006, -122.407691 37.78016199999999, -122.40816099999999 37.780535, -122.408709 37.780970999999994, -122.40924500000001 37.781397999999996, -122.409693 37.78175399999999, -122.410069 37.78205299999999, -122.410292 37.78223099999999, -122.410271 37.782306))",14068.0,0.0,5004,075,S,060750176015004,+37.7824022,-122.4084669,G5040,Block 5004,06,017601,,
60750125012,"POLYGON ((-122.41076499999998 37.783213999999994, -122.41086299999999 37.783701999999984, -122.410952 37.784141000000005, -122.41114 37.785075000000006, -122.409498 37.785283, -122.40878200000002 37.78537299999999, -122.408667 37.785388, -122.407853 37.785492, -122.407698 37.784698999999996, -122.407337 37.78455999999999, -122.40742399999999 37.78455199999999, -122.40804199999998 37.784065999999996, -122.408067 37.78399100000001, -122.40816 37.783972999999996, -122.408688 37.78355599999999, -122.408931 37.78336399999999, -122.408952 37.783288, -122.40925199999998 37.78340699999999, -122.41076499999998 37.783213999999994))",15417.0,0.0,2003,075,S,060750125012003,+37.7837774,-122.4100269,G5040,Block 2003,06,012501,,
60750124012,"POLYGON ((-122.41386600000001 37.781863, -122.41468299999998 37.781759, -122.41550500000001 37.781653999999996, -122.41569400000002 37.78258499999999, -122.415845 37.78333, -122.415883 37.783516, -122.41607200000001 37.784448999999995, -122.41477800000001 37.78461299999998, -122.41443000000001 37.784656999999996, -122.414345 37.78423900000002, -122.414242 37.783724, -122.414054 37.78279399999999, -122.41386600000001 37.781863))",15358.0,0.0,2000,075,S,060750124012000,+37.7840867,-122.4151567,G5040,Block 2000,06,012401,,
60750125022,"POLYGON ((-122.414242 37.783724, -122.413168 37.78385999999999, -122.412595 37.783933, -122.410952 37.784141000000005, -122.41086299999999 37.783701999999984, -122.41076499999998 37.783213999999994, -122.41241200000002 37.78300399999999, -122.41300300000002 37.782928, -122.414054 37.78279399999999, -122.414242 37.783724))",15306.0,0.0,2000,075,S,060750125022000,+37.7835728,-122.4116811,G5040,Block 2000,06,012502,,
60750125021,"POLYGON ((-122.412782 37.784865999999994, -122.41221400000002 37.784938, -122.41184 37.784985000000006, -122.41114 37.785075000000006, -122.410952 37.784141000000005, -122.412595 37.783933, -122.413168 37.78385999999999, -122.414242 37.783724, -122.414345 37.78423900000002, -122.41443000000001 37.784656999999996, -122.414303 37.784663999999985, -122.41394 37.78471, -122.413748 37.784734, -122.413367 37.78478299999999, -122.412904 37.784842, -122.412782 37.784865999999994))",15280.0,0.0,1001,075,S,060750125021001,+37.7842910,-122.4135110,G5040,Block 1001,06,012502,,
60750122012,"POLYGON ((-122.41790100000001 37.785166999999994, -122.41626 37.785376, -122.41567399999998 37.78544999999999, -122.41502 37.785531999999996, -122.414617 37.785582000000005, -122.41456600000001 37.78533299999999, -122.41452100000001 37.785105, -122.41443000000001 37.784656999999996, -122.41477800000001 37.78461299999998, -122.41607200000001 37.784448999999995, -122.41770700000001 37.784236, -122.417806 37.78471, -122.41790100000001 37.785166999999994))",15273.0,0.0,2001,075,S,060750122012001,+37.7848071,-122.4169858,G5040,Block 2001,06,012201,,
60750123012,"POLYGON ((-122.41394 37.78471, -122.414303 37.784663999999985, -122.41443000000001 37.784656999999996, -122.41452100000001 37.785105, -122.41456600000001 37.78533299999999, -122.414617 37.785582000000005, -122.41356200000001 37.78571500000001, -122.41297 37.78579, -122.41288100000001 37.785354000000005, -122.41287200000001 37.785308, -122.412782 37.784865999999994, -122.412904 37.784842, -122.413367 37.78478299999999, -122.413748 37.784734, -122.41394 37.78471))",15405.0,0.0,2000,075,S,060750123012000,+37.7852195,-122.4136991,G5040,Block 2000,06,012301,,
60750123011,"POLYGON ((-122.41288100000001 37.785354000000005, -122.41297 37.78579, -122.41214800000002 37.785893, -122.41132599999999 37.78599599999999, -122.411516 37.78694, -122.41104300000002 37.78699999999998, -122.410237 37.787102999999995, -122.409874 37.78714899999999, -122.40822700000001 37.78735899999998, -122.408036 37.78641, -122.407853 37.785492, -122.408667 37.785388, -122.40878200000002 37.78537299999999, -122.409498 37.785283, -122.41114 37.785075000000006, -122.41184 37.784985000000006, -122.41221400000002 37.784938, -122.412782 37.784865999999994, -122.41287200000001 37.785308, -122.41288100000001 37.785354000000005))",15204.0,0.0,1005,075,S,060750123011005,+37.7854316,-122.4120549,G5040,Block 1005,06,012301,,
60750607003,"POLYGON ((-122.391121 37.777553, -122.391841 37.778126, -122.39275 37.77885200000001, -122.392211 37.779277, -122.39106500000001 37.780181999999996, -122.39052699999999 37.780606999999996, -122.38975399999998 37.78122099999999, -122.38939 37.78150900000003, -122.38916799999998 37.781648999999994, -122.38899599999999 37.781710999999994, -122.388758 37.781797999999995, -122.38834 37.78179799999999, -122.38830600000001 37.781797999999995, -122.38843400000002 37.781648999999994, -122.38847200000001 37.781380000000006, -122.38859499999998 37.781161, -122.388399 37.780766, -122.38801100000002 37.779983000000016, -122.388869 37.779295, -122.391121 37.777553))",19925.0,0.0,3003,075,S,060750607003003,+37.7786612,-122.3902749,G5040,Block 3003,06,060700,,
60750615005,"POLYGON ((-122.39638000000001 37.781749999999995, -122.396461 37.781815, -122.39661300000002 37.781936999999985, -122.396841 37.782119, -122.39738599999998 37.782554, -122.396262 37.783440999999996, -122.395703 37.783882000000006, -122.395161 37.784310999999974, -122.39452299999999 37.78380200000001, -122.39439800000001 37.783702, -122.39438200000002 37.783688999999995, -122.394151 37.78350400000001, -122.393618 37.783078, -122.393297 37.782821, -122.39308199999999 37.78264999999998, -122.39284200000002 37.782457, -122.392613 37.78227399999999, -122.39207700000001 37.781846, -122.39052699999999 37.780606999999996, -122.39106500000001 37.780181999999996, -122.392211 37.779277, -122.39275 37.77885200000001, -122.3943 37.78009, -122.39463100000002 37.780353999999996, -122.395065 37.78070100000001, -122.39551800000001 37.78106199999998, -122.395843 37.78132099999999, -122.39638000000001 37.781749999999995))",26681.0,0.0,5010,075,S,060750615005010,+37.7803499,-122.3923761,G5040,Block 5010,06,061500,,
60750615006,"POLYGON ((-122.392613 37.78227399999999, -122.39284200000002 37.782457, -122.39308199999999 37.78264999999998, -122.393297 37.782821, -122.393618 37.783078, -122.39284 37.78369300000001, -122.392594 37.78386799999999, -122.39211900000001 37.78420499999999, -122.39159300000001 37.784593999999984, -122.391301 37.78485999999999, -122.391249 37.78491799999999, -122.39096599999999 37.785232, -122.390424 37.785664999999995, -122.38978300000001 37.786178, -122.38963699999998 37.78622399999998, -122.388779 37.78689899999998, -122.38858800000001 37.787049, -122.38839300000001 37.787105, -122.387795 37.78709699999999, -122.38767 37.787174999999976, -122.387662 37.78730699999999, -122.387723 37.788035, -122.38773800000001 37.788259999999994, -122.38786799999998 37.788725, -122.38789400000002 37.788801, -122.38741799999998 37.789439, -122.38734800000002 37.789311, -122.386746 37.789455, -122.38534700002437 37.789790999994146, -122.385347 37.789791000000015, -122.38531299999998 37.789784, -122.385287 37.789764, -122.38510600000001 37.789317000000004, -122.385115 37.789294, -122.385142 37.789278, -122.385148 37.789220000000014, -122.387188 37.788774, -122.387049 37.788229, -122.38704899999998 37.788229, -122.3863436648612 37.78834366621527, -122.385259 37.788519999999984, -122.38523000000002 37.78850999999999, -122.385213 37.78849100000001, -122.38516950000002 37.7883165, -122.38512600000001 37.78814199999999, -122.38513200000001 37.78813, -122.38513800000001 37.788118000000004, -122.385162 37.788105, -122.38722500000002 37.78776699999998, -122.38738099999999 37.787719999999986, -122.387407 37.787241, -122.38702000000002 37.787247, -122.384544 37.78739999999996, -122.38452659999999 37.78739219999999, -122.38451499999998 37.78738699999999, -122.384499 37.787361, -122.38434200000002 37.785734999999995, -122.38436000000002 37.78571000000001, -122.38439 37.785698000000004, -122.38733599999999 37.785518, -122.387454 37.785495, -122.38756499999998 37.785458, -122.387581 37.785438, -122.38763099999998 37.78486500000001, -122.38763099999998 37.784864999999996, -122.38618299999999 37.78495099999999, -122.385459 37.78499399999999, -122.38541500000001 37.784606999999994, -122.38601733333334 37.78457199999999, -122.38722200000001 37.78450200000001, -122.387473 37.78447, -122.387583 37.78443800000003, -122.387674 37.784396, -122.38771 37.78387599999999, -122.38699900000002 37.7839175, -122.386288 37.78395899999999, -122.386237 37.783406, -122.38754000000002 37.783329, -122.38769600000002 37.78327900000001, -122.387752 37.783246, -122.38777700000001 37.782868, -122.387628 37.78282599999999, -122.38807 37.78244899999999, -122.38807499999999 37.782112000000005, -122.388096 37.781912, -122.38830600000001 37.781797999999995, -122.38834 37.78179799999999, -122.388758 37.781797999999995, -122.38899599999999 37.781710999999994, -122.38916799999998 37.781648999999994, -122.38939 37.78150900000003, -122.38975399999998 37.78122099999999, -122.39052699999999 37.780606999999996, -122.39207700000001 37.781846, -122.392613 37.78227399999999))",46983.0,0.0,6006,075,S,060750615006006,+37.7832090,-122.3917617,G5040,Block 6006,06,061500,,
60750615004,"POLYGON ((-122.39438200000002 37.783688999999995, -122.39439800000001 37.783702, -122.39452299999999 37.78380200000001, -122.395161 37.784310999999974, -122.394158 37.785101999999995, -122.394099 37.785149, -122.392937 37.786068, -122.39205299999999 37.78676499999999, -122.39118 37.78745499999999, -122.390319 37.788135, -122.389429 37.78883799999999, -122.38857300000001 37.788154000000006, -122.388155 37.788548, -122.388139 37.788562999999996, -122.38789400000002 37.788801, -122.38786799999998 37.788725, -122.38773800000001 37.788259999999994, -122.387723 37.788035, -122.387662 37.78730699999999, -122.38767 37.787174999999976, -122.387795 37.78709699999999, -122.38839300000001 37.787105, -122.38858800000001 37.787049, -122.388779 37.78689899999998, -122.38963699999998 37.78622399999998, -122.38978300000001 37.786178, -122.390424 37.785664999999995, -122.39096599999999 37.785232, -122.391249 37.78491799999999, -122.391301 37.78485999999999, -122.39159300000001 37.784593999999984, -122.39211900000001 37.78420499999999, -122.392594 37.78386799999999, -122.39284 37.78369300000001, -122.393618 37.783078, -122.394151 37.78350400000001, -122.39438200000002 37.783688999999995))",7811.0,0.0,4008,075,S,060750615004008,+37.7842442,-122.3928501,G5040,Block 4008,06,061500,,
60750615003,"POLYGON ((-122.393597 37.787996, -122.393306 37.788226, -122.392723 37.78868699999999, -122.39346100000002 37.78927499999999, -122.39427599999998 37.78992599999999, -122.393661 37.790412999999994, -122.39340799999998 37.790613, -122.392525 37.79131099999999, -122.391646 37.79200599999999, -122.391096 37.792435999999995, -122.39091800000001 37.792515, -122.39084699999998 37.79269199999998, -122.38880799999998 37.790978, -122.38890275325451 37.79090188673, -122.38663027210472 37.79203812750237, -122.3858361807007 37.79243517327786, -122.38577965603832 37.792356908360766, -122.38656972689124 37.791961873007416, -122.38888695903618 37.7908032571494, -122.38876212951739 37.7905806837621, -122.38861200000001 37.790313000000005, -122.388049 37.790508, -122.3880305 37.79046949999999, -122.388012 37.79043099999999, -122.38819050000001 37.7903695, -122.38836900000001 37.790308, -122.38836900000001 37.790307999999996, -122.38836093764988 37.79029354676258, -122.38828700000002 37.790160999999976, -122.38828700000002 37.79016099999997, -122.38832099999999 37.790151, -122.388244 37.790006999999996, -122.38842299999999 37.789943, -122.38829300000002 37.78976300000001, -122.388149 37.789655, -122.387607 37.789787, -122.38741799999998 37.789439, -122.38789400000002 37.788801, -122.388139 37.788562999999996, -122.388155 37.788548, -122.38857300000001 37.788154000000006, -122.389429 37.78883799999999, -122.390319 37.788135, -122.39118 37.78745499999999, -122.39205299999999 37.78676499999999, -122.392937 37.786068, -122.393445 37.78647199999998, -122.393921 37.786852, -122.394481 37.787298, -122.39396200000002 37.787708, -122.393597 37.787996))",24107.0,0.0,3005,075,S,060750615003005,+37.7911469,-122.3913018,G5040,Block 3005,06,061500,,
60750117002,"POLYGON ((-122.407337 37.78455999999999, -122.407698 37.784698999999996, -122.407853 37.785492, -122.408036 37.78641, -122.40822700000001 37.78735899999998, -122.40840199999998 37.78829299999999, -122.40859499999999 37.789226000000006, -122.40872300000001 37.78985299999997, -122.408786 37.79016, -122.40797 37.790263, -122.40786900000002 37.790275, -122.40750000000001 37.79032199999999, -122.40714900000002 37.790366, -122.407126 37.79036800000001, -122.406331 37.79046999999999, -122.405574 37.790565, -122.40526700000001 37.790604, -122.40476699999999 37.79066699999999, -122.40440000000001 37.79071299999999, -122.40433300000001 37.79072199999998, -122.404031 37.79075999999998, -122.40367200000001 37.79080499999999, -122.402724 37.79092499999999, -122.40238 37.790969, -122.402005 37.79101600000003, -122.40113000000001 37.791128, -122.400744 37.791177, -122.399572 37.791327, -122.399494 37.79132500000001, -122.399149 37.791017000000004, -122.399255 37.790997, -122.39950499999999 37.79080499999999, -122.39989599999998 37.790493, -122.40015199999999 37.790289999999985, -122.40134800000001 37.78934799999999, -122.40137500000002 37.789264, -122.401479 37.78924399999999, -122.401528 37.78920499999999, -122.401749 37.78902899999999, -122.401939 37.788878, -122.40206599999999 37.788720999999995, -122.40217 37.78869999999998, -122.40270200000002 37.788279999999986, -122.402807 37.78819699999999, -122.402914 37.788111999999984, -122.40340299999998 37.787725, -122.403431 37.78764199999999, -122.403535 37.787621000000016, -122.404556 37.78681399999999, -122.404583 37.786730999999996, -122.40468800000001 37.786710000000014, -122.405767 37.785855999999995, -122.40580299999999 37.78582800000001, -122.405823 37.785768, -122.40583099999999 37.785744, -122.40597599999998 37.78569299999999, -122.406 37.78567399999999, -122.40732600000001 37.78463, -122.407337 37.78455999999999))",9135.0,0.0,2001,075,S,060750117002001,+37.7908312,-122.4001457,G5040,Block 2001,06,011700,,
60750119021,"POLYGON ((-122.412266 37.79067299999999, -122.41099799999999 37.790833, -122.41062300000002 37.79088099999999, -122.408976 37.79108900000001, -122.408379 37.791164999999985, -122.408165 37.791191000000005, -122.40806 37.791205, -122.40734 37.791296, -122.407209 37.79065800000001, -122.40714900000002 37.790366, -122.40750000000001 37.79032199999999, -122.40786900000002 37.790275, -122.40797 37.790263, -122.408786 37.79016, -122.410433 37.789950999999995, -122.41207600000001 37.78973999999997, -122.41215400000002 37.790123999999985, -122.412266 37.79067299999999))",6716.0,0.0,1000,075,S,060750119021000,+37.7907856,-122.4076046,G5040,Block 1000,06,011902,,
60750117001,"POLYGON ((-122.402724 37.79092499999999, -122.40367200000001 37.79080499999999, -122.404031 37.79075999999998, -122.40433300000001 37.79072199999998, -122.40440000000001 37.79071299999999, -122.40476699999999 37.79066699999999, -122.40526700000001 37.790604, -122.405574 37.790565, -122.406331 37.79046999999999, -122.407126 37.79036800000001, -122.40714900000002 37.790366, -122.407209 37.79065800000001, -122.40734 37.791296, -122.40741700000001 37.79166800000001, -122.407536 37.792249, -122.40751300000001 37.792252, -122.406718 37.792351999999994, -122.40593799999999 37.792451, -122.40565400000001 37.792487, -122.40441799999998 37.792639, -122.40461299999998 37.793564999999994, -122.404016 37.793645999999995, -122.402957 37.79378, -122.40215999999998 37.79388, -122.401315 37.793986999999994, -122.400149 37.794134, -122.39896999999999 37.794284, -122.39779600000001 37.79443399999998, -122.39658600000001 37.794588000000005, -122.39639 37.79366400000001, -122.396302 37.793256, -122.39641 37.793237999999995, -122.39648 37.793181999999995, -122.396504 37.793096999999996, -122.396612 37.793079, -122.39735899999998 37.79249000000001, -122.397383 37.792405999999986, -122.39749000000002 37.792386999999984, -122.39823500000001 37.7918, -122.398264 37.79171600000001, -122.398369 37.791695, -122.39912300000002 37.791101, -122.399149 37.791017000000004, -122.399494 37.79132500000001, -122.399572 37.791327, -122.400744 37.791177, -122.40113000000001 37.791128, -122.402005 37.79101600000003, -122.40238 37.790969, -122.402724 37.79092499999999))",14704.0,0.0,1021,075,S,060750117001021,+37.7909332,-122.4064360,G5040,Block 1021,06,011700,,
60750119022,"POLYGON ((-122.41246100000001 37.791626999999984, -122.411712 37.79172199999999, -122.411102 37.79179899999999, -122.41081799999999 37.791835, -122.409171 37.792043, -122.40886400000001 37.79207999999999, -122.40836400000002 37.792141, -122.40808899999999 37.79217899999999, -122.407536 37.792249, -122.40741700000001 37.79166800000001, -122.40734 37.791296, -122.40806 37.791205, -122.408165 37.791191000000005, -122.408379 37.791164999999985, -122.408976 37.79108900000001, -122.41062300000002 37.79088099999999, -122.41099799999999 37.790833, -122.412266 37.79067299999999, -122.41246100000001 37.791626999999984))",7924.0,0.0,2000,075,S,060750119022000,+37.7917197,-122.4078527,G5040,Block 2000,06,011902,,
60750113002,"POLYGON ((-122.40948800000001 37.793556, -122.40953600000002 37.79377699999999, -122.40954099999999 37.79385200000001, -122.40972200000002 37.794737, -122.409339 37.794785, -122.40916399999999 37.794807, -122.40889899999999 37.79484100000002, -122.40898899999999 37.79528099999999, -122.409027 37.795473, -122.409076 37.79572, -122.40874300000002 37.795761999999996, -122.40870499999998 37.795767, -122.408253 37.795823999999996, -122.408079 37.794941, -122.40790299999999 37.79406, -122.407727 37.793178, -122.40764499999999 37.792777, -122.407536 37.792249, -122.40808899999999 37.79217899999999, -122.40836400000002 37.792141, -122.40886400000001 37.79207999999999, -122.409171 37.792043, -122.40925799999998 37.792468999999976, -122.40936100000002 37.792971, -122.40948800000001 37.793556))",7227.0,0.0,2002,075,S,060750113002002,+37.7935669,-122.4082237,G5040,Block 2002,06,011300,,
60750118001,"POLYGON ((-122.40764499999999 37.792777, -122.407727 37.793178, -122.40790299999999 37.79406, -122.40729400000001 37.79413799999999, -122.406821 37.794197999999994, -122.40630500000002 37.79426399999999, -122.40566299999999 37.794344999999986, -122.404796 37.794453, -122.40471099999999 37.794021, -122.40461299999998 37.793564999999994, -122.40441799999998 37.792639, -122.40565400000001 37.792487, -122.40593799999999 37.792451, -122.406718 37.792351999999994, -122.40751300000001 37.792252, -122.407536 37.792249, -122.40764499999999 37.792777))",4417.0,0.0,1002,075,S,060750118001002,+37.7937201,-122.4069807,G5040,Block 1002,06,011800,,
60750215002,"POLYGON ((-122.426822 37.74529899999999, -122.42689099999998 37.746099, -122.424603 37.74624099999998, -122.42231100000002 37.74637700000002, -122.42170400000002 37.746412000000014, -122.42191800000002 37.74582600000001, -122.42221800000002 37.74557899999999, -122.422283 37.745481999999996, -122.42227600000001 37.745348, -122.422293 37.74518399999999, -122.422369 37.744958999999994, -122.422439 37.744758999999995, -122.422706 37.74404, -122.42266900000001 37.743942000000004, -122.424385 37.74383799999999, -122.42667 37.743700000000004, -122.426746 37.744496999999996, -122.426822 37.74529899999999))",1089.0,0.0,2002,075,S,060750215002002,+37.7458366,-122.4245774,G5040,Block 2002,06,021500,,
60750215001,"POLYGON ((-122.42696800000002 37.74689699999998, -122.42704499999999 37.74769599999999, -122.42476799999999 37.74783, -122.424584 37.747847, -122.422878 37.747948, -122.422487 37.748013, -122.4223 37.748070000000006, -122.42139300000001 37.74812400000001, -122.421385 37.748031999999995, -122.421328 37.74744199999999, -122.42140599999998 37.747231, -122.42170400000002 37.746412000000014, -122.42231100000002 37.74637700000002, -122.424603 37.74624099999998, -122.42689099999998 37.746099, -122.42692999999998 37.74649900000001, -122.42696800000002 37.74689699999998))",833.0,0.0,1009,075,S,060750215001009,+37.7467677,-122.4223465,G5040,Block 1009,06,021500,,
60750210004,"POLYGON ((-122.424918 37.748512, -122.42484500000002 37.748633, -122.42466999999999 37.748655, -122.423677 37.748711, -122.422571 37.748773, -122.422535 37.74890899999999, -122.422626 37.749846999999995, -122.422664 37.750239, -122.42272600000001 37.750371999999984, -122.42143800000001 37.75045000000001, -122.420985 37.75047699999998, -122.42050700000001 37.750506, -122.42035399999999 37.74890699999999, -122.42027900000001 37.748125000000016, -122.42047 37.748160999999996, -122.42129900000002 37.748143, -122.42139300000001 37.74812400000001, -122.4223 37.748070000000006, -122.422487 37.748013, -122.422878 37.747948, -122.424584 37.747847, -122.42476799999999 37.74783, -122.42486300000002 37.747938999999995, -122.424918 37.748512))",1144.0,0.0,4006,075,S,060750210004006,+37.7482317,-122.4248061,G5040,Block 4006,06,021000,,
60750214001,"POLYGON ((-122.42498699999999 37.750926, -122.42492999999999 37.75034900000001, -122.42499900000001 37.750233, -122.42727700000002 37.75009699999999, -122.42838900000001 37.750031, -122.4295 37.749964999999996, -122.429577 37.750761999999995, -122.42965899999999 37.75157099999999, -122.428548 37.75163800000001, -122.42743700000001 37.751705, -122.426333 37.751771, -122.425794 37.75180299999999, -122.42515299999998 37.751841999999996, -122.425066 37.751723999999996, -122.425009 37.751149, -122.42507600000002 37.751033, -122.42498699999999 37.750926))",8717.0,0.0,1004,075,S,060750214001004,+37.7503968,-122.4289829,G5040,Block 1004,06,021400,,
60750210003,"POLYGON ((-122.42492300000002 37.749435, -122.42485100000002 37.74954799999998, -122.42486900000002 37.749725000000005, -122.42490800000002 37.75012499999998, -122.42499900000001 37.750233, -122.42492999999999 37.75034900000001, -122.42498699999999 37.750926, -122.42507600000002 37.751033, -122.425009 37.751149, -122.425066 37.751723999999996, -122.42515299999998 37.751841999999996, -122.42452 37.75188, -122.42398799999998 37.75191100000001, -122.42287900000001 37.75197199999999, -122.421595 37.75204699999998, -122.42114300000001 37.752073999999986, -122.420665 37.75210399999999, -122.42050700000001 37.750506, -122.420985 37.75047699999998, -122.42143800000001 37.75045000000001, -122.42272600000001 37.750371999999984, -122.422664 37.750239, -122.422626 37.749846999999995, -122.422535 37.74890899999999, -122.422571 37.748773, -122.423677 37.748711, -122.42466999999999 37.748655, -122.42484500000002 37.748633, -122.42477300000002 37.74875199999997, -122.42483000000001 37.74933099999999, -122.42492300000002 37.749435))",17197.0,0.0,3006,075,S,060750210003006,+37.7494756,-122.4243030,G5040,Block 3006,06,021000,,
60750210002,"POLYGON ((-122.42287900000001 37.75197199999999, -122.42398799999998 37.75191100000001, -122.42452 37.75188, -122.42515299999998 37.751841999999996, -122.42508600000001 37.751929, -122.42515499999999 37.752627, -122.425228 37.753356, -122.425303 37.75343199999999, -122.424667 37.753471, -122.42413600000002 37.75350299999998, -122.42360099999998 37.753535, -122.423028 37.753569, -122.42151799999999 37.75366000000002, -122.420812 37.753702999999994, -122.420665 37.75210399999999, -122.42114300000001 37.752073999999986, -122.421595 37.75204699999998, -122.42287900000001 37.75197199999999))",10256.0,0.0,2006,075,S,060750210002006,+37.7524199,-122.4222244,G5040,Block 2006,06,021000,,
60750211002,"POLYGON ((-122.427023 37.753325999999994, -122.426478 37.75336, -122.42594499999998 37.753392000000005, -122.425537 37.75341699999999, -122.425303 37.75343199999999, -122.425228 37.753356, -122.42515499999999 37.752627, -122.42508600000001 37.751929, -122.42515299999998 37.751841999999996, -122.425794 37.75180299999999, -122.426333 37.751771, -122.42743700000001 37.751705, -122.428548 37.75163800000001, -122.42965899999999 37.75157099999999, -122.429731 37.75236199999999, -122.429808 37.753158, -122.429234 37.753192999999996, -122.428695 37.75322499999999, -122.428165 37.75325699999998, -122.427583 37.753291999999995, -122.427023 37.753325999999994))",4784.0,0.0,2002,075,S,060750211002002,+37.7528533,-122.4278317,G5040,Block 2002,06,021100,,
60750210001,"POLYGON ((-122.423028 37.753569, -122.42360099999998 37.753535, -122.42413600000002 37.75350299999998, -122.424667 37.753471, -122.425303 37.75343199999999, -122.42523600000001 37.75351899999998, -122.42537799999998 37.754945000000006, -122.425457 37.75502900000001, -122.424823 37.755075, -122.42429000000001 37.75510599999998, -122.423757 37.755137, -122.423181 37.75517, -122.42143499999999 37.755268, -122.42096399999998 37.755295, -122.420812 37.753702999999994, -122.42151799999999 37.75366000000002, -122.423028 37.753569))",8424.0,0.0,1003,075,S,060750210001003,+37.7543522,-122.4234116,G5040,Block 1003,06,021000,,
60750211001,"POLYGON ((-122.42537799999998 37.754945000000006, -122.42523600000001 37.75351899999998, -122.425303 37.75343199999999, -122.425537 37.75341699999999, -122.42594499999998 37.753392000000005, -122.426478 37.75336, -122.427023 37.753325999999994, -122.427583 37.753291999999995, -122.428165 37.75325699999998, -122.428695 37.75322499999999, -122.429234 37.753192999999996, -122.429808 37.753158, -122.42988399999999 37.75395699999999, -122.42996199999999 37.75476099999999, -122.430038 37.755556, -122.43011500000001 37.75636, -122.427892 37.75649399999999, -122.42678699999999 37.756561, -122.425612 37.756631, -122.425528 37.756549, -122.42538600000002 37.755122, -122.425457 37.75502900000001, -122.42537799999998 37.754945000000006))",17591.0,0.0,1002,075,S,060750211001002,+37.7560249,-122.4289645,G5040,Block 1002,06,021100,,
60750207003,"POLYGON ((-122.42096399999998 37.755295, -122.42143499999999 37.755268, -122.423181 37.75517, -122.423757 37.755137, -122.42429000000001 37.75510599999998, -122.424823 37.755075, -122.425457 37.75502900000001, -122.42538600000002 37.755122, -122.425528 37.756549, -122.425612 37.756631, -122.424977 37.75667, -122.42444300000001 37.75670199999999, -122.423913 37.756734, -122.42333099999999 37.756769, -122.421118 37.75690200000001, -122.42104100000002 37.75610199999999, -122.42096399999998 37.755295))",8347.0,0.0,3003,075,S,060750207003003,+37.7559190,-122.4241006,G5040,Block 3003,06,020700,,
60750211004,"POLYGON ((-122.43447 37.75528899999999, -122.434546 37.75609300000001, -122.432331 37.75622699999998, -122.43177 37.75626, -122.43011500000001 37.75636, -122.430038 37.755556, -122.42996199999999 37.75476099999999, -122.42988399999999 37.75395699999999, -122.4321 37.75382299999999, -122.434317 37.75369, -122.43439399999998 37.75449400000001, -122.43447 37.75528899999999))",17523.0,0.0,4001,075,S,060750211004001,+37.7557580,-122.4334002,G5040,Block 4001,06,021100,,
60750206002,"POLYGON ((-122.42560499999999 37.75734699999999, -122.42555 37.75672, -122.425612 37.756631, -122.42678699999999 37.756561, -122.427892 37.75649399999999, -122.43011500000001 37.75636, -122.43177 37.75626, -122.432331 37.75622699999998, -122.432407 37.75702, -122.43243200000002 37.75727899999999, -122.43238 37.75740700000001, -122.43239 37.757532999999974, -122.432357 37.75761299999999, -122.432286 37.757677, -122.43197900000001 37.757851, -122.43026899999998 37.75795499999999, -122.42805 37.758089, -122.425767 37.758227, -122.42568299999999 37.758145, -122.425627 37.75751799999999, -122.42568900000002 37.75742999999999, -122.42560499999999 37.75734699999999))",16087.0,0.0,2001,075,S,060750206002001,+37.7576457,-122.4290889,G5040,Block 2001,06,020600,,
60750206003,"POLYGON ((-122.434698 37.757687, -122.434854 37.759288999999995, -122.43374499999999 37.759356, -122.432638 37.759423, -122.43042 37.75955700000001, -122.430344 37.758756, -122.43026899999998 37.75795499999999, -122.43197900000001 37.757851, -122.432286 37.757677, -122.432357 37.75761299999999, -122.43239 37.757532999999974, -122.43238 37.75740700000001, -122.43243200000002 37.75727899999999, -122.432407 37.75702, -122.432331 37.75622699999998, -122.434546 37.75609300000001, -122.434622 37.756887, -122.434698 37.757687))",17473.0,0.0,3000,075,S,060750206003000,+37.7590895,-122.4314908,G5040,Block 3000,06,020600,,
60750205003,"POLYGON ((-122.438977 37.75702199999999, -122.439003 37.75708999999999, -122.43903299999998 37.757415000000016, -122.43907400000002 37.757855000000006, -122.439114 37.758463, -122.43916700000001 37.75902800000001, -122.438112 37.75909299999999, -122.43703899999998 37.759156999999995, -122.436886 37.757557, -122.43580800000001 37.757622999999995, -122.434698 37.757687, -122.434622 37.756887, -122.434546 37.75609300000001, -122.434671 37.75610899999999, -122.43564200000002 37.756040999999996, -122.43674400000002 37.755966, -122.437803 37.755893, -122.437769 37.755541, -122.43886400000001 37.755434, -122.438839 37.755525000000006, -122.438977 37.75702199999999))",17020.0,0.0,3004,075,S,060750205003004,+37.7567937,-122.4362701,G5040,Block 3004,06,020500,,
60750206001,"POLYGON ((-122.430497 37.760357000000006, -122.430574 37.761154999999995, -122.43064999999999 37.761953999999996, -122.43066199999998 37.762080999999995, -122.43072699999999 37.762753000000004, -122.428509 37.76289, -122.42716700000001 37.762972999999995, -122.426228 37.763031, -122.42613100000001 37.762912, -122.42610400000001 37.762631, -122.42606500000001 37.76222199999999, -122.42614599999999 37.762159999999994, -122.426054 37.762102, -122.42600200000001 37.76154899999999, -122.426077 37.76142699999998, -122.425979 37.761315, -122.425846 37.759949000000006, -122.42591999999999 37.759829999999994, -122.42582199999998 37.75971, -122.425769 37.759153999999995, -122.42584299999999 37.759029, -122.42574600000002 37.758911999999995, -122.42569200000001 37.758348999999974, -122.425767 37.758227, -122.42805 37.758089, -122.43026899999998 37.75795499999999, -122.430344 37.758756, -122.43042 37.75955700000001, -122.430497 37.760357000000006))",1155.0,0.0,1011,075,S,060750206001011,+37.7586267,-122.4258051,G5040,Block 1011,06,020600,,
60750206004,"POLYGON ((-122.432638 37.759423, -122.43374499999999 37.759356, -122.434854 37.759288999999995, -122.435001 37.760889, -122.43514100000002 37.762414, -122.435188 37.762671, -122.43494000000001 37.762502000000005, -122.434062 37.76255099999998, -122.432949 37.762617999999996, -122.43212399999999 37.762668, -122.431545 37.762702999999995, -122.43072699999999 37.762753000000004, -122.43066199999998 37.762080999999995, -122.43064999999999 37.761953999999996, -122.430574 37.761154999999995, -122.430497 37.760357000000006, -122.43042 37.75955700000001, -122.432638 37.759423))",17462.0,0.0,4001,075,S,060750206004001,+37.7617866,-122.4334271,G5040,Block 4001,06,020600,,
60750205002,"POLYGON ((-122.434698 37.757687, -122.43580800000001 37.757622999999995, -122.436886 37.757557, -122.43703899999998 37.759156999999995, -122.438112 37.75909299999999, -122.43916700000001 37.75902800000001, -122.439256 37.759808, -122.439337 37.76062700000001, -122.438265 37.760692000000006, -122.437191 37.760757999999996, -122.43611399999999 37.760824, -122.435001 37.760889, -122.434854 37.759288999999995, -122.434698 37.757687))",17423.0,0.0,2005,075,S,060750205002005,+37.7584547,-122.4353290,G5040,Block 2005,06,020500,,
60750205001,"POLYGON ((-122.43949100000002 37.762226999999974, -122.438418 37.762291000000005, -122.43734199999999 37.762355, -122.436437 37.762409, -122.43636900000001 37.76243, -122.435973 37.762449000000004, -122.43580399999999 37.762499000000005, -122.435322 37.76269099999998, -122.435188 37.762671, -122.43514100000002 37.762414, -122.435001 37.760889, -122.43611399999999 37.760824, -122.437191 37.760757999999996, -122.438265 37.760692000000006, -122.439337 37.76062700000001, -122.43941399999999 37.761425, -122.43949100000002 37.762226999999974))",12395.0,0.0,1008,075,S,060750205001008,+37.7613781,-122.4366969,G5040,Block 1008,06,020500,,
60750203003,"POLYGON ((-122.435188 37.762671, -122.435152 37.76274299999999, -122.43456 37.76313799999999, -122.43341100000002 37.764069, -122.433074 37.76419600000001, -122.432923 37.764467999999994, -122.431231 37.765788, -122.431025 37.76586800000002, -122.430912 37.765876, -122.43084 37.765927999999995, -122.43082399999999 37.76601399999999, -122.430749 37.766177, -122.42918199999998 37.767413, -122.428949 37.76750399999999, -122.428819 37.76613, -122.42866500000001 37.764508000000006, -122.429428 37.764461000000004, -122.429771 37.764441000000005, -122.43011800000001 37.76442000000001, -122.430882 37.76437399999999, -122.43169999999999 37.764323999999995, -122.43228 37.764289, -122.43212399999999 37.762668, -122.432949 37.762617999999996, -122.434062 37.76255099999998, -122.43494000000001 37.762502000000005, -122.435188 37.762671))",3830.0,0.0,3005,075,S,060750203003005,+37.7650422,-122.4320531,G5040,Block 3005,06,020300,,
60750203002,"POLYGON ((-122.426226 37.76391600000001, -122.426153 37.76315, -122.426228 37.763031, -122.42716700000001 37.762972999999995, -122.428509 37.76289, -122.43072699999999 37.762753000000004, -122.431545 37.762702999999995, -122.43212399999999 37.762668, -122.43228 37.764289, -122.43169999999999 37.764323999999995, -122.430882 37.76437399999999, -122.43011800000001 37.76442000000001, -122.429771 37.764441000000005, -122.429428 37.764461000000004, -122.42866500000001 37.764508000000006, -122.42756000000001 37.76457399999999, -122.42638200000002 37.76464599999999, -122.426282 37.76450599999999, -122.42624 37.76405999999998, -122.42631700000001 37.76397000000001, -122.426226 37.76391600000001))",9240.0,0.0,2003,075,S,060750203002003,+37.7634962,-122.4319123,G5040,Block 2003,06,020300,,
60750169002,"POLYGON ((-122.435188 37.762671, -122.435259 37.763463, -122.435317 37.764102, -122.43539600000001 37.76492599999999, -122.435472 37.765727, -122.435548 37.766528000000015, -122.43562400000002 37.767328, -122.435794 37.76905799999999, -122.434893 37.76911399999998, -122.433572 37.76917799999998, -122.43340800000001 37.767461999999995, -122.43333200000001 37.766662, -122.43325500000002 37.765862, -122.431038 37.765996, -122.43082399999999 37.76601399999999, -122.43084 37.765927999999995, -122.430912 37.765876, -122.431025 37.76586800000002, -122.431231 37.765788, -122.432923 37.764467999999994, -122.433074 37.76419600000001, -122.43341100000002 37.764069, -122.43456 37.76313799999999, -122.435152 37.76274299999999, -122.435188 37.762671))",17807.0,0.0,2004,075,S,060750169002004,+37.7653960,-122.4324211,G5040,Block 2004,06,016900,,
60750170002,"POLYGON ((-122.440168 37.76218699999999, -122.440221 37.762777, -122.440285 37.763493, -122.440874 37.763455000000015, -122.441983 37.763482999999994, -122.44198700000001 37.76325199999999, -122.44379499999998 37.763296, -122.44295100000001 37.763677999999985, -122.44295 37.764109, -122.4432 37.764469, -122.44321500000001 37.764558, -122.443279 37.764725999999975, -122.44326299999999 37.76521799999999, -122.44334699999999 37.765333000000005, -122.443511 37.765339999999995, -122.44257499999999 37.765927999999995, -122.44236100000002 37.765885000000004, -122.44216700000001 37.765888, -122.442009 37.765907, -122.441938 37.76595299999999, -122.44060400000001 37.76695500000001, -122.440137 37.76775699999999, -122.439301 37.768166, -122.43920699999998 37.767163999999994, -122.439502 37.76657600000001, -122.43855500000001 37.766297, -122.437067 37.765859999999996, -122.43645900000001 37.765665999999996, -122.435472 37.765727, -122.43539600000001 37.76492599999999, -122.435317 37.764102, -122.435259 37.763463, -122.435188 37.762671, -122.435322 37.76269099999998, -122.43580399999999 37.762499000000005, -122.435973 37.762449000000004, -122.43636900000001 37.76243, -122.436437 37.762409, -122.43734199999999 37.762355, -122.438418 37.762291000000005, -122.43949100000002 37.762226999999974, -122.440168 37.76218699999999))",17163.0,0.0,2002,075,S,060750170002002,+37.7641358,-122.4425976,G5040,Block 2002,06,017000,,
60750207002,"POLYGON ((-122.42555 37.75672, -122.42560499999999 37.75734699999999, -122.42568900000002 37.75742999999999, -122.425627 37.75751799999999, -122.42568299999999 37.758145, -122.425767 37.758227, -122.42569200000001 37.758348999999974, -122.42574600000002 37.758911999999995, -122.42584299999999 37.759029, -122.425769 37.759153999999995, -122.42582199999998 37.75971, -122.42591999999999 37.759829999999994, -122.42486300000002 37.759894, -122.42364100000002 37.759966999999996, -122.42287900000001 37.76001299999999, -122.42225799999999 37.760051, -122.421425 37.760101, -122.421355 37.759372, -122.42127200000002 37.758499, -122.42119400000001 37.75770099999998, -122.421118 37.75690200000001, -122.42333099999999 37.756769, -122.423913 37.756734, -122.42444300000001 37.75670199999999, -122.424977 37.75667, -122.425612 37.756631, -122.42555 37.75672))",17050.0,0.0,2004,075,S,060750207002004,+37.7586972,-122.4246514,G5040,Block 2004,06,020700,,
60750208003,"POLYGON ((-122.421355 37.759372, -122.421425 37.760101, -122.42066000000001 37.760148, -122.419975 37.760189, -122.419206 37.76023500000001, -122.418118 37.76030099999999, -122.41796499999998 37.758697999999995, -122.41905299999999 37.75863299999999, -122.419841 37.75858499999999, -122.419689 37.75698800000001, -122.42001100000002 37.756969, -122.420338 37.75694899999999, -122.421118 37.75690200000001, -122.42119400000001 37.75770099999998, -122.42127200000002 37.758499, -122.421355 37.759372))",17150.0,0.0,3000,075,S,060750208003000,+37.7594668,-122.4185854,G5040,Block 3000,06,020800,,
60750207001,"POLYGON ((-122.426077 37.76142699999998, -122.42600200000001 37.76154899999999, -122.426054 37.762102, -122.42614599999999 37.762159999999994, -122.42606500000001 37.76222199999999, -122.42610400000001 37.762631, -122.42613100000001 37.762912, -122.426228 37.763031, -122.42480699999999 37.763116999999994, -122.423959 37.763168, -122.42307499999998 37.763220999999994, -122.42269900000001 37.76324299999999, -122.42173199999999 37.7633, -122.421695 37.762917, -122.421662 37.762579, -122.421578 37.761701, -122.421425 37.760101, -122.42225799999999 37.760051, -122.42287900000001 37.76001299999999, -122.42364100000002 37.759966999999996, -122.42486300000002 37.759894, -122.42591999999999 37.759829999999994, -122.425846 37.759949000000006, -122.425979 37.761315, -122.426077 37.76142699999998))",1398.0,0.0,1002,075,S,060750207001002,+37.7623685,-122.4238809,G5040,Block 1002,06,020700,,
60750208002,"POLYGON ((-122.416872 37.758764000000006, -122.41796499999998 37.758697999999995, -122.418118 37.76030099999999, -122.419206 37.76023500000001, -122.419975 37.760189, -122.42066000000001 37.760148, -122.421425 37.760101, -122.421578 37.761701, -122.420813 37.76174699999999, -122.42012800000002 37.761789, -122.419359 37.761836, -122.418271 37.761902, -122.417179 37.76196800000001, -122.41702599999999 37.76036699999998, -122.416872 37.758764000000006))",10778.0,0.0,2003,075,S,060750208002003,+37.7609683,-122.4203940,G5040,Block 2003,06,020800,,
60750208001,"POLYGON ((-122.42012800000002 37.761789, -122.420813 37.76174699999999, -122.421578 37.761701, -122.421662 37.762579, -122.421695 37.762917, -122.42173199999999 37.7633, -122.42108400000001 37.763338, -122.420433 37.763376, -122.419513 37.763428999999995, -122.418484 37.763496, -122.417332 37.76357199999998, -122.417179 37.76196800000001, -122.418271 37.761902, -122.419359 37.761836, -122.42012800000002 37.761789))",7379.0,0.0,1003,075,S,060750208001003,+37.7628150,-122.4205691,G5040,Block 1003,06,020800,,
60750202003,"POLYGON ((-122.42173199999999 37.7633, -122.42269900000001 37.76324299999999, -122.42307499999998 37.763220999999994, -122.423959 37.763168, -122.42480699999999 37.763116999999994, -122.426228 37.763031, -122.426153 37.76315, -122.426226 37.76391600000001, -122.42631700000001 37.76397000000001, -122.42624 37.76405999999998, -122.426282 37.76450599999999, -122.42638200000002 37.76464599999999, -122.426309 37.76479199999999, -122.426398 37.765710999999996, -122.42649100000001 37.765774, -122.42640999999999 37.765834999999996, -122.426444 37.766185, -122.426538 37.76626799999999, -122.42519999999999 37.766349, -122.42425799999998 37.76640599999999, -122.42328100000002 37.766465, -122.42204400000001 37.76653999999999, -122.421964 37.765721000000006, -122.421886 37.764917000000004, -122.42173199999999 37.7633))",1402.0,0.0,3002,075,S,060750202003002,+37.7655894,-122.4241800,G5040,Block 3002,06,020200,,
60750202002,"POLYGON ((-122.42652400000001 37.76701299999999, -122.426616 37.76706999999998, -122.426535 37.767128, -122.42659599999999 37.76775799999999, -122.426693 37.767869, -122.426618 37.76799, -122.42671299999999 37.768982, -122.425679 37.76904599999999, -122.424664 37.769109, -122.424571 37.769134, -122.424475 37.769148, -122.42230800000002 37.769277999999986, -122.42225799999999 37.768754, -122.422199 37.76813999999998, -122.42214000000001 37.76753099999999, -122.42212200000002 37.767344, -122.42204400000001 37.76653999999999, -122.42328100000002 37.766465, -122.42425799999998 37.76640599999999, -122.42519999999999 37.766349, -122.426538 37.76626799999999, -122.42646099999999 37.76636099999999, -122.42652400000001 37.76701299999999))",11112.0,0.0,2000,075,S,060750202002000,+37.7689524,-122.4233646,G5040,Block 2000,06,020200,,
60750203001,"POLYGON ((-122.42866500000001 37.764508000000006, -122.428819 37.76613, -122.428949 37.76750399999999, -122.42896899999998 37.767728999999996, -122.428657 37.767735, -122.42863499999999 37.767846000000006, -122.42746199999998 37.768769999999996, -122.42694799999998 37.769175, -122.42685799999998 37.76904199999999, -122.42671299999999 37.768982, -122.426618 37.76799, -122.426693 37.767869, -122.42659599999999 37.76775799999999, -122.426535 37.767128, -122.426616 37.76706999999998, -122.42652400000001 37.76701299999999, -122.42646099999999 37.76636099999999, -122.426538 37.76626799999999, -122.426444 37.766185, -122.42640999999999 37.765834999999996, -122.42649100000001 37.765774, -122.426398 37.765710999999996, -122.426309 37.76479199999999, -122.42638200000002 37.76464599999999, -122.42756000000001 37.76457399999999, -122.42866500000001 37.764508000000006))",5908.0,0.0,1005,075,S,060750203001005,+37.7659658,-122.4271685,G5040,Block 1005,06,020300,,
60750201002,"POLYGON ((-122.42048199999999 37.765001999999996, -122.420581 37.76499599999999, -122.42090099999999 37.764976999999995, -122.421057 37.766598999999985, -122.42153100000002 37.766571, -122.42204400000001 37.76653999999999, -122.42212200000002 37.767344, -122.42214000000001 37.76753099999999, -122.422199 37.76813999999998, -122.42225799999999 37.768754, -122.42230800000002 37.769277999999986, -122.422365 37.76986799999999, -122.421583 37.769918000000004, -122.42140599999998 37.769895, -122.42093900000002 37.76991799999999, -122.42080800000001 37.76992399999999, -122.420227 37.76993599999998, -122.420008 37.770111, -122.419899 37.769893, -122.419944 37.769601, -122.420004 37.76912699999999, -122.42003199999999 37.769045000000006, -122.419982 37.76827399999999, -122.41982500000002 37.766673999999995, -122.41966900000001 37.765051, -122.42048199999999 37.765001999999996))",14602.0,0.0,2002,075,S,060750201002002,+37.7692363,-122.4214052,G5040,Block 2002,06,020100,,
60750204013,"POLYGON ((-122.442307 37.759614, -122.442991 37.75956699999999, -122.44300400000002 37.759632, -122.44311900000001 37.75983099999998, -122.443408 37.760276, -122.443374 37.76037600000001, -122.443517 37.76050899999999, -122.443739 37.760858000000006, -122.44400799999998 37.761282000000016, -122.44410399999998 37.761248, -122.444264 37.76109999999997, -122.444289 37.760988999999995, -122.44428400000001 37.760764, -122.444293 37.76066799999999, -122.44434999999999 37.760514, -122.44461100000001 37.761245999999986, -122.44454400000002 37.76157499999999, -122.44419600000002 37.76194699999999, -122.44335899999999 37.761996999999994, -122.44290800000002 37.76202299999999, -122.440168 37.76218699999999, -122.43949100000002 37.762226999999974, -122.43941399999999 37.761425, -122.439337 37.76062700000001, -122.439256 37.759808, -122.43916700000001 37.75902800000001, -122.44009599999998 37.758979, -122.440381 37.75903200000001, -122.44059099999998 37.759042, -122.44079799999999 37.759025, -122.44103400000002 37.75900999999999, -122.44217499999999 37.758939000000005, -122.442307 37.759614))",1490.0,0.0,3006,075,S,060750204013006,+37.7610864,-122.4403960,G5040,Block 3006,06,020401,,
60750170003,"POLYGON ((-122.440168 37.76218699999999, -122.44290800000002 37.76202299999999, -122.44335899999999 37.761996999999994, -122.44419600000002 37.76194699999999, -122.445309 37.76188, -122.446384 37.76181600000002, -122.44640099999998 37.76207, -122.446392 37.76223200000001, -122.446287 37.762309999999985, -122.44624700000001 37.762246999999995, -122.446168 37.762218999999995, -122.44593100000002 37.76223300000001, -122.445826 37.762263999999995, -122.44569200000001 37.762347999999996, -122.44466400000002 37.76332699999999, -122.44441200000001 37.76398699999997, -122.444301 37.76430700000001, -122.444203 37.764371, -122.444129 37.764427, -122.444072 37.764503999999974, -122.444037 37.76459799999999, -122.443997 37.764696, -122.443992 37.764807999999995, -122.444045 37.76495199999998, -122.44401300000001 37.765025, -122.44353800000002 37.765322999999995, -122.44334699999999 37.765333000000005, -122.44326299999999 37.76521799999999, -122.443279 37.764725999999975, -122.44321500000001 37.764558, -122.4432 37.764469, -122.44295 37.764109, -122.44295100000001 37.763677999999985, -122.44379499999998 37.763296, -122.44198700000001 37.76325199999999, -122.441983 37.763482999999994, -122.440874 37.763455000000015, -122.440285 37.763493, -122.440221 37.762777, -122.440168 37.76218699999999))",612.0,0.0,3002,075,S,060750170003002,+37.7629033,-122.4442193,G5040,Block 3002,06,017000,,
60750171012,"POLYGON ((-122.44912 37.761647999999994, -122.449296 37.76251899999999, -122.44943300000001 37.7632, -122.44810899999999 37.763367, -122.44827400000001 37.764196, -122.44844100000002 37.765035999999995, -122.447635 37.765139, -122.44756599999998 37.764800999999984, -122.447305 37.764255999999996, -122.44699400000002 37.76272200000001, -122.44674800000001 37.763343, -122.446594 37.763606999999986, -122.44650500000002 37.76370800000001, -122.446101 37.764142, -122.446074 37.764188, -122.445838 37.764576999999996, -122.445963 37.765215999999995, -122.445216 37.765313000000006, -122.444927 37.765492, -122.444172 37.76595900000001, -122.44353800000002 37.765322999999995, -122.44401300000001 37.765025, -122.444045 37.76495199999998, -122.443992 37.764807999999995, -122.443997 37.764696, -122.444037 37.76459799999999, -122.444072 37.764503999999974, -122.444129 37.764427, -122.444203 37.764371, -122.444301 37.76430700000001, -122.44441200000001 37.76398699999997, -122.44466400000002 37.76332699999999, -122.44569200000001 37.762347999999996, -122.445826 37.762263999999995, -122.44593100000002 37.76223300000001, -122.446168 37.762218999999995, -122.44624700000001 37.762246999999995, -122.446287 37.762309999999985, -122.446392 37.76223200000001, -122.44640099999998 37.76207, -122.446384 37.76181600000002, -122.446783 37.76178100000001, -122.44778 37.76172599999999, -122.44912 37.761647999999994))",30734.0,0.0,2002,075,S,060750171012002,+37.7635865,-122.4450573,G5040,Block 2002,06,017101,,
60750171011,"POLYGON ((-122.447305 37.764255999999996, -122.44756599999998 37.764800999999984, -122.447635 37.765139, -122.44782399999998 37.766071999999994, -122.448013 37.76700700000001, -122.44719900000001 37.76711100000001, -122.446369 37.767219999999995, -122.44554500000001 37.767323000000005, -122.444732 37.767426, -122.44386600000001 37.76753600000001, -122.44376400000002 37.767067, -122.44369499999999 37.766954000000005, -122.44353299999999 37.76669100000001, -122.443105 37.766413999999976, -122.44304199999999 37.766214999999995, -122.44300400000002 37.766145, -122.442811 37.76601099999999, -122.44257499999999 37.765927999999995, -122.443511 37.765339999999995, -122.44334699999999 37.765333000000005, -122.44353800000002 37.765322999999995, -122.444172 37.76595900000001, -122.444927 37.765492, -122.445216 37.765313000000006, -122.445963 37.765215999999995, -122.445838 37.764576999999996, -122.446074 37.764188, -122.446101 37.764142, -122.44650500000002 37.76370800000001, -122.446594 37.763606999999986, -122.44674800000001 37.763343, -122.44699400000002 37.76272200000001, -122.447305 37.764255999999996))",17069.0,0.0,1002,075,S,060750171011002,+37.7662489,-122.4457344,G5040,Block 1002,06,017101,,
60750171013,"POLYGON ((-122.44839000000002 37.768865, -122.44756800000002 37.76896899999999, -122.44674499999999 37.76907399999999, -122.445922 37.769178999999994, -122.44510600000001 37.769284000000006, -122.44346100000001 37.76949700000001, -122.44334000000002 37.769532999999996, -122.443079 37.76956499999999, -122.44284299999998 37.76960499999999, -122.44276500000001 37.76966099999999, -122.442647 37.76969, -122.44250600000001 37.769686000000014, -122.442384 37.76960000000001, -122.44241099999998 37.769493, -122.443167 37.769037, -122.44335600000001 37.768944, -122.44386600000001 37.76753600000001, -122.444732 37.767426, -122.44554500000001 37.767323000000005, -122.446369 37.767219999999995, -122.44719900000001 37.76711100000001, -122.448013 37.76700700000001, -122.44839000000002 37.768865))",15301.0,0.0,3005,075,S,060750171013005,+37.7679886,-122.4477910,G5040,Block 3005,06,017101,,
60750169001,"POLYGON ((-122.428949 37.76750399999999, -122.42918199999998 37.767413, -122.430749 37.766177, -122.43082399999999 37.76601399999999, -122.431038 37.765996, -122.43325500000002 37.765862, -122.43333200000001 37.766662, -122.43340800000001 37.767461999999995, -122.433572 37.76917799999998, -122.432464 37.76925, -122.43157 37.76930699999999, -122.43135699999999 37.769321, -122.43024700000001 37.76939199999999, -122.429906 37.769408, -122.429128 37.769456, -122.428991 37.76939399999999, -122.42822 37.76944099999999, -122.42668399999998 37.76953399999999, -122.426309 37.769603, -122.42655500000001 37.76948499999999, -122.42694799999998 37.769175, -122.42746199999998 37.768769999999996, -122.42863499999999 37.767846000000006, -122.428657 37.767735, -122.42896899999998 37.767728999999996, -122.428949 37.76750399999999))",8410.0,0.0,1008,075,S,060750169001008,+37.7683513,-122.4284863,G5040,Block 1008,06,016900,,
60750202001,"POLYGON ((-122.42628500000001 37.769684, -122.424958 37.770725999999996, -122.424853 37.77074799999999, -122.424829 37.770828999999985, -122.42400800000001 37.771474, -122.42372499999999 37.771696, -122.42362000000001 37.771716999999974, -122.42359600000002 37.77179799999999, -122.42326699999998 37.772058000000015, -122.42273200000001 37.77247999999999, -122.42262 37.77250299999999, -122.42254199999999 37.772315, -122.422485 37.771712, -122.422526 37.771595, -122.42244400000001 37.770715, -122.422365 37.76986799999999, -122.42230800000002 37.769277999999986, -122.424475 37.769148, -122.424571 37.769134, -122.424664 37.769109, -122.425679 37.76904599999999, -122.42671299999999 37.768982, -122.42685799999998 37.76904199999999, -122.42694799999998 37.769175, -122.42655500000001 37.76948499999999, -122.426309 37.769603, -122.42628500000001 37.769684))",1512.0,0.0,1006,075,S,060750202001006,+37.7712294,-122.4242352,G5040,Block 1006,06,020200,,
60750201001,"POLYGON ((-122.422365 37.76986799999999, -122.42244400000001 37.770715, -122.422526 37.771595, -122.422485 37.771712, -122.42254199999999 37.772315, -122.42262 37.77250299999999, -122.422595 37.772587, -122.42218600000001 37.772909, -122.42205099999998 37.773016, -122.421941 37.773036, -122.42191599999998 37.77312299999999, -122.421089 37.77377499999999, -122.42080800000001 37.77399700000001, -122.42069900000001 37.774007999999995, -122.42067500000002 37.77408700000001, -122.42038600000002 37.774316, -122.420254 37.77435899999999, -122.42023100000002 37.774438, -122.41935699999999 37.77512799999999, -122.419256 37.775147, -122.41928 37.774944999999995, -122.41901499999999 37.77409799999998, -122.41873000000001 37.773182999999996, -122.418618 37.77305300000001, -122.418608 37.772731, -122.418469 37.77232300000001, -122.41835199999998 37.77222199999999, -122.418399 37.772102, -122.418029 37.770875999999994, -122.417995 37.77076499999998, -122.417915 37.77062600000001, -122.417794 37.77043499999999, -122.417609 37.770407000000006, -122.41770600000001 37.770364, -122.41776600000001 37.770143, -122.417777 37.769974999999995, -122.41778099999999 37.76991800000001, -122.417764 37.769857, -122.41775300000002 37.769815, -122.41780299999998 37.769739, -122.41781000000002 37.76967, -122.417857 37.76919400000001, -122.41783799999999 37.76848599999999, -122.41780200000001 37.76840500000001, -122.41855600000001 37.76836, -122.41922500000001 37.768319000000005, -122.419982 37.76827399999999, -122.42003199999999 37.769045000000006, -122.420004 37.76912699999999, -122.419944 37.769601, -122.419899 37.769893, -122.420008 37.770111, -122.420227 37.76993599999998, -122.42080800000001 37.76992399999999, -122.42093900000002 37.76991799999999, -122.42140599999998 37.769895, -122.421583 37.769918000000004, -122.422365 37.76986799999999))",13249.0,0.0,1002,075,S,060750201001002,+37.7730762,-122.4195695,G5040,Block 1002,06,020100,,
60750168012,"POLYGON ((-122.42827499999999 37.769701, -122.42822 37.76944099999999, -122.428991 37.76939399999999, -122.429128 37.769456, -122.429906 37.769408, -122.43024700000001 37.76939199999999, -122.43135699999999 37.769321, -122.43157 37.76930699999999, -122.43171699999999 37.77003499999999, -122.43181100000001 37.770501, -122.43190400000002 37.770963999999985, -122.430261 37.771174, -122.42861400000001 37.771382999999986, -122.42851999999999 37.770918, -122.428426 37.770451999999985, -122.42827499999999 37.769701))",7681.0,0.0,2000,075,S,060750168012000,+37.7710460,-122.4293905,G5040,Block 2000,06,016801,,
60750168013,"POLYGON ((-122.428426 37.770451999999985, -122.42851999999999 37.770918, -122.42861400000001 37.771382999999986, -122.428708 37.77185000000001, -122.42880199999999 37.772316, -122.427158 37.772525, -122.42551200000001 37.772734, -122.425322 37.771794999999976, -122.425136 37.770868999999976, -122.424853 37.77074799999999, -122.424958 37.770725999999996, -122.42628500000001 37.769684, -122.426309 37.769603, -122.42668399999998 37.76953399999999, -122.42822 37.76944099999999, -122.42827499999999 37.769701, -122.428426 37.770451999999985))",11754.0,0.0,3005,075,S,060750168013005,+37.7703598,-122.4260230,G5040,Block 3005,06,016801,,
60750168022,"POLYGON ((-122.42899 37.77324799999999, -122.43062899999998 37.773039, -122.430825 37.773973000000005, -122.429178 37.774181000000006, -122.427546 37.774387999999966, -122.42588799999999 37.77459899999998, -122.425794 37.774132, -122.4257 37.77366599999999, -122.425606 37.773199999999996, -122.42551200000001 37.772734, -122.427158 37.772525, -122.42880199999999 37.772316, -122.42889000000001 37.77275399999999, -122.42899 37.77324799999999))",7273.0,0.0,2006,075,S,060750168022006,+37.7726414,-122.4280233,G5040,Block 2006,06,016802,,
60750168023,"POLYGON ((-122.425322 37.771794999999976, -122.42551200000001 37.772734, -122.425606 37.773199999999996, -122.4257 37.77366599999999, -122.425794 37.774132, -122.424144 37.77434199999999, -122.424057 37.77387499999999, -122.42396200000002 37.773409, -122.423868 37.772943, -122.42367800000001 37.772005, -122.42362000000001 37.771716999999974, -122.42372499999999 37.771696, -122.42400800000001 37.771474, -122.424829 37.770828999999985, -122.424853 37.77074799999999, -122.425136 37.770868999999976, -122.425322 37.771794999999976))",7684.0,0.0,3002,075,S,060750168023002,+37.7730715,-122.4247370,G5040,Block 3002,06,016802,,
60750168021,"POLYGON ((-122.42359600000002 37.77179799999999, -122.42362000000001 37.771716999999974, -122.42367800000001 37.772005, -122.423868 37.772943, -122.42396200000002 37.773409, -122.424057 37.77387499999999, -122.424144 37.77434199999999, -122.425794 37.774132, -122.42588799999999 37.77459899999998, -122.424343 37.774799, -122.42424599999998 37.774810999999985, -122.42259799999998 37.77502099999999, -122.421097 37.77521900000001, -122.42096 37.775231999999995, -122.42079500000001 37.77524899999999, -122.419397 37.77542199999999, -122.41935499999998 37.775234, -122.419256 37.775147, -122.41935699999999 37.77512799999999, -122.42023100000002 37.774438, -122.420254 37.77435899999999, -122.42038600000002 37.774316, -122.42067500000002 37.77408700000001, -122.42069900000001 37.774007999999995, -122.42080800000001 37.77399700000001, -122.421089 37.77377499999999, -122.42191599999998 37.77312299999999, -122.421941 37.773036, -122.42205099999998 37.773016, -122.42218600000001 37.772909, -122.422595 37.772587, -122.42262 37.77250299999999, -122.42273200000001 37.77247999999999, -122.42326699999998 37.772058000000015, -122.42359600000002 37.77179799999999))",509.0,0.0,1008,075,S,060750168021008,+37.7742323,-122.4206009,G5040,Block 1008,06,016802,,
60750170001,"POLYGON ((-122.43645900000001 37.765665999999996, -122.437067 37.765859999999996, -122.43855500000001 37.766297, -122.439502 37.76657600000001, -122.43920699999998 37.767163999999994, -122.439301 37.768166, -122.43881999999998 37.76840099999998, -122.43833800000002 37.769006999999995, -122.437556 37.769042999999996, -122.43723100000001 37.76905999999998, -122.437106 37.768963, -122.43658800000001 37.769000999999996, -122.435794 37.76905799999999, -122.43562400000002 37.767328, -122.435548 37.766528000000015, -122.435472 37.765727, -122.43645900000001 37.765665999999996))",19108.0,0.0,1005,075,S,060750170001005,+37.7661890,-122.4368311,G5040,Block 1005,06,017000,,
60750167003,"POLYGON ((-122.442009 37.765907, -122.44216700000001 37.765888, -122.44236100000002 37.765885000000004, -122.44257499999999 37.765927999999995, -122.442811 37.76601099999999, -122.44300400000002 37.766145, -122.44304199999999 37.766214999999995, -122.443105 37.766413999999976, -122.44353299999999 37.76669100000001, -122.44369499999999 37.766954000000005, -122.44376400000002 37.767067, -122.44386600000001 37.76753600000001, -122.44335600000001 37.768944, -122.443167 37.769037, -122.44241099999998 37.769493, -122.442384 37.76960000000001, -122.44250600000001 37.769686000000014, -122.442647 37.76969, -122.44276500000001 37.76966099999999, -122.44301899999999 37.769825, -122.443155 37.769972, -122.443265 37.770179999999975, -122.44331199999998 37.770469999999996, -122.441998 37.770638, -122.440358 37.770846999999996, -122.438709 37.771056, -122.437046 37.771267, -122.43537299999998 37.77147899999998, -122.435184 37.770548, -122.436849 37.77034299999999, -122.43658800000001 37.769000999999996, -122.437106 37.768963, -122.43723100000001 37.76905999999998, -122.437556 37.769042999999996, -122.43833800000002 37.769006999999995, -122.43881999999998 37.76840099999998, -122.439301 37.768166, -122.440137 37.76775699999999, -122.44060400000001 37.76695500000001, -122.441938 37.76595299999999, -122.442009 37.765907))",166348.0,0.0,3004,075,S,060750167003004,+37.7685646,-122.4413877,G5040,Block 3004,06,016700,,
60750167002,"POLYGON ((-122.435794 37.76905799999999, -122.43658800000001 37.769000999999996, -122.436849 37.77034299999999, -122.435184 37.770548, -122.43440500000001 37.770646, -122.433547 37.770755, -122.432717 37.77086099999998, -122.43190400000002 37.770963999999985, -122.43181100000001 37.770501, -122.43171699999999 37.77003499999999, -122.43157 37.76930699999999, -122.432464 37.76925, -122.433572 37.76917799999998, -122.434893 37.76911399999998, -122.435794 37.76905799999999))",532.0,0.0,2002,075,S,060750167002002,+37.7700446,-122.4365004,G5040,Block 2002,06,016700,,
60750168011,"POLYGON ((-122.43199800000001 37.77143100000001, -122.432092 37.771896999999996, -122.43228 37.77282899999999, -122.432467 37.773757, -122.432351 37.773779000000005, -122.430825 37.773973000000005, -122.43062899999998 37.773039, -122.42899 37.77324799999999, -122.42889000000001 37.77275399999999, -122.42880199999999 37.772316, -122.428708 37.77185000000001, -122.42861400000001 37.771382999999986, -122.430261 37.771174, -122.43190400000002 37.770963999999985, -122.43199800000001 37.77143100000001))",15465.0,0.0,1001,075,S,060750168011001,+37.7724679,-122.4313587,G5040,Block 1001,06,016801,,
60750167001,"POLYGON ((-122.435184 37.770548, -122.43537299999998 37.77147899999998, -122.435563 37.772418, -122.43575100000001 37.773346, -122.434109 37.773548999999996, -122.432467 37.773757, -122.43228 37.77282899999999, -122.432092 37.771896999999996, -122.43199800000001 37.77143100000001, -122.43190400000002 37.770963999999985, -122.432717 37.77086099999998, -122.433547 37.770755, -122.43440500000001 37.770646, -122.435184 37.770548))",15275.0,0.0,1001,075,S,060750167001001,+37.7729833,-122.4348361,G5040,Block 1001,06,016700,,
60750167004,"POLYGON ((-122.43537299999998 37.77147899999998, -122.437046 37.771267, -122.438709 37.771056, -122.440358 37.770846999999996, -122.44054599999998 37.771778999999995, -122.440735 37.772712999999996, -122.43908900000001 37.772922, -122.43742300000001 37.773133, -122.43575100000001 37.773346, -122.435563 37.772418, -122.43537299999998 37.77147899999998))",15424.0,0.0,4004,075,S,060750167004004,+37.7714180,-122.4396277,G5040,Block 4004,06,016700,,
60750164002,"POLYGON ((-122.437486 37.77321399999999, -122.43742300000001 37.773133, -122.43908900000001 37.772922, -122.440735 37.772712999999996, -122.440922 37.773635000000006, -122.44111000000001 37.77456699999999, -122.44130000000001 37.775504999999974, -122.44148799999999 37.776434999999985, -122.44033999999999 37.77658, -122.43984399999998 37.77664399999997, -122.43817700000001 37.77685599999999, -122.438213 37.776779999999995, -122.438061 37.77599699999999, -122.43799000000001 37.775925, -122.438028 37.77584600000001, -122.43786700000001 37.775065, -122.43779899999998 37.774992, -122.437832 37.77490400000001, -122.437673 37.77413899999999, -122.43761100000002 37.774062, -122.43763799999999 37.773976999999995, -122.437486 37.77321399999999))",15450.0,0.0,2002,075,S,060750164002002,+37.7751409,-122.4403835,G5040,Block 2002,06,016400,,
60750164001,"POLYGON ((-122.437486 37.77321399999999, -122.43763799999999 37.773976999999995, -122.43761100000002 37.774062, -122.437673 37.77413899999999, -122.437832 37.77490400000001, -122.43779899999998 37.774992, -122.43786700000001 37.775065, -122.438028 37.77584600000001, -122.43799000000001 37.775925, -122.438061 37.77599699999999, -122.438213 37.776779999999995, -122.43817700000001 37.77685599999999, -122.43650699999999 37.777068, -122.43486400000002 37.777280999999995, -122.433219 37.77749, -122.43302800000001 37.77654999999999, -122.43286 37.77571899999999, -122.43282999999998 37.775625999999995, -122.43266299999999 37.77479999999999, -122.43264900000001 37.77469299999999, -122.43263400000001 37.774584999999995, -122.432467 37.773757, -122.434109 37.773548999999996, -122.43575100000001 37.773346, -122.43742300000001 37.773133, -122.437486 37.77321399999999))",801.0,0.0,1008,075,S,060750164001008,+37.7745307,-122.4377060,G5040,Block 1008,06,016400,,
60750163002,"POLYGON ((-122.427546 37.774387999999966, -122.429178 37.774181000000006, -122.429273 37.774649, -122.429366 37.775110999999995, -122.42946000000002 37.775577, -122.42955400000001 37.77604399999998, -122.42791400000002 37.776253999999994, -122.426263 37.77646399999998, -122.426167 37.77599699999998, -122.42607 37.775525, -122.425979 37.77504900000001, -122.42588799999999 37.77459899999998, -122.427546 37.774387999999966))",7809.0,0.0,2003,075,S,060750163002003,+37.7756565,-122.4269444,G5040,Block 2003,06,016300,,
60750163003,"POLYGON ((-122.43266299999999 37.77479999999999, -122.43282999999998 37.775625999999995, -122.43286 37.77571899999999, -122.43302800000001 37.77654999999999, -122.433219 37.77749, -122.43157499999998 37.7777, -122.430576 37.777827, -122.42984899999998 37.777919, -122.42992000000001 37.777798, -122.42977300000001 37.777066999999995, -122.429687 37.77697599999999, -122.429738 37.776882, -122.42969099999999 37.77656199999998, -122.42962599999998 37.776513, -122.429623 37.776332, -122.429622 37.776328999999976, -122.42955400000001 37.77604399999998, -122.42946000000002 37.775577, -122.429366 37.775110999999995, -122.429273 37.774649, -122.429178 37.774181000000006, -122.430825 37.773973000000005, -122.432351 37.773779000000005, -122.432467 37.773757, -122.43263400000001 37.774584999999995, -122.43264900000001 37.77469299999999, -122.43266299999999 37.77479999999999))",15248.0,0.0,3002,075,S,060750163003002,+37.7761924,-122.4321127,G5040,Block 3002,06,016300,,
60750163001,"POLYGON ((-122.426263 37.77646399999998, -122.42791400000002 37.776253999999994, -122.42955400000001 37.77604399999998, -122.429622 37.776328999999976, -122.429623 37.776332, -122.42962599999998 37.776513, -122.42969099999999 37.77656199999998, -122.429738 37.776882, -122.429687 37.77697599999999, -122.42977300000001 37.777066999999995, -122.42992000000001 37.777798, -122.42984899999998 37.777919, -122.429152 37.778006999999995, -122.428909 37.778039, -122.428084 37.77814499999999, -122.42664100000002 37.778329, -122.42654800000001 37.777862, -122.42645200000001 37.777387999999995, -122.42635899999999 37.77693, -122.426263 37.77646399999998))",1432.0,0.0,1003,075,S,060750163001003,+37.7774468,-122.4297619,G5040,Block 1003,06,016300,,
60750161002,"POLYGON ((-122.433407 37.778422, -122.433596 37.779355, -122.431952 37.779564000000015, -122.43176300000002 37.778632000000016, -122.430646 37.778774, -122.430047 37.778850999999996, -122.429731 37.77889100000001, -122.428555 37.779039, -122.42819000000001 37.77908600000001, -122.426829 37.779258000000006, -122.42675500000001 37.77889299999999, -122.42664100000002 37.778329, -122.428084 37.77814499999999, -122.428909 37.778039, -122.429152 37.778006999999995, -122.42984899999998 37.777919, -122.430576 37.777827, -122.43157499999998 37.7777, -122.433219 37.77749, -122.433407 37.778422))",1315.0,0.0,2002,075,S,060750161002002,+37.7783946,-122.4299473,G5040,Block 2002,06,016100,,
60750166002,"POLYGON ((-122.44964500000002 37.76966199999999, -122.448579 37.769797999999994, -122.446934 37.77000799999999, -122.445345 37.77021, -122.443649 37.77042600000001, -122.44331199999998 37.770469999999996, -122.443265 37.770179999999975, -122.443155 37.769972, -122.44301899999999 37.769825, -122.44276500000001 37.76966099999999, -122.44284299999998 37.76960499999999, -122.443079 37.76956499999999, -122.44334000000002 37.769532999999996, -122.44346100000001 37.76949700000001, -122.44510600000001 37.769284000000006, -122.445922 37.769178999999994, -122.44674499999999 37.76907399999999, -122.44756800000002 37.76896899999999, -122.44839000000002 37.768865, -122.44945399999999 37.76872900000001, -122.45052200000002 37.768592999999996, -122.45071 37.76952599999999, -122.45021700000001 37.769588999999996, -122.44964500000002 37.76966199999999))",14870.0,0.0,2002,075,S,060750166002002,+37.7696419,-122.4460456,G5040,Block 2002,06,016600,,
60750166001,"POLYGON ((-122.440358 37.770846999999996, -122.441998 37.770638, -122.44331199999998 37.770469999999996, -122.443649 37.77042600000001, -122.445345 37.77021, -122.44553500000002 37.771142000000005, -122.445717 37.772079999999995, -122.444024 37.772295, -122.442378 37.77250400000001, -122.440735 37.772712999999996, -122.44054599999998 37.771778999999995, -122.440358 37.770846999999996))",15449.0,0.0,1001,075,S,060750166001001,+37.7719318,-122.4431070,G5040,Block 1001,06,016600,,
60750165001,"POLYGON ((-122.444405 37.774148999999994, -122.44459300000001 37.77508600000001, -122.44477999999998 37.776017, -122.44313199999999 37.776226, -122.44148799999999 37.776434999999985, -122.44130000000001 37.775504999999974, -122.44111000000001 37.77456699999999, -122.440922 37.773635000000006, -122.442565 37.773424, -122.444216 37.773212, -122.444405 37.774148999999994))",15394.0,0.0,1004,075,S,060750165001004,+37.7739963,-122.4418385,G5040,Block 1004,06,016500,,
60750165002,"POLYGON ((-122.447878 37.774667, -122.448068 37.775599, -122.44744299999998 37.775678, -122.446471 37.775801999999985, -122.44477999999998 37.776017, -122.44459300000001 37.77508600000001, -122.444405 37.774148999999994, -122.444216 37.773212, -122.44590199999999 37.772995, -122.447497 37.77279000000001, -122.44768800000001 37.773733, -122.447878 37.774667))",15877.0,0.0,2004,075,S,060750165002004,+37.7735727,-122.4451542,G5040,Block 2004,06,016500,,
60750157002,"POLYGON ((-122.441634 37.777156, -122.44148799999999 37.776434999999985, -122.44313199999999 37.776226, -122.44477999999998 37.776017, -122.446471 37.775801999999985, -122.44666 37.77674199999997, -122.446846 37.77766899999998, -122.445156 37.777886999999986, -122.44534699999998 37.77883699999999, -122.44369899999998 37.779038000000014, -122.44205299999999 37.77924399999998, -122.44186600000002 37.7783, -122.44167799999998 37.777372999999976, -122.441634 37.777156))",15751.0,0.0,2007,075,S,060750157002007,+37.7773138,-122.4459069,G5040,Block 2007,06,015700,,
60750158022,"POLYGON ((-122.43942600000001 37.777660999999995, -122.438812 37.77773799999998, -122.43836599999999 37.77779399999999, -122.43823699999999 37.77780999999999, -122.43669699999998 37.778006, -122.435052 37.77821299999999, -122.433407 37.778422, -122.433219 37.77749, -122.43486400000002 37.777280999999995, -122.43650699999999 37.777068, -122.43817700000001 37.77685599999999, -122.43984399999998 37.77664399999997, -122.44033999999999 37.77658, -122.44148799999999 37.776434999999985, -122.441634 37.777156, -122.44167799999998 37.777372999999976, -122.44186600000002 37.7783, -122.440213 37.778511, -122.440027 37.777587000000004, -122.43942600000001 37.777660999999995))",892.0,0.0,2003,075,S,060750158022003,+37.7773243,-122.4382712,G5040,Block 2003,06,015802,,
60750158021,"POLYGON ((-122.43942600000001 37.777660999999995, -122.440027 37.777587000000004, -122.440213 37.778511, -122.44186600000002 37.7783, -122.44205299999999 37.77924399999998, -122.44111900000001 37.779371999999995, -122.440958 37.77936400000001, -122.44039699999999 37.77943899999999, -122.43874 37.77966, -122.43789499999998 37.779765, -122.43707199999999 37.779866999999996, -122.43697900000001 37.77940399999999, -122.43688500000002 37.778938, -122.43669699999998 37.778006, -122.43823699999999 37.77780999999999, -122.43836599999999 37.77779399999999, -122.438812 37.77773799999998, -122.43942600000001 37.777660999999995))",878.0,0.0,1006,075,S,060750158021006,+37.7782642,-122.4384596,G5040,Block 1006,06,015802,,
60750157001,"POLYGON ((-122.447098 37.778715, -122.44737300000001 37.780062999999984, -122.44735200000001 37.78015199999999, -122.447417 37.78022899999999, -122.44757199999998 37.780971, -122.447518 37.78107, -122.447603 37.781141, -122.447679 37.781510000000004, -122.44763700000001 37.78171899999999, -122.44745100000002 37.782195, -122.44730200000001 37.782392, -122.44677500000002 37.782461, -122.445853 37.782509999999995, -122.445826 37.782512, -122.44580300000001 37.782513, -122.445711 37.78251799999999, -122.444441 37.782678, -122.442793 37.78288499999999, -122.442692 37.78264299999999, -122.44182 37.78230699999998, -122.44167199999998 37.78223399999997, -122.44151200000002 37.78209599999998, -122.44134 37.781234999999995, -122.44114900000001 37.78029300000001, -122.440958 37.77936400000001, -122.44111900000001 37.779371999999995, -122.44205299999999 37.77924399999998, -122.44369899999998 37.779038000000014, -122.44534699999998 37.77883699999999, -122.445156 37.777886999999986, -122.446846 37.77766899999998, -122.44703999999999 37.778621999999984, -122.447098 37.778715))",2762.0,0.0,1000,075,S,060750157001000,+37.7826300,-122.4444339,G5040,Block 1000,06,015700,,
60750158012,"POLYGON ((-122.44039699999999 37.77943899999999, -122.440958 37.77936400000001, -122.44114900000001 37.78029300000001, -122.44134 37.781234999999995, -122.44151200000002 37.78209599999998, -122.44167199999998 37.78223399999997, -122.44182 37.78230699999998, -122.442692 37.78264299999999, -122.442793 37.78288499999999, -122.44270199999998 37.782972, -122.44115800000002 37.783163999999985, -122.43963299999999 37.78336000000001, -122.43948 37.78330799999998, -122.439352 37.78339499999998, -122.43893699999998 37.78344999999998, -122.43855100000002 37.78359699999999, -122.438268 37.78371600000001, -122.43801700000002 37.783773, -122.437848 37.783718000000015, -122.43763299999999 37.78266300000002, -122.437446 37.78172700000002, -122.43726 37.780802, -122.43707199999999 37.779866999999996, -122.43789499999998 37.779765, -122.43874 37.77966, -122.44039699999999 37.77943899999999))",9279.0,0.0,2006,075,S,060750158012006,+37.7826304,-122.4417222,G5040,Block 2006,06,015801,,
60750157003,"POLYGON ((-122.450458 37.77720499999999, -122.451346 37.77709, -122.45223399999999 37.776976, -122.453188 37.776853, -122.453385 37.777826999999995, -122.45344999999999 37.77797799999998, -122.45366899999999 37.77905499999999, -122.453782 37.779602000000004, -122.45384099999998 37.77988800000001, -122.45385500000002 37.780126, -122.453877 37.780239, -122.45411600000001 37.781434999999995, -122.45417600000002 37.781599, -122.45407 37.78168599999999, -122.453268 37.78177899999999, -122.45317 37.78171699999999, -122.45309900000001 37.781803000000004, -122.45225200000002 37.78191299999998, -122.45214300000002 37.781853, -122.452061 37.781946999999995, -122.451233 37.78205099999998, -122.45112000000002 37.78198400000001, -122.451046 37.78207299999999, -122.45019899999998 37.782177000000004, -122.450092 37.782117, -122.450026 37.782202999999996, -122.44907899999998 37.782314, -122.44898899999998 37.78235999999999, -122.44806399999999 37.782483, -122.447366 37.782554999999995, -122.447318 37.78243199999999, -122.44730200000001 37.782392, -122.44745100000002 37.782195, -122.44763700000001 37.78171899999999, -122.447679 37.781510000000004, -122.447603 37.781141, -122.447518 37.78107, -122.44757199999998 37.780971, -122.447417 37.78022899999999, -122.44735200000001 37.78015199999999, -122.44737300000001 37.780062999999984, -122.447098 37.778715, -122.44703999999999 37.778621999999984, -122.44799799999998 37.77850099999999, -122.448879 37.778388999999976, -122.44976699999998 37.77827700000001, -122.45065500000001 37.778165, -122.450458 37.77720499999999))",1347.0,0.0,3005,075,S,060750157003005,+37.7820531,-122.4506100,G5040,Block 3005,06,015700,,
60750162002,"POLYGON ((-122.424529 37.77620599999999, -122.424623 37.77667400000001, -122.42297800000001 37.776884, -122.42133000000001 37.777091000000006, -122.419694 37.777300000000004, -122.41975 37.77719200000001, -122.419603 37.776457, -122.419506 37.77636899999999, -122.419565 37.77626199999999, -122.41949199999999 37.775894, -122.419397 37.77542199999999, -122.42079500000001 37.77524899999999, -122.42096 37.775231999999995, -122.421097 37.77521900000001, -122.42259799999998 37.77502099999999, -122.42424599999998 37.774810999999985, -122.42434 37.775276999999996, -122.42443399999999 37.775739999999985, -122.424529 37.77620599999999))",7343.0,0.0,2007,075,S,060750162002007,+37.7755602,-122.4202235,G5040,Block 2007,06,016200,,
60750162003,"POLYGON ((-122.42607 37.775525, -122.426167 37.77599699999998, -122.426263 37.77646399999998, -122.42635899999999 37.77693, -122.42645200000001 37.777387999999995, -122.42654800000001 37.777862, -122.42664100000002 37.778329, -122.42499800000002 37.778538, -122.424904 37.778071999999995, -122.424809 37.77760199999999, -122.424718 37.777139999999996, -122.424623 37.77667400000001, -122.424529 37.77620599999999, -122.42443399999999 37.775739999999985, -122.42434 37.775276999999996, -122.42424599999998 37.774810999999985, -122.424343 37.774799, -122.42588799999999 37.77459899999998, -122.425979 37.77504900000001, -122.42607 37.775525))",7688.0,0.0,3000,075,S,060750162003000,+37.7782002,-122.4257730,G5040,Block 3000,06,016200,,
60750162001,"POLYGON ((-122.41993400000001 37.778120000000015, -122.41985700000001 37.77773199999999, -122.419788 37.777387, -122.419694 37.777300000000004, -122.42133000000001 37.777091000000006, -122.42297800000001 37.776884, -122.424623 37.77667400000001, -122.424718 37.777139999999996, -122.424809 37.77760199999999, -122.424904 37.778071999999995, -122.42499800000002 37.778538, -122.423354 37.77874699999999, -122.42344800000001 37.779213000000006, -122.423541 37.77967399999999, -122.421892 37.77988999999999, -122.420461 37.78006899999999, -122.420247 37.780075, -122.420311 37.77991699999999, -122.419968 37.778312, -122.41988299999998 37.778250999999976, -122.41993400000001 37.778120000000015))",7682.0,0.0,1008,075,S,060750162001008,+37.7770117,-122.4238483,G5040,Block 1008,06,016200,,
60750161003,"POLYGON ((-122.43176300000002 37.778632000000016, -122.431952 37.779564000000015, -122.43214 37.780496, -122.43042400000002 37.78071599999999, -122.42866799999999 37.78093899999999, -122.427324 37.78111, -122.427203 37.78111700000001, -122.427017 37.780193, -122.4269 37.779610999999996, -122.426829 37.779258000000006, -122.42819000000001 37.77908600000001, -122.428555 37.779039, -122.429731 37.77889100000001, -122.430047 37.778850999999996, -122.430646 37.778774, -122.43176300000002 37.778632000000016))",15524.0,0.0,3003,075,S,060750161003003,+37.7801361,-122.4312159,G5040,Block 3003,06,016100,,
60750161001,"POLYGON ((-122.4269 37.779610999999996, -122.427017 37.780193, -122.427203 37.78111700000001, -122.427312 37.78165200000001, -122.427396 37.78205700000001, -122.424108 37.782477, -122.42391800000001 37.781535999999996, -122.42382500000001 37.781078, -122.42373100000002 37.780612, -122.423541 37.77967399999999, -122.42344800000001 37.779213000000006, -122.423354 37.77874699999999, -122.42499800000002 37.778538, -122.42664100000002 37.778329, -122.42675500000001 37.77889299999999, -122.426829 37.779258000000006, -122.4269 37.779610999999996))",30453.0,0.0,1001,075,S,060750161001001,+37.7808644,-122.4254671,G5040,Block 1001,06,016100,,
60750161004,"POLYGON ((-122.433596 37.779355, -122.433785 37.780286999999994, -122.43397300000001 37.781219, -122.433251 37.78131, -122.432329 37.781428, -122.431696 37.78150799999998, -122.430609 37.781645999999974, -122.429041 37.781847, -122.427396 37.78205700000001, -122.427312 37.78165200000001, -122.427203 37.78111700000001, -122.427324 37.78111, -122.42866799999999 37.78093899999999, -122.43042400000002 37.78071599999999, -122.43214 37.780496, -122.431952 37.779564000000015, -122.433596 37.779355))",1372.0,0.0,4002,075,S,060750161004002,+37.7811829,-122.4305171,G5040,Block 4002,06,016100,,
60750160001,"POLYGON ((-122.42373100000002 37.780612, -122.42382500000001 37.781078, -122.42391800000001 37.781535999999996, -122.424108 37.782477, -122.424202 37.782942, -122.424295 37.7834, -122.424487 37.78434599999999, -122.424687 37.78533500000001, -122.424538 37.785273999999994, -122.42416999999999 37.78519300000001, -122.423874 37.785002999999996, -122.423612 37.784766, -122.423325 37.784615, -122.42304 37.78455300000001, -122.422838 37.784546999999996, -122.421193 37.784752999999995, -122.421243 37.784634999999994, -122.42117099999999 37.784282999999995, -122.42109800000001 37.78391500000001, -122.42100800000001 37.783823999999996, -122.42105 37.783712, -122.420977 37.783352, -122.42090099999999 37.782977, -122.42081699999999 37.782894000000006, -122.42088200000002 37.782776, -122.42081000000002 37.782416999999995, -122.42073800000001 37.782053, -122.420638 37.78196100000002, -122.42069300000001 37.78185199999997, -122.42062300000002 37.78149399999998, -122.42055200000001 37.781126, -122.42044 37.781031, -122.420499 37.780908999999994, -122.420425 37.78058299999997, -122.42033599999999 37.78019, -122.420247 37.780075, -122.420461 37.78006899999999, -122.421892 37.77988999999999, -122.423541 37.77967399999999, -122.42373100000002 37.780612))",7422.0,0.0,1007,075,S,060750160001007,+37.7830180,-122.4217168,G5040,Block 1007,06,016000,,
60750124011,"POLYGON ((-122.417146 37.781447, -122.41733900000001 37.782379, -122.417494 37.783139, -122.41752899999999 37.783311, -122.41761899999999 37.783778, -122.41770700000001 37.784236, -122.41607200000001 37.784448999999995, -122.415883 37.783516, -122.415845 37.78333, -122.41569400000002 37.78258499999999, -122.41550500000001 37.781653999999996, -122.416341 37.781548999999984, -122.41679900000001 37.78149099999999, -122.417146 37.781447))",15317.0,0.0,1002,075,S,060750124011002,+37.7820157,-122.4164208,G5040,Block 1002,06,012401,,
60750124023,"POLYGON ((-122.417494 37.783139, -122.41733900000001 37.782379, -122.418993 37.782168999999996, -122.420638 37.78196100000002, -122.42073800000001 37.782053, -122.42081000000002 37.782416999999995, -122.42088200000002 37.782776, -122.42081699999999 37.782894000000006, -122.42090099999999 37.782977, -122.420977 37.783352, -122.42105 37.783712, -122.42100800000001 37.783823999999996, -122.419364 37.784029000000004, -122.41770700000001 37.784236, -122.41761899999999 37.783778, -122.41752899999999 37.783311, -122.417494 37.783139))",1208.0,0.0,3002,075,S,060750124023002,+37.7833549,-122.4209037,G5040,Block 3002,06,012402,,
60750122021,"POLYGON ((-122.421243 37.784634999999994, -122.421193 37.784752999999995, -122.421277 37.784856999999995, -122.42136 37.78521399999998, -122.421442 37.785566999999986, -122.42139300000001 37.78568599999999, -122.42129800000001 37.78579399999999, -122.421373 37.786166, -122.42144700000001 37.786528000000004, -122.42156999999999 37.78661900000001, -122.41992799999998 37.786828, -122.418271 37.78703799999999, -122.418179 37.786565999999986, -122.41808799999998 37.786100999999995, -122.417996 37.78564199999999, -122.41790100000001 37.785166999999994, -122.417806 37.78471, -122.41770700000001 37.784236, -122.419364 37.784029000000004, -122.42100800000001 37.783823999999996, -122.42109800000001 37.78391500000001, -122.42117099999999 37.784282999999995, -122.421243 37.784634999999994))",1190.0,0.0,1006,075,S,060750122021006,+37.7852220,-122.4212880,G5040,Block 1006,06,012202,,
60750158013,"POLYGON ((-122.43688500000002 37.778938, -122.43697900000001 37.77940399999999, -122.43707199999999 37.779866999999996, -122.43726 37.780802, -122.43618900000001 37.780936999999994, -122.43561600000001 37.781009, -122.43397300000001 37.781219, -122.433785 37.780286999999994, -122.433596 37.779355, -122.433407 37.778422, -122.435052 37.77821299999999, -122.43669699999998 37.778006, -122.43688500000002 37.778938))",15363.0,0.0,3002,075,S,060750158013002,+37.7795073,-122.4361552,G5040,Block 3002,06,015801,,
60750159002,"POLYGON ((-122.430609 37.781645999999974, -122.431696 37.78150799999998, -122.432329 37.781428, -122.433251 37.78131, -122.43397300000001 37.781219, -122.43416200000001 37.782151, -122.43435 37.783083, -122.43456199999999 37.78415200000001, -122.43446500000002 37.78422200000001, -122.43373700000001 37.78431399999999, -122.43297000000001 37.78441000000001, -122.43291399999998 37.78435499999999, -122.432885 37.78442, -122.431399 37.784607, -122.431205 37.784568, -122.43124000000002 37.784334000000015, -122.43107300000001 37.78360399999999, -122.43098900000001 37.783508, -122.43105 37.78339799999999, -122.43099 37.78309599999999, -122.430906 37.782675999999974, -122.430798 37.78256999999999, -122.430858 37.782447, -122.43071499999999 37.781739999999985, -122.430609 37.781645999999974))",1405.0,0.0,2004,075,S,060750159002004,+37.7841487,-122.4337315,G5040,Block 2004,06,015900,,
60750158011,"POLYGON ((-122.43397300000001 37.781219, -122.43561600000001 37.781009, -122.43618900000001 37.780936999999994, -122.43726 37.780802, -122.437446 37.78172700000002, -122.43763299999999 37.78266300000002, -122.437848 37.783718000000015, -122.437752 37.783802, -122.434659 37.78419399999999, -122.43456199999999 37.78415200000001, -122.43435 37.783083, -122.43416200000001 37.782151, -122.43397300000001 37.781219))",4673.0,0.0,1000,075,S,060750158011000,+37.7839198,-122.4362286,G5040,Block 1000,06,015801,,
60750155002,"POLYGON ((-122.43446500000002 37.78422200000001, -122.43456199999999 37.78415200000001, -122.434659 37.78419399999999, -122.437752 37.783802, -122.437848 37.783718000000015, -122.43802 37.784531, -122.438206 37.785458999999996, -122.436557 37.78566800000001, -122.434918 37.785876000000016, -122.433272 37.786085, -122.43227099999999 37.786211999999985, -122.431552 37.786304, -122.431623 37.786232999999996, -122.431467 37.785455999999996, -122.431366 37.785373, -122.43143599999999 37.785267999999995, -122.43132800000001 37.784797999999995, -122.431205 37.784568, -122.431399 37.784607, -122.432885 37.78442, -122.43291399999998 37.78435499999999, -122.43297000000001 37.78441000000001, -122.43373700000001 37.78431399999999, -122.43446500000002 37.78422200000001))",5328.0,0.0,2005,075,S,060750155002005,+37.7846721,-122.4342561,G5040,Block 2005,06,015500,,
60750159001,"POLYGON ((-122.430858 37.782447, -122.430798 37.78256999999999, -122.430906 37.782675999999974, -122.43099 37.78309599999999, -122.43105 37.78339799999999, -122.43098900000001 37.783508, -122.43107300000001 37.78360399999999, -122.43124000000002 37.784334000000015, -122.431205 37.784568, -122.43105299999998 37.78466799999998, -122.429519 37.78485499999999, -122.429063 37.78490999999999, -122.428102 37.785027, -122.42798900000001 37.784954, -122.42789399999998 37.78506399999998, -122.426483 37.78524199999999, -122.424899 37.785441, -122.424687 37.78533500000001, -122.424487 37.78434599999999, -122.424295 37.7834, -122.424202 37.782942, -122.424108 37.782477, -122.427396 37.78205700000001, -122.429041 37.781847, -122.430609 37.781645999999974, -122.43071499999999 37.781739999999985, -122.430858 37.782447))",1363.0,0.0,1006,075,S,060750159001006,+37.7821050,-122.4307034,G5040,Block 1006,06,015900,,
60750155003,"POLYGON ((-122.437848 37.783718000000015, -122.43801700000002 37.783773, -122.438268 37.78371600000001, -122.43855100000002 37.78359699999999, -122.43893699999998 37.78344999999998, -122.439352 37.78339499999998, -122.43948 37.78330799999998, -122.43963299999999 37.78336000000001, -122.44115800000002 37.783163999999985, -122.44270199999998 37.782972, -122.442793 37.78288499999999, -122.442989 37.783896999999996, -122.443183 37.78482699999999, -122.44153699999998 37.78503599999999, -122.439873 37.78524800000001, -122.438206 37.785458999999996, -122.43802 37.784531, -122.437848 37.783718000000015))",14009.0,0.0,3007,075,S,060750155003007,+37.7839892,-122.4387813,G5040,Block 3007,06,015500,,
60750153002,"POLYGON ((-122.438394 37.786392, -122.43674700000001 37.78660100000001, -122.436557 37.78566800000001, -122.438206 37.785458999999996, -122.439873 37.78524800000001, -122.44153699999998 37.78503599999999, -122.443183 37.78482699999999, -122.44337000000002 37.785759, -122.44355999999999 37.78669099999999, -122.443753 37.787647, -122.44210999999999 37.787855999999984, -122.44044 37.788067, -122.440472 37.78799, -122.440312 37.787187, -122.44024999999999 37.78711199999999, -122.44027799999999 37.787025, -122.44012100000002 37.786244, -122.440061 37.78618000000001, -122.438394 37.786392))",15757.0,0.0,2006,075,S,060750153002006,+37.7872735,-122.4428347,G5040,Block 2006,06,015300,,
60750155001,"POLYGON ((-122.424687 37.78533500000001, -122.424899 37.785441, -122.426483 37.78524199999999, -122.42789399999998 37.78506399999998, -122.42798900000001 37.784954, -122.428102 37.785027, -122.429063 37.78490999999999, -122.429519 37.78485499999999, -122.43105299999998 37.78466799999998, -122.431205 37.784568, -122.43132800000001 37.784797999999995, -122.43143599999999 37.785267999999995, -122.431366 37.785373, -122.431467 37.785455999999996, -122.431623 37.786232999999996, -122.431552 37.786304, -122.42997900000002 37.786504, -122.428336 37.786713, -122.426667 37.786925, -122.425047 37.78713, -122.42485799999999 37.786196, -122.424687 37.78533500000001))",14081.0,0.0,1002,075,S,060750155001002,+37.7859404,-122.4306302,G5040,Block 1002,06,015500,,
60750152003,"POLYGON ((-122.431828 37.787125999999994, -122.431662 37.786358, -122.431552 37.786304, -122.43227099999999 37.786211999999985, -122.433272 37.786085, -122.434918 37.785876000000016, -122.435106 37.786811, -122.435199 37.787275, -122.435293 37.78774099999998, -122.43548600000001 37.78869700000001, -122.43384000000002 37.78890599999999, -122.43364700000001 37.78794999999999, -122.43282599999999 37.78805500000001, -122.432003 37.78815899999999, -122.43191000000002 37.787697, -122.431813 37.787231000000006, -122.431828 37.787125999999994))",7691.0,0.0,3001,075,S,060750152003001,+37.7876125,-122.4344230,G5040,Block 3001,06,015200,,
60750153001,"POLYGON ((-122.436557 37.78566800000001, -122.43674700000001 37.78660100000001, -122.438394 37.786392, -122.440061 37.78618000000001, -122.44012100000002 37.786244, -122.44027799999999 37.787025, -122.44024999999999 37.78711199999999, -122.440312 37.787187, -122.440472 37.78799, -122.44044 37.788067, -122.438773 37.788278, -122.43712900000001 37.788488, -122.43548600000001 37.78869700000001, -122.435293 37.78774099999998, -122.435199 37.787275, -122.435106 37.786811, -122.434918 37.785876000000016, -122.436557 37.78566800000001))",835.0,0.0,1003,075,S,060750153001003,+37.7875905,-122.4403439,G5040,Block 1003,06,015300,,
60750152002,"POLYGON ((-122.431662 37.786358, -122.431828 37.787125999999994, -122.431813 37.787231000000006, -122.43191000000002 37.787697, -122.432003 37.78815899999999, -122.43282599999999 37.78805500000001, -122.43364700000001 37.78794999999999, -122.43384000000002 37.78890599999999, -122.433019 37.789010999999995, -122.432197 37.78911499999999, -122.43055100000001 37.789324, -122.42890500000001 37.78953399999999, -122.42871199999999 37.788577, -122.42852500000001 37.787650999999975, -122.428336 37.786713, -122.42997900000002 37.786504, -122.431552 37.786304, -122.431662 37.786358))",7884.0,0.0,2002,075,S,060750152002002,+37.7885849,-122.4325112,G5040,Block 2002,06,015200,,
60750152001,"POLYGON ((-122.42523699999998 37.78807000000002, -122.425141 37.787596999999984, -122.425047 37.78713, -122.426667 37.786925, -122.428336 37.786713, -122.42852500000001 37.787650999999975, -122.42871199999999 37.788577, -122.42890500000001 37.78953399999999, -122.42726 37.78974300000001, -122.42561599999999 37.789952, -122.42542299999998 37.78899499999999, -122.425331 37.78853599999999, -122.42523699999998 37.78807000000002))",15818.0,0.0,1001,075,S,060750152001001,+37.7891599,-122.4279842,G5040,Block 1001,06,015200,,
60750131021,"POLYGON ((-122.42416100000001 37.791081, -122.42251500000002 37.791288999999985, -122.42259899999999 37.791183, -122.422455 37.790472, -122.42232899999999 37.790369999999996, -122.42397500000001 37.79016, -122.42561599999999 37.789952, -122.42726 37.78974300000001, -122.42890500000001 37.78953399999999, -122.42909199999998 37.790459, -122.42927 37.79133899999998, -122.429447 37.792216999999994, -122.42962500000002 37.79309799999999, -122.42798300000001 37.793307, -122.42633500000001 37.793517, -122.42615700000002 37.79263399999999, -122.42598 37.79175699999999, -122.425802 37.790873999999995, -122.42416100000001 37.791081))",15246.0,0.0,1006,075,S,060750131021006,+37.7901007,-122.4281764,G5040,Block 1006,06,013102,,
60750154003,"POLYGON ((-122.44677500000002 37.782461, -122.44730200000001 37.782392, -122.447318 37.78243199999999, -122.447366 37.782554999999995, -122.44806399999999 37.782483, -122.44898899999998 37.78235999999999, -122.44907899999998 37.782314, -122.450026 37.782202999999996, -122.450092 37.782117, -122.45019899999998 37.782177000000004, -122.451046 37.78207299999999, -122.45112000000002 37.78198400000001, -122.451233 37.78205099999998, -122.452061 37.781946999999995, -122.45214300000002 37.781853, -122.45225200000002 37.78191299999998, -122.45309900000001 37.781803000000004, -122.45317 37.78171699999999, -122.453268 37.78177899999999, -122.45407 37.78168599999999, -122.45417600000002 37.781599, -122.45456999999999 37.783561999999996, -122.45461800000001 37.78403, -122.453653 37.784054, -122.452752 37.78406499999999, -122.45227600000001 37.78409099999999, -122.451998 37.784105999999994, -122.451875 37.78412700000001, -122.451546 37.784183000000006, -122.45101199999999 37.784275000000015, -122.450136 37.78448099999999, -122.44927 37.784688, -122.44762 37.78508399999999, -122.44642199999998 37.78536999999999, -122.44624700000001 37.78443800000002, -122.446033 37.783508999999995, -122.44591 37.78291699999999, -122.445826 37.782512, -122.445853 37.782509999999995, -122.44677500000002 37.782461))",21173.0,0.0,3006,075,S,060750154003006,+37.7830265,-122.4518406,G5040,Block 3006,06,015400,,
60750154002,"POLYGON ((-122.445711 37.78251799999999, -122.44580300000001 37.782513, -122.445826 37.782512, -122.44591 37.78291699999999, -122.446033 37.783508999999995, -122.44624700000001 37.78443800000002, -122.44642199999998 37.78536999999999, -122.44502 37.785548999999996, -122.44337000000002 37.785759, -122.443183 37.78482699999999, -122.442989 37.783896999999996, -122.442793 37.78288499999999, -122.444441 37.782678, -122.445711 37.78251799999999))",15413.0,0.0,2003,075,S,060750154002003,+37.7842565,-122.4439115,G5040,Block 2003,06,015400,,
60750154001,"POLYGON ((-122.44927 37.784688, -122.44925899999998 37.78480499999999, -122.449358 37.78544600000001, -122.449479 37.785939, -122.449578 37.786075000000004, -122.44980000000001 37.786142999999974, -122.44997999999998 37.786135, -122.450118 37.786837999999996, -122.44846799999999 37.78704899999999, -122.44679300000001 37.787262, -122.445402 37.78743799999999, -122.443753 37.787647, -122.44355999999999 37.78669099999999, -122.44337000000002 37.785759, -122.44502 37.785548999999996, -122.44642199999998 37.78536999999999, -122.44762 37.78508399999999, -122.44927 37.784688))",15812.0,0.0,1000,075,S,060750154001000,+37.7870643,-122.4444809,G5040,Block 1000,06,015400,,
60750133003,"POLYGON ((-122.45523600000001 37.78713700000001, -122.453593 37.787344000000004, -122.451946 37.78755199999999, -122.45030299999999 37.787766, -122.448656 37.787977000000005, -122.44697400000001 37.788185999999996, -122.445589 37.788363999999994, -122.445402 37.78743799999999, -122.44679300000001 37.787262, -122.44846799999999 37.78704899999999, -122.450118 37.786837999999996, -122.45022500000002 37.786817, -122.451758 37.78662, -122.45328700000002 37.78642799999999, -122.453407 37.786418, -122.45477400000001 37.786243999999996, -122.45505000000001 37.78620899999999, -122.45523600000001 37.78713700000001))",15270.0,0.0,3005,075,S,060750133003005,+37.7867769,-122.4543218,G5040,Block 3005,06,013300,,
60750134002,"POLYGON ((-122.438773 37.788278, -122.44044 37.788067, -122.44210999999999 37.787855999999984, -122.443753 37.787647, -122.445402 37.78743799999999, -122.445589 37.788363999999994, -122.44575800000001 37.789248, -122.444119 37.789457, -122.44247600000001 37.78966299999999, -122.440806 37.789871999999995, -122.43913599999999 37.790080999999994, -122.439048 37.789645, -122.43896000000001 37.78920799999998, -122.438773 37.788278))",15099.0,0.0,2009,075,S,060750134002009,+37.7886398,-122.4396768,G5040,Block 2009,06,013400,,
60750133002,"POLYGON ((-122.445589 37.788363999999994, -122.44697400000001 37.788185999999996, -122.448656 37.787977000000005, -122.45030299999999 37.787766, -122.451946 37.78755199999999, -122.452126 37.788436999999995, -122.452302 37.789308000000005, -122.45065500000001 37.789518, -122.449012 37.789727, -122.44733 37.78994099999999, -122.445934 37.790119, -122.44575800000001 37.789248, -122.445589 37.788363999999994))",14346.0,0.0,2002,075,S,060750133002002,+37.7891872,-122.4497459,G5040,Block 2002,06,013300,,
60750133001,"POLYGON ((-122.445934 37.790119, -122.44733 37.78994099999999, -122.449012 37.789727, -122.45065500000001 37.789518, -122.452302 37.789308000000005, -122.45248 37.790189, -122.45262 37.79088000000001, -122.45274 37.79097399999999, -122.450995 37.79132299999999, -122.44942600000002 37.791637, -122.44936700000001 37.79148799999999, -122.447679 37.791703000000005, -122.44630000000002 37.791879, -122.446117 37.79099899999999, -122.445934 37.790119))",14554.0,0.0,1005,075,S,060750133001005,+37.7898535,-122.4515673,G5040,Block 1005,06,013300,,
60750134001,"POLYGON ((-122.43712900000001 37.788488, -122.438773 37.788278, -122.43896000000001 37.78920799999998, -122.439048 37.789645, -122.43913599999999 37.790080999999994, -122.43930900000001 37.790972, -122.439488 37.791843, -122.437846 37.79205399999998, -122.43620399999999 37.792263, -122.436026 37.79138299999998, -122.43584899999999 37.790502000000004, -122.43567300000001 37.789629, -122.435581 37.789172, -122.43548600000001 37.78869700000001, -122.43712900000001 37.788488))",58000.0,0.0,1000,075,S,060750134001000,+37.7911727,-122.4376681,G5040,Block 1000,06,013400,,
60750134003,"POLYGON ((-122.43913599999999 37.790080999999994, -122.440806 37.789871999999995, -122.44247600000001 37.78966299999999, -122.444119 37.789457, -122.44575800000001 37.789248, -122.445934 37.790119, -122.446117 37.79099899999999, -122.44447800000002 37.79120799999999, -122.442827 37.791418, -122.44115500000001 37.791630999999995, -122.439488 37.791843, -122.43930900000001 37.790972, -122.43913599999999 37.790080999999994))",14402.0,0.0,3005,075,S,060750134003005,+37.7899968,-122.4433864,G5040,Block 3005,06,013400,,
60750132003,"POLYGON ((-122.446117 37.79099899999999, -122.44630000000002 37.791879, -122.44644599999998 37.792811, -122.44652399999998 37.79333700000001, -122.44658799999999 37.79376500000001, -122.44665200000001 37.794195000000016, -122.44672800000001 37.794705999999984, -122.44522399999998 37.794898, -122.443573 37.79510800000001, -122.44190200000001 37.79532100000001, -122.440234 37.795533000000006, -122.43859099999999 37.79574100000001, -122.43840200000001 37.794807, -122.43827500000002 37.79417999999999, -122.43820900000001 37.79384999999998, -122.438022 37.792927, -122.437846 37.79205399999998, -122.439488 37.791843, -122.44115500000001 37.791630999999995, -122.442827 37.791418, -122.44447800000002 37.79120799999999, -122.446117 37.79099899999999))",14710.0,0.0,3018,075,S,060750132003018,+37.7921770,-122.4404105,G5040,Block 3018,06,013200,,
60750128002,"POLYGON ((-122.440234 37.795533000000006, -122.44190200000001 37.79532100000001, -122.443573 37.79510800000001, -122.44522399999998 37.794898, -122.44672800000001 37.794705999999984, -122.44687100000002 37.795640999999996, -122.447015 37.796579, -122.44559800000002 37.796759, -122.44395000000002 37.796969, -122.442279 37.797180999999995, -122.44060999999999 37.797394, -122.44042200000001 37.796461, -122.440234 37.795533000000006))",15521.0,0.0,2007,075,S,060750128002007,+37.7958910,-122.4411620,G5040,Block 2007,06,012800,,
60750156001,"POLYGON ((-122.455574 37.779477, -122.455684 37.779726, -122.45584300000002 37.779941000000015, -122.455983 37.780096000000015, -122.456079 37.78027, -122.456296 37.781381, -122.456226 37.78145399999999, -122.455633 37.781490000000005, -122.455524 37.781431, -122.455469 37.781513999999994, -122.45537800000001 37.78152399999999, -122.45528100000001 37.781459, -122.45521099999999 37.781535999999996, -122.454283 37.78165499999999, -122.45417600000002 37.781599, -122.45411600000001 37.781434999999995, -122.453877 37.780239, -122.45385500000002 37.780126, -122.45384099999998 37.77988800000001, -122.453782 37.779602000000004, -122.45366899999999 37.77905499999999, -122.45344999999999 37.77797799999998, -122.453385 37.777826999999995, -122.454331 37.77771299999999, -122.455217 37.777599, -122.455213 37.77770399999999, -122.455442 37.77882800000001, -122.455574 37.779477))",1461.0,0.0,1000,075,S,060750156001000,+37.7815248,-122.4547259,G5040,Block 1000,06,015600,,
60750402001,"POLYGON ((-122.46669399999999 37.78471599999998, -122.46683 37.786567999999995, -122.46685300000001 37.786884, -122.46619199999999 37.787325999999986, -122.46692400000002 37.78813199999997, -122.46584199999998 37.78835, -122.46478100000002 37.788563999999994, -122.46481700000001 37.788378, -122.464693 37.78667000000001, -122.464572 37.784993999999976, -122.464551 37.784792, -122.464425 37.782939999999996, -122.46427900000002 37.78101899999999, -122.46441300000001 37.781082, -122.465239 37.78104899999999, -122.465353 37.78096499999998, -122.465476 37.781037, -122.466297 37.780998, -122.46642700000001 37.78092499999999, -122.46656300000001 37.78284899999999, -122.46669399999999 37.78471599999998))",20082.0,0.0,1006,075,S,060750402001006,+37.7838273,-122.4660908,G5040,Block 1006,06,040200,,
60750401003,"POLYGON ((-122.464425 37.782939999999996, -122.464551 37.784792, -122.463987 37.784825, -122.463483 37.78485599999999, -122.463351 37.78298899999999, -122.462279 37.783038, -122.461207 37.783086999999995, -122.460137 37.78313599999999, -122.458998 37.78318899999999, -122.458859 37.781257, -122.459049 37.781324999999995, -122.45988 37.781289, -122.46000000000002 37.781212999999994, -122.460123 37.781278, -122.460933 37.78124199999999, -122.461063 37.78115999999999, -122.461194 37.78122299999999, -122.462002 37.781189000000005, -122.46213900000001 37.781110999999996, -122.46227 37.78117999999999, -122.463089 37.78114499999999, -122.46321100000002 37.78107, -122.46333899999999 37.781141, -122.464152 37.78110000000001, -122.46427900000002 37.78101899999999, -122.464425 37.782939999999996))",19477.0,0.0,3004,075,S,060750401003004,+37.7820385,-122.4638193,G5040,Block 3004,06,040100,,
60750154005,"POLYGON ((-122.458998 37.78318899999999, -122.459045 37.783826999999995, -122.459134 37.785059, -122.459179 37.78568199999999, -122.45806200000001 37.785824, -122.45696299999999 37.785964, -122.456685 37.785999999999994, -122.455865 37.786105, -122.45505000000001 37.78620899999999, -122.45477400000001 37.786243999999996, -122.45461800000001 37.78403, -122.45456999999999 37.783561999999996, -122.45417600000002 37.781599, -122.454283 37.78165499999999, -122.45521099999999 37.781535999999996, -122.45528100000001 37.781459, -122.45537800000001 37.78152399999999, -122.455469 37.781513999999994, -122.455524 37.781431, -122.455633 37.781490000000005, -122.456226 37.78145399999999, -122.456296 37.781381, -122.45639599999998 37.781447, -122.45662899999999 37.781439, -122.457647 37.781396, -122.45773299999999 37.78131499999999, -122.45782299999998 37.781376, -122.45873 37.78134299999999, -122.458859 37.781257, -122.458998 37.78318899999999))",21654.0,0.0,5002,075,S,060750154005002,+37.7848974,-122.4574363,G5040,Block 5002,06,015400,,
60750401002,"POLYGON ((-122.459045 37.783826999999995, -122.458998 37.78318899999999, -122.460137 37.78313599999999, -122.461207 37.783086999999995, -122.462279 37.783038, -122.462416 37.784907, -122.462441 37.78526599999999, -122.46136899999999 37.785403, -122.46030800000001 37.785539000000014, -122.459179 37.78568199999999, -122.459134 37.785059, -122.459045 37.783826999999995))",5122.0,0.0,2001,075,S,060750401002001,+37.7852277,-122.4608050,G5040,Block 2001,06,040100,,
60750154004,"POLYGON ((-122.451546 37.784183000000006, -122.451875 37.78412700000001, -122.451998 37.784105999999994, -122.45227600000001 37.78409099999999, -122.452752 37.78406499999999, -122.453653 37.784054, -122.45461800000001 37.78403, -122.45477400000001 37.786243999999996, -122.453407 37.786418, -122.45328700000002 37.78642799999999, -122.451758 37.78662, -122.45022500000002 37.786817, -122.450118 37.786837999999996, -122.44997999999998 37.786135, -122.44980000000001 37.786142999999974, -122.449578 37.786075000000004, -122.449479 37.785939, -122.449358 37.78544600000001, -122.44925899999998 37.78480499999999, -122.44927 37.784688, -122.450136 37.78448099999999, -122.45101199999999 37.784275000000015, -122.451546 37.784183000000006))",24570.0,0.0,4001,075,S,060750154004001,+37.7852901,-122.4541270,G5040,Block 4001,06,015400,,
60750401004,"POLYGON ((-122.463987 37.784825, -122.464551 37.784792, -122.464572 37.784993999999976, -122.464693 37.78667000000001, -122.46481700000001 37.788378, -122.46478100000002 37.788563999999994, -122.463581 37.788806, -122.46376 37.788683999999996, -122.463618 37.786722, -122.46254700000001 37.786767999999995, -122.462441 37.78526599999999, -122.462416 37.784907, -122.462279 37.783038, -122.463351 37.78298899999999, -122.463483 37.78485599999999, -122.463987 37.784825))",19599.0,0.0,4005,075,S,060750401004005,+37.7839468,-122.4628821,G5040,Block 4005,06,040100,,
60750401001,"POLYGON ((-122.459256 37.786623000000006, -122.459179 37.78568199999999, -122.46030800000001 37.785539000000014, -122.46136899999999 37.785403, -122.462441 37.78526599999999, -122.46254700000001 37.786767999999995, -122.463618 37.786722, -122.46376 37.788683999999996, -122.463581 37.788806, -122.459925 37.789542999999995, -122.45947600000001 37.789710999999976, -122.459453 37.789301000000016, -122.45938800000002 37.788405, -122.459324 37.787521, -122.45928000000002 37.786914, -122.459256 37.786623000000006))",15399.0,0.0,1002,075,S,060750401001002,+37.7860625,-122.4619624,G5040,Block 1002,06,040100,,
60750133005,"POLYGON ((-122.459256 37.786623000000006, -122.45928000000002 37.786914, -122.459324 37.787521, -122.45938800000002 37.788405, -122.457234 37.78867999999999, -122.455595 37.78888799999999, -122.45541900000002 37.788018, -122.45523600000001 37.78713700000001, -122.45505000000001 37.78620899999999, -122.455865 37.786105, -122.456685 37.785999999999994, -122.45696299999999 37.785964, -122.45806200000001 37.785824, -122.459179 37.78568199999999, -122.459256 37.786623000000006))",22685.0,0.0,5005,075,S,060750133005005,+37.7863045,-122.4579978,G5040,Block 5005,06,013300,,
60750478021,"POLYGON ((-122.49871400000002 37.780167000000006, -122.49874 37.78052899999998, -122.49877000000001 37.78094299999998, -122.498801 37.78137699999999, -122.49665999999999 37.78147699999999, -122.49559099999999 37.78152699999998, -122.49452 37.78157700000001, -122.493446 37.781627, -122.49331399999998 37.779822, -122.493297 37.779688, -122.49343699999999 37.779742999999996, -122.49427700000001 37.779708, -122.494381 37.77965, -122.49450500000002 37.779692000000004, -122.49530700000001 37.77966699999998, -122.495441 37.779590999999996, -122.49556500000001 37.779648, -122.49638999999999 37.779613999999995, -122.49652399999998 37.779550999999984, -122.49664000000001 37.77959899999998, -122.497476 37.779567, -122.49759200000001 37.779503999999996, -122.49772300000002 37.77955300000001, -122.498548 37.779512000000004, -122.498665 37.779455000000006, -122.49871400000002 37.780167000000006))",19854.0,0.0,1000,075,S,060750478021000,+37.7806604,-122.4939140,G5040,Block 1000,06,047802,,
60759802001,"POLYGON ((-122.50630000000001 37.780996, -122.506509 37.78085699999999, -122.50675200000002 37.780772999999996, -122.507892 37.78072099999999, -122.509879 37.78062700000002, -122.510781 37.782059000000004, -122.510636 37.782123, -122.510506 37.782122, -122.51035 37.782056999999995, -122.510215 37.782030000000006, -122.510102 37.78206399999999, -122.50997400000001 37.782160000000005, -122.509837 37.782195, -122.509739 37.78219, -122.50892400000001 37.782013, -122.508762 37.78205099999998, -122.50861600000002 37.782222000000004, -122.50847999999998 37.78227899999999, -122.508337 37.782278, -122.50748400000002 37.782185, -122.509783 37.784029, -122.50983000000001 37.784419, -122.50985399999999 37.78479399999999, -122.50984224444446 37.784799622222216, -122.50980799999999 37.784816000000006, -122.50971600000001 37.784903, -122.50966500000001 37.78499999999999, -122.50957500000001 37.78512899999998, -122.509483 37.78522699999998, -122.509351 37.78531499999999, -122.50927100000001 37.785337999999996, -122.50923300000001 37.785444999999996, -122.50911800000002 37.785591, -122.50879700000002 37.785745000000006, -122.50866200000002 37.785745, -122.50856599999999 37.785795, -122.508486 37.78585499999999, -122.50846900000002 37.78589699999999, -122.508452 37.78593900000001, -122.508259 37.786074, -122.50821799999999 37.78611899999999, -122.50817599999998 37.78613850000001, -122.50813399999998 37.78615800000001, -122.50810300000002 37.786145, -122.508035 37.78613599999996, -122.50798766666666 37.786156666666656, -122.507964 37.786167000000006, -122.507919 37.786238999999995, -122.507811 37.786355, -122.50779100000001 37.786383, -122.507787 37.78641699999999, -122.50775300000001 37.786414, -122.507724 37.78643499999999, -122.507687 37.786502999999996, -122.50771499999999 37.786587, -122.507634 37.78672700000001, -122.507531 37.786843000000005, -122.507417 37.78688200000001, -122.50733799999999 37.78694399999999, -122.50725100000001 37.78704, -122.507198 37.787149, -122.507108 37.78727199999997, -122.50705299999998 37.787276999999996, -122.506972 37.787454000000004, -122.50689700000001 37.787495, -122.506739 37.78749499999999, -122.50671700000001 37.787444, -122.50665300000001 37.787461999999984, -122.506526 37.787477999999986, -122.50647649999999 37.787536499999995, -122.506427 37.78759500000001, -122.5063716666667 37.78763166666666, -122.50634400000001 37.78764999999999, -122.506315 37.787681, -122.506286 37.78771200000001, -122.50627250000002 37.787742999999985, -122.506259 37.78777399999999, -122.506241 37.787794, -122.50622 37.787803999999994, -122.50617800000002 37.787842, -122.50613199999998 37.787856, -122.506163 37.78791000000001, -122.5061425 37.78794250000001, -122.50612199999999 37.78797499999999, -122.50612 37.788052, -122.50608899999999 37.788171, -122.506052 37.788191999999995, -122.50574699999999 37.78824799999999, -122.505658 37.788259000000004, -122.50560599999999 37.78824300000001, -122.50552100000002 37.788247999999996, -122.50542300000001 37.788236, -122.50533 37.788250999999995, -122.505202 37.78825999999999, -122.50510700000001 37.788215, -122.50502000000002 37.78815199999999, -122.504859 37.788135, -122.50478800000002 37.78813900000001, -122.50476200000001 37.78812599999999, -122.50475133333335 37.78811599999999, -122.50473 37.788095999999996, -122.50469299999999 37.78808, -122.50459300000001 37.788076999999994, -122.504501 37.788059, -122.504456 37.788067, -122.50414999999998 37.788096, -122.50406599999998 37.788121, -122.504049 37.788107999999994, -122.503998 37.78810699999999, -122.50384600000001 37.78809199999996, -122.503613 37.78803899999998, -122.503555 37.78803966666667, -122.50352599999998 37.78804, -122.503485 37.788050000000005, -122.503463 37.78802, -122.503374 37.788018, -122.50333499999999 37.788022, -122.50326399999999 37.788043, -122.503234 37.788056999999995, -122.503234 37.78805700000001, -122.50324900000001 37.78808199999999, -122.503209 37.78808499999999, -122.50316633333334 37.788078999999996, -122.503145 37.78807599999999, -122.503078 37.788097, -122.503007 37.788146, -122.502956 37.788143, -122.502926 37.78815699999999, -122.5029145 37.78815149999999, -122.50290300000002 37.788146000000005, -122.502836 37.78805000000001, -122.5028125 37.788042999999995, -122.50278899999999 37.78803599999999, -122.50274700000001 37.788038, -122.50270499999999 37.78804, -122.50261050000002 37.78806299999998, -122.50251600000001 37.788085999999986, -122.50242600000001 37.788098, -122.502376 37.78812699999999, -122.50231600000001 37.788111999999984, -122.50231599999998 37.788111999999984, -122.5022737929293 37.78812514646466, -122.502255 37.78813100000001, -122.50217000000002 37.78810400000001, -122.50212733333333 37.78810866666668, -122.502106 37.788110999999994, -122.50209000000001 37.7881325, -122.502074 37.788154000000006, -122.5020725 37.788168000000006, -122.50207100000002 37.788182, -122.501952 37.788181, -122.501913 37.788140999999996, -122.5019125 37.788129000000005, -122.50191200000002 37.78811700000001, -122.501895 37.7881155, -122.501878 37.78811399999999, -122.501878 37.78813799999999, -122.501866 37.78816633333333, -122.501842 37.78822299999998, -122.50180100000001 37.788247000000005, -122.501766 37.788228000000004, -122.50176187628867 37.78822006185567, -122.50172600000002 37.78815099999999, -122.50172599999999 37.788151000000006, -122.50172599999999 37.78815099999999, -122.5017 37.788168000000006, -122.50169266666667 37.78816599999999, -122.50167800000001 37.788161999999964, -122.50162 37.788168999999996, -122.501569 37.78819699999998, -122.50159099999999 37.788227, -122.50153199999998 37.788247999999996, -122.501514 37.788205, -122.50145900000001 37.788213, -122.501439 37.78824, -122.50133600000001 37.788225, -122.50115899999999 37.788294999999984, -122.5011318 37.7883022, -122.501091 37.78831300000002, -122.50100599999999 37.788284, -122.50097199999999 37.788298, -122.500994 37.78833199999998, -122.500948 37.78835, -122.500879 37.78832, -122.50086100000001 37.78830399999999, -122.50084399999999 37.788306, -122.500827 37.78830800000001, -122.500806 37.788318, -122.500755 37.788318999999994, -122.5007465 37.788309000000005, -122.50073800000001 37.788299, -122.50071299999998 37.78832, -122.500641 37.788337999999996, -122.5006175 37.78833499999999, -122.50059400000002 37.78833199999998, -122.500551 37.78831599999999, -122.500539 37.788335999999994, -122.50048900000002 37.788374, -122.50045899999999 37.788368000000006, -122.50045250000001 37.7883765, -122.500446 37.78838499999999, -122.50040937209305 37.78840209302324, -122.50034099999999 37.788433999999995, -122.50033080000003 37.7884331, -122.50027299999999 37.788427999999996, -122.50025700000002 37.788479, -122.50025099999999 37.788574000000004, -122.50019200000001 37.788592, -122.500175 37.78856899999998, -122.50017700000001 37.788518, -122.50017700000001 37.78851799999999, -122.50015400000001 37.78852700000001, -122.500131 37.78853599999998, -122.5001115 37.7885225, -122.500092 37.788509000000005, -122.50009466666668 37.78849666666666, -122.5001 37.788471999999985, -122.50006500000002 37.788469, -122.500067 37.788492, -122.50001 37.78847699999999, -122.49996700000001 37.78844000000001, -122.49987899999999 37.788489, -122.49981100000001 37.78849, -122.49979433333334 37.788509999999974, -122.499761 37.78854999999999, -122.499798 37.78856799999999, -122.499804 37.788607999999975, -122.49978300000002 37.788635000000006, -122.49976200000002 37.788662, -122.499733 37.788641999999996, -122.49972700000001 37.788610000000006, -122.499687 37.788663, -122.49963399999999 37.788692999999974, -122.499578 37.788704, -122.499554 37.788688, -122.499512 37.788624, -122.499481 37.78853, -122.49943300000001 37.788462, -122.49933699999998 37.788425, -122.49926700000002 37.788410000000006, -122.499203 37.78841500000001, -122.499128 37.788402, -122.49909900000002 37.78836799999999, -122.49904200000002 37.78834, -122.49895500000001 37.788351999999996, -122.49892 37.788391, -122.49889 37.78841399999998, -122.498846 37.788415, -122.49882900000001 37.788358, -122.498858 37.788274, -122.49881099999999 37.788232, -122.49878 37.788241, -122.498722 37.788283, -122.49868500000001 37.788325999999984, -122.49861000000001 37.788329, -122.49859799999999 37.78826599999999, -122.49860900000002 37.78824049999999, -122.49862 37.78821500000001, -122.49860300000002 37.78816000000002, -122.4985596666667 37.78814333333333, -122.49853800000001 37.78813499999999, -122.498523 37.78814150000001, -122.49850799999999 37.78814800000001, -122.49848100000001 37.78818100000001, -122.498393 37.78816400000001, -122.49835800000001 37.78812, -122.49836699999999 37.788048, -122.49836699999999 37.78804799999999, -122.49829832369943 37.788037919075144, -122.49825800000002 37.788032, -122.49820400000002 37.787931, -122.49814100000002 37.787883, -122.498021 37.787875, -122.49796500000001 37.78790799999999, -122.497937 37.787836000000006, -122.49786200000001 37.787816, -122.497833 37.78787199999996, -122.497833 37.78787199999997, -122.49785899999999 37.787932999999995, -122.49783800000002 37.78796000000001, -122.49780850000002 37.787972499999995, -122.49777899999998 37.78798499999999, -122.49772700000001 37.78793499999998, -122.49768 37.787929, -122.497621 37.787946999999996, -122.49754300000002 37.787890999999995, -122.49750299999998 37.78785399999998, -122.497545 37.787816, -122.497527 37.787779, -122.4975 37.787746, -122.49751600000002 37.787705, -122.497486 37.787616, -122.49745900000002 37.787586999999995, -122.497407 37.787575, -122.497357 37.787574999999975, -122.49732625 37.78759075000001, -122.49731600000001 37.787596000000015, -122.497275 37.787592, -122.497216 37.787593, -122.49716899999999 37.787552999999996, -122.497106 37.78748099999999, -122.49707550000001 37.7874705, -122.49704500000001 37.78745999999999, -122.49702250000001 37.78745799999999, -122.49700000000001 37.78745599999999, -122.496924 37.78743699999999, -122.4969095 37.78741899999999, -122.496895 37.78740099999999, -122.496876 37.78738450000001, -122.496857 37.787367999999994, -122.496812 37.787352, -122.496752 37.787367999999994, -122.496729 37.787342999999986, -122.49668599999998 37.787358, -122.496639 37.78731400000001, -122.496546 37.787287, -122.49651700000001 37.787302, -122.496468 37.787304999999996, -122.49633700000001 37.787327999999995, -122.496277 37.78732899999999, -122.49624799999998 37.787346, -122.49608700000002 37.787416, -122.496068 37.78744199999998, -122.496017 37.787448999999995, -122.495972 37.787466999999985, -122.49593051428569 37.78748962857142, -122.49590599999998 37.787502999999994, -122.49589938235296 37.78750405882352, -122.49588100000001 37.787507000000005, -122.49582900000001 37.787501, -122.49577099999999 37.787541999999995, -122.495627 37.787555000000005, -122.495603 37.787571, -122.49554 37.787599, -122.495513 37.787618, -122.49548400000002 37.787625, -122.495438 37.787653, -122.495383 37.787664, -122.495366 37.78767599999999, -122.495333 37.78771499999999, -122.495282 37.78774, -122.49519300000001 37.78774499999999, -122.49517000000003 37.78774849999999, -122.495147 37.787752000000005, -122.495108 37.787752999999995, -122.49508200000001 37.787762, -122.49504999999998 37.787780999999995, -122.49494300000002 37.787793, -122.494936 37.78782299999999, -122.494876 37.787838, -122.49485100000001 37.78782799999999, -122.494804 37.787832, -122.49475400000001 37.787894, -122.494747 37.787951, -122.494687 37.788081, -122.494701 37.78813799999998, -122.494642 37.78813600000001, -122.494515 37.78801599999999, -122.49452500000002 37.787986999999994, -122.49453500000001 37.787958, -122.49453500000001 37.787957999999975, -122.49451199999999 37.787912, -122.494519 37.787833999999975, -122.494519 37.787833999999975, -122.494492 37.787803999999994, -122.4944411764706 37.78781458823529, -122.49441999999999 37.787819, -122.49440799999999 37.787839, -122.49441300000001 37.78787599999999, -122.49439699999999 37.787903, -122.49434999999998 37.78789099999999, -122.49435199999999 37.787822999999996, -122.49432900000001 37.78781999999998, -122.49431000000001 37.78781, -122.49426700000002 37.787811, -122.49416 37.78779600000001, -122.494129 37.787746, -122.494107 37.78773299999998, -122.49407999999998 37.78767199999999, -122.49407999999765 37.78767199999727, -122.49400199999998 37.787580999999996, -122.493979 37.78758499999999, -122.493937 37.787603999999995, -122.493903 37.787627, -122.49385400000001 37.78763399999999, -122.49377699999998 37.78762699999999, -122.493744 37.787614, -122.49368200000002 37.787607, -122.493496 37.78763, -122.493462 37.787628, -122.493419 37.787649999999985, -122.49340200000003 37.787646499999994, -122.49338500000002 37.787643, -122.493336 37.78765600000003, -122.49329399999999 37.78768, -122.49324100000001 37.787684, -122.493194 37.78769299999999, -122.49318749999999 37.78770299999998, -122.49318099999999 37.787713000000004, -122.493163 37.787719999999986, -122.49312700000002 37.787733999999986, -122.49310233333334 37.78772866666667, -122.49309 37.78772600000001, -122.49305599999998 37.78774, -122.49301800000002 37.787741, -122.49333800000001 37.787403000000005, -122.49338300000001 37.786538, -122.493491 37.783498, -122.493417 37.782858, -122.49304399999998 37.78164599999999, -122.493446 37.781627, -122.49452 37.78157700000001, -122.49559099999999 37.78152699999998, -122.49665999999999 37.78147699999999, -122.498801 37.78137699999999, -122.49987100000001 37.78132699999999, -122.50094500000002 37.781277, -122.50201200000001 37.78122699999999, -122.503086 37.78117700000001, -122.50416 37.78112699999999, -122.505226 37.78107699999999, -122.50600800000001 37.78104, -122.50618800000001 37.781031999999996, -122.50630000000001 37.780996))",57289.0,0.0,1004,075,S,060759802001004,+37.7813878,-122.5081879,G5040,Block 1004,06,980200,,
60750427002,"POLYGON ((-122.491167 37.779795, -122.49129900000001 37.78172600000001, -122.49023099999998 37.781774999999996, -122.48915700000002 37.78182499999999, -122.488085 37.781873999999995, -122.48702000000002 37.781924, -122.48594500000002 37.781975, -122.484874 37.782025, -122.48380399999999 37.782077, -122.483662 37.78014299999999, -122.48378900000002 37.780206, -122.484604 37.780168, -122.484732 37.78009299999999, -122.484882 37.78015699999999, -122.48568399999999 37.780110999999984, -122.485808 37.780038000000005, -122.485929 37.78009900000001, -122.48676200000001 37.780058, -122.48687799999999 37.779993999999995, -122.48700500000001 37.780054, -122.487815 37.780015999999975, -122.48794599999998 37.779947, -122.48806499999999 37.78000599999999, -122.488883 37.779973999999996, -122.489013 37.779891000000006, -122.489138 37.779956999999996, -122.489953 37.779919, -122.49009699999999 37.77983999999999, -122.49023199999999 37.779911000000006, -122.49108000000001 37.779875999999994, -122.491167 37.779795))",19809.0,0.0,2005,075,S,060750427002005,+37.7808627,-122.4896269,G5040,Block 2005,06,042700,,
60750426011,"POLYGON ((-122.48380399999999 37.782077, -122.483936 37.783930999999995, -122.48286999999999 37.78397899999998, -122.481791 37.784028, -122.48166000000002 37.782160000000005, -122.48059 37.782211999999994, -122.479516 37.782260999999984, -122.478444 37.78230799999999, -122.478305 37.78038100000001, -122.478414 37.780446, -122.479255 37.78041199999999, -122.479383 37.780335, -122.479495 37.780398, -122.48032500000001 37.780366, -122.48045100000002 37.78028, -122.480575 37.780348999999994, -122.481393 37.780307, -122.481516 37.780226, -122.48164600000001 37.780299, -122.482486 37.780259999999984, -122.48259200000001 37.78018899999999, -122.482711 37.780249999999995, -122.48353100000001 37.78022, -122.483662 37.78014299999999, -122.48380399999999 37.782077))",19607.0,0.0,1003,075,S,060750426011003,+37.7812015,-122.4821278,G5040,Block 1003,06,042601,,
60750427003,"POLYGON ((-122.49331399999998 37.779822, -122.493446 37.781627, -122.49304399999998 37.78164599999999, -122.493417 37.782858, -122.493491 37.783498, -122.49251 37.78354300000001, -122.491436 37.783591, -122.490364 37.78364, -122.489771 37.783667, -122.48929000000001 37.78368899999999, -122.48875100000001 37.783713, -122.48821699999999 37.783736999999995, -122.487151 37.783784999999995, -122.48702000000002 37.781924, -122.488085 37.781873999999995, -122.48915700000002 37.78182499999999, -122.49023099999998 37.781774999999996, -122.49129900000001 37.78172600000001, -122.491167 37.779795, -122.49128600000002 37.77985399999999, -122.49210900000001 37.779828, -122.49223200000002 37.77974700000001, -122.492372 37.779813999999995, -122.49315 37.77977699999999, -122.493297 37.779688, -122.49331399999998 37.779822))",19461.0,0.0,3000,075,S,060750427003000,+37.7828301,-122.4876184,G5040,Block 3000,06,042700,,
60750428002,"POLYGON ((-122.49251 37.78354300000001, -122.493491 37.783498, -122.49338300000001 37.786538, -122.49333800000001 37.787403000000005, -122.49301800000002 37.787741, -122.49297100000001 37.787741999999994, -122.49296350000002 37.787755000000004, -122.49295599999999 37.78776800000001, -122.49293500000002 37.7877755, -122.49291400000001 37.78778299999999, -122.492855 37.787786, -122.49286 37.787852999999984, -122.49283000000001 37.787883, -122.492771 37.787884, -122.492769 37.78783, -122.49273600000002 37.787856999999974, -122.492679 37.78775100000001, -122.49265350000002 37.787758000000004, -122.492628 37.78776499999999, -122.49256766666666 37.78776933333333, -122.492447 37.787777999999996, -122.492381 37.787789000000004, -122.492306 37.78781600000001, -122.49217900000001 37.787853, -122.492119 37.787875, -122.49208 37.7879, -122.49205800000001 37.78792500000001, -122.49181300000001 37.78802599999998, -122.491792 37.78804099999999, -122.491771 37.78805599999998, -122.49174550000001 37.78808049999999, -122.49172 37.78810500000001, -122.491655 37.78811800000001, -122.49161400000001 37.788163999999995, -122.491501 37.788222, -122.49144800000002 37.788216999999996, -122.49144799999999 37.788216999999996, -122.491406 37.788237, -122.491282 37.788281000000005, -122.49121799999999 37.78832, -122.49119099999999 37.788358, -122.49106199999999 37.788424, -122.49089300000001 37.788532, -122.490859 37.788554, -122.49084299999998 37.788591, -122.49081799999999 37.78863300000001, -122.490696 37.788731999999996, -122.49052799999998 37.788886, -122.49041299999999 37.788952, -122.49041000000001 37.788965499999996, -122.49040699999999 37.78897899999999, -122.490307 37.789032999999996, -122.490253 37.789077999999996, -122.49004600000002 37.78922199999999, -122.48998250000001 37.789287, -122.489919 37.78935199999999, -122.489829 37.789482, -122.489701 37.789483000000004, -122.489592 37.789454, -122.489301 37.78941199999999, -122.4892465 37.78937599999999, -122.489192 37.789339999999996, -122.48912500000002 37.789320999999994, -122.488991 37.789282999999976, -122.48848200000002 37.789442, -122.4881 37.78942899999998, -122.488028 37.78953, -122.48786400000002 37.78958799999999, -122.487737 37.789574, -122.487584 37.789499, -122.487564 37.789472999999994, -122.487564 37.789435, -122.48746400000002 37.78947299999999, -122.48744699999999 37.78943099999999, -122.48736899999999 37.789429999999996, -122.487121 37.78961100000001, -122.487052 37.78970899999999, -122.486938 37.789840000000005, -122.48686833333335 37.78990733333333, -122.48672900000001 37.79004199999998, -122.486554 37.79014999999999, -122.48642899999999 37.790237, -122.486335 37.790355999999996, -122.486245 37.790414, -122.48623699999999 37.790495, -122.486148 37.79060599999999, -122.48612849999999 37.790647, -122.486109 37.790687999999996, -122.48607200000001 37.790724999999995, -122.48603500000002 37.790761999999994, -122.48596000000002 37.79081999999999, -122.48595150000003 37.7908295, -122.485943 37.79083900000002, -122.48542599999999 37.789825, -122.485046 37.789533, -122.484406 37.78964099999998, -122.48432100000001 37.78994899999999, -122.48431500000001 37.79007099999998, -122.48398499999999 37.78976899999999, -122.48453400000001 37.78922300000001, -122.483799 37.78774000000001, -122.484146 37.787665, -122.485283 37.78761199999998, -122.486359 37.78756199999998, -122.487422 37.787511999999985, -122.48780499999998 37.787491, -122.487968 37.787509, -122.488115 37.78752699999999, -122.488427 37.787616, -122.488644 37.78768099999998, -122.48893099999998 37.78767999999998, -122.489219 37.78762799999999, -122.48964100000002 37.78748699999999, -122.48958799999998 37.787391, -122.48961299999999 37.78711399999998, -122.48968600000002 37.78687299999997, -122.48975300000001 37.786756, -122.49001900000002 37.786488999999996, -122.49025400000001 37.786364000000006, -122.490433 37.786269000000004, -122.490561 37.786283, -122.490474 37.78511900000001, -122.49041699999998 37.78435, -122.490364 37.78364, -122.491436 37.783591, -122.49251 37.78354300000001))",0.0,302821.0,2000,075,S,060750428002000,+37.7911757,-122.4923383,G5040,Block 2000,06,042800,,
60750427001,"POLYGON ((-122.48380399999999 37.782077, -122.484874 37.782025, -122.48594500000002 37.781975, -122.48702000000002 37.781924, -122.487151 37.783784999999995, -122.487286 37.78564899999999, -122.48622399999999 37.785697, -122.485148 37.78574599999998, -122.48408000000002 37.785795, -122.483936 37.783930999999995, -122.48380399999999 37.782077))",19595.0,0.0,1000,075,S,060750427001000,+37.7848375,-122.4845437,G5040,Block 1000,06,042700,,
60750428001,"POLYGON ((-122.490561 37.786283, -122.490433 37.786269000000004, -122.49025400000001 37.786364000000006, -122.49001900000002 37.786488999999996, -122.48975300000001 37.786756, -122.48968600000002 37.78687299999997, -122.48961299999999 37.78711399999998, -122.48958799999998 37.787391, -122.48964100000002 37.78748699999999, -122.489219 37.78762799999999, -122.48893099999998 37.78767999999998, -122.488644 37.78768099999998, -122.488427 37.787616, -122.488115 37.78752699999999, -122.487968 37.787509, -122.48780499999998 37.787491, -122.487422 37.787511999999985, -122.486359 37.78756199999998, -122.485283 37.78761199999998, -122.484146 37.787665, -122.48417400000001 37.78731100000001, -122.484155 37.786978999999995, -122.48411700000001 37.786857, -122.484103 37.786517999999994, -122.484112 37.786364, -122.48408000000002 37.785795, -122.485148 37.78574599999998, -122.48622399999999 37.785697, -122.487286 37.78564899999999, -122.487151 37.783784999999995, -122.48821699999999 37.783736999999995, -122.48875100000001 37.783713, -122.48929000000001 37.78368899999999, -122.489771 37.783667, -122.490364 37.78364, -122.49041699999998 37.78435, -122.490474 37.78511900000001, -122.490561 37.786283))",12858.0,0.0,1008,075,S,060750428001008,+37.7857026,-122.4899770,G5040,Block 1008,06,042800,,
60750426012,"POLYGON ((-122.478444 37.78230799999999, -122.479516 37.782260999999984, -122.48059 37.782211999999994, -122.48166000000002 37.782160000000005, -122.481791 37.784028, -122.48286999999999 37.78397899999998, -122.483936 37.783930999999995, -122.48408000000002 37.785795, -122.48300499999999 37.785835000000006, -122.48192899999998 37.78588399999997, -122.48086 37.785934, -122.479786 37.785983, -122.478714 37.786031, -122.478579 37.78417400000001, -122.478444 37.78230799999999))",19443.0,0.0,2002,075,S,060750426012002,+37.7849812,-122.4813262,G5040,Block 2002,06,042601,,
60750428003,"POLYGON ((-122.484112 37.786364, -122.484103 37.786517999999994, -122.48411700000001 37.786857, -122.484155 37.786978999999995, -122.48417400000001 37.78731100000001, -122.484146 37.787665, -122.483799 37.78774000000001, -122.48187100000001 37.78722, -122.48100300000002 37.787067, -122.47984499999998 37.78679599999999, -122.47878 37.78689999999999, -122.477696 37.786797, -122.476625 37.786795999999995, -122.47554700000002 37.786781999999995, -122.47442699999999 37.786975, -122.473321 37.787192999999995, -122.472473 37.78722899999999, -122.472352 37.787234000000005, -122.472388 37.787138999999996, -122.47248900000001 37.786775, -122.472545 37.786409, -122.47262599999999 37.78631499999998, -122.47325499999998 37.78628799999999, -122.47438299999999 37.78623799999999, -122.475504 37.78618099999999, -122.47657500000001 37.786128, -122.47764400000001 37.786080000000005, -122.478714 37.786031, -122.479786 37.785983, -122.48086 37.785934, -122.48192899999998 37.78588399999997, -122.48300499999999 37.785835000000006, -122.48408000000002 37.785795, -122.484112 37.786364))",17167.0,0.0,3006,075,S,060750428003006,+37.7864398,-122.4787657,G5040,Block 3006,06,042800,,
60750426023,"POLYGON ((-122.47750900000001 37.78422199999999, -122.476437 37.78427100000001, -122.47537100000001 37.784319, -122.47424599999998 37.78436999999999, -122.47311999999998 37.784421, -122.472586 37.784449, -122.472513 37.784372999999995, -122.47238699999998 37.78267399999998, -122.472451 37.782579, -122.47298400000001 37.782554, -122.47411099999998 37.782509, -122.47523600000001 37.782456999999994, -122.47610699999998 37.782415, -122.47630699999999 37.782405999999995, -122.47737399999998 37.782361, -122.478444 37.78230799999999, -122.478579 37.78417400000001, -122.47750900000001 37.78422199999999))",8524.0,0.0,3000,075,S,060750426023000,+37.7834985,-122.4728193,G5040,Block 3000,06,042602,,
60750402003,"POLYGON ((-122.472513 37.784372999999995, -122.472586 37.784449, -122.47205199999999 37.78447599999999, -122.470981 37.784524, -122.469908 37.78457299999999, -122.46884000000001 37.784620999999994, -122.467764 37.78466900000001, -122.46669399999999 37.78471599999998, -122.46656300000001 37.78284899999999, -122.467629 37.782802, -122.468704 37.782751, -122.46977 37.78270199999999, -122.47084600000001 37.782652, -122.47191500000001 37.782596, -122.472451 37.782579, -122.47238699999998 37.78267399999998, -122.472513 37.784372999999995))",19714.0,0.0,3001,075,S,060750402003001,+37.7837109,-122.4682344,G5040,Block 3001,06,040200,,
60750426022,"POLYGON ((-122.47764400000001 37.786080000000005, -122.47657500000001 37.786128, -122.475504 37.78618099999999, -122.47438299999999 37.78623799999999, -122.47325499999998 37.78628799999999, -122.47262599999999 37.78631499999998, -122.47257900000001 37.786207999999995, -122.47259700000001 37.786089999999994, -122.472596 37.78549200000001, -122.472525 37.78456, -122.472586 37.784449, -122.47311999999998 37.784421, -122.47424599999998 37.78436999999999, -122.47537100000001 37.784319, -122.476437 37.78427100000001, -122.47750900000001 37.78422199999999, -122.478579 37.78417400000001, -122.478714 37.786031, -122.47764400000001 37.786080000000005))",19506.0,0.0,2004,075,S,060750426022004,+37.7851748,-122.4770413,G5040,Block 2004,06,042602,,
60750402004,"POLYGON ((-122.472596 37.78549200000001, -122.47259700000001 37.786089999999994, -122.47257900000001 37.786207999999995, -122.47262599999999 37.78631499999998, -122.472545 37.786409, -122.47248900000001 37.786775, -122.472388 37.787138999999996, -122.472352 37.787234000000005, -122.472234 37.787231999999996, -122.47116 37.787223, -122.47091200000001 37.787221, -122.47008100000001 37.787399, -122.467989 37.787849, -122.46692400000002 37.78813199999997, -122.46619199999999 37.787325999999986, -122.46685300000001 37.786884, -122.46683 37.786567999999995, -122.46669399999999 37.78471599999998, -122.467764 37.78466900000001, -122.46884000000001 37.784620999999994, -122.469908 37.78457299999999, -122.470981 37.784524, -122.47205199999999 37.78447599999999, -122.472586 37.784449, -122.472525 37.78456, -122.472596 37.78549200000001))",9240.0,0.0,4001,075,S,060750402004001,+37.7868535,-122.4705884,G5040,Block 4001,06,040200,,
60750601001,"POLYGON ((-122.476625 37.786795999999995, -122.477696 37.786797, -122.47878 37.78689999999999, -122.47984499999998 37.78679599999999, -122.48100300000002 37.787067, -122.48187100000001 37.78722, -122.483799 37.78774000000001, -122.48453400000001 37.78922300000001, -122.48398499999999 37.78976899999999, -122.48431500000001 37.79007099999998, -122.48432100000001 37.78994899999999, -122.484406 37.78964099999998, -122.485046 37.789533, -122.48542599999999 37.789825, -122.485943 37.79083900000002, -122.48589499999999 37.790894, -122.48574099999999 37.79102199999999, -122.48541100000001 37.791468000000016, -122.48528499999999 37.791713, -122.484996 37.79194799999999, -122.484753 37.792215, -122.484542 37.792522, -122.484364 37.792739999999995, -122.484184 37.793062000000006, -122.48407299999998 37.793295, -122.483858 37.793645999999995, -122.483593 37.794035, -122.48329400000001 37.794670999999965, -122.48329400000001 37.79467099999998, -122.483518 37.794729999999994, -122.48308799999998 37.795611999999984, -122.48299900000002 37.795902999999996, -122.482851 37.796178, -122.482667 37.796814, -122.482505 37.797149, -122.48235 37.79749599999999, -122.48226499999998 37.79766449999999, -122.48218000000001 37.79783299999999, -122.48216899999998 37.797996, -122.48213599999998 37.79813, -122.48208499999998 37.798234, -122.482122 37.798289999999994, -122.48212900000001 37.798328999999995, -122.48207899999998 37.798472, -122.48204199999999 37.798508999999996, -122.48195799999999 37.798535, -122.48187 37.798535000000015, -122.481831 37.798574, -122.481914 37.79872900000001, -122.4819235 37.79875200000001, -122.481933 37.79877499999999, -122.48189500000001 37.79878, -122.48178300000002 37.79868599999999, -122.48178300000002 37.798686000000004, -122.481783 37.79868599999999, -122.481759 37.798795, -122.48173600000001 37.79880599999999, -122.4817325 37.798826, -122.481729 37.798846000000005, -122.48169799999998 37.798857000000005, -122.481554 37.79874799999999, -122.481545 37.798792, -122.481675 37.798888, -122.48168500000001 37.79893, -122.48164299999999 37.79893299999999, -122.48163603947368 37.79893875, -122.48161999999998 37.79895199999999, -122.48156200000001 37.799036, -122.48155299999999 37.799085999999996, -122.481545 37.799113000000006, -122.48153700000002 37.79914, -122.481507 37.79921099999999, -122.48147200000001 37.799267, -122.481416 37.79933399999998, -122.48138 37.799367, -122.48139400000001 37.79940100000002, -122.48138800000001 37.79945, -122.48131200000002 37.79951699999999, -122.48127466666669 37.79953000000002, -122.4812 37.799555999999995, -122.48113733333334 37.799594, -122.48110600000001 37.799612999999994, -122.481102239011 37.79962224999999, -122.48106899999999 37.79970399999999, -122.481064 37.799823, -122.481041 37.799870999999996, -122.480987 37.799938000000004, -122.48098 37.800014000000004, -122.480974 37.800331, -122.48086 37.80038499999999, -122.48080850000002 37.80041399999999, -122.48075700000001 37.80044300000001, -122.480678 37.800582000000006, -122.48065500000001 37.80064799999999, -122.48062400000002 37.8006865, -122.480593 37.800724999999986, -122.48053800000001 37.800815, -122.480468 37.80094999999999, -122.480375 37.801095, -122.480296 37.801293, -122.480202 37.80141699999998, -122.480188 37.801511, -122.48018099999999 37.80155800000001, -122.4801265 37.80170150000001, -122.48007200000002 37.80184499999999, -122.48002700000002 37.802059, -122.48004399999999 37.802235, -122.480005 37.802388, -122.47996700000002 37.802605, -122.479927 37.80274999999999, -122.479899 37.80289799999999, -122.4797555 37.80316299999999, -122.479612 37.80342800000001, -122.47957366666665 37.80347633333332, -122.47949699999998 37.803572999999986, -122.479357 37.80386099999999, -122.47929566666666 37.804018, -122.479173 37.804331999999995, -122.479146 37.804483, -122.47906099999999 37.804693, -122.47895299999999 37.804881999999985, -122.47881400000001 37.805291, -122.478729 37.805493, -122.478723 37.805678999999984, -122.478697 37.80584299999998, -122.47869150000002 37.805902499999995, -122.47868600000001 37.80596200000001, -122.47862800000001 37.806008, -122.478654 37.80609, -122.478632 37.806119999999986, -122.478632 37.806119999999986, -122.47865999999998 37.806171, -122.478627 37.806353, -122.478624 37.80647000000001, -122.47857700000002 37.80663800000001, -122.47854499999998 37.80696, -122.47852699999999 37.80706699999999, -122.47852699999999 37.80706700000001, -122.47852699999999 37.807185000000004, -122.478521 37.80725299999999, -122.478489 37.807311000000006, -122.478484 37.807410999999995, -122.47849599999999 37.80755, -122.478476 37.807832999999995, -122.47845233333332 37.80791966666666, -122.478405 37.808092999999985, -122.47818099999999 37.80821399999999, -122.47806100000001 37.808277999999994, -122.47797850000002 37.8083635, -122.47789600000002 37.808448999999996, -122.477886 37.808530999999995, -122.477924 37.80866899999997, -122.47795599999999 37.809252, -122.47794100000002 37.80949300000001, -122.47792300000035 37.809782999994326, -122.47792299999999 37.80978299999999, -122.47792299999999 37.809783, -122.477957 37.810111, -122.477925 37.81032400000001, -122.477976 37.81054299999999, -122.477691 37.810628, -122.477738 37.810943, -122.477669 37.81095999999998, -122.477641 37.810965, -122.47757800000001 37.810977, -122.47746900000205 37.81099699999964, -122.47746900000001 37.81099699999998, -122.477314 37.811025, -122.47724336585313 37.81101680487799, -122.477111 37.81100100000001, -122.476952 37.810983, -122.47662200000002 37.81087699999999, -122.47662199999999 37.81087699999999, -122.476561 37.810893, -122.47646600000002 37.810836, -122.476399 37.810758, -122.476244 37.81042399999998, -122.476193 37.810243, -122.476155 37.809858999999996, -122.47604900000002 37.80964, -122.475968 37.80957499999997, -122.47579 37.80948499999999, -122.47572033595506 37.80945758202247, -122.47554100000002 37.809386999999994, -122.474949 37.809259999999995, -122.474802 37.80917899999998, -122.47466829746836 37.80916460126581, -122.47447700000001 37.80914399999999, -122.47423656504066 37.809122717479674, -122.47405900000001 37.80910699999999, -122.47324800000001 37.80909999999998, -122.472666 37.809034, -122.472248 37.80896999999999, -122.47195400000001 37.808899999999994, -122.47180700000001 37.80886499999999, -122.471623 37.808859, -122.471577 37.80885699999999, -122.47144986486487 37.808834297297295, -122.47124099999999 37.80879700000001, -122.470932 37.808717, -122.47066000000001 37.808614, -122.470601 37.808598999999994, -122.470317 37.80901450000001, -122.47003299999999 37.809430000000006, -122.46999 37.80945200000001, -122.469923 37.809434999999986, -122.469403 37.809204, -122.46938700000001 37.80916699999999, -122.46941650000004 37.80911749999999, -122.46944600000002 37.809068, -122.46951299999999 37.809053999999996, -122.470047 37.809289, -122.47053700000001 37.80858200000001, -122.47041999999999 37.808453, -122.470228 37.808353999999994, -122.47019293775936 37.80833026556016, -122.47009800000002 37.808265999999996, -122.47005600000001 37.808234000000006, -122.47001400000002 37.808202, -122.469816 37.80809899999999, -122.469586 37.80795299999998, -122.46930399999998 37.80772699999999, -122.469269 37.807648, -122.46923400000001 37.80756900000001, -122.469112 37.80737100000001, -122.468869 37.807066999999996, -122.46878999999998 37.807003, -122.46864200000002 37.80692500000002, -122.468416 37.80685366666667, -122.46830299999999 37.80681799999999, -122.468149 37.806981, -122.46804200000001 37.806913, -122.468205 37.806743000000004, -122.46817999999999 37.80672149999999, -122.468155 37.80669999999999, -122.46792700000002 37.806564, -122.467767 37.806455, -122.467356 37.806141, -122.46720400000001 37.806011999999996, -122.4671 37.805961, -122.466996 37.80590999999999, -122.466671 37.805803, -122.46667099999998 37.805803, -122.46647400000002 37.805989000000004, -122.466058 37.80641600000001, -122.4659735 37.80636200000001, -122.46588899999999 37.806307999999994, -122.465954 37.806241, -122.466056 37.806301, -122.46607300000001 37.80628200000002, -122.46613200000002 37.80631700000001, -122.46665200000001 37.805791, -122.466074 37.805582, -122.465896 37.80557099999999, -122.46586049999999 37.805559, -122.465825 37.805547000000004, -122.46564900000001 37.805488, -122.465461 37.805394, -122.464552 37.80511399999998, -122.46423 37.805004, -122.463987 37.804939999999995, -122.463715 37.804899999999996, -122.463579 37.80487999999998, -122.463272 37.804888, -122.46295300000001 37.804916999999996, -122.46243000000001 37.805014, -122.46221300000002 37.805019, -122.46210527149323 37.804981932126694, -122.46202700000002 37.80495500000001, -122.46196200000001 37.804942499999996, -122.46189699999998 37.80492999999999, -122.46160199999998 37.804956999999995, -122.46127200000001 37.805023, -122.461008 37.805087000000015, -122.45977300000001 37.805253, -122.45957800000001 37.805293, -122.459346 37.805358999999996, -122.459146 37.8054, -122.458903 37.80543000000001, -122.45882966666667 37.805434666666656, -122.458683 37.80544399999999, -122.45842299999998 37.805476999999996, -122.45821799999999 37.805516, -122.457989 37.805574, -122.457775 37.80565099999999, -122.45755499999999 37.80571499999998, -122.45748 37.80573233333333, -122.45733 37.805766999999996, -122.45723466666668 37.805785, -122.45718700000002 37.80579399999999, -122.456863 37.805828, -122.456541 37.80587699999998, -122.45622399999999 37.80593799999999, -122.4560675 37.8059755, -122.455911 37.80601300000001, -122.455565 37.80611200000001, -122.45448300000001 37.806469, -122.45435400000001 37.806477999999984, -122.454308 37.806459, -122.454294 37.806376, -122.45408600000002 37.80635999999999, -122.45381600000002 37.806293, -122.453296 37.806259, -122.452782 37.806270000000005, -122.452439 37.806267, -122.45165399999999 37.806353, -122.45090600000002 37.806532, -122.450459 37.80664599999999, -122.45027666666667 37.806671, -122.449912 37.80672099999998, -122.44981899999999 37.806723999999996, -122.44977506179777 37.80672178089886, -122.44972 37.806718999999994, -122.44963100000001 37.80673399999999, -122.449479 37.80679999999999, -122.44940000000001 37.806822, -122.44930400000001 37.80683700000001, -122.44917100000002 37.806837000000016, -122.449108 37.806830999999995, -122.449049 37.806819999999995, -122.449012 37.806784, -122.448891 37.806726000000005, -122.448728 37.80670199999999, -122.448566 37.806754999999995, -122.448311 37.806814, -122.44821600000002 37.806847999999995, -122.44812699999999 37.80689600000001, -122.448185 37.806754999999995, -122.448146 37.80635, -122.44818400000001 37.806339, -122.448386 37.806219999999996, -122.448492 37.80608799999999, -122.44832099999999 37.804994, -122.448279 37.804724, -122.44824100000001 37.804477999999996, -122.44881499999998 37.80422900000001, -122.44912399999998 37.804007999999996, -122.44938799999998 37.80371099999999, -122.44949600000001 37.80347, -122.449584 37.80315299999998, -122.449565 37.802791000000006, -122.44945999999999 37.802454, -122.449179 37.802073999999976, -122.448803 37.80177199999999, -122.44836 37.801587, -122.44792200000002 37.801531999999995, -122.44782 37.80163299999999, -122.44769499999998 37.80083200000001, -122.44765599999998 37.800681, -122.44761300000002 37.80032400000001, -122.44746599999999 37.799389999999995, -122.44734099999998 37.79855299999999, -122.44730300000002 37.798458999999994, -122.447158 37.797515, -122.447015 37.796579, -122.44687100000002 37.795640999999996, -122.44672800000001 37.794705999999984, -122.44665200000001 37.794195000000016, -122.44658799999999 37.79376500000001, -122.44652399999998 37.79333700000001, -122.44644599999998 37.792811, -122.44630000000002 37.791879, -122.447679 37.791703000000005, -122.44936700000001 37.79148799999999, -122.44942600000002 37.791637, -122.450995 37.79132299999999, -122.45274 37.79097399999999, -122.454229 37.790676000000005, -122.45583600000002 37.790355, -122.45748 37.79002599999999, -122.45902899999999 37.789716000000006, -122.45947600000001 37.789710999999976, -122.459925 37.789542999999995, -122.463581 37.788806, -122.46478100000002 37.788563999999994, -122.46584199999998 37.78835, -122.46692400000002 37.78813199999997, -122.467989 37.787849, -122.47008100000001 37.787399, -122.47091200000001 37.787221, -122.47116 37.787223, -122.472234 37.787231999999996, -122.472352 37.787234000000005, -122.472473 37.78722899999999, -122.473321 37.787192999999995, -122.47442699999999 37.786975, -122.47554700000002 37.786781999999995, -122.476625 37.786795999999995))",13308.0,0.0,1086,075,S,060750601001086,+37.8004646,-122.4655899,G5040,Block 1086,06,060100,,
60750133004,"POLYGON ((-122.457234 37.78867999999999, -122.45938800000002 37.788405, -122.459453 37.789301000000016, -122.45947600000001 37.789710999999976, -122.45902899999999 37.789716000000006, -122.45748 37.79002599999999, -122.45583600000002 37.790355, -122.454229 37.790676000000005, -122.45274 37.79097399999999, -122.45262 37.79088000000001, -122.45248 37.790189, -122.452302 37.789308000000005, -122.452126 37.788436999999995, -122.451946 37.78755199999999, -122.453593 37.787344000000004, -122.45523600000001 37.78713700000001, -122.45541900000002 37.788018, -122.455595 37.78888799999999, -122.457234 37.78867999999999))",18538.0,0.0,4006,075,S,060750133004006,+37.7889827,-122.4583713,G5040,Block 4006,06,013300,,
60750127003,"POLYGON ((-122.44470399999999 37.80069599999998, -122.44303500000001 37.800908, -122.44136800000001 37.801126, -122.441177 37.80019000000001, -122.442846 37.799978, -122.444516 37.799765, -122.44596499999999 37.799580999999996, -122.446161 37.799556, -122.44746599999999 37.799389999999995, -122.44761300000002 37.80032400000001, -122.44765599999998 37.800681, -122.44769499999998 37.80083200000001, -122.44782 37.80163299999999, -122.44660999999999 37.801787000000004, -122.44652999999998 37.801418000000005, -122.446348 37.80048600000001, -122.44470399999999 37.80069599999998))",1358.0,0.0,3006,075,S,060750127003006,+37.7999882,-122.4465527,G5040,Block 3006,06,012700,,
60750151002,"POLYGON ((-122.421193 37.784752999999995, -122.422838 37.784546999999996, -122.42304 37.78455300000001, -122.423325 37.784615, -122.423612 37.784766, -122.423874 37.785002999999996, -122.42416999999999 37.78519300000001, -122.424538 37.785273999999994, -122.424687 37.78533500000001, -122.42485799999999 37.786196, -122.425047 37.78713, -122.42340400000002 37.78733899999999, -122.421758 37.787548, -122.421842 37.787442, -122.421765 37.78706199999999, -122.421689 37.786688999999996, -122.42156999999999 37.78661900000001, -122.42144700000001 37.786528000000004, -122.421373 37.786166, -122.42129800000001 37.78579399999999, -122.42139300000001 37.78568599999999, -122.421442 37.785566999999986, -122.42136 37.78521399999998, -122.421277 37.784856999999995, -122.421193 37.784752999999995))",14415.0,0.0,2003,075,S,060750151002003,+37.7860422,-122.4223430,G5040,Block 2003,06,015100,,
60750122011,"POLYGON ((-122.41808799999998 37.786100999999995, -122.418179 37.786565999999986, -122.418271 37.78703799999999, -122.41699 37.787201, -122.41663900000002 37.787245, -122.414995 37.78745400000001, -122.414807 37.78652, -122.41470999999999 37.786041, -122.414617 37.785582000000005, -122.41502 37.785531999999996, -122.41567399999998 37.78544999999999, -122.41626 37.785376, -122.41790100000001 37.785166999999994, -122.417996 37.78564199999999, -122.41808799999998 37.786100999999995))",15350.0,0.0,1001,075,S,060750122011001,+37.7866733,-122.4173619,G5040,Block 1001,06,012201,,
60750120002,"POLYGON ((-122.41992799999998 37.786828, -122.42156999999999 37.78661900000001, -122.421689 37.786688999999996, -122.421765 37.78706199999999, -122.421842 37.787442, -122.421758 37.787548, -122.42011600000002 37.787757, -122.41846500000001 37.787966000000004, -122.418013 37.78802499999999, -122.416827 37.788177999999995, -122.41653500000001 37.78821500000001, -122.415185 37.78838799999999, -122.414995 37.78745400000001, -122.41663900000002 37.787245, -122.41699 37.787201, -122.418271 37.78703799999999, -122.41992799999998 37.786828))",1728.0,0.0,2004,075,S,060750120002004,+37.7870810,-122.4216637,G5040,Block 2004,06,012000,,
60750120001,"POLYGON ((-122.42011600000002 37.787757, -122.421758 37.787548, -122.42187900000002 37.787628, -122.42195499999998 37.78800099999998, -122.42203200000002 37.788382999999996, -122.42194899999998 37.788489999999996, -122.42030699999998 37.78869900000001, -122.418656 37.78890999999998, -122.417646 37.789032999999996, -122.417017 37.78911, -122.41576399999998 37.78927, -122.41537199999999 37.78932000000001, -122.415185 37.78838799999999, -122.41653500000001 37.78821500000001, -122.416827 37.788177999999995, -122.418013 37.78802499999999, -122.41846500000001 37.787966000000004, -122.42011600000002 37.787757))",1745.0,0.0,1004,075,S,060750120001004,+37.7880190,-122.4218532,G5040,Block 1004,06,012000,,
60750151001,"POLYGON ((-122.421758 37.787548, -122.42340400000002 37.78733899999999, -122.425047 37.78713, -122.425141 37.787596999999984, -122.42523699999998 37.78807000000002, -122.425331 37.78853599999999, -122.42542299999998 37.78899499999999, -122.42561599999999 37.789952, -122.42397500000001 37.79016, -122.42232899999999 37.790369999999996, -122.422408 37.790241, -122.42225700000002 37.789492, -122.42213499999998 37.789412, -122.42221899999998 37.789305999999975, -122.422145 37.788942999999996, -122.42206999999999 37.78857000000001, -122.42194899999998 37.788489999999996, -122.42203200000002 37.788382999999996, -122.42195499999998 37.78800099999998, -122.42187900000002 37.787628, -122.421758 37.787548))",14926.0,0.0,1000,075,S,060750151001000,+37.7897808,-122.4231005,G5040,Block 1000,06,015100,,
60750111003,"POLYGON ((-122.42030699999998 37.78869900000001, -122.42194899999998 37.788489999999996, -122.42206999999999 37.78857000000001, -122.422145 37.788942999999996, -122.42221899999998 37.789305999999975, -122.42213499999998 37.789412, -122.42049299999998 37.78961999999999, -122.418843 37.789830000000016, -122.41841700000002 37.789885999999996, -122.417506 37.790005, -122.41720500000001 37.790045000000006, -122.41591100000001 37.790209, -122.41555900000002 37.790254000000004, -122.41537199999999 37.78932000000001, -122.41576399999998 37.78927, -122.417017 37.78911, -122.417646 37.789032999999996, -122.418656 37.78890999999998, -122.42030699999998 37.78869900000001))",7524.0,0.0,3002,075,S,060750111003002,+37.7894977,-122.4196220,G5040,Block 3002,06,011100,,
60750111002,"POLYGON ((-122.42068700000002 37.79057799999999, -122.41903599999999 37.79078799999999, -122.41922199999999 37.791703999999996, -122.417582 37.79192299999999, -122.41629100000002 37.792088, -122.415936 37.792133, -122.415884 37.791872, -122.415818 37.791541999999986, -122.41575 37.791205999999995, -122.415671 37.790812, -122.41555900000002 37.790254000000004, -122.41591100000001 37.790209, -122.41720500000001 37.790045000000006, -122.417506 37.790005, -122.41841700000002 37.789885999999996, -122.418843 37.789830000000016, -122.42049299999998 37.78961999999999, -122.42213499999998 37.789412, -122.42225700000002 37.789492, -122.422408 37.790241, -122.42232899999999 37.790369999999996, -122.42068700000002 37.79057799999999))",1754.0,0.0,2006,075,S,060750111002006,+37.7898855,-122.4222312,G5040,Block 2006,06,011100,,
60750111001,"POLYGON ((-122.41903599999999 37.79078799999999, -122.42068700000002 37.79057799999999, -122.42232899999999 37.790369999999996, -122.422455 37.790472, -122.42259899999999 37.791183, -122.42251500000002 37.791288999999985, -122.42263600000001 37.79136899999999, -122.42277799999998 37.792068000000015, -122.422694 37.79217499999999, -122.42105300000001 37.792383000000015, -122.41940199999999 37.79259299999999, -122.41886 37.792663000000005, -122.41775900000002 37.792804, -122.416443 37.792972, -122.416113 37.793013999999985, -122.415936 37.792133, -122.41629100000002 37.792088, -122.417582 37.79192299999999, -122.41922199999999 37.791703999999996, -122.41903599999999 37.79078799999999))",14286.0,0.0,1006,075,S,060750111001006,+37.7909386,-122.4215559,G5040,Block 1006,06,011100,,
60750131012,"POLYGON ((-122.42598 37.79175699999999, -122.42615700000002 37.79263399999999, -122.42633500000001 37.793517, -122.424694 37.79372600000001, -122.42304899999999 37.793935, -122.42313300000002 37.79382899999998, -122.42299299999999 37.79312999999999, -122.422871 37.793049999999994, -122.422955 37.79294400000001, -122.42281600000001 37.792255000000004, -122.422694 37.79217499999999, -122.42277799999998 37.792068000000015, -122.42263600000001 37.79136899999999, -122.42251500000002 37.791288999999985, -122.42416100000001 37.791081, -122.425802 37.790873999999995, -122.42598 37.79175699999999))",13785.0,0.0,2000,075,S,060750131012000,+37.7933821,-122.4238288,G5040,Block 2000,06,013101,,
60750110003,"POLYGON ((-122.417936 37.793684000000006, -122.41629200000001 37.793892, -122.416113 37.793013999999985, -122.416443 37.792972, -122.41775900000002 37.792804, -122.41886 37.792663000000005, -122.41940199999999 37.79259299999999, -122.42105300000001 37.792383000000015, -122.422694 37.79217499999999, -122.42281600000001 37.792255000000004, -122.422955 37.79294400000001, -122.422871 37.793049999999994, -122.42299299999999 37.79312999999999, -122.42313300000002 37.79382899999998, -122.42304899999999 37.793935, -122.421404 37.794143999999996, -122.41975300000001 37.794354, -122.41957900000001 37.79346700000001, -122.417936 37.793684000000006))",14499.0,0.0,3000,075,S,060750110003000,+37.7933484,-122.4170253,G5040,Block 3000,06,011000,,
60750112002,"POLYGON ((-122.41210900000002 37.793524999999995, -122.41151799999999 37.793600999999995, -122.411186 37.793643, -122.411134 37.793383999999996, -122.41109 37.793171000000015, -122.41100700000001 37.79276199999999, -122.411429 37.792707999999976, -122.4119 37.792648, -122.41193 37.792645, -122.41264999999999 37.792552, -122.414293 37.792343, -122.415116 37.79223799999999, -122.41552600000001 37.79218499999999, -122.415936 37.792133, -122.416113 37.793013999999985, -122.41629200000001 37.793892, -122.41567399999998 37.793971, -122.415218 37.79402899999999, -122.415072 37.793299000000005, -122.41505699999999 37.793167999999994, -122.41505500000001 37.793149, -122.41446999999998 37.793223000000005, -122.413541 37.793341, -122.41326100000002 37.79337699999999, -122.41282900000002 37.793431999999996, -122.41210900000002 37.793524999999995))",7234.0,0.0,2002,075,S,060750112002002,+37.7931077,-122.4136046,G5040,Block 2002,06,011200,,
60750110002,"POLYGON ((-122.41629200000001 37.793892, -122.417936 37.793684000000006, -122.41957900000001 37.79346700000001, -122.41975300000001 37.794354, -122.421404 37.794143999999996, -122.42304899999999 37.793935, -122.42317000000001 37.794014999999995, -122.42331100000001 37.79471099999999, -122.42322700000001 37.794816999999995, -122.421583 37.79502700000001, -122.41993600000002 37.795238000000005, -122.419821 37.795271, -122.419116 37.79535999999998, -122.418293 37.795463999999996, -122.417005 37.79562599999999, -122.416653 37.795669999999994, -122.416473 37.794776999999996, -122.41629200000001 37.793892))",13742.0,0.0,2003,075,S,060750110002003,+37.7944866,-122.4222700,G5040,Block 2003,06,011000,,
60750108003,"POLYGON ((-122.41482600000002 37.794988, -122.41500500000001 37.795877000000004, -122.41427700000001 37.795969, -122.413366 37.796084, -122.41279700000001 37.796155, -122.41254100000002 37.796186999999996, -122.412504 37.796192000000005, -122.412177 37.796232999999994, -122.41171899999999 37.796291, -122.41163 37.795851, -122.41154200000001 37.79540900000001, -122.41147200000002 37.795061000000004, -122.41136399999999 37.79452699999999, -122.411663 37.794489999999996, -122.413011 37.794321, -122.41447600000001 37.79413199999998, -122.414648 37.794109999999996, -122.415218 37.79402899999999, -122.41567399999998 37.793971, -122.41629200000001 37.793892, -122.416473 37.794776999999996, -122.41482600000002 37.794988))",6993.0,0.0,3000,075,S,060750108003000,+37.7957986,-122.4120250,G5040,Block 3000,06,010800,,
60750110001,"POLYGON ((-122.421635 37.795998999999995, -122.42099099999999 37.79607800000001, -122.42021699999998 37.796124, -122.42011 37.796094999999994, -122.420094 37.79625999999999, -122.419986 37.79623699999999, -122.41861399999998 37.79640699999999, -122.41848600000002 37.79630600000001, -122.41846200000002 37.796287, -122.41833600000001 37.79643999999999, -122.41718699999998 37.79656, -122.41683899999998 37.796596, -122.416819 37.796499, -122.416741 37.79611, -122.41670399999998 37.795925, -122.416653 37.795669999999994, -122.417005 37.79562599999999, -122.418293 37.795463999999996, -122.419116 37.79535999999998, -122.419821 37.795271, -122.41993600000002 37.795238000000005, -122.421583 37.79502700000001, -122.42322700000001 37.794816999999995, -122.423348 37.794897000000006, -122.42349300000001 37.79561399999999, -122.423413 37.795737, -122.42176800000001 37.795944999999996, -122.421635 37.795998999999995))",7836.0,0.0,1005,075,S,060750110001005,+37.7957777,-122.4195317,G5040,Block 1005,06,011000,,
60750135002,"POLYGON ((-122.42890500000001 37.78953399999999, -122.43055100000001 37.789324, -122.432197 37.78911499999999, -122.433019 37.789010999999995, -122.43384000000002 37.78890599999999, -122.43548600000001 37.78869700000001, -122.435581 37.789172, -122.43567300000001 37.789629, -122.43584899999999 37.790502000000004, -122.434203 37.790711, -122.43377100000002 37.79076599999999, -122.43256199999999 37.79092, -122.43273999999998 37.79179999999999, -122.431092 37.792007999999996, -122.43091399999999 37.79113, -122.42927 37.79133899999998, -122.42909199999998 37.790459, -122.42890500000001 37.78953399999999))",14493.0,0.0,2000,075,S,060750135002000,+37.7907950,-122.4300029,G5040,Block 2000,06,013500,,
60750135001,"POLYGON ((-122.43256199999999 37.79092, -122.43377100000002 37.79076599999999, -122.434203 37.790711, -122.43584899999999 37.790502000000004, -122.436026 37.79138299999998, -122.43620399999999 37.792263, -122.434558 37.792472, -122.432918 37.79268, -122.431263 37.79288899999998, -122.42962500000002 37.79309799999999, -122.429447 37.792216999999994, -122.42927 37.79133899999998, -122.43091399999999 37.79113, -122.431092 37.792007999999996, -122.43273999999998 37.79179999999999, -122.43256199999999 37.79092))",14572.0,0.0,1001,075,S,060750135001001,+37.7923446,-122.4320033,G5040,Block 1001,06,013500,,
60750132001,"POLYGON ((-122.42962500000002 37.79309799999999, -122.431263 37.79288899999998, -122.432918 37.79268, -122.434558 37.792472, -122.43473399999998 37.79334699999999, -122.43491900000001 37.79426599999999, -122.435113 37.795226, -122.43346899999999 37.79543499999998, -122.431828 37.795643999999996, -122.430183 37.795854, -122.430143 37.795657000000006, -122.430065 37.795273, -122.429989 37.794895, -122.429804 37.793977, -122.42962500000002 37.79309799999999))",14470.0,0.0,1006,075,S,060750132001006,+37.7934331,-122.4305352,G5040,Block 1006,06,013200,,
60750131022,"POLYGON ((-122.429804 37.793977, -122.429989 37.794895, -122.430065 37.795273, -122.430143 37.795657000000006, -122.430183 37.795854, -122.42957400000002 37.79593099999999, -122.42860100000001 37.796054000000005, -122.42853800000002 37.79606299999999, -122.427916 37.79614199999999, -122.427511 37.79619300000001, -122.42689299999999 37.79627199999999, -122.42687200000002 37.796171, -122.42670000000003 37.795316, -122.426514 37.794398, -122.42633500000001 37.793517, -122.42798300000001 37.793307, -122.42962500000002 37.79309799999999, -122.429804 37.793977))",14538.0,0.0,2004,075,S,060750131022004,+37.7938522,-122.4272475,G5040,Block 2004,06,013102,,
60750131011,"POLYGON ((-122.426514 37.794398, -122.42670000000003 37.795316, -122.42687200000002 37.796171, -122.42689299999999 37.79627199999999, -122.42525000000002 37.796481, -122.42448 37.796578, -122.42360099999998 37.79669099999998, -122.423689 37.79657999999999, -122.42353900000002 37.795837999999996, -122.423413 37.795737, -122.42349300000001 37.79561399999999, -122.423348 37.794897000000006, -122.42322700000001 37.794816999999995, -122.42331100000001 37.79471099999999, -122.42317000000001 37.794014999999995, -122.42304899999999 37.793935, -122.424694 37.79372600000001, -122.42633500000001 37.793517, -122.426514 37.794398))",14502.0,0.0,1005,075,S,060750131011005,+37.7940620,-122.4256038,G5040,Block 1005,06,013101,,
60750132002,"POLYGON ((-122.438022 37.792927, -122.43820900000001 37.79384999999998, -122.43827500000002 37.79417999999999, -122.43840200000001 37.794807, -122.43859099999999 37.79574100000001, -122.43695 37.79594900000001, -122.436761 37.795016000000004, -122.435113 37.795226, -122.43491900000001 37.79426599999999, -122.43473399999998 37.79334699999999, -122.434558 37.792472, -122.43620399999999 37.792263, -122.437846 37.79205399999998, -122.438022 37.792927))",15196.0,0.0,2003,075,S,060750132002003,+37.7937020,-122.4356506,G5040,Block 2003,06,013200,,
60750130004,"POLYGON ((-122.43695 37.79594900000001, -122.437138 37.796879, -122.437326 37.79781099999999, -122.435678 37.798021, -122.43403599999999 37.79823, -122.43384700000001 37.79729799999999, -122.43365800000001 37.79636699999997, -122.43346899999999 37.79543499999998, -122.435113 37.795226, -122.436761 37.795016000000004, -122.43695 37.79594900000001))",15343.0,0.0,4003,075,S,060750130004003,+37.7967280,-122.4345742,G5040,Block 4003,06,013000,,
60750130003,"POLYGON ((-122.43365800000001 37.79636699999997, -122.43384700000001 37.79729799999999, -122.43403599999999 37.79823, -122.43239299999999 37.798439, -122.430747 37.798648, -122.43055900000002 37.797716000000015, -122.43037099999998 37.796783, -122.430183 37.795854, -122.431828 37.795643999999996, -122.43346899999999 37.79543499999998, -122.43365800000001 37.79636699999997))",15332.0,0.0,3005,075,S,060750130003005,+37.7960053,-122.4327429,G5040,Block 3005,06,013000,,
60750130002,"POLYGON ((-122.42957400000002 37.79593099999999, -122.430183 37.795854, -122.43037099999998 37.796783, -122.43055900000002 37.797716000000015, -122.430747 37.798648, -122.429102 37.798857999999996, -122.42745700000002 37.799066999999994, -122.42726900000001 37.798134999999995, -122.42708 37.7972, -122.42689299999999 37.79627199999999, -122.427511 37.79619300000001, -122.427916 37.79614199999999, -122.42853800000002 37.79606299999999, -122.42860100000001 37.796054000000005, -122.42957400000002 37.79593099999999))",15393.0,0.0,2002,075,S,060750130002002,+37.7973540,-122.4296422,G5040,Block 2002,06,013000,,
60750129023,"POLYGON ((-122.43577199999999 37.798486999999994, -122.435866 37.79895199999999, -122.435961 37.79941900000001, -122.436046 37.799842999999996, -122.43622500000001 37.80072200000001, -122.436274 37.800813999999995, -122.43638100000001 37.800895, -122.436764 37.802525, -122.43669299999999 37.802628000000006, -122.43497300000001 37.802848, -122.433328 37.803057, -122.43167900000002 37.80326699999999, -122.43149800000002 37.802375999999995, -122.43131099999998 37.80144500000002, -122.43295800000001 37.801235999999996, -122.432864 37.800773000000014, -122.43276000000002 37.800259999999994, -122.432675 37.799837000000004, -122.432581 37.799370000000025, -122.43248700000001 37.798905, -122.43239299999999 37.798439, -122.43403599999999 37.79823, -122.435678 37.798021, -122.43577199999999 37.798486999999994))",1903.0,0.0,3005,075,S,060750129023005,+37.7999474,-122.4352247,G5040,Block 3005,06,012902,,
60750128001,"POLYGON ((-122.44060999999999 37.797394, -122.44079799999999 37.798324, -122.44097799999999 37.799212, -122.441177 37.80019000000001, -122.44031 37.800300999999976, -122.43950399999999 37.800403, -122.43788899999998 37.80060899999999, -122.43730000000001 37.800684, -122.436274 37.800813999999995, -122.43622500000001 37.80072200000001, -122.436046 37.799842999999996, -122.435961 37.79941900000001, -122.435866 37.79895199999999, -122.43577199999999 37.798486999999994, -122.435678 37.798021, -122.437326 37.79781099999999, -122.437138 37.796879, -122.43695 37.79594900000001, -122.43859099999999 37.79574100000001, -122.440234 37.795533000000006, -122.44042200000001 37.796461, -122.44060999999999 37.797394))",1903.0,0.0,1013,075,S,060750128001013,+37.7995295,-122.4385166,G5040,Block 1013,06,012800,,
60750129021,"POLYGON ((-122.42929000000001 37.799787999999985, -122.427645 37.799997, -122.42678800000002 37.800106, -122.42649399999999 37.800143000000006, -122.42600100000001 37.80020599999999, -122.42435900000001 37.80041499999998, -122.42444300000001 37.800312000000005, -122.424292 37.79956500000001, -122.424171 37.79948500000002, -122.425814 37.799276, -122.426631 37.79917199999999, -122.42745700000002 37.799066999999994, -122.429102 37.798857999999996, -122.430747 37.798648, -122.43239299999999 37.798439, -122.43248700000001 37.798905, -122.432581 37.799370000000025, -122.432675 37.799837000000004, -122.43276000000002 37.800259999999994, -122.43265500000001 37.800337, -122.431246 37.80051599999998, -122.431115 37.80046899999999, -122.430935 37.799579, -122.42929000000001 37.799787999999985))",1899.0,0.0,1006,075,S,060750129021006,+37.8003646,-122.4319375,G5040,Block 1006,06,012902,,
60750129022,"POLYGON ((-122.42929000000001 37.799787999999985, -122.430935 37.799579, -122.431115 37.80046899999999, -122.431246 37.80051599999998, -122.43265500000001 37.800337, -122.43276000000002 37.800259999999994, -122.432864 37.800773000000014, -122.43295800000001 37.801235999999996, -122.43131099999998 37.80144500000002, -122.43149800000002 37.802375999999995, -122.43167900000002 37.80326699999999, -122.43004500000002 37.803517999999976, -122.429855 37.80258299999999, -122.429667 37.80165399999999, -122.429471 37.800678, -122.42929000000001 37.799787999999985))",13726.0,0.0,2006,075,S,060750129022006,+37.8000997,-122.4301969,G5040,Block 2006,06,012902,,
60750126022,"POLYGON ((-122.433328 37.803057, -122.43497300000001 37.802848, -122.43669299999999 37.802628000000006, -122.436815 37.802777, -122.436962 37.8035, -122.43689199999999 37.80360299999999, -122.43699900000001 37.803683, -122.43711600000002 37.804255999999995, -122.437046 37.804359, -122.43687700000001 37.804561, -122.43535700000001 37.804757, -122.434082 37.80491699999999, -122.43389800000001 37.804975999999996, -122.433798 37.805043, -122.43366700000001 37.805015, -122.43219300000001 37.805206, -122.43209099999999 37.805200000000006, -122.43235 37.805975999999966, -122.43232 37.80598299999999, -122.43226499999999 37.80601599999999, -122.43224599999999 37.80601949999999, -122.432227 37.806023, -122.432194 37.80603999999999, -122.43217899999998 37.806059, -122.432165 37.8061, -122.43218000000002 37.806145, -122.43221 37.80615299999998, -122.432227 37.80621399999999, -122.432215 37.8062255, -122.432203 37.80623699999998, -122.432203 37.806237, -122.432206 37.806291, -122.432221 37.806338, -122.43230700000001 37.806805, -122.432383 37.807103999999995, -122.43256500000001 37.80848, -122.432615 37.80848600000001, -122.43261033333333 37.808498666666665, -122.432608 37.80850499999999, -122.43260145454546 37.80850772727272, -122.43258399999998 37.808515000000014, -122.43246200819672 37.80851550409835, -122.43234200000002 37.80851599999999, -122.4322105 37.807869499999995, -122.43207899999999 37.80722300000001, -122.43205266666666 37.807208, -122.43200000000002 37.80717799999998, -122.431443 37.807250999999994, -122.431386 37.807314, -122.431728 37.809024, -122.431341 37.809057, -122.43099500000001 37.807366, -122.430916 37.80732, -122.43036099999999 37.80739299999999, -122.430303 37.807457, -122.43062200000001 37.80916699999998, -122.43010800000002 37.80921499999998, -122.429835 37.807824999999994, -122.429549 37.807864, -122.429263 37.807903, -122.42927 37.80797, -122.428237 37.80840599999997, -122.42700100000002 37.808109, -122.426996 37.80814099999997, -122.426996 37.80814099999998, -122.427546 37.808640999999994, -122.42778000000001 37.80860549999999, -122.428014 37.80857, -122.42804300000002 37.80870499999999, -122.42753300000001 37.808783, -122.427524 37.808738999999996, -122.42730100000001 37.80877299999999, -122.427287 37.808709, -122.42749000000002 37.808678, -122.42691 37.808150999999995, -122.42683900000002 37.808113, -122.426718 37.808169, -122.426816 37.808623999999995, -122.42681200000001 37.80870199999999, -122.426831 37.808795999999994, -122.426826 37.808824, -122.426829 37.808969999999995, -122.42684799999999 37.809019, -122.42682400000001 37.80906599999999, -122.42681800000001 37.80911433333333, -122.42680600000001 37.80921100000001, -122.426765 37.809391999999995, -122.42670400000002 37.809568, -122.42667100000001 37.809639, -122.426484 37.80956699999999, -122.4265186666667 37.809482333333314, -122.42653600000001 37.80944, -122.42655950000001 37.8093575, -122.426583 37.80927499999999, -122.42659266666665 37.80921933333333, -122.426612 37.809108000000016, -122.426622 37.808906, -122.426636 37.808794000000006, -122.42662700000001 37.80880899999999, -122.426618 37.808823999999994, -122.4266075 37.80872550000001, -122.426597 37.80862700000001, -122.426535 37.80828700000001, -122.426522 37.80815099999999, -122.42650191879963 37.808158251544576, -122.42649799999998 37.80814300000001, -122.42647300000002 37.808071, -122.426613 37.808152, -122.426592 37.80806599999998, -122.426489 37.807652, -122.426257 37.80718499999997, -122.42578 37.806715, -122.425628 37.80645599999999, -122.42548800000002 37.80601000000001, -122.42529900000001 37.805078, -122.425382 37.80497099999999, -122.425231 37.804225999999986, -122.42510999999999 37.80414599999999, -122.425646 37.80407799999999, -122.42675599999998 37.80393600000001, -122.42768699999998 37.80381800000001, -122.4284 37.803726999999995, -122.43004500000002 37.803517999999976, -122.43167900000002 37.80326699999999, -122.433328 37.803057))",11327.0,0.0,2003,075,S,060750126022003,+37.8042105,-122.4284020,G5040,Block 2003,06,012602,,
60750128003,"POLYGON ((-122.44079799999999 37.798324, -122.44060999999999 37.797394, -122.442279 37.797180999999995, -122.44395000000002 37.796969, -122.44559800000002 37.796759, -122.447015 37.796579, -122.447158 37.797515, -122.44730300000002 37.798458999999994, -122.445974 37.798626, -122.444931 37.79876, -122.444828 37.798840000000006, -122.444711 37.79886700000001, -122.44450499999999 37.798841, -122.44440900000002 37.79884499999999, -122.44431900000002 37.79878999999999, -122.444263 37.79885, -122.44272600000001 37.799044, -122.442648 37.79899999999999, -122.442468 37.798112, -122.44079799999999 37.798324))",12693.0,0.0,3007,075,S,060750128003007,+37.7980699,-122.4465548,G5040,Block 3007,06,012800,,
60750128004,"POLYGON ((-122.442468 37.798112, -122.442648 37.79899999999999, -122.44272600000001 37.799044, -122.444263 37.79885, -122.44431900000002 37.79878999999999, -122.44440900000002 37.79884499999999, -122.44450499999999 37.798841, -122.444711 37.79886700000001, -122.444828 37.798840000000006, -122.444931 37.79876, -122.445974 37.798626, -122.44730300000002 37.798458999999994, -122.44734099999998 37.79855299999999, -122.44746599999999 37.799389999999995, -122.446161 37.799556, -122.44596499999999 37.799580999999996, -122.444516 37.799765, -122.442846 37.799978, -122.441177 37.80019000000001, -122.44097799999999 37.799212, -122.44079799999999 37.798324, -122.442468 37.798112))",15547.0,0.0,4000,075,S,060750128004000,+37.7996196,-122.4419171,G5040,Block 4000,06,012800,,
60750127002,"POLYGON ((-122.44136800000001 37.801126, -122.44303500000001 37.800908, -122.44470399999999 37.80069599999998, -122.446348 37.80048600000001, -122.44652999999998 37.801418000000005, -122.44660999999999 37.801787000000004, -122.44672299999999 37.802353, -122.44508200000001 37.802561999999995, -122.443414 37.802774, -122.441754 37.802984999999985, -122.441655 37.80251, -122.441559 37.80205, -122.44136800000001 37.801126))",15664.0,0.0,2001,075,S,060750127002001,+37.8021999,-122.4441529,G5040,Block 2001,06,012700,,
60750126011,"POLYGON ((-122.441655 37.80251, -122.441754 37.802984999999985, -122.44190499999999 37.80374400000001, -122.441032 37.803858, -122.440195 37.803962999999996, -122.439255 37.80408099999999, -122.43800500000002 37.80423799999999, -122.437046 37.804359, -122.43711600000002 37.804255999999995, -122.43699900000001 37.803683, -122.43689199999999 37.80360299999999, -122.436962 37.8035, -122.436815 37.802777, -122.43669299999999 37.802628000000006, -122.436764 37.802525, -122.43638100000001 37.800895, -122.436274 37.800813999999995, -122.43730000000001 37.800684, -122.43788899999998 37.80060899999999, -122.43950399999999 37.800403, -122.44031 37.800300999999976, -122.441177 37.80019000000001, -122.44136800000001 37.801126, -122.441559 37.80205, -122.441655 37.80251))",10389.0,0.0,1003,075,S,060750126011003,+37.8032911,-122.4404878,G5040,Block 1003,06,012601,,
60750127001,"POLYGON ((-122.44660999999999 37.801787000000004, -122.44782 37.80163299999999, -122.44792200000002 37.801531999999995, -122.44836 37.801587, -122.448803 37.80177199999999, -122.449179 37.802073999999976, -122.44945999999999 37.802454, -122.449565 37.802791000000006, -122.449584 37.80315299999998, -122.44949600000001 37.80347, -122.44938799999998 37.80371099999999, -122.44912399999998 37.804007999999996, -122.44881499999998 37.80422900000001, -122.44824100000001 37.804477999999996, -122.448279 37.804724, -122.44832099999999 37.804994, -122.448492 37.80608799999999, -122.448386 37.806219999999996, -122.44818400000001 37.806339, -122.448146 37.80635, -122.448185 37.806754999999995, -122.44812699999999 37.80689600000001, -122.44783500000001 37.807052000000006, -122.44718100000001 37.807477, -122.447024 37.807491000000006, -122.44663800000001 37.807525000000005, -122.446477 37.807517, -122.445245 37.807626000000006, -122.44498288029891 37.80761510224437, -122.44483299999999 37.807603999999984, -122.44479963775262 37.807607483845295, -122.44478799999999 37.807607, -122.443685 37.807722000000005, -122.442712 37.807973, -122.44262599999999 37.80800399999999, -122.44257499999999 37.808014, -122.44252399999999 37.808023999999996, -122.44203049999999 37.80807549999999, -122.44153699999998 37.80812699999999, -122.441244 37.80816149999999, -122.44095100000001 37.80819599999999, -122.440653 37.808288, -122.44055199999998 37.80834499999999, -122.44046100000001 37.808412, -122.44038300000001 37.808488, -122.440222 37.808671, -122.44003200000002 37.80883300000001, -122.43992799999998 37.808779, -122.44027799999999 37.808222, -122.44033400000002 37.808181999999995, -122.44038207804877 37.808162019512196, -122.44041099999998 37.80815000000002, -122.440441 37.808147, -122.440471 37.80814399999999, -122.440632 37.80810699999999, -122.440778 37.808098, -122.44179499999998 37.807987, -122.441787 37.807914, -122.44149 37.80794399999999, -122.441481 37.807916999999996, -122.441399 37.807833, -122.441423 37.807817, -122.441527 37.807922, -122.441625 37.807912, -122.44153699999998 37.80782, -122.441558 37.807805, -122.44165900000002 37.807909, -122.44178000000001 37.807896, -122.441695 37.807803, -122.44171699999998 37.807787, -122.44182 37.80789300000001, -122.44187799999999 37.80788699999999, -122.44193599999998 37.807881, -122.44184900000002 37.80778800000001, -122.441874 37.807771, -122.441976 37.807877000000005, -122.441978 37.807894999999995, -122.44189700000001 37.80790299999999, -122.441816 37.80791099999999, -122.441824 37.807984, -122.44232099999998 37.807931999999994, -122.44237700000001 37.807918, -122.442423 37.80788, -122.442454 37.807816, -122.442454 37.807815999999995, -122.44245233333335 37.807809, -122.44244900000001 37.807794999999984, -122.44237966666667 37.807806999999976, -122.442345 37.80781299999998, -122.442345 37.807813, -122.44234566666668 37.80782066666667, -122.44234700000001 37.80783599999999, -122.44213766666667 37.807862, -122.442033 37.807875, -122.442009 37.80773400000002, -122.442027 37.807721, -122.44204699999999 37.807836, -122.44205899999999 37.80785200000001, -122.442208 37.80783399999999, -122.44218199999999 37.807681, -122.44221499999999 37.80767500000001, -122.442249 37.80782800000001, -122.4422755609756 37.8078247804878, -122.44231500000001 37.807819999999985, -122.44231812000001 37.807810639999985, -122.442321 37.807801999999995, -122.442293 37.807665999999976, -122.442319 37.807652, -122.44235499999999 37.807784, -122.44235500000002 37.807783999999955, -122.44235500000002 37.807784, -122.442383 37.807725999999995, -122.44237300000002 37.807665, -122.44240000000002 37.80764599999999, -122.442414 37.80772899999999, -122.442385 37.807783, -122.44245699999999 37.80777199999999, -122.44245700000002 37.80777199999999, -122.442424 37.807638, -122.442685 37.807596000000004, -122.44271300000001 37.807793000000004, -122.442763 37.807809, -122.442769 37.80777400000001, -122.442769 37.80777400000001, -122.442731 37.807519, -122.442883 37.807508999999996, -122.442885 37.80753099999998, -122.44277300000002 37.807539, -122.44277900000002 37.807566, -122.44288799999998 37.80755799999999, -122.442892 37.807577999999985, -122.44277900000002 37.80758599999999, -122.44278500000001 37.80761, -122.44289400000001 37.807603, -122.442898 37.807622999999985, -122.442787 37.807631, -122.442793 37.807660999999996, -122.44290200000002 37.80765100000001, -122.442905 37.807674, -122.442795 37.80768200000001, -122.44279799999998 37.807704, -122.44290800000002 37.80769599999999, -122.44291 37.807717, -122.44279700000001 37.807725, -122.44280300000001 37.807752, -122.44291400000002 37.80774400000001, -122.4429146666667 37.80775033333334, -122.442916 37.80776299999998, -122.44280000000002 37.807772, -122.44280399999998 37.80780399999999, -122.442903 37.807793999999994, -122.44292675 37.807789, -122.44299800000002 37.80777400000004, -122.44305599999998 37.807753999999996, -122.44312799999999 37.80774399999999, -122.44326000000001 37.80770499999999, -122.443291 37.807699, -122.44328600000001 37.807673000000015, -122.44320223076927 37.807681884615384, -122.44315400000002 37.80768699999999, -122.44315100000001 37.807665, -122.44326200000002 37.807653, -122.44326200000002 37.80765299999999, -122.443258 37.807626, -122.44314599999998 37.80763900000001, -122.443142 37.807618, -122.443255 37.80760599999999, -122.443251 37.80758099999999, -122.44319450000002 37.807587500000004, -122.443138 37.80759400000001, -122.44313399999999 37.807573999999995, -122.443238 37.807562, -122.443234 37.807533, -122.44312799999999 37.80754700000001, -122.443124 37.807525, -122.44323500000002 37.807511999999996, -122.443231 37.807488, -122.44311900000001 37.80750299999997, -122.443116 37.807482, -122.44322100000001 37.80747, -122.44322100000001 37.80746999999999, -122.44321950000001 37.807456499999994, -122.44321799999999 37.807442999999985, -122.44311 37.80745399999999, -122.44310600000001 37.807432999999996, -122.44336 37.807404000000005, -122.443363 37.807424999999995, -122.44326800000002 37.807436, -122.44326833333334 37.807443333333325, -122.44326899999999 37.80745799999997, -122.443335 37.80745066666666, -122.443368 37.807447, -122.443372 37.807469, -122.44327400000002 37.807480000000005, -122.443279 37.807507, -122.443378 37.807495999999986, -122.44338066666667 37.80750933333334, -122.443382 37.80751600000001, -122.44328600000001 37.807528, -122.443289 37.807553000000006, -122.44338599999999 37.807542000000005, -122.44339 37.807566, -122.443296 37.807575, -122.44329900000001 37.807601000000005, -122.443396 37.80759, -122.4434 37.80761199999998, -122.44335299999999 37.807616499999995, -122.443306 37.807621000000005, -122.44331100000001 37.80764700000002, -122.443405 37.807637, -122.44340900000002 37.80765799999999, -122.44331900000002 37.807668, -122.443322 37.80769299999999, -122.44343400000001 37.80767199999999, -122.44354007490635 37.80763901872657, -122.443672 37.807598, -122.44366799999999 37.807567999999996, -122.44365599999999 37.807485999999976, -122.44369499999999 37.807471, -122.44387200000001 37.80744100000001, -122.44385750000002 37.80740449999999, -122.443843 37.807367999999975, -122.44370699999999 37.807398, -122.44366199999999 37.807430999999994, -122.443636 37.807419, -122.44365399999998 37.807407, -122.4436 37.80740999999998, -122.443507 37.807336, -122.44352600000002 37.80731800000002, -122.443613 37.807389999999984, -122.44364700000001 37.807384, -122.44356999999998 37.807320999999995, -122.44358900000002 37.807304999999985, -122.44367700000001 37.807379, -122.443709 37.80737299999999, -122.443637 37.80731299999999, -122.443657 37.80729699999999, -122.4436985 37.807332, -122.44373999999999 37.807367000000006, -122.443769 37.807362000000005, -122.44369 37.807299, -122.44371200000002 37.80728299999999, -122.443799 37.807355999999984, -122.44382799999998 37.80735099999999, -122.44375500000001 37.807289000000004, -122.443774 37.807274, -122.443859 37.807345999999995, -122.443945 37.80733000000001, -122.443945 37.80733, -122.44383399999998 37.80723399999999, -122.443852 37.807218, -122.44397700000002 37.807324, -122.444024 37.807316, -122.44389000000001 37.807204, -122.443909 37.807188999999994, -122.44405299999998 37.80730999999999, -122.44410300000001 37.80730099999999, -122.44401200000003 37.80721699999999, -122.44403 37.807202000000004, -122.44414 37.80729399999999, -122.44419400000001 37.807282, -122.44405200000001 37.807167, -122.44407100000001 37.807153, -122.444216 37.807276, -122.444263 37.807262, -122.444126 37.807148, -122.444146 37.80713199999999, -122.44429000000001 37.807254, -122.44433 37.80724200000001, -122.44433 37.807241999999995, -122.44424533333334 37.80716733333333, -122.444203 37.807129999999994, -122.444222 37.80711300000001, -122.444363 37.80723199999999, -122.444404 37.807219999999994, -122.44427799999998 37.80711, -122.44429800000002 37.807094000000006, -122.444436 37.807210999999995, -122.444547 37.807178, -122.44442100000005 37.80706700000002, -122.44443799999998 37.807052000000006, -122.444577 37.80716899999999, -122.444623 37.80715566666666, -122.44464600000002 37.807149, -122.444657 37.807166, -122.44455400000001 37.807196499999996, -122.44445100000002 37.80722699999999, -122.44447350000002 37.8072625, -122.44449600000002 37.807298, -122.444798 37.807204000000006, -122.44525699999998 37.80707100000001, -122.44524100000001 37.80704299999999, -122.445225 37.807014999999986, -122.44509099999999 37.807031, -122.44506100000001 37.80703999999999, -122.44505599999998 37.80701899999999, -122.445159 37.807007, -122.44517800000001 37.806986, -122.44517800000001 37.80698599999998, -122.445117 37.80695199999999, -122.44484200000001 37.80699, -122.44483600000001 37.806968, -122.44503700000001 37.80694200000001, -122.44505800000002 37.80691900000001, -122.44500600000002 37.806889, -122.44483000000001 37.806914, -122.44482499999998 37.806893, -122.444855 37.806889000000005, -122.444885 37.806884999999994, -122.444879 37.80684399999999, -122.44461999999999 37.80687999999999, -122.44461700000001 37.80685999999999, -122.44471766666668 37.80684566666667, -122.444919 37.80681700000001, -122.445008 37.806867000000004, -122.44499666666668 37.80684466666666, -122.44497400000002 37.80679999999999, -122.445003 37.80679099999998, -122.44505800000002 37.80689499999999, -122.44512199999998 37.80693099999999, -122.44504599999999 37.806780999999994, -122.445075 37.806771999999995, -122.44516699999998 37.80695699999998, -122.44523100000002 37.806991999999994, -122.44527266666668 37.80697966666666, -122.445356 37.80695500000001, -122.445356 37.806954999999995, -122.445284 37.80680033333333, -122.445248 37.80672299999998, -122.44527499999998 37.80671399999999, -122.44533 37.806830500000004, -122.44538500000002 37.80694700000001, -122.44546900000002 37.806922, -122.44535299999998 37.806691999999984, -122.445382 37.80668299999999, -122.44544 37.806798, -122.445498 37.80691300000001, -122.445562 37.806894000000014, -122.445562 37.806894000000014, -122.445446 37.806664999999995, -122.44547399999998 37.806656, -122.44559200000002 37.80688599999999, -122.445704 37.80685199999999, -122.445652 37.806748999999996, -122.44565300000001 37.806727, -122.44589599999999 37.806816, -122.445736 37.806862999999986, -122.445736 37.806862999999986, -122.445754 37.806897000000006, -122.44638499999999 37.806715000000004, -122.44625900000001 37.806718, -122.44619300000001 37.806737999999996, -122.44616999999998 37.806726999999995, -122.445982 37.806782999999996, -122.445589 37.806636, -122.445607 37.806611, -122.44600100000001 37.806756, -122.44613200000002 37.806717, -122.445702 37.806559, -122.445718 37.80653499999999, -122.445871 37.806591333333316, -122.44617700000002 37.80670400000001, -122.44626599999998 37.806678, -122.44599599999998 37.80650699999999, -122.44600799999998 37.8064975, -122.44602 37.80648799999999, -122.44630599999999 37.80666699999999, -122.44630600000002 37.80666699999999, -122.44640700000001 37.806637, -122.44640700000001 37.806636999999995, -122.446143 37.806472, -122.446167 37.806453000000005, -122.446443 37.80662600000001, -122.4464985 37.8066095, -122.446554 37.806593000000014, -122.446554 37.806593, -122.44647299999998 37.8065425, -122.446392 37.806492000000006, -122.4464035 37.80648349999999, -122.44641500000002 37.80647499999999, -122.446531 37.806546, -122.44662000000001 37.806520000000006, -122.446643 37.806584, -122.446711 37.80656999999998, -122.446939 37.80649199999999, -122.44694449999999 37.80650149999999, -122.44694999999999 37.80651100000001, -122.446721 37.806588999999995, -122.446721 37.806589, -122.4467275 37.80660199999999, -122.446734 37.806614999999994, -122.446997 37.806534, -122.44699 37.80644399999999, -122.44685100000001 37.80645599999999, -122.44685 37.806431999999994, -122.446973 37.80642100000001, -122.44697 37.80637799999999, -122.446779 37.806394999999995, -122.4467785 37.80638349999998, -122.446778 37.806371999999975, -122.446979 37.80635699999999, -122.446973 37.80632399999999, -122.44676700000001 37.806343, -122.446765 37.806321000000004, -122.446957 37.806296, -122.446957 37.806295999999996, -122.446942 37.806222, -122.446801 37.806233999999996, -122.446797 37.806209, -122.44693500000001 37.806186, -122.44692 37.806114, -122.44678100000002 37.806130999999986, -122.44677599999999 37.806109, -122.446901 37.806095, -122.44689600000001 37.806055999999984, -122.44679800000003 37.806065000000004, -122.44670000000002 37.80607399999999, -122.44669799999998 37.806051, -122.44688400000001 37.806034000000004, -122.446879 37.806002, -122.44668500000002 37.806021, -122.446682 37.80599899999999, -122.446894 37.805980999999996, -122.44688 37.805907, -122.44667100000001 37.805926, -122.446669 37.805901000000006, -122.44673733333335 37.805894, -122.446874 37.80588000000001, -122.446874 37.805879999999995, -122.44685999999999 37.805805, -122.446663 37.805829, -122.44665800000001 37.805803, -122.446844 37.80577999999999, -122.44683800000001 37.805747, -122.446649 37.80577100000001, -122.44664600000002 37.805749, -122.446829 37.805727, -122.446824 37.805698, -122.446639 37.80572099999999, -122.446637 37.80569899999999, -122.44682000000002 37.805676999999996, -122.44681800000001 37.80565099999999, -122.44663 37.805675, -122.446627 37.80565299999999, -122.44671799999999 37.8056425, -122.44680899999999 37.805632, -122.44680899999999 37.80563199999998, -122.446804 37.805609, -122.446738 37.805617999999996, -122.446733 37.805595, -122.44681800000001 37.80558599999999, -122.44680800000002 37.80553599999999, -122.446721 37.80554799999998, -122.446719 37.805526, -122.44678700000001 37.805516999999995, -122.44678199999998 37.80549, -122.446701 37.80549899999999, -122.44669950000001 37.80548799999999, -122.44669799999998 37.805477, -122.446792 37.80546600000001, -122.446792 37.805465999999996, -122.4467815 37.80543600000001, -122.446771 37.805405999999984, -122.44615787733889 37.80548343866943, -122.44600299999999 37.805503, -122.44601637579619 37.80557465605095, -122.446017 37.805578000000004, -122.446546 37.80551, -122.44655000000002 37.805528999999986, -122.446519 37.80553299999999, -122.446527 37.805602, -122.446501 37.80560599999997, -122.446489 37.805549, -122.446468 37.80553899999999, -122.44646233333333 37.805543333333326, -122.44645100000001 37.80555199999996, -122.44645100000001 37.80555199999997, -122.446464 37.805611, -122.446437 37.805612999999994, -122.446423 37.805556, -122.44639099999999 37.805561, -122.446418 37.805685000000004, -122.44639 37.805687, -122.446363 37.805564, -122.44636299999999 37.805564, -122.446326 37.805566999999996, -122.446353 37.805693, -122.446326 37.805696999999995, -122.44629800000001 37.805572, -122.446263 37.80557899999999, -122.446281 37.80566099999999, -122.44629 37.80570200000001, -122.446276 37.805704, -122.44626199999999 37.80570599999999, -122.446233 37.805569, -122.446149 37.80558, -122.44617700000002 37.805717, -122.44615 37.805721, -122.446123 37.80559600000001, -122.446071 37.80560100000003, -122.446071 37.80560100000004, -122.446098 37.805727999999995, -122.446068 37.805732, -122.44604099999998 37.80560399999999, -122.446008 37.805607999999985, -122.446008 37.805607999999985, -122.44603599999999 37.805736, -122.44601836486488 37.80573843243242, -122.44600700000001 37.80573999999999, -122.44599250000002 37.80567699999999, -122.445978 37.805614000000006, -122.4459595 37.80561550000001, -122.44594099999999 37.80561699999999, -122.445966 37.805745, -122.445937 37.80574899999999, -122.44591100000001 37.805622, -122.44587499999999 37.805625, -122.4459 37.805752999999996, -122.445871 37.805757, -122.445845 37.80563, -122.445805 37.805633, -122.44582999999999 37.805763, -122.445801 37.805767, -122.44578950000002 37.805703, -122.44577800000002 37.80563899999999, -122.44573900000002 37.80564699999999, -122.445763 37.805771, -122.445736 37.805775, -122.44571200000001 37.805648000000005, -122.44567000000002 37.805655, -122.44569499999999 37.805782, -122.445665 37.805786, -122.445639 37.805658, -122.44559600000001 37.805661, -122.44562 37.805789, -122.445594 37.805793, -122.445568 37.805667, -122.44552000000002 37.80567299999999, -122.44552800000002 37.80571433333333, -122.445544 37.80579700000001, -122.44551499999999 37.805800999999995, -122.445492 37.805676, -122.44545 37.80568199999999, -122.44546900000002 37.805778999999994, -122.445441 37.80578299999999, -122.445421 37.805686, -122.44537700000001 37.805693999999995, -122.445399 37.80581199999999, -122.445369 37.805816, -122.44534699999998 37.80569299999999, -122.44533233333333 37.80569433333333, -122.445303 37.805696999999995, -122.445303 37.80569700000001, -122.44531766666668 37.80577433333333, -122.44532500000001 37.805813, -122.44529599999998 37.805817, -122.445273 37.805702, -122.44523200000002 37.805709, -122.445254 37.805823999999994, -122.445225 37.805828, -122.445204 37.80571199999999, -122.445162 37.805715, -122.44518499999998 37.805831, -122.445156 37.805834999999995, -122.44513300000001 37.80571899999999, -122.44509700000002 37.805723, -122.44512 37.805839, -122.44509 37.80584299999999, -122.445066 37.805727999999995, -122.44503 37.805731, -122.445053 37.805847, -122.445026 37.805851, -122.445002 37.805727999999995, -122.44495500000002 37.805733999999994, -122.44490800000001 37.80573999999999, -122.44491666666667 37.805780999999996, -122.444934 37.805862999999995, -122.44490800000001 37.805867000000006, -122.444885 37.805749000000006, -122.44484 37.805755999999995, -122.44484 37.805756, -122.444862 37.80587400000001, -122.444834 37.805878, -122.444811 37.80576199999999, -122.44479249999999 37.8057635, -122.444774 37.80576500000002, -122.444774 37.80576500000002, -122.44479399999999 37.805884, -122.444763 37.805887999999996, -122.44474600000001 37.805769000000005, -122.444706 37.80577299999999, -122.444706 37.80577300000001, -122.44471933333335 37.80585366666666, -122.444726 37.80589399999998, -122.44469799999999 37.805898, -122.44467700000001 37.805778, -122.444645 37.805781, -122.44466499999999 37.80590199999999, -122.444637 37.805906, -122.44461700000001 37.80578400000001, -122.44459033333335 37.80578799999999, -122.444577 37.805789999999995, -122.444598 37.80591199999999, -122.444584 37.805913999999994, -122.44457 37.80591599999999, -122.44456921259842 37.805911196850396, -122.44455000000002 37.805794, -122.44454999999999 37.805794000000006, -122.44454999999999 37.805794, -122.44453486153849 37.80579621538461, -122.44450900000001 37.8058, -122.44452700000001 37.80590000000001, -122.444498 37.805904, -122.444481 37.805803, -122.444443 37.805807, -122.444462 37.805907999999995, -122.44443300000002 37.805912000000006, -122.444414 37.805811999999996, -122.44438099999999 37.805814999999996, -122.44439605454546 37.80589947272727, -122.444399 37.80591599999999, -122.444369 37.80592, -122.444352 37.80581900000001, -122.44432 37.805821, -122.444339 37.805922999999986, -122.44431000000002 37.805926999999976, -122.444291 37.80582799999999, -122.4442756451613 37.805829354838714, -122.44425700000001 37.805831000000005, -122.444276 37.80593100000001, -122.444248 37.805935, -122.44422900000002 37.805836, -122.444197 37.805839, -122.44421499999999 37.805938000000005, -122.444186 37.80594200000001, -122.44416700000001 37.805844, -122.44413600000001 37.805847, -122.44415400000001 37.805946, -122.444127 37.805949999999996, -122.44410900000001 37.805839999999996, -122.44405800000001 37.80584599999998, -122.444015 37.805862, -122.444027375 37.805930062499996, -122.44403299999999 37.805961, -122.44401806666667 37.80596206666669, -122.444005 37.80596299999999, -122.44398900000002 37.80586399999999, -122.44395000000002 37.805869, -122.44396800000001 37.80597000000001, -122.44394933333334 37.80597266666667, -122.44394 37.80597399999999, -122.443921 37.805873, -122.443894 37.805876999999995, -122.44391199999998 37.805977999999996, -122.44388499999998 37.80598199999998, -122.443871 37.80590866666667, -122.443864 37.80587200000001, -122.443818 37.805879000000004, -122.4437945 37.80588749999998, -122.443771 37.80589599999998, -122.443771 37.80589599999998, -122.44377950000002 37.805944999999994, -122.44378800000001 37.805994000000005, -122.443759 37.80599800000002, -122.443742 37.805898, -122.44370699999999 37.805901999999996, -122.44370699999999 37.80590200000002, -122.443724 37.806003, -122.44369299999998 37.806006000000004, -122.443676 37.805907, -122.44364399999999 37.80591, -122.44366099999999 37.806011, -122.44363400000002 37.806014999999995, -122.44361400000001 37.805913999999994, -122.44358300000002 37.805917999999984, -122.44358300000002 37.805917999999984, -122.4436 37.80601899999999, -122.44357100000002 37.80602299999997, -122.443555 37.805920999999984, -122.44352499999998 37.805924, -122.443543 37.80602599999998, -122.443513 37.806030000000014, -122.44349700000001 37.805928, -122.443464 37.805930000000004, -122.44348199999999 37.806034, -122.44345400000002 37.806037999999994, -122.44343600000002 37.805934, -122.44343599999999 37.805934, -122.44342706382979 37.80593476595745, -122.44340100000001 37.80593699999998, -122.44340100000001 37.805936999999986, -122.44340700000001 37.805972000000004, -122.443419 37.806042000000026, -122.44339 37.80604700000001, -122.443373 37.805944000000004, -122.44335699999998 37.8059435, -122.44334099999999 37.80594299999999, -122.44335899999999 37.806049, -122.44333100000001 37.806053, -122.443315 37.80595199999999, -122.443282 37.80595399999999, -122.44328333884299 37.80596166115702, -122.4433 37.80605699999999, -122.443273 37.806059, -122.443255 37.805959, -122.44322100000001 37.805964, -122.443238 37.806064000000006, -122.44322399999999 37.80606599999999, -122.44321 37.80606799999998, -122.44320200000001 37.806017499999996, -122.443194 37.80596699999999, -122.44316400000001 37.80597100000001, -122.443181 37.80607099999998, -122.44316366666666 37.80607366666666, -122.443155 37.80607499999999, -122.44314500000002 37.8060195, -122.443135 37.805964, -122.443059 37.805973, -122.44308200000002 37.80608399999999, -122.443054 37.80608699999999, -122.44303700000002 37.805988, -122.442997 37.805992999999994, -122.44299699999999 37.805992999999994, -122.44301275431035 37.80608474568965, -122.443014 37.80609200000001, -122.44298600000002 37.806095999999975, -122.44296602797205 37.805998993006995, -122.44296500000002 37.805994000000005, -122.4429525 37.805995499999995, -122.44294 37.805996999999984, -122.44294 37.805996999999984, -122.442958 37.80609899999999, -122.44293299999998 37.806103, -122.44290600000001 37.805992, -122.44284 37.806000999999995, -122.442858 37.80611199999999, -122.442823 37.80611499999999, -122.44281099999999 37.806060499999994, -122.442799 37.806006000000004, -122.4427665 37.80600999999999, -122.44273400000002 37.80601399999999, -122.442748 37.806125, -122.442717 37.80612899999999, -122.44270350000001 37.806074499999994, -122.44269 37.806020000000004, -122.44263600000001 37.806027, -122.442652 37.80613699999999, -122.44261900000002 37.806141, -122.44259099999998 37.80603199999997, -122.442552 37.806036999999996, -122.44254800000002 37.806018, -122.44302900000001 37.805958000000004, -122.44302865986396 37.80595558503401, -122.44301900000002 37.805887, -122.44301899999999 37.805887, -122.442516 37.805951, -122.442428 37.806051, -122.442522 37.806508, -122.44258600000002 37.80657899999999, -122.44282955882355 37.80654955882353, -122.443132 37.806513, -122.443116 37.806442999999994, -122.442865 37.806468499999994, -122.44261399999999 37.80649400000001, -122.44261100000001 37.806475, -122.442655 37.806470000000004, -122.442639 37.806360999999995, -122.442664 37.80635899999998, -122.44267467119565 37.80644825, -122.44267499999998 37.80645099999999, -122.44270399999999 37.806447999999996, -122.442693 37.80635700000001, -122.442711 37.806356333333326, -122.44271999999998 37.806355999999994, -122.44273 37.806444, -122.44277100000001 37.806442, -122.44276000000002 37.806351, -122.44278500000001 37.806349, -122.44280000000002 37.806456000000026, -122.442873 37.806447999999996, -122.44285400000001 37.806339, -122.44288100000001 37.806336, -122.442897 37.80642900000001, -122.442911 37.806427, -122.442925 37.80642499999999, -122.442917 37.80637849999999, -122.442909 37.80633200000001, -122.442936 37.80633, -122.44295100000001 37.806423, -122.44297700000001 37.80642, -122.44297700000001 37.806419999999996, -122.442962 37.80632700000001, -122.442989 37.80632500000001, -122.44300400000002 37.806418, -122.44303500000001 37.806415, -122.44302 37.806321000000004, -122.443047 37.806319, -122.44306199999998 37.806412, -122.44309400000002 37.80640899999999, -122.443078 37.806315, -122.44310600000001 37.80631299999998, -122.44312099999999 37.806405999999996, -122.44312100000002 37.806405999999996, -122.44312100000002 37.806406, -122.443153 37.806403, -122.443153 37.80640299999999, -122.44313700000001 37.806309999999996, -122.44316400000001 37.80630799999998, -122.44318 37.80640099999999, -122.44322199999998 37.80640099999998, -122.44322199999998 37.80640099999998, -122.443222 37.80640099999998, -122.44320900000001 37.80630199999999, -122.443234 37.80629999999999, -122.443251 37.80641, -122.44333 37.806402, -122.443315 37.806288999999985, -122.44335200000002 37.80628899999999, -122.443367 37.806398, -122.44344600000001 37.80639000000001, -122.4434355 37.806335000000004, -122.443425 37.806279999999994, -122.443453 37.806278, -122.443468 37.80637, -122.44350000000001 37.806368000000006, -122.4434946666667 37.806336, -122.443484 37.806271999999986, -122.44351 37.80627199999999, -122.44352599999999 37.80636399999999, -122.44352600000002 37.80636399999999, -122.44352600000002 37.806364, -122.44356900000001 37.806360000000005, -122.44356400000001 37.806312999999996, -122.443559 37.806265999999994, -122.44358400000002 37.806265999999994, -122.443598 37.806374, -122.44367700000001 37.80636599999999, -122.44367000000003 37.8063095, -122.443663 37.806253000000005, -122.443696 37.806252, -122.44371200000002 37.806363, -122.44379600000002 37.806354, -122.44378 37.806239999999995, -122.44380600000001 37.80624, -122.443817 37.806336, -122.44385400000002 37.80633299999999, -122.44383900000001 37.806233999999996, -122.44386699999998 37.806234, -122.443874 37.80628100000001, -122.44388099999999 37.80632799999999, -122.443915 37.80632499999999, -122.443915 37.80632499999999, -122.4439 37.80622899999998, -122.44391350000001 37.80622899999997, -122.443927 37.806229, -122.44394 37.806322000000016, -122.44396314285717 37.80631942857145, -122.44397599999999 37.80631799999999, -122.44397600000002 37.80631799999999, -122.443961 37.806224, -122.44399 37.806224, -122.44400399999999 37.806315, -122.444038 37.80631600000002, -122.444038 37.806315999999995, -122.44403658679707 37.806307853300744, -122.44402100000002 37.80621800000001, -122.44403725757577 37.80621687878786, -122.44405 37.80621599999999, -122.444057 37.806263500000014, -122.44406400000001 37.80631100000001, -122.44407325000002 37.80631025, -122.444101 37.80630799999998, -122.44408500000002 37.80621399999999, -122.444114 37.80621199999998, -122.444127 37.806304999999995, -122.44414299999998 37.806302999999986, -122.444159 37.806301000000005, -122.44414899999998 37.80625200000001, -122.44413899999999 37.80620299999999, -122.444153 37.806199999999976, -122.44416700000001 37.80619700000002, -122.44417600000001 37.80624600000001, -122.444185 37.80629499999998, -122.444219 37.80629, -122.444204 37.806203, -122.44423 37.806197000000004, -122.44423118518517 37.8062038148148, -122.44424599999999 37.80628899999999, -122.44426225757577 37.806287242424226, -122.44428300000001 37.806285, -122.44428300000001 37.806284999999995, -122.444268 37.80618400000001, -122.44430200000001 37.80618400000001, -122.4443115 37.80623850000001, -122.444321 37.806293000000004, -122.444411 37.806281, -122.44438899999999 37.806166999999995, -122.44442100000002 37.806167, -122.444443 37.80627700000001, -122.444537 37.806265, -122.444537 37.806264999999996, -122.444519 37.806152, -122.444552 37.80615099999999, -122.44457200000001 37.806259999999995, -122.44466 37.806249, -122.44464000000002 37.806144999999994, -122.44465217999999 37.80614416, -122.444669 37.806143000000006, -122.444684 37.806230000000006, -122.4447025 37.8062285, -122.444721 37.80622699999999, -122.44470700000001 37.806136999999985, -122.444739 37.806135, -122.44475 37.80622, -122.444792 37.806221, -122.44477900000001 37.80615, -122.444808 37.806150000000024, -122.44481800000001 37.806202, -122.444823 37.80622799999999, -122.44485450000002 37.806224, -122.444886 37.80622, -122.444879 37.80617899999997, -122.44487199999999 37.80613799999999, -122.444904 37.80613799999999, -122.44492000000001 37.80621599999999, -122.444987 37.806207, -122.44497300000002 37.806123, -122.44500499999998 37.806123, -122.445021 37.806203, -122.445093 37.80619300000001, -122.44508 37.806112, -122.445111 37.80611199999999, -122.44512700000001 37.806188999999996, -122.445203 37.806179, -122.44518499999998 37.80609599999999, -122.44521199999998 37.80609599999999, -122.44522399999998 37.806165, -122.445253 37.80615999999999, -122.44524 37.806086999999984, -122.445267 37.806086, -122.445279 37.806157000000006, -122.445306 37.806153, -122.445306 37.806152999999995, -122.445292 37.806083, -122.44532000000001 37.806083, -122.44533200000001 37.806146999999996, -122.44536400000001 37.806143000000006, -122.44535 37.80607100000001, -122.445375 37.80607100000002, -122.44538366666666 37.806120333333325, -122.445388 37.806144999999994, -122.445421 37.806142, -122.445407 37.806068, -122.445435 37.806068, -122.44544800000001 37.806138, -122.445479 37.80613499999999, -122.445472 37.8061005, -122.445465 37.80606600000001, -122.44549300000001 37.806065000000004, -122.445504 37.806129000000006, -122.44552100000001 37.806127, -122.44553800000001 37.806124999999994, -122.44553050000002 37.806091499999994, -122.445523 37.80605800000001, -122.445537 37.80605800000001, -122.44555100000001 37.80605799999999, -122.44557050000002 37.806144499999995, -122.44559000000001 37.806231000000004, -122.445561 37.806234, -122.44554700000002 37.80616600000001, -122.44551499999999 37.806169, -122.445531 37.806238, -122.445505 37.806241, -122.44548700000001 37.806174, -122.44545700000002 37.80617799999998, -122.44545700000002 37.80617799999998, -122.445472 37.80624600000001, -122.445446 37.80625, -122.44543099999999 37.806169, -122.44535299999998 37.80617899999999, -122.44536500000001 37.806260999999985, -122.44535050000002 37.80626299999999, -122.445336 37.80626499999999, -122.44533490109892 37.80626054945055, -122.44531600000002 37.806183999999995, -122.445245 37.806193, -122.44526200000001 37.806275, -122.445233 37.80627899999999, -122.44521999999999 37.806207, -122.44518 37.806211999999995, -122.44518 37.806212, -122.4451865 37.806248, -122.44519300000002 37.80628399999999, -122.44517800000001 37.8062865, -122.445163 37.80628900000001, -122.44515100000001 37.806218, -122.445126 37.806221, -122.445138 37.806292, -122.445114 37.806294000000015, -122.44510000000001 37.806211999999995, -122.44503100000001 37.806221, -122.44504300000001 37.806305, -122.44502 37.806308, -122.445008 37.806239999999995, -122.444969 37.806244, -122.444981 37.80631299999998, -122.44495599999999 37.80631699999999, -122.44494100000001 37.806247, -122.44492850000003 37.806249, -122.44491600000002 37.806251, -122.44492200000002 37.806284, -122.44492800000002 37.80631699999999, -122.44490200000001 37.806321, -122.444885 37.806239, -122.44482400000001 37.806246999999985, -122.44482400000001 37.806247000000006, -122.44483600000001 37.806328, -122.444802 37.806332999999995, -122.44478500000001 37.806252, -122.44472200000001 37.80626, -122.44473499999998 37.806340999999996, -122.44470300000002 37.80634499999999, -122.444681 37.806265999999994, -122.44466066666668 37.80626866666666, -122.44461999999999 37.806273999999995, -122.44461999999999 37.80627400000001, -122.44462866666667 37.80632866666666, -122.444633 37.806355999999994, -122.44459900000001 37.806359999999984, -122.444591 37.806318999999974, -122.444583 37.806278000000006, -122.444551 37.80628250000001, -122.444519 37.80628699999999, -122.444539 37.806405, -122.44450200000001 37.806409, -122.44448 37.806292, -122.444387 37.80630399999999, -122.44440699999998 37.806424, -122.444379 37.806427, -122.44436100000001 37.80632299999999, -122.444312 37.80633199999999, -122.44433100000002 37.806441, -122.44430400000002 37.80644499999999, -122.444282 37.806334, -122.44424700000002 37.806338, -122.44426599999998 37.806446, -122.44423900000001 37.806447999999996, -122.44421400000002 37.806326, -122.444127 37.80633699999999, -122.444152 37.806456999999995, -122.44411800000002 37.806461, -122.44408599999998 37.806342, -122.443954 37.806357000000006, -122.44395540697676 37.80636179651163, -122.44397599999999 37.806431999999994, -122.44398883333335 37.80643083333332, -122.444009 37.80642900000003, -122.444015 37.806453999999995, -122.443984 37.80645799999999, -122.443991 37.80648299999999, -122.44399149999998 37.80649799999999, -122.443992 37.806513, -122.44412499999999 37.806501, -122.444128 37.80652099999999, -122.44401300000001 37.806534, -122.444012 37.806571999999996, -122.444135 37.80655900000001, -122.44413899999999 37.806581, -122.444023 37.80659199999998, -122.444027 37.806619, -122.444144 37.80660600000002, -122.44414733333333 37.806619999999995, -122.44414899999998 37.80662699999999, -122.444029 37.806639, -122.444029 37.806639000000004, -122.44403 37.806652000000014, -122.444031 37.806665, -122.444153 37.806650999999995, -122.44415700000002 37.80667000000001, -122.444038 37.80668500000001, -122.44404150000001 37.8067015, -122.444045 37.80671799999999, -122.44416300000002 37.806705, -122.44416700000001 37.80672599999998, -122.44404600000001 37.80673899999999, -122.444054 37.806775, -122.444173 37.80676, -122.444178 37.80678399999999, -122.44404099999998 37.806800499999994, -122.443904 37.806816999999995, -122.44390266666667 37.806808999999994, -122.4439 37.80679299999997, -122.444 37.806780999999994, -122.443997 37.806757999999995, -122.443897 37.80677, -122.44389200000002 37.806749, -122.443993 37.806737999999996, -122.443987 37.80671600000001, -122.443888 37.80672800000001, -122.44388400000001 37.806708, -122.443982 37.806697, -122.443978 37.806677, -122.443877 37.806687, -122.44388000000002 37.80666600000001, -122.443978 37.806656, -122.443973 37.80663399999999, -122.44387200000001 37.806646, -122.443868 37.80662499999998, -122.44393666666669 37.80661766666667, -122.44397100000002 37.806614, -122.44397100000002 37.806613999999996, -122.443967 37.80659200000001, -122.4438996666667 37.806599999999996, -122.44386600000001 37.80660399999999, -122.44386000000002 37.806584, -122.443961 37.80657299999997, -122.443961 37.806572999999965, -122.443955 37.806551, -122.443952 37.806540000000005, -122.443903 37.8065455, -122.44385400000002 37.806551, -122.44385150000002 37.806539500000014, -122.443849 37.80652800000001, -122.443964 37.80651700000001, -122.443964 37.80648600000001, -122.443954 37.806461999999996, -122.443855 37.806474, -122.443861 37.806499999999986, -122.44371949999999 37.806526999999996, -122.44357799999999 37.806554000000006, -122.443638 37.806864, -122.44362099999998 37.80693599999999, -122.443595 37.806933, -122.443607 37.806878, -122.44353000000001 37.806899, -122.443513 37.806968999999995, -122.443489 37.80696599999999, -122.443502 37.806906, -122.443425 37.806926999999995, -122.44341966666667 37.80695033333332, -122.44340900000002 37.80699699999998, -122.44339233333335 37.806993666666656, -122.443384 37.806991999999994, -122.44339099999999 37.80696349999997, -122.44339799999999 37.806935, -122.44339799999999 37.806934999999996, -122.443318 37.806957, -122.44330199999999 37.807027, -122.443279 37.807021999999996, -122.44329 37.80696400000001, -122.44321199999999 37.806985000000005, -122.44319600000001 37.807055999999996, -122.44317200000002 37.807052, -122.443181 37.806993999999996, -122.443104 37.807015, -122.44308899999999 37.807084999999994, -122.443065 37.807082, -122.44307600000002 37.807022999999994, -122.44307599999999 37.807022999999994, -122.44299800000002 37.807044, -122.442982 37.80711300000001, -122.442957 37.80710699999999, -122.44297 37.80705100000001, -122.44289599999999 37.80707200000001, -122.44288 37.807147, -122.44285400000001 37.807141, -122.44286900000002 37.807075, -122.44283099999998 37.806994, -122.4428425 37.806989499999986, -122.44285400000001 37.806985000000005, -122.44288700000001 37.807054, -122.44295 37.807037, -122.442923 37.80697299999998, -122.44293366666666 37.806969, -122.442955 37.806961000000015, -122.44297833333334 37.80700433333334, -122.44299000000001 37.807026, -122.443045 37.807010999999996, -122.44302 37.80694799999999, -122.443048 37.80693699999999, -122.44308200000002 37.807001, -122.443138 37.806985000000005, -122.44311900000001 37.806934, -122.443148 37.80692299999999, -122.44317600000001 37.806975, -122.443231 37.80696, -122.44321100000002 37.806909, -122.443239 37.806900000000006, -122.4432420625 37.806905468749996, -122.44326699999998 37.80694999999999, -122.443267 37.80694999999999, -122.443322 37.806935, -122.443322 37.80693499999997, -122.44330199999999 37.806884, -122.44333100000001 37.80687499999999, -122.44335699999998 37.806926, -122.443357 37.806925999999976, -122.443357 37.806926, -122.44341600000001 37.806909, -122.443394 37.80685999999999, -122.443424 37.806851, -122.44344699999998 37.806900999999996, -122.443447 37.806900999999996, -122.44347915503877 37.80689203875968, -122.443508 37.80688399999998, -122.443508 37.806883999999975, -122.44349849999999 37.806858999999996, -122.443489 37.806834, -122.443516 37.806824, -122.44354200000001 37.806875000000005, -122.443612 37.806856, -122.44356900000001 37.806642999999994, -122.443537 37.806647500000004, -122.443505 37.80665200000002, -122.443505 37.80665200000002, -122.44351 37.806709999999995, -122.44348199999999 37.80670999999999, -122.44347599999999 37.806656, -122.443447 37.80665999999999, -122.44344699999998 37.80665999999999, -122.443453 37.80671399999999, -122.44344050000002 37.806715000000004, -122.44342800000001 37.80671600000001, -122.4434245 37.80668999999999, -122.443421 37.80666399999999, -122.44340700000001 37.806665999999986, -122.443393 37.80666799999999, -122.443393 37.806668, -122.44339599999998 37.8066955, -122.443399 37.80672299999999, -122.443373 37.806722999999984, -122.44336499999999 37.80667299999999, -122.44330799999999 37.806681000000005, -122.443316 37.806736000000015, -122.44328600000001 37.806739, -122.44327499999999 37.806686, -122.443213 37.806695, -122.443219 37.806751999999996, -122.443189 37.806754, -122.44317899999999 37.8067, -122.443116 37.80670899999998, -122.443116 37.80670899999998, -122.44311900000001 37.80676499999999, -122.44310450000002 37.8067655, -122.44309 37.80676599999999, -122.443084 37.806714, -122.443021 37.806723, -122.443026 37.806793, -122.44299600000001 37.806793000000006, -122.44299562962964 37.806790592592584, -122.44298600000002 37.806728, -122.44298599999999 37.806728, -122.442925 37.806736, -122.44293 37.80680699999999, -122.44290200000002 37.806807, -122.442885 37.806740999999995, -122.442829 37.806748999999996, -122.442829 37.806749, -122.44283600000001 37.806819, -122.44280900000001 37.806819, -122.442793 37.806753, -122.442732 37.806761, -122.442738 37.806832999999976, -122.44271399999998 37.806832, -122.44270799999998 37.806774, -122.44266999999999 37.806777, -122.44267700000002 37.80683499999998, -122.442651 37.806836999999994, -122.442647 37.8068125, -122.442643 37.806788000000005, -122.442627 37.806789499999994, -122.44261100000001 37.80679099999999, -122.44261126666667 37.8067928, -122.442619 37.806844999999996, -122.44257878770951 37.806845659217856, -122.442558 37.80684599999999, -122.442543 37.806768000000005, -122.44282302022472 37.80673151011234, -122.44289600000002 37.806722, -122.44288399999999 37.806644999999996, -122.442865 37.806656, -122.442685 37.806681999999995, -122.44261999999999 37.806691, -122.44253499999999 37.806723999999996, -122.442514 37.806738, -122.44248200000001 37.806799, -122.442511 37.806802999999995, -122.442514 37.806838, -122.44248200000001 37.806837, -122.442514 37.806888, -122.442525 37.806947, -122.442121 37.806552, -122.44210799999998 37.806318999999995, -122.44221 37.805786, -122.44226599999999 37.805550999999994, -122.442126 37.80485, -122.442067 37.804556000000005, -122.44194 37.80391699999999, -122.44190499999999 37.80374400000001, -122.441754 37.802984999999985, -122.443414 37.802774, -122.44508200000001 37.802561999999995, -122.44672299999999 37.802353, -122.44660999999999 37.801787000000004))",846.0,0.0,1003,075,S,060750127001003,+37.8054727,-122.4448162,G5040,Block 1003,06,012700,,
60750126021,"POLYGON ((-122.44190499999999 37.80374400000001, -122.44194 37.80391699999999, -122.442067 37.804556000000005, -122.442126 37.80485, -122.44226599999999 37.805550999999994, -122.44221 37.805786, -122.44210799999998 37.806318999999995, -122.442121 37.806552, -122.442525 37.806947, -122.44254200000002 37.807044999999995, -122.442553 37.807062, -122.44254599999998 37.807089000000005, -122.44252100000001 37.80711499999999, -122.44248499999999 37.807131000000005, -122.442441 37.807133000000015, -122.44240499999998 37.807122, -122.44237100000001 37.807095000000004, -122.44236500000001 37.80708233333332, -122.44235300000001 37.807056999999986, -122.44235450000001 37.80703949999999, -122.44235599999999 37.80702200000002, -122.44235599999999 37.80702200000002, -122.44235599999999 37.807021999999996, -122.4423527931937 37.807004500000005, -122.442321 37.80683100000001, -122.44230114545454 37.806805036363635, -122.442295 37.80679699999998, -122.44226399999998 37.806775, -122.44226300000001 37.80681500000001, -122.44233500000001 37.807192, -122.44257499999999 37.80715500000001, -122.44257999999999 37.80718199999999, -122.44231600000002 37.807223, -122.442297 37.80712, -122.44225 37.807129999999994, -122.442208 37.807249, -122.44218199999999 37.807241999999995, -122.44221800000001 37.807137000000004, -122.442177 37.807145999999996, -122.44217013618677 37.8071652840467, -122.44213499999998 37.80726399999999, -122.44211838888889 37.80726080555556, -122.44210900000002 37.80725899999998, -122.44214200000002 37.80715399999999, -122.442111 37.80716, -122.442069 37.80727699999999, -122.44205550000001 37.807273999999985, -122.442042 37.80727100000001, -122.44205800000002 37.807219499999995, -122.442074 37.80716799999999, -122.441952 37.80719499999999, -122.44190900000001 37.80731599999999, -122.441883 37.80730999999999, -122.44188995846648 37.80728743769967, -122.441916 37.807203000000015, -122.44191599999999 37.807203000000015, -122.44191599999999 37.807203000000015, -122.44183 37.807221, -122.44180000000001 37.807306, -122.441772 37.807300000000005, -122.441796 37.80722899999999, -122.44175500000001 37.807237999999984, -122.441714 37.807247000000004, -122.441685 37.807328999999996, -122.44167150000003 37.80732599999999, -122.441658 37.80732299999996, -122.44167199999998 37.807277, -122.441679 37.80725400000001, -122.441591 37.807272999999995, -122.44157166666668 37.807327666666666, -122.441562 37.807354999999994, -122.44153699999998 37.80735, -122.441559 37.80728, -122.441529 37.80728700000001, -122.441502 37.807364, -122.441477 37.807357999999994, -122.44148500000001 37.80732649999998, -122.441493 37.807295, -122.441493 37.807294999999996, -122.44145899999998 37.80730200000001, -122.44144449999999 37.807343, -122.44143 37.80738399999999, -122.441405 37.807378, -122.44142500000001 37.807309000000004, -122.441347 37.80732599999999, -122.44132300000001 37.807395, -122.441297 37.807389, -122.44131799999998 37.807333, -122.44124200000002 37.807349, -122.441217 37.807419, -122.44118899999998 37.80741300000001, -122.44119849999998 37.807384500000005, -122.441208 37.80735599999999, -122.44116849999999 37.80736499999999, -122.441129 37.807374, -122.44110499999998 37.807443, -122.44107400000001 37.807435, -122.44109400000002 37.807381, -122.44109399999999 37.807381, -122.441024 37.807396, -122.441 37.80747100000001, -122.440976 37.807465, -122.440991 37.80741, -122.44095999999999 37.807312, -122.44097249999999 37.807309499999995, -122.440985 37.807306999999994, -122.44099600000001 37.807343499999995, -122.441007 37.80738, -122.44108899999999 37.807362999999995, -122.441063 37.807284999999986, -122.44109200000001 37.80727799999998, -122.44112200000001 37.807355, -122.441199 37.807339, -122.441174 37.807258999999995, -122.44120300000002 37.80725299999999, -122.44123500000002 37.807331000000005, -122.441303 37.807316, -122.44128099999999 37.807237, -122.44131 37.80722999999999, -122.441336 37.807309, -122.441405 37.807294, -122.441379 37.80721599999999, -122.441409 37.80720999999999, -122.44144000000001 37.80728599999999, -122.44150500000002 37.80727199999998, -122.441481 37.807192999999984, -122.44151200000002 37.807186, -122.441538 37.80726499999998, -122.4415745 37.807257, -122.441611 37.807249000000006, -122.4416015 37.80721649999999, -122.441592 37.80718399999999, -122.44162299999999 37.807179, -122.44164400000001 37.80724200000001, -122.441715 37.807227, -122.441694 37.807162999999996, -122.44173 37.80715399999999, -122.44173666666667 37.80717566666666, -122.44174999999998 37.80721900000001, -122.44181500000002 37.807205, -122.44179499999998 37.807139, -122.441829 37.807134, -122.441849 37.807196999999995, -122.44191199999999 37.80718400000001, -122.44189000000001 37.807119, -122.44192399999999 37.807112, -122.441943 37.807177, -122.442004 37.807164000000014, -122.442004 37.807164000000014, -122.441983 37.80709900000001, -122.442016 37.807093, -122.44203800000001 37.807155999999985, -122.4420655 37.80714999999999, -122.442093 37.80714400000001, -122.4420845 37.80711150000001, -122.44207600000001 37.807078999999995, -122.44209733333331 37.80707633333332, -122.44210799999998 37.807075, -122.44212999999999 37.807135999999986, -122.44219 37.80712299999999, -122.44217900000001 37.80709249999999, -122.442168 37.807062, -122.44220000000001 37.807056000000024, -122.442222 37.80711600000001, -122.442293 37.80710100000001, -122.442293 37.807100999999996, -122.44228867474048 37.807078162629765, -122.442243 37.806837, -122.44224299999998 37.806837, -122.44216700000001 37.80684499999998, -122.44216700000001 37.806845, -122.442178 37.806909999999995, -122.44216250000001 37.80691099999999, -122.442147 37.80691199999999, -122.44213699999999 37.806849, -122.442072 37.806856, -122.442081 37.806923, -122.44205000000001 37.80692599999998, -122.442039 37.80685999999998, -122.441976 37.80686699999998, -122.441976 37.80686699999998, -122.441984 37.806934, -122.44195600000002 37.806936, -122.441943 37.80687100000001, -122.441882 37.806878, -122.44189000000001 37.806946999999994, -122.44187400000003 37.80694799999999, -122.44185800000001 37.806948999999996, -122.441847 37.806882, -122.44178600000001 37.806889000000005, -122.4417886666667 37.80691233333335, -122.44179400000002 37.806958999999985, -122.44177266666668 37.80696100000001, -122.44176199999998 37.80696200000001, -122.44175599999998 37.80692749999999, -122.44174999999998 37.80689299999999, -122.44172800000001 37.80689566666666, -122.44168400000001 37.806900999999996, -122.44168400000001 37.80690100000001, -122.44169000000001 37.80697200000001, -122.44165900000002 37.806973, -122.441646 37.806905, -122.44164599999999 37.806905, -122.44163879012348 37.806905790123444, -122.441573 37.80691299999998, -122.441573 37.80691299999998, -122.44158 37.80698199999999, -122.44155000000002 37.80698400000001, -122.44154 37.806917, -122.44146599999999 37.806925, -122.441478 37.80700999999998, -122.44144600000001 37.80701199999999, -122.44143 37.80693, -122.44136499999999 37.80694099999999, -122.44136499999999 37.806941, -122.441379 37.80702499999999, -122.44136366666666 37.80702566666667, -122.44135600000001 37.807026, -122.441345 37.806957, -122.441306 37.80695899999999, -122.44131799999998 37.807030999999995, -122.44129200000002 37.807033, -122.44128099999999 37.80696499999999, -122.44126699999998 37.80696699999997, -122.441253 37.806969, -122.441259 37.807005, -122.441265 37.80704099999999, -122.44123900000001 37.807043, -122.441225 37.806962, -122.44115099999999 37.806972, -122.44116300000002 37.80705599999999, -122.441132 37.807059, -122.44111600000001 37.80697699999998, -122.441077 37.8069825, -122.441038 37.80698799999997, -122.441038 37.806987999999976, -122.441045 37.8070295, -122.441052 37.80707100000001, -122.441019 37.807072000000005, -122.441003 37.80699299999999, -122.440923 37.807004, -122.44093800000002 37.80707999999999, -122.44091200000001 37.807081999999994, -122.440896 37.806988, -122.44141999999998 37.80691199999999, -122.44141600000002 37.80688399999999, -122.441306 37.806883, -122.44127499999999 37.8069, -122.44124200000002 37.80689600000003, -122.44119400000001 37.806917, -122.441043 37.806925999999976, -122.44092099999999 37.806944, -122.440679 37.806957, -122.440547 37.80696799999998, -122.44046800000001 37.806989, -122.440135 37.80701699999997, -122.43989699999999 37.80705, -122.43967199999999 37.80708799999999, -122.43960499999999 37.807102, -122.439538 37.80711600000001, -122.43941 37.80713, -122.43927299999999 37.807138999999985, -122.43910400000001 37.80715199999999, -122.438767 37.807200999999985, -122.437961 37.80729699999997, -122.4376685 37.8073455, -122.437376 37.807394, -122.437259 37.80740800000001, -122.43718366666667 37.80741066666665, -122.437146 37.80741199999999, -122.43703200000002 37.807432999999996, -122.436886 37.807471, -122.436715 37.807491999999996, -122.43661399999999 37.80752299999999, -122.43656400000002 37.80753199999999, -122.436508 37.80751999999998, -122.43629900000002 37.80754399999999, -122.43629899999999 37.80754399999999, -122.43629801666668 37.807544249999985, -122.43624000000001 37.80755899999999, -122.43611100000001 37.807557999999986, -122.43598200000001 37.80755699999999, -122.435836 37.80756900000001, -122.435866 37.807698, -122.43392500000002 37.807949, -122.433824 37.807918, -122.433656 37.808201, -122.432918 37.807948, -122.432906 37.807970999999995, -122.43288200000002 37.80796300000001, -122.43290050000003 37.8079265, -122.43291900000001 37.80788999999999, -122.432943 37.807899, -122.43293200000001 37.80792099999999, -122.43364199999999 37.808173000000004, -122.43364200000002 37.808173000000004, -122.43378026239067 37.807938131195336, -122.433798 37.80790799999999, -122.433755 37.807893, -122.433765 37.807874, -122.433933 37.80793, -122.435839 37.807681, -122.43583400000001 37.807659999999984, -122.43391699999998 37.807904, -122.43389499999999 37.807794, -122.43392299999998 37.80779, -122.433936 37.807874, -122.43404199999999 37.807861999999986, -122.43404199999999 37.807861999999986, -122.434029 37.807777, -122.43405400000002 37.80777199999999, -122.43407 37.807857, -122.43416299999998 37.807847, -122.43416299999998 37.807846999999995, -122.43416201010099 37.80784098989899, -122.434149 37.807761999999975, -122.434176 37.80775899999999, -122.4341835 37.80780099999999, -122.434191 37.807843000000005, -122.434287 37.807831, -122.43427300000002 37.80774600000003, -122.4343 37.807742, -122.43431500000001 37.807827, -122.43441 37.807816, -122.43441 37.807815999999995, -122.4344094731183 37.80781276344084, -122.43439600000002 37.80772999999999, -122.434425 37.807727, -122.43443800000001 37.807811, -122.434524 37.807801000000005, -122.43451000000002 37.807716, -122.43453500000001 37.80771299999998, -122.4345435 37.80775449999999, -122.434552 37.807796, -122.434638 37.807787, -122.43462500000001 37.807700999999994, -122.434638 37.8076995, -122.43465100000002 37.807698, -122.434667 37.807781999999996, -122.43475300000001 37.807770999999995, -122.43473900000001 37.807687, -122.434765 37.807683000000004, -122.43476554444446 37.807686227777786, -122.43477899999998 37.80776599999999, -122.434873 37.807756, -122.43485899999999 37.807672, -122.434886 37.807667999999985, -122.43490100000001 37.807752, -122.434978 37.807742000000005, -122.43496400000001 37.807659, -122.43499100000001 37.807655000000004, -122.43500500000002 37.807736999999996, -122.43508700000001 37.80772999999999, -122.435074 37.807645, -122.4351 37.807641, -122.43511499999998 37.807724, -122.435194 37.80771599999999, -122.435181 37.807630999999986, -122.435209 37.807627999999994, -122.43520959036147 37.8076315, -122.43522299999998 37.80771099999999, -122.43522300000001 37.80771099999999, -122.43527018041235 37.807706340206195, -122.435304 37.807703000000004, -122.43529099999999 37.807617, -122.435319 37.807613, -122.435335 37.807698, -122.43536950000002 37.807693999999984, -122.435404 37.807689999999994, -122.43540360869565 37.80768719565217, -122.43539200000002 37.807604000000005, -122.43542 37.807601, -122.43543599999998 37.80768599999999, -122.43547299999997 37.807682, -122.43551 37.807678, -122.43551 37.80767799999999, -122.435498 37.807591, -122.435524 37.80758800000001, -122.43553533333335 37.80764466666667, -122.435541 37.807672999999994, -122.435611 37.807663999999995, -122.435599 37.80757799999999, -122.43562800000001 37.80757499999999, -122.435645 37.807659999999984, -122.43570500000001 37.80765399999998, -122.43570500000001 37.80765399999997, -122.435683 37.807566, -122.43571399999999 37.807564, -122.43573203733334 37.80764849066668, -122.43573299999998 37.807653, -122.43582899999998 37.807641000000004, -122.43581999999998 37.807607000000004, -122.43581099999999 37.80757299999999, -122.435767 37.807566999999985, -122.435737 37.80754799999998, -122.43572000000002 37.807517999999995, -122.43569950000003 37.80746449999999, -122.43567900000001 37.807410999999995, -122.43567599999999 37.80736066666667, -122.43567 37.807259999999985, -122.43563699999999 37.807263999999996, -122.43565400000001 37.807361, -122.43563000000002 37.807363999999964, -122.43561950000002 37.807317, -122.43560900000001 37.807269999999995, -122.43554400000001 37.807278, -122.43555800000001 37.80737200000001, -122.43552800000002 37.807377, -122.435505 37.80728300000001, -122.43544299999999 37.807291, -122.435457 37.807386, -122.435428 37.807389999999984, -122.435404 37.807295999999994, -122.43537299999998 37.8073, -122.43534199999999 37.80730399999998, -122.43534199999999 37.807304, -122.43535800000001 37.807398, -122.435324 37.807401999999996, -122.43530299999999 37.807309, -122.435236 37.80731699999999, -122.43524999999998 37.80741199999999, -122.43523966666667 37.80741333333332, -122.43521900000002 37.807415999999996, -122.43520800000003 37.807369, -122.435197 37.807321999999985, -122.43514098823532 37.80732849411765, -122.43512799999999 37.80733000000001, -122.435142 37.807424999999995, -122.435113 37.807429000000006, -122.43508900000002 37.80733499999999, -122.43502 37.807344, -122.435034 37.807439000000024, -122.43500967567569 37.807442243243244, -122.435004 37.80744299999997, -122.43498337752807 37.807358716853926, -122.434981 37.807348999999995, -122.43493433333333 37.807354999999994, -122.434911 37.807357999999994, -122.434925 37.80745199999999, -122.4349105 37.807453999999986, -122.434896 37.80745599999999, -122.434872 37.807362999999995, -122.43479900000001 37.807372, -122.43479900000001 37.80737200000001, -122.43481299999999 37.80746799999999, -122.4347995740741 37.80746846296295, -122.43478400000001 37.807469000000005, -122.43477200000001 37.80742299999999, -122.43476000000001 37.807376999999995, -122.43469099999999 37.807385, -122.434706 37.80747999999999, -122.434677 37.80748399999999, -122.43465199999999 37.80739, -122.43457599999999 37.8074, -122.43459043037973 37.80749139240506, -122.434591 37.807495, -122.43456199999999 37.807499, -122.43453700000002 37.80740499999997, -122.434462 37.807414, -122.434475 37.80751, -122.434449 37.807511, -122.434423 37.807419, -122.43434899999998 37.807428, -122.434364 37.807523, -122.43433699999999 37.807525999999996, -122.43430999999998 37.807432999999996, -122.43423100000001 37.80744299999999, -122.43424600000002 37.80753899999999, -122.4342325 37.80753949999998, -122.43421900000001 37.80754, -122.43419200000001 37.807448, -122.43411100000002 37.807458, -122.434122 37.807553999999996, -122.43409800000002 37.807555, -122.43407200000001 37.807463, -122.433993 37.807472999999995, -122.433999 37.80752099999998, -122.434005 37.80756900000001, -122.43399250000002 37.80756950000001, -122.43398 37.80756999999999, -122.43397133333335 37.80753933333332, -122.433954 37.807477999999996, -122.433869 37.807488000000006, -122.43387550000001 37.80753549999999, -122.433882 37.807582999999994, -122.433855 37.807587, -122.43383 37.807493, -122.43374499999999 37.807504, -122.43376 37.807599999999994, -122.43374549999999 37.807600500000014, -122.43373099999998 37.807601000000005, -122.43370500000002 37.807508999999996, -122.433606 37.807520999999994, -122.433617 37.807567999999996, -122.43362800000001 37.807615000000006, -122.433599 37.807618999999995, -122.433561 37.807428, -122.433585 37.807424999999995, -122.43360399999999 37.807498, -122.433675 37.80749, -122.433668 37.807415, -122.43369399999999 37.807410999999995, -122.433715 37.807484, -122.43379300000001 37.807474000000006, -122.43378900000002 37.80743650000001, -122.433785 37.807398999999975, -122.433812 37.807398, -122.43383200000001 37.80746799999999, -122.433908 37.807457999999976, -122.433908 37.807457999999976, -122.43390757894738 37.80745421052631, -122.43390000000002 37.807386, -122.43392800000001 37.80738199999999, -122.433947 37.80745399999999, -122.434023 37.807445, -122.43401500000002 37.807369999999985, -122.43403999999998 37.807368999999994, -122.43405099999998 37.8074045, -122.434062 37.80744000000001, -122.434133 37.807432000000006, -122.43412300000001 37.807357, -122.43413700000002 37.8073555, -122.434151 37.80735399999998, -122.434172 37.80742699999999, -122.434243 37.807419, -122.434236 37.80734399999999, -122.43426400000001 37.807339999999996, -122.434282 37.807413, -122.43435100000002 37.807405, -122.43434163694268 37.807333840764315, -122.434341 37.80732900000001, -122.434372 37.807327, -122.43439 37.80739900000002, -122.434461 37.80739, -122.43445000000001 37.807317, -122.43448 37.80731299999999, -122.434499 37.80738600000001, -122.434569 37.807376, -122.43456100000002 37.807303, -122.43459 37.807299, -122.43461 37.80737100000002, -122.434681 37.807362, -122.434669 37.807289000000004, -122.434701 37.80728400000001, -122.43471233333335 37.807331999999995, -122.434718 37.80735599999998, -122.43473900000001 37.80735366666667, -122.43478099999999 37.80734900000001, -122.43478099999999 37.807348999999995, -122.43477499999999 37.807299666666665, -122.43477200000001 37.80727499999999, -122.43478166666667 37.807274333333325, -122.434801 37.80727300000001, -122.434821 37.807346, -122.43488200000002 37.807338, -122.434872 37.807263999999996, -122.43490299999999 37.80725900000001, -122.43492200000001 37.807333, -122.43498599999998 37.807324000000015, -122.43498599999998 37.807324000000015, -122.43498149999998 37.80728750000001, -122.434977 37.807250999999994, -122.435007 37.807246, -122.435025 37.80732, -122.43508900000002 37.80731199999998, -122.435079 37.807238, -122.43510800000001 37.807233999999994, -122.43512799999999 37.807307, -122.43512800000002 37.807307, -122.43513942105265 37.807305710526315, -122.43519 37.80729999999999, -122.43518000000002 37.80722499999998, -122.43521099999998 37.807221, -122.435229 37.80729399999999, -122.43526199999998 37.80729, -122.43529499999998 37.807286000000005, -122.435284 37.80721100000001, -122.43531500000002 37.80720800000002, -122.43532925 37.807264249999996, -122.43533399999998 37.80728299999998, -122.43536499999999 37.80727949999999, -122.43539600000001 37.80727600000001, -122.435382 37.807198, -122.435408 37.807196999999995, -122.435421 37.807261, -122.43545000000002 37.807255999999995, -122.43543599999998 37.807193, -122.435461 37.807189999999984, -122.43547400000001 37.807254, -122.43550799999998 37.807249999999996, -122.435496 37.807186, -122.43551900000001 37.807182999999995, -122.43553700000001 37.807257, -122.4356 37.807249, -122.435588 37.807175, -122.435611 37.807171, -122.435626 37.807244, -122.43565499999998 37.807241, -122.43558500000002 37.80691199999998, -122.435557 37.80691499999999, -122.43557300000002 37.806993999999996, -122.435545 37.80699800000001, -122.43552599999998 37.806917, -122.435473 37.806923, -122.43548000000001 37.807006, -122.435453 37.80700999999999, -122.43542599999999 37.806929, -122.435369 37.80693599999999, -122.435375 37.80701899999999, -122.43534799999999 37.807023, -122.43532100000002 37.806943000000004, -122.435266 37.806948999999996, -122.435271 37.80703200000001, -122.43525799999999 37.807033999999994, -122.435245 37.80703599999999, -122.43521800000002 37.806954999999995, -122.43521799999999 37.806954999999995, -122.435164 37.806962, -122.43517 37.80704499999999, -122.435142 37.807049999999975, -122.435116 37.806967999999976, -122.435062 37.80697499999999, -122.435062 37.80697499999999, -122.43506500000002 37.80701649999999, -122.435068 37.807058000000005, -122.435041 37.807061999999995, -122.435014 37.80698099999999, -122.43496000000002 37.806988, -122.434969 37.80707200000001, -122.434939 37.807074, -122.43491300000001 37.80699399999999, -122.43485800000002 37.80700099999999, -122.43485799999999 37.80700099999999, -122.434863 37.807084999999994, -122.43483800000001 37.80708699999999, -122.434824 37.807047, -122.43481 37.807007000000006, -122.434755 37.807013999999995, -122.434755 37.807014, -122.43476000000001 37.80709799999998, -122.43473500000002 37.8071, -122.434707 37.80702, -122.43465199999999 37.80702700000001, -122.43465199999999 37.80702700000001, -122.434659 37.80711, -122.434632 37.807113000000015, -122.43460400000001 37.807033, -122.434548 37.80703999999999, -122.43454966666667 37.807067999999994, -122.43455300000001 37.807124000000016, -122.43453566666669 37.80712533333333, -122.434527 37.80712599999999, -122.4345 37.807046, -122.43444099999999 37.807054, -122.434448 37.80713599999999, -122.43442527027027 37.807139135135124, -122.434419 37.80714, -122.43439300000001 37.80706, -122.434334 37.807066999999996, -122.434334 37.80706700000002, -122.434339 37.807151, -122.434314 37.80715199999998, -122.434286 37.807073, -122.434223 37.807081000000004, -122.43422307309943 37.80708221345029, -122.43422799999999 37.80716399999999, -122.4342 37.80716799999999, -122.4341875 37.80712749999999, -122.43417499999998 37.807087, -122.434153 37.807089999999974, -122.434109 37.80709599999998, -122.434109 37.80709599999998, -122.43411700000001 37.80717799999999, -122.434089 37.807181, -122.434061 37.807102, -122.43401 37.807108, -122.43401500000002 37.807190999999975, -122.43398800000001 37.807193999999996, -122.43396199999998 37.807114000000006, -122.433894 37.80712299999999, -122.43389800000001 37.80716399999999, -122.433902 37.807204999999996, -122.43387399999999 37.80720900000001, -122.43384700000001 37.80712899999999, -122.43380233333333 37.80713433333333, -122.43378 37.80713699999999, -122.43378700000001 37.80722099999999, -122.43377199999999 37.807221500000004, -122.43375700000001 37.807222, -122.43375502215191 37.80721575, -122.43373200000002 37.807143, -122.43373199999999 37.807143, -122.43373199999999 37.807142999999996, -122.43369308024694 37.80714779012345, -122.43366700000001 37.80715099999999, -122.433672 37.80723399999998, -122.4336575 37.807236, -122.43364299999999 37.807238000000005, -122.433631 37.80719749999999, -122.43361900000001 37.80715699999999, -122.433554 37.807165999999995, -122.43355800000002 37.807248, -122.43353 37.80725199999999, -122.433506 37.80717199999999, -122.43348706086957 37.807174295652175, -122.43343999999998 37.80717999999999, -122.43344780487804 37.807261951219516, -122.43344800000001 37.807263999999996, -122.433434 37.80726449999999, -122.43342 37.80726499999999, -122.433392 37.80718599999997, -122.43337338766521 37.8071882907489, -122.43332699999999 37.807194000000024, -122.43333029918033 37.80724876639344, -122.433332 37.807277, -122.43332582857143 37.807277914285706, -122.433305 37.807280999999996, -122.43327900000001 37.80720000000001, -122.433213 37.80720900000002, -122.433213 37.80720900000002, -122.43322 37.807291, -122.433193 37.807294999999996, -122.43316599999999 37.807215000000014, -122.43313049999999 37.80721950000001, -122.433095 37.80722399999999, -122.433111 37.80730499999999, -122.43309600000002 37.807307, -122.43308100000002 37.807309000000004, -122.43306300000002 37.80722, -122.43304499999999 37.80713099999999, -122.43307500000002 37.807127, -122.433086 37.807201000000006, -122.433124 37.80719649999999, -122.433162 37.80719200000001, -122.43315300000002 37.80711600000001, -122.433182 37.807115, -122.43319449999998 37.80715099999999, -122.433207 37.80718699999998, -122.4332405 37.8071835, -122.43327400000001 37.80718, -122.43327400000001 37.80717999999999, -122.433266 37.807103, -122.43330099999999 37.807097999999975, -122.433323 37.807172999999985, -122.43337899999999 37.807167, -122.43337000000001 37.80709099999999, -122.43338850000002 37.8070885, -122.433407 37.807086000000005, -122.43342700000001 37.80716, -122.43348600000002 37.807153000000014, -122.43348600000002 37.807153000000014, -122.433477 37.807075999999995, -122.433509 37.80707300000001, -122.433533 37.807147, -122.433587 37.80714, -122.433578 37.807065, -122.433614 37.807059, -122.43362400000002 37.80709649999999, -122.43363400000001 37.80713399999998, -122.4336704805195 37.80712987012987, -122.43368700000002 37.807128, -122.43368100000002 37.807050999999994, -122.433713 37.807047, -122.433734 37.807121, -122.43379500000002 37.807114000000006, -122.43378399999999 37.80703700000001, -122.433797 37.807036000000004, -122.43381 37.80703499999999, -122.43382299999999 37.8071, -122.43385999999998 37.807095000000004, -122.43384700000001 37.80703, -122.43387199999998 37.80702600000001, -122.43388500000002 37.80709099999999, -122.43391299999999 37.80708799999999, -122.43391238095238 37.80708490476191, -122.43390000000002 37.807023, -122.43392800000001 37.807020999999985, -122.433945 37.807096, -122.43401299999998 37.80708699999999, -122.43400600000001 37.80700999999999, -122.434037 37.807005999999994, -122.43405899999999 37.807079, -122.434059 37.807079, -122.434419 37.807036, -122.434416 37.806994999999986, -122.43426099999999 37.807004, -122.434211 37.806995, -122.434165 37.806972, -122.43412300000001 37.806926999999995, -122.43412300000001 37.806902, -122.43408499999998 37.806832, -122.43405700000001 37.806768999999996, -122.43405400000002 37.8067545, -122.43405100000001 37.80673999999999, -122.43398899999998 37.80674699999998, -122.43398899999998 37.80674699999998, -122.43399233333332 37.806794333333336, -122.43399400000001 37.80681800000001, -122.43397750000001 37.80681949999999, -122.43396100000001 37.80682099999999, -122.43393999999999 37.806752999999986, -122.43386799999999 37.806762, -122.43387100000001 37.806833, -122.43384100000002 37.80683700000001, -122.4338295 37.8068025, -122.433818 37.806768, -122.43378849999999 37.806771499999996, -122.433759 37.80677500000001, -122.433764 37.806846, -122.433734 37.806849999999976, -122.43370900000001 37.806781, -122.433653 37.80678799999998, -122.43365299999998 37.80678799999998, -122.433657 37.80685999999999, -122.433626 37.806863, -122.43360399999999 37.806795, -122.433555 37.806800999999965, -122.433555 37.80680099999997, -122.4335575 37.806836499999996, -122.43356 37.80687200000002, -122.433527 37.806877, -122.433506 37.806807, -122.43345 37.806814, -122.43345400000001 37.80688500000001, -122.43342300000002 37.806889000000005, -122.4334 37.80682, -122.433354 37.80682600000001, -122.4333575 37.80686200000002, -122.433361 37.80689799999999, -122.433329 37.806899, -122.433305 37.806832, -122.433259 37.80683699999999, -122.433259 37.80683699999999, -122.4332615 37.806873499999995, -122.433264 37.806909999999995, -122.43324900000002 37.806911, -122.43323400000001 37.80691199999999, -122.43321000000002 37.806844, -122.433158 37.80684999999998, -122.43315799999999 37.80684999999998, -122.4331618961039 37.806919155844156, -122.433162 37.80692099999999, -122.433131 37.80692500000002, -122.43310800000002 37.80685600000001, -122.433056 37.806863, -122.433062 37.806934000000005, -122.433031 37.806937999999995, -122.433007 37.806869, -122.432941 37.80687700000001, -122.43295499999999 37.806948999999996, -122.43292800000002 37.80695, -122.432898 37.806794999999994, -122.43291239999999 37.806792599999994, -122.43292199999999 37.80679100000002, -122.43293615730336 37.80685046067417, -122.43293700000001 37.80685400000001, -122.4329735 37.8068495, -122.43300999999998 37.80684499999998, -122.43300999999998 37.80684499999998, -122.43300599999996 37.806824333333346, -122.43299799999998 37.80678300000001, -122.43301800000002 37.806779666666685, -122.43302800000001 37.806777999999994, -122.43304200000001 37.806841999999996, -122.433116 37.80683200000001, -122.43311049999998 37.806799999999996, -122.43310500000001 37.80676800000001, -122.4331205 37.80676700000001, -122.433136 37.806766, -122.433149 37.806829, -122.43321699999998 37.80682099999999, -122.43320499999999 37.80675699999999, -122.43322 37.806755, -122.43323500000001 37.80675300000001, -122.43324999999999 37.806816, -122.43331900000001 37.80680900000001, -122.43330699999999 37.806743999999995, -122.433341 37.80673999999999, -122.433354 37.806804, -122.43342 37.80679599999999, -122.43340800000001 37.806731, -122.43344199999999 37.80672800000001, -122.43345400000001 37.80679200000001, -122.43348699999999 37.80678799999999, -122.43351999999999 37.80678399999998, -122.43351999999999 37.80678399999998, -122.43350799999999 37.806719, -122.433543 37.806715, -122.433555 37.80678, -122.433614 37.80677300000001, -122.43360399999999 37.806706999999996, -122.433632 37.806703, -122.43364899999999 37.80676700000001, -122.43368050000001 37.80676300000001, -122.43371200000001 37.80675900000001, -122.433701 37.80669500000001, -122.43373099999998 37.806691, -122.43374499999999 37.806754999999995, -122.43380200000001 37.80674799999999, -122.433788 37.806684, -122.433824 37.80668000000001, -122.433836 37.806744, -122.4338675 37.8067405, -122.433899 37.806736999999984, -122.433899 37.806736999999984, -122.43389200000001 37.806704999999994, -122.43388500000002 37.806673, -122.43390135483874 37.80667048387096, -122.43392399999999 37.806666999999976, -122.43393400000001 37.806732, -122.43399099999999 37.806725, -122.43397900000001 37.806661, -122.43400800000002 37.806656999999994, -122.43402100000002 37.806719, -122.43404700000002 37.806716000000016, -122.43404799999999 37.80667, -122.434017 37.80649100000001, -122.433993 37.806433999999996, -122.433965 37.80643599999999, -122.43397600000002 37.80650199999998, -122.43396111904764 37.8065031904762, -122.43395100000002 37.806504000000004, -122.433933 37.806436000000005, -122.43388600000002 37.806443, -122.433891 37.806512999999995, -122.43385900000001 37.80651700000001, -122.43384900000002 37.806483, -122.433839 37.80644899999999, -122.433791 37.806455, -122.433794 37.80652499999999, -122.433768 37.806529, -122.43374499999999 37.806461, -122.433695 37.806468, -122.43369700000001 37.806538, -122.43367 37.806542, -122.43364899999999 37.80647400000001, -122.433596 37.80648, -122.4336 37.806551, -122.433586 37.806553, -122.433572 37.806555, -122.43355000000001 37.806486, -122.433504 37.806492999999996, -122.43350699999999 37.806563, -122.43348099999999 37.80656700000001, -122.433458 37.80649899999998, -122.43342559999999 37.806503199999995, -122.433404 37.80650599999997, -122.433404 37.80650599999997, -122.433406 37.80657699999999, -122.43338 37.80658, -122.43335799999998 37.806512, -122.433305 37.806519000000016, -122.433305 37.80651900000002, -122.433309 37.806589, -122.43329966666666 37.806590333333325, -122.433281 37.806592999999985, -122.433259 37.80652499999998, -122.433207 37.80653099999999, -122.433209 37.806602, -122.43318300000001 37.806605999999995, -122.433161 37.806537, -122.43309900000001 37.806546000000004, -122.433103 37.806616000000005, -122.43307599999999 37.80661999999999, -122.433053 37.806552, -122.43299100000002 37.806560000000005, -122.432993 37.806630000000006, -122.43296700000002 37.80663400000001, -122.432945 37.80656599999998, -122.43288600000001 37.806573, -122.43289200000001 37.806644000000006, -122.43286800000001 37.806647, -122.43284199999998 37.80649199999999, -122.432866 37.80648899999998, -122.43287699999999 37.806552, -122.432948 37.806543000000005, -122.432942 37.806478, -122.43297000000001 37.80647499999999, -122.43298500000002 37.80653699999998, -122.433053 37.806529, -122.43304800000001 37.806466, -122.433074 37.80646200000001, -122.433091 37.806525, -122.43315900000002 37.80651600000001, -122.43315900000002 37.806515999999995, -122.433154 37.806450999999996, -122.433181 37.806447, -122.43319800000002 37.80651, -122.433258 37.80650200000001, -122.43325300000001 37.806438, -122.43328000000001 37.80643400000001, -122.4332885 37.806466, -122.433297 37.806497999999976, -122.433356 37.80648999999999, -122.433348 37.806425, -122.433377 37.806421, -122.43338268965518 37.80644122988506, -122.43339499999998 37.806484999999995, -122.433395 37.80648499999999, -122.433395 37.806485, -122.433452 37.806477, -122.433446 37.806411999999995, -122.43346469230768 37.80640992307693, -122.43347299999998 37.806408999999995, -122.43349 37.806473, -122.43355000000001 37.806465, -122.43355000000001 37.806464999999996, -122.43354600000002 37.806400000000004, -122.433573 37.806396000000014, -122.43358149999999 37.806428000000004, -122.43359 37.806459999999994, -122.43364600000001 37.806452, -122.433641 37.80638799999999, -122.43365499999999 37.8063855, -122.433669 37.806383000000004, -122.43368500000001 37.806446, -122.433743 37.806439, -122.43374 37.806406499999994, -122.43373700000001 37.806374, -122.433767 37.80637199999997, -122.43378300000002 37.806435, -122.43384100000002 37.806425999999995, -122.43383500000002 37.806362, -122.433863 37.80635799999999, -122.43387799999998 37.80642100000001, -122.433878 37.80642100000001, -122.433929 37.806415, -122.433921 37.80635000000001, -122.433945 37.80634699999999, -122.43395599999998 37.80641599999998, -122.43399 37.806413, -122.43399499999998 37.806357999999996, -122.43398200000001 37.80633499999999, -122.43395600000001 37.80626233333333, -122.43394300000001 37.806225999999995, -122.43394334042554 37.806224170212765, -122.43395100000002 37.80618299999999, -122.43393999999999 37.806129, -122.43390099999999 37.80613299999999, -122.43390099999999 37.806133, -122.43391000000001 37.806197999999995, -122.43389066666668 37.806199333333346, -122.433881 37.806200000000004, -122.433869 37.806132, -122.43382000000001 37.80613799999998, -122.43382000000001 37.80613799999998, -122.433824 37.806208, -122.43379600000002 37.806212, -122.43379457312255 37.806206893280624, -122.43377700000002 37.80614400000001, -122.43377699999999 37.80614400000001, -122.43377699999999 37.806143999999996, -122.43372600000002 37.806149999999995, -122.43372600000002 37.80615, -122.433726 37.80615, -122.43373000000001 37.80622, -122.43371550000002 37.806222, -122.433701 37.80622399999999, -122.43368199999999 37.806156, -122.43363 37.806163, -122.433633 37.806233999999996, -122.433608 37.806236, -122.433588 37.80616799999998, -122.433561 37.8061715, -122.433534 37.806175, -122.433535 37.806210500000006, -122.433536 37.806246, -122.43351 37.80624700000002, -122.43349200000002 37.80617999999998, -122.433437 37.806187, -122.433443 37.80625699999999, -122.433412 37.806261, -122.433394 37.806193, -122.43333999999999 37.8062, -122.43333999999999 37.80620000000001, -122.433347 37.80627, -122.433317 37.806273, -122.433297 37.806205000000006, -122.43324100000001 37.806211999999995, -122.43324100000001 37.806212, -122.433246 37.806281999999996, -122.43323249999999 37.806284000000005, -122.433219 37.806285999999986, -122.4332 37.806217999999994, -122.4331705 37.8062215, -122.43314100000002 37.806225000000005, -122.43314400000001 37.806296, -122.433119 37.806298, -122.433098 37.806230000000006, -122.433038 37.806238, -122.433041 37.806307999999994, -122.43301500000001 37.80631199999998, -122.432996 37.80624299999999, -122.43292800000002 37.806252, -122.43293100000001 37.80632200000001, -122.432903 37.806326000000006, -122.43288700000001 37.806258, -122.432821 37.806266, -122.43282900000001 37.80633600000001, -122.432806 37.806338, -122.432774 37.806185, -122.43279900000002 37.806182, -122.432812 37.80624600000002, -122.432876 37.80623799999999, -122.432876 37.806172, -122.432904 37.806168, -122.43292199999999 37.806232, -122.43292200000002 37.806232, -122.432987 37.806224, -122.432987 37.806158, -122.433014 37.806154, -122.433033 37.806217999999994, -122.43308799999998 37.806211, -122.43308799999998 37.80614499999998, -122.43310600000001 37.80614366666666, -122.433115 37.806143000000006, -122.433123 37.806174, -122.433131 37.806205000000006, -122.43315580666665 37.80620215333333, -122.43319200000002 37.806198, -122.433193 37.806131, -122.433218 37.806128, -122.43323500000001 37.80619, -122.433291 37.80618400000001, -122.43329 37.80611900000001, -122.43331900000001 37.806116, -122.43333399999999 37.806179, -122.43338800000001 37.80617299999999, -122.43338733333333 37.806128333333334, -122.433387 37.80610600000001, -122.43340575 37.806104125, -122.43341699999999 37.80610299999999, -122.43343120212765 37.80616264893617, -122.433432 37.806166000000005, -122.433482 37.80616, -122.433482 37.80609399999997, -122.433496 37.8060925, -122.43351 37.80609100000001, -122.433527 37.806154, -122.433579 37.806147, -122.433579 37.80614699999999, -122.433579 37.80608099999999, -122.433606 37.806079999999994, -122.433623 37.806141, -122.433674 37.80613499999999, -122.433674 37.80606999999998, -122.43370300000001 37.806067, -122.433719 37.806129000000006, -122.433773 37.806123, -122.433773 37.806056, -122.43380200000001 37.80605399999999, -122.433816 37.806117, -122.43381600000002 37.806117, -122.43381600000002 37.80611700000001, -122.43386500000001 37.806111, -122.43386199999999 37.806045000000026, -122.433887 37.80604300000001, -122.43389800000001 37.806113, -122.433935 37.806108, -122.43387399999999 37.805821999999985, -122.43384000000002 37.8058255, -122.433806 37.805829, -122.433818 37.805899, -122.433792 37.805901, -122.43378300000002 37.805844, -122.43375100000002 37.80584799999999, -122.43376 37.805906, -122.433735 37.80590799999999, -122.43372600000002 37.805851, -122.433726 37.805851, -122.43371200000001 37.8058525, -122.43369799999998 37.805854, -122.433707 37.80591299999999, -122.43369400000002 37.805913999999994, -122.43368100000002 37.805915000000006, -122.43367 37.805847, -122.433612 37.805854, -122.43362100000002 37.80592499999999, -122.433588 37.805927, -122.43357400000001 37.80585900000003, -122.433516 37.805867, -122.433522 37.805935999999996, -122.433495 37.80594000000001, -122.43347800000001 37.80587099999999, -122.43346033333333 37.80587333333333, -122.433425 37.805877999999986, -122.433431 37.805949, -122.433405 37.805949999999996, -122.433387 37.805883, -122.43332699999999 37.80589099999999, -122.43333399999999 37.80596, -122.43330699999999 37.805963999999996, -122.433289 37.805896, -122.43322800000001 37.805904, -122.43323400000001 37.805973, -122.433206 37.805977000000006, -122.43319000000001 37.805907999999995, -122.433125 37.805917, -122.43313200000001 37.805986000000004, -122.433103 37.80599, -122.43308700000001 37.80592199999998, -122.43305450000003 37.80592599999999, -122.43302200000001 37.805930000000004, -122.433027 37.805965, -122.433032 37.806, -122.433001 37.80600299999999, -122.432984 37.805935, -122.43291399999998 37.805944, -122.43291900000001 37.806013999999976, -122.432891 37.806016, -122.432876 37.805949, -122.43281100000002 37.805957, -122.43282399999998 37.806025999999996, -122.432794 37.80603000000002, -122.432764 37.805889, -122.432794 37.805885999999994, -122.432806 37.80593499999999, -122.43283700000002 37.80593150000001, -122.43286800000001 37.80592800000001, -122.43286766666668 37.80591066666667, -122.432867 37.80587599999998, -122.432896 37.80587199999999, -122.432909 37.80592299999997, -122.43294100000001 37.80591950000002, -122.43297300000002 37.80591600000001, -122.432974 37.805862, -122.433001 37.80585900000002, -122.43301600000001 37.80590899999999, -122.43307500000002 37.805903, -122.43307300000001 37.80584900000001, -122.433103 37.805846, -122.43310394339623 37.80585100000001, -122.43311299999999 37.805899000000004, -122.433113 37.805899000000004, -122.433174 37.80589, -122.43317199999998 37.805835, -122.4332 37.805833, -122.43321600000002 37.805885, -122.43327 37.80587700000001, -122.43327 37.80587699999998, -122.43326799999998 37.805823, -122.433297 37.805820999999995, -122.43331299999998 37.805872, -122.43336600000002 37.805865, -122.433361 37.80581200000001, -122.43339099999999 37.805808999999996, -122.433406 37.80585900000001, -122.43346200000002 37.805851000000004, -122.433459 37.80580099999999, -122.433488 37.805796, -122.433502 37.805847, -122.43355600000001 37.80584, -122.43355600000001 37.805839999999996, -122.433555 37.805787, -122.433587 37.80578400000003, -122.433599 37.805834, -122.433653 37.805828999999996, -122.433653 37.805775, -122.43366304651161 37.8057735116279, -122.43368 37.80577100000001, -122.433695 37.805822, -122.433809 37.805806999999994, -122.433809 37.80577800000002, -122.43383500000002 37.805778, -122.433843 37.805805, -122.43387 37.80580200000001, -122.433851 37.805718999999996, -122.43381 37.80566799999999, -122.433753 37.805627, -122.43368599999998 37.8056, -122.43362100000002 37.80558800000001, -122.43355000000001 37.80558800000001, -122.43313300000001 37.805654999999994, -122.432716 37.80572199999999, -122.43269178448277 37.80573524999999, -122.43266299999999 37.805750999999994, -122.43262400000002 37.805791, -122.43259499999999 37.80585699999999, -122.432548 37.80589899999999, -122.432501 37.80594099999999, -122.43239 37.805955999999995, -122.43239700000001 37.805978, -122.43248230722895 37.80596509638553, -122.43251599999999 37.80595999999999, -122.43251600000002 37.80595999999999, -122.432629 37.805873, -122.43264900000001 37.80588899999999, -122.432533 37.805983, -122.43241200000001 37.806005, -122.43239999999999 37.806073, -122.43241 37.806102, -122.4324625 37.806090999999995, -122.432515 37.806079999999994, -122.432524 37.806107, -122.43241200000001 37.806132999999996, -122.43241200000001 37.80613300000001, -122.43246466666666 37.806283666666694, -122.432491 37.80635899999999, -122.43246716216215 37.80636354054053, -122.43244899999998 37.806367, -122.43252099999998 37.80658, -122.432498 37.806585, -122.432425 37.80637199999999, -122.43240966666666 37.80637466666668, -122.432402 37.806376, -122.432302 37.80608200000001, -122.432369 37.80607100000001, -122.43238100000002 37.80600499999999, -122.43237477777782 37.806006111111095, -122.432353 37.80601000000002, -122.43235150000001 37.805992999999994, -122.43235 37.805975999999966, -122.43209099999999 37.805200000000006, -122.43219300000001 37.805206, -122.43366700000001 37.805015, -122.433798 37.805043, -122.43389800000001 37.804975999999996, -122.434082 37.80491699999999, -122.43535700000001 37.804757, -122.43687700000001 37.804561, -122.437046 37.804359, -122.43800500000002 37.80423799999999, -122.439255 37.80408099999999, -122.440195 37.803962999999996, -122.441032 37.803858, -122.44190499999999 37.80374400000001))",41994.0,0.0,1002,075,S,060750126021002,+37.8065964,-122.4390240,G5040,Block 1002,06,012602,,
60750109002,"POLYGON ((-122.42176800000001 37.795944999999996, -122.42196099999998 37.79690000000001, -122.42205600000001 37.797371000000005, -122.42214799999999 37.797824999999996, -122.42050100000002 37.79803299999999, -122.420389 37.79807099999999, -122.419892 37.798134, -122.41963100000001 37.798166999999985, -122.41886 37.798265, -122.41782900000001 37.79839499999999, -122.417388 37.798449999999995, -122.41721799999999 37.79847199999999, -122.41703000000001 37.797541, -122.41693599999999 37.797074999999985, -122.41693099999999 37.79705099999999, -122.41683899999998 37.796596, -122.41718699999998 37.79656, -122.41833600000001 37.79643999999999, -122.41846200000002 37.796287, -122.41848600000002 37.79630600000001, -122.41861399999998 37.79640699999999, -122.419986 37.79623699999999, -122.420094 37.79625999999999, -122.42011 37.796094999999994, -122.42021699999998 37.796124, -122.42099099999999 37.79607800000001, -122.421635 37.795998999999995, -122.42176800000001 37.795944999999996))",15027.0,0.0,2004,075,S,060750109002004,+37.7967710,-122.4193959,G5040,Block 2004,06,010900,,
60750109003,"POLYGON ((-122.423413 37.795737, -122.42353900000002 37.795837999999996, -122.423689 37.79657999999999, -122.42360099999998 37.79669099999998, -122.42372599999999 37.796766, -122.423805 37.797155999999994, -122.423877 37.797509999999996, -122.423793 37.797616999999995, -122.423914 37.79769700000001, -122.424066 37.79844599999999, -122.42398199999998 37.79855199999999, -122.42410400000001 37.79863299999999, -122.42425399999999 37.79937799999998, -122.424171 37.79948500000002, -122.42252500000001 37.79969399999999, -122.420883 37.799901999999996, -122.420689 37.798971, -122.42063300000001 37.798693, -122.42050100000002 37.79803299999999, -122.42214799999999 37.797824999999996, -122.42205600000001 37.797371000000005, -122.42196099999998 37.79690000000001, -122.42176800000001 37.795944999999996, -122.423413 37.795737))",1729.0,0.0,3002,075,S,060750109003002,+37.7990181,-122.4240762,G5040,Block 3002,06,010900,,
60750109001,"POLYGON ((-122.417388 37.79931699999999, -122.41734899999999 37.79912699999999, -122.417312 37.798942, -122.41721799999999 37.79847199999999, -122.417388 37.798449999999995, -122.41782900000001 37.79839499999999, -122.41886 37.798265, -122.41963100000001 37.798166999999985, -122.419892 37.798134, -122.420389 37.79807099999999, -122.42050100000002 37.79803299999999, -122.42063300000001 37.798693, -122.420689 37.798971, -122.420883 37.799901999999996, -122.420769 37.79993899999999, -122.420305 37.79999799999999, -122.41923299999999 37.80013399999999, -122.417587 37.80034099999999, -122.41749300000001 37.79990600000001, -122.41738500000001 37.799414, -122.417388 37.79931699999999))",15469.0,0.0,1000,075,S,060750109001000,+37.7997706,-122.4183145,G5040,Block 1000,06,010900,,
60750130001,"POLYGON ((-122.42726900000001 37.798134999999995, -122.42745700000002 37.799066999999994, -122.426631 37.79917199999999, -122.425814 37.799276, -122.424171 37.79948500000002, -122.42425399999999 37.79937799999998, -122.42410400000001 37.79863299999999, -122.42398199999998 37.79855199999999, -122.424066 37.79844599999999, -122.423914 37.79769700000001, -122.423793 37.797616999999995, -122.423877 37.797509999999996, -122.423805 37.797155999999994, -122.42372599999999 37.796766, -122.42360099999998 37.79669099999998, -122.42448 37.796578, -122.42525000000002 37.796481, -122.42689299999999 37.79627199999999, -122.42708 37.7972, -122.42726900000001 37.798134999999995))",15410.0,0.0,1002,075,S,060750130001002,+37.7977718,-122.4263529,G5040,Block 1002,06,013000,,
60750108002,"POLYGON ((-122.416653 37.795669999999994, -122.41670399999998 37.795925, -122.416741 37.79611, -122.416819 37.796499, -122.41683899999998 37.796596, -122.41519299999999 37.796805, -122.414501 37.796890000000005, -122.41447200000002 37.796893, -122.41361300000001 37.797003, -122.41355899999999 37.797039, -122.413504 37.797073999999995, -122.412993 37.797139, -122.412381 37.797215, -122.41204399999998 37.797256999999995, -122.411888 37.79713199999998, -122.411883 37.79710499999997, -122.41171899999999 37.796291, -122.412177 37.796232999999994, -122.412504 37.796192000000005, -122.41254100000002 37.796186999999996, -122.41279700000001 37.796155, -122.413366 37.796084, -122.41427700000001 37.795969, -122.41500500000001 37.795877000000004, -122.41482600000002 37.794988, -122.416473 37.794776999999996, -122.416653 37.795669999999994))",689.0,0.0,2000,075,S,060750108002000,+37.7971524,-122.4121552,G5040,Block 2000,06,010800,,
60750108001,"POLYGON ((-122.41683899999998 37.796596, -122.41693099999999 37.79705099999999, -122.41693599999999 37.797074999999985, -122.41703000000001 37.797541, -122.41721799999999 37.79847199999999, -122.415572 37.79868000000001, -122.414573 37.798806, -122.41393099999999 37.798888, -122.41293499999999 37.799014, -122.41228300000002 37.799096, -122.41209599999999 37.79816499999999, -122.412074 37.798057, -122.411888 37.79713199999998, -122.41204399999998 37.797256999999995, -122.412381 37.797215, -122.412993 37.797139, -122.413504 37.797073999999995, -122.41355899999999 37.797039, -122.41361300000001 37.797003, -122.41447200000002 37.796893, -122.414501 37.796890000000005, -122.41519299999999 37.796805, -122.41683899999998 37.796596))",7664.0,0.0,1003,075,S,060750108001003,+37.7974131,-122.4161612,G5040,Block 1003,06,010800,,
60750103003,"POLYGON ((-122.41734899999999 37.79912699999999, -122.417388 37.79931699999999, -122.41738500000001 37.799414, -122.41749300000001 37.79990600000001, -122.417587 37.80034099999999, -122.416648 37.800459, -122.416458 37.800481999999995, -122.41594300000001 37.800546999999995, -122.41487599999999 37.80068399999998, -122.414303 37.80075799999999, -122.41421400000002 37.80029, -122.41412 37.799824, -122.412471 37.800032, -122.41241800000002 37.799764999999994, -122.412408 37.79971799999999, -122.41228300000002 37.799096, -122.41293499999999 37.799014, -122.41393099999999 37.798888, -122.414573 37.798806, -122.415572 37.79868000000001, -122.41721799999999 37.79847199999999, -122.417312 37.798942, -122.41734899999999 37.79912699999999))",7687.0,0.0,3006,075,S,060750103003006,+37.7992797,-122.4165373,G5040,Block 3006,06,010300,,
60750102002,"POLYGON ((-122.424171 37.79948500000002, -122.424292 37.79956500000001, -122.42444300000001 37.800312000000005, -122.42435900000001 37.80041499999998, -122.42448 37.800495, -122.424623 37.80120099999999, -122.424538 37.801303999999995, -122.424668 37.80142599999999, -122.424815 37.80217500000002, -122.424731 37.802281, -122.42308800000002 37.80248999999999, -122.42252700000002 37.80256099999998, -122.422293 37.80259099999999, -122.42219100000001 37.80260399999999, -122.422164 37.802616, -122.42176800000001 37.80264999999999, -122.421751 37.80265199999999, -122.42147999999999 37.80269500000001, -122.42143400000002 37.802611999999996, -122.42125800000001 37.801758, -122.421063 37.80083400000001, -122.420955 37.80087400000001, -122.419425 37.801062, -122.41907200000001 37.801106999999995, -122.418674 37.801156999999996, -122.41779899999999 37.801267, -122.41770199999999 37.800844, -122.417587 37.80034099999999, -122.41923299999999 37.80013399999999, -122.420305 37.79999799999999, -122.420769 37.79993899999999, -122.420883 37.799901999999996, -122.42252500000001 37.79969399999999, -122.424171 37.79948500000002))",1771.0,0.0,2006,075,S,060750102002006,+37.8018023,-122.4246368,G5040,Block 2006,06,010200,,
60750129011,"POLYGON ((-122.424623 37.80120099999999, -122.42448 37.800495, -122.42435900000001 37.80041499999998, -122.42600100000001 37.80020599999999, -122.42649399999999 37.800143000000006, -122.42678800000002 37.800106, -122.427645 37.799997, -122.42929000000001 37.799787999999985, -122.429471 37.800678, -122.429667 37.80165399999999, -122.42802200000001 37.80186299999998, -122.42637699999999 37.80207199999999, -122.42506499999999 37.80223799999999, -122.424731 37.802281, -122.424815 37.80217500000002, -122.424668 37.80142599999999, -122.424538 37.801303999999995, -122.424623 37.80120099999999))",15153.0,0.0,1002,075,S,060750129011002,+37.8012991,-122.4287520,G5040,Block 1002,06,012901,,
60750102001,"POLYGON ((-122.42144400000001 37.80281, -122.42150400000001 37.803264, -122.42156800000001 37.803401, -122.42165900000002 37.80349499999999, -122.42177 37.80354299999998, -122.42183 37.80354599999999, -122.421715 37.804007999999996, -122.421815 37.804565, -122.421919 37.805068999999996, -122.42200700000002 37.805496999999995, -122.422196 37.806436, -122.423845 37.80622199999999, -122.424854 37.806090999999995, -122.42584299999999 37.80687799999999, -122.426222 37.80729999999999, -122.426513 37.807919999999974, -122.426613 37.808152, -122.42647300000002 37.808071, -122.42646500000001 37.808015000000005, -122.42642100000002 37.807832, -122.42635600000001 37.807652, -122.42632500000002 37.807581, -122.42629636363638 37.8075531590909, -122.426289 37.80754599999999, -122.42611800000002 37.807641000000004, -122.426005 37.807511999999996, -122.425948 37.807541, -122.42607300000002 37.80768, -122.426045 37.80769299999999, -122.42578800000001 37.807406, -122.425811 37.807394, -122.42584200000002 37.80742800000001, -122.42585500000001 37.8074205, -122.425868 37.80741299999999, -122.42591700000001 37.807465, -122.425895 37.807479, -122.42593200000002 37.807524, -122.425979 37.807494000000005, -122.425942 37.807452999999995, -122.42609800000001 37.807361, -122.42613100000001 37.80735200000001, -122.425943 37.807202000000004, -122.42574400000001 37.807069, -122.425531 37.80695, -122.42530500000001 37.80684600000001, -122.42506900000001 37.806757999999995, -122.424802 37.806681000000005, -122.42463200000002 37.806641, -122.424429 37.806613, -122.424253 37.806605, -122.42407700000001 37.80661099999998, -122.423992 37.806621, -122.423902 37.806630999999996, -122.42376 37.806659, -122.423706 37.806673, -122.423553 37.80673599999999, -122.4234 37.80679899999999, -122.423278 37.806858500000004, -122.423156 37.80691799999999, -122.422808 37.807118000000024, -122.42241100000001 37.807382, -122.42235900000001 37.807419, -122.42215999999999 37.807561, -122.422079 37.807623, -122.421917 37.807747, -122.421544 37.808056, -122.421532 37.808071999999996, -122.421532 37.808072, -122.42179 37.80837400000001, -122.4217745 37.80838449999999, -122.42175900000001 37.80839499999999, -122.421493 37.80811, -122.42132400000001 37.80827899999999, -122.421367 37.808320999999985, -122.42140033333334 37.808337666666674, -122.421417 37.80834600000001, -122.42148350000002 37.808403500000004, -122.42155 37.808460999999994, -122.421521 37.808479999999996, -122.42158500000001 37.80854300000001, -122.421559 37.80856, -122.42149500000001 37.80849699999999, -122.42147199999998 37.808513, -122.421366 37.80838999999998, -122.42135250000001 37.8083675, -122.42133899999999 37.80834499999999, -122.421301 37.808302, -122.421061 37.808562999999985, -122.42106433333333 37.80859966666668, -122.42106600000001 37.808618, -122.421102 37.808803999999995, -122.42149500000001 37.80913300000001, -122.42146366666668 37.809152999999995, -122.421448 37.80916299999999, -122.422886 37.810219, -122.422844 37.81025599999999, -122.421366 37.809160999999996, -122.42120999999999 37.80919, -122.42103599999999 37.808957000000014, -122.420944 37.808966999999996, -122.420911 37.808797, -122.420858 37.808796, -122.42071700000001 37.8089, -122.42076 37.809085, -122.42069399999998 37.80908, -122.420677 37.809022000000006, -122.420416 37.809021, -122.420361 37.809003999999995, -122.42038499999998 37.808934, -122.42066800000002 37.808957999999976, -122.42066800000002 37.808957999999976, -122.420646 37.80882333333333, -122.420635 37.808755999999995, -122.420541 37.808769, -122.420508 37.80857700000001, -122.42046200000001 37.808302999999995, -122.419224 37.808453, -122.41920999999999 37.80838799999998, -122.419086 37.807803, -122.418908 37.80686300000001, -122.418782 37.806241000000014, -122.41871800000001 37.80593200000001, -122.41853100000002 37.804998999999995, -122.418445 37.80458000000001, -122.418341 37.80407, -122.41828100000002 37.80402299999998, -122.41821600000002 37.803687, -122.418256 37.803650000000005, -122.41815099999998 37.80313499999999, -122.41796600000002 37.802201000000004, -122.41787699999999 37.80170699999999, -122.41779899999999 37.801267, -122.418674 37.801156999999996, -122.41907200000001 37.801106999999995, -122.419425 37.801062, -122.420955 37.80087400000001, -122.421063 37.80083400000001, -122.42125800000001 37.801758, -122.42143400000002 37.802611999999996, -122.42147999999999 37.80269500000001, -122.42144400000001 37.80281))",15394.0,0.0,1013,075,S,060750102001013,+37.8044253,-122.4192301,G5040,Block 1013,06,010200,,
60750129012,"POLYGON ((-122.429855 37.80258299999999, -122.43004500000002 37.803517999999976, -122.4284 37.803726999999995, -122.42768699999998 37.80381800000001, -122.42675599999998 37.80393600000001, -122.425646 37.80407799999999, -122.42510999999999 37.80414599999999, -122.42519100000001 37.804027, -122.42504199999998 37.803293000000004, -122.424919 37.80320599999998, -122.42500400000002 37.803107, -122.424853 37.802361000000005, -122.424731 37.802281, -122.42506499999999 37.80223799999999, -122.42637699999999 37.80207199999999, -122.42802200000001 37.80186299999998, -122.429667 37.80165399999999, -122.429855 37.80258299999999))",15430.0,0.0,2002,075,S,060750129012002,+37.8031548,-122.4291274,G5040,Block 2002,06,012901,,
60750103002,"POLYGON ((-122.41266 37.80096499999999, -122.41253 37.800323, -122.412471 37.800032, -122.41412 37.799824, -122.41421400000002 37.80029, -122.414303 37.80075799999999, -122.41487599999999 37.80068399999998, -122.41594300000001 37.800546999999995, -122.416458 37.800481999999995, -122.416648 37.800459, -122.417587 37.80034099999999, -122.41770199999999 37.800844, -122.41779899999999 37.801267, -122.416663 37.80141299999998, -122.416133 37.80148099999999, -122.41495 37.80163099999999, -122.414492 37.80168899999998, -122.41367100000001 37.80179100000003, -122.41284899999998 37.80189300000001, -122.41275400000002 37.801429999999996, -122.41266 37.80096499999999))",9804.0,0.0,2001,075,S,060750103002001,+37.8010035,-122.4150622,G5040,Block 2001,06,010300,,
60750103001,"POLYGON ((-122.41779899999999 37.801267, -122.41787699999999 37.80170699999999, -122.41796600000002 37.802201000000004, -122.41815099999998 37.80313499999999, -122.418256 37.803650000000005, -122.41821600000002 37.803687, -122.41828100000002 37.80402299999998, -122.418341 37.80407, -122.418445 37.80458000000001, -122.41853100000002 37.804998999999995, -122.41871800000001 37.80593200000001, -122.418381 37.805977, -122.41722599999999 37.80517, -122.416888 37.805212, -122.416818 37.804887, -122.416051 37.804356000000006, -122.415446 37.803937, -122.41487700000002 37.80354200000001, -122.41371899999999 37.802743, -122.41290799999999 37.80218399999999, -122.41284899999998 37.80189300000001, -122.41367100000001 37.80179100000003, -122.414492 37.80168899999998, -122.41495 37.80163099999999, -122.416133 37.80148099999999, -122.416663 37.80141299999998, -122.41779899999999 37.801267))",1970.0,0.0,1005,075,S,060750103001005,+37.8045067,-122.4165217,G5040,Block 1005,06,010300,,
60750102003,"POLYGON ((-122.424853 37.802361000000005, -122.42500400000002 37.803107, -122.424919 37.80320599999998, -122.42504199999998 37.803293000000004, -122.42519100000001 37.804027, -122.42510999999999 37.80414599999999, -122.425231 37.804225999999986, -122.425382 37.80497099999999, -122.42529900000001 37.805078, -122.42548800000002 37.80601000000001, -122.425628 37.80645599999999, -122.42578 37.806715, -122.426257 37.80718499999997, -122.426489 37.807652, -122.426592 37.80806599999998, -122.426613 37.808152, -122.426513 37.807919999999974, -122.426222 37.80729999999999, -122.42584299999999 37.80687799999999, -122.424854 37.806090999999995, -122.423845 37.80622199999999, -122.422196 37.806436, -122.42200700000002 37.805496999999995, -122.421919 37.805068999999996, -122.421815 37.804565, -122.421715 37.804007999999996, -122.42183 37.80354599999999, -122.42177 37.80354299999998, -122.42165900000002 37.80349499999999, -122.42156800000001 37.803401, -122.42150400000001 37.803264, -122.42144400000001 37.80281, -122.42147999999999 37.80269500000001, -122.421751 37.80265199999999, -122.42176800000001 37.80264999999999, -122.422164 37.802616, -122.42219100000001 37.80260399999999, -122.422293 37.80259099999999, -122.42252700000002 37.80256099999998, -122.42308800000002 37.80248999999999, -122.424731 37.802281, -122.424853 37.802361000000005))",1725.0,0.0,3010,075,S,060750102003010,+37.8046120,-122.4252040,G5040,Block 3010,06,010200,,
60750101001,"POLYGON ((-122.41524100000001 37.805417, -122.416888 37.805212, -122.41722599999999 37.80517, -122.418381 37.805977, -122.41871800000001 37.80593200000001, -122.418782 37.806241000000014, -122.418908 37.80686300000001, -122.419086 37.807803, -122.41920999999999 37.80838799999998, -122.419224 37.808453, -122.41910400000002 37.808468, -122.419122 37.808544999999974, -122.41898100000002 37.808561999999995, -122.418966 37.80848400000003, -122.41788600000001 37.808614999999996, -122.41791999999998 37.808808, -122.418046 37.80884099999998, -122.41806900000002 37.80884099999998, -122.41848200000003 37.80883849999999, -122.418895 37.80883600000001, -122.418894 37.80876000000001, -122.418932 37.808758, -122.418935 37.808881, -122.41994800000002 37.80890200000002, -122.41994199999999 37.809021, -122.419938 37.809126, -122.419083 37.809091, -122.419077 37.809157, -122.418887 37.809084000000006, -122.418359 37.809069, -122.418314 37.80914500000001, -122.41896999999999 37.809397, -122.41893099999999 37.809449, -122.417897 37.809029, -122.4179185 37.80898450000001, -122.41794000000002 37.80893999999999, -122.41794350000002 37.80890499999999, -122.417947 37.808870000000006, -122.41796699999999 37.8088695, -122.417987 37.808868999999994, -122.417986 37.80884099999998, -122.4179240000001 37.80882800000002, -122.417924 37.808827999999984, -122.41784399999999 37.80882999999999, -122.41781100000001 37.808647, -122.41772600000002 37.808645999999996, -122.417731 37.808592999999995, -122.41762499999999 37.808592, -122.417602 37.808579, -122.417557 37.80858099999998, -122.41753433333334 37.808581999999994, -122.41748900000002 37.808583999999996, -122.417485 37.808420999999996, -122.417525 37.808416, -122.417587 37.808408, -122.41757700000001 37.80838500000001, -122.41766900000002 37.808375999999996, -122.417654 37.808291999999994, -122.417504 37.80831, -122.417376 37.80832499999998, -122.417345 37.808141000000006, -122.416346 37.808260000000004, -122.41635500000001 37.808329, -122.416305 37.808335, -122.416339 37.80847599999999, -122.41662099999999 37.808482999999995, -122.417185 37.80849700000001, -122.417183 37.808521, -122.417182 37.80853299999999, -122.416327 37.808506, -122.416282 37.808488, -122.41615000000002 37.808503, -122.41614400000002 37.808539999999994, -122.41620700000001 37.808544000000005, -122.41619366666669 37.80875066666666, -122.41618700000001 37.808854000000004, -122.4168075 37.8088905, -122.417428 37.80892699999999, -122.41742049999998 37.809046499999994, -122.417413 37.809166000000005, -122.418169 37.809664, -122.41929100000002 37.810402999999994, -122.41931500000001 37.81038099999999, -122.419834 37.81073499999998, -122.419821 37.810744500000006, -122.419808 37.81075399999999, -122.419808 37.810754, -122.42020150000002 37.8110105, -122.420595 37.811266999999994, -122.42035300000002 37.81150999999999, -122.420002 37.811280999999994, -122.41984600000002 37.81132, -122.41995200000001 37.811563, -122.41991599999999 37.81157400000001, -122.419724 37.811135, -122.419577 37.81106599999999, -122.419215 37.81089399999999, -122.41918600000001 37.810925, -122.41909800000002 37.81091500000001, -122.4190258125 37.810862500000006, -122.41898800000001 37.81083500000001, -122.41893600000002 37.810883, -122.419125 37.811023, -122.419049 37.811094000000004, -122.4192575 37.811237999999996, -122.419466 37.811381999999995, -122.41935099999999 37.811487, -122.41884600000002 37.811473, -122.416831 37.810133, -122.41535200000001 37.809161, -122.41519099999998 37.809159, -122.41520400000002 37.80919199999999, -122.415152 37.809231, -122.41517200000001 37.80924399999999, -122.41518350000003 37.809236, -122.415195 37.809228000000004, -122.415304 37.8092955, -122.415413 37.80936299999999, -122.41537000000001 37.809407, -122.41514199999999 37.80926499999998, -122.41503000000002 37.809189999999994, -122.41490199999998 37.809236, -122.41498500000002 37.80928699999999, -122.414969 37.809304, -122.414994 37.809318000000005, -122.41499400000002 37.809318000000005, -122.41499400000002 37.809318000000005, -122.41500279824561 37.80930816666667, -122.415011 37.809299, -122.415035 37.80931399999998, -122.415227 37.80943400000001, -122.41520933333334 37.809451666666675, -122.41517400000002 37.80948699999998, -122.414958 37.80935400000002, -122.41497700000001 37.809335, -122.414846 37.809256999999995, -122.41478 37.809281, -122.41477830308528 37.809311883847556, -122.41477499999999 37.809371999999996, -122.41510049249251 37.809592253753756, -122.415341 37.80975500000001, -122.41531499999999 37.8097965, -122.41528899999999 37.809837999999985, -122.414563 37.809563999999995, -122.41429350000001 37.8095175, -122.414024 37.80947099999998, -122.413722 37.80935349999999, -122.41342 37.80923599999999, -122.413374 37.80931799999998, -122.413374 37.80931799999998, -122.413488 37.809411000000004, -122.41362600000001 37.80949599999999, -122.414282 37.809946, -122.41420099999999 37.810022, -122.41402700000002 37.810139, -122.41378 37.809906999999974, -122.41385700000001 37.809845999999986, -122.41385700000001 37.809845999999986, -122.41323700000002 37.80946249999998, -122.41261700000001 37.809079000000004, -122.412498 37.809066, -122.41239800000001 37.809121000000005, -122.41239100000001 37.80915700000001, -122.41239100000001 37.80915700000001, -122.412435 37.809211, -122.41245599999999 37.809197999999995, -122.41264100000001 37.80938599999999, -122.412575 37.80942699999999, -122.41248200000001 37.8093335, -122.412389 37.80924000000001, -122.41241299999999 37.809225, -122.412364 37.809175999999994, -122.412332 37.80917999999999, -122.41230199999998 37.809171, -122.412098 37.809283, -122.41208899999998 37.809322000000016, -122.41213300000001 37.809374000000005, -122.412156 37.80936, -122.41232800000002 37.80955500000001, -122.41225299999999 37.809597, -122.412087 37.809402999999975, -122.412099 37.809395500000015, -122.412111 37.809388000000006, -122.412063 37.809339, -122.412029 37.809343000000005, -122.41200400000001 37.809328, -122.411895 37.809388999999996, -122.41286200000002 37.810522, -122.412718 37.810598999999975, -122.412705 37.810584000000006, -122.41150999999998 37.811237999999996, -122.411489 37.811218999999994, -122.412687 37.81056199999999, -122.41227566666669 37.81007633333333, -122.411453 37.809104999999995, -122.411424 37.809118999999995, -122.411249 37.80891999999997, -122.41116 37.80890699999999, -122.41112299999998 37.808907000000005, -122.41108599999998 37.808907000000005, -122.411283 37.809135, -122.411256 37.80914899999999, -122.411031 37.80889, -122.411025 37.808915, -122.41095099999998 37.808904999999996, -122.410954 37.80888, -122.410954 37.80887999999998, -122.41073700000001 37.80884599999999, -122.41073500000003 37.808855, -122.41073100000001 37.80887299999997, -122.41064900000002 37.808862, -122.410652 37.808834999999995, -122.410546 37.808819000000014, -122.41044200000002 37.80932500000001, -122.41041000000001 37.80929, -122.410499 37.808811999999996, -122.41047300000001 37.808803999999995, -122.41038399999998 37.809281000000006, -122.410627 37.80971, -122.410666 37.8096955, -122.41070500000001 37.80968099999999, -122.410633 37.80955499999998, -122.41065600000002 37.809546, -122.410729 37.80967099999998, -122.410756 37.80966099999999, -122.41070400000001 37.809566, -122.410736 37.809556000000015, -122.41076350000002 37.80960250000001, -122.41079100000002 37.80964899999999, -122.410807 37.80964349999999, -122.410823 37.809638000000014, -122.410823 37.809638000000014, -122.41079599999999 37.80959, -122.410769 37.80954199999999, -122.410787 37.80953549999999, -122.410805 37.809529000000005, -122.41082266666666 37.80956099999998, -122.410858 37.80962499999998, -122.41087800000001 37.80961766666667, -122.410888 37.809614, -122.410888 37.80961399999999, -122.4108816303855 37.80960234240362, -122.41083500000002 37.809517, -122.41086699999998 37.809504, -122.41092300000001 37.809602, -122.41095099999998 37.809591999999995, -122.410898 37.809494, -122.41093000000001 37.80948099999999, -122.410986 37.80957999999999, -122.41100550000002 37.80957299999999, -122.411025 37.809566000000004, -122.41100633333333 37.809532999999995, -122.41096900000001 37.809466999999984, -122.41098966666667 37.80945833333334, -122.411 37.809454, -122.41101124999999 37.80947274999998, -122.41105999999999 37.80955399999999, -122.411089 37.809543, -122.411032 37.809443, -122.411057 37.809433, -122.41119499999999 37.809675, -122.411167 37.809686, -122.411102 37.80956499999999, -122.41105500000002 37.809582, -122.41112499999998 37.80970099999999, -122.41109 37.809714, -122.411021 37.809594, -122.41098300000002 37.809608, -122.411051 37.80972899999998, -122.41103933333333 37.80973299999998, -122.41101600000002 37.809740999999995, -122.410947 37.80962100000001, -122.41093000000001 37.80962700000001, -122.410913 37.80963299999999, -122.410947 37.80969399999999, -122.410981 37.809755, -122.410947 37.809767, -122.41087800000001 37.809644999999996, -122.41084000000001 37.809658999999975, -122.41084000000001 37.809659, -122.4108755 37.80972, -122.41091100000001 37.809780999999994, -122.41087500000002 37.809794, -122.410805 37.809672, -122.410769 37.80968399999999, -122.41084000000001 37.809807, -122.410807 37.809819999999995, -122.410735 37.80969699999999, -122.410639 37.809730999999985, -122.410639 37.809730999999985, -122.41076649999998 37.8099555, -122.41089399999998 37.81018, -122.410972 37.810153, -122.410901 37.81003, -122.410927 37.81002200000001, -122.41099799999999 37.810145, -122.41104000000001 37.810129999999994, -122.41096900000001 37.810006, -122.411 37.80999400000001, -122.41107399999999 37.810117, -122.41111200000002 37.810103000000005, -122.411042 37.80998, -122.411075 37.809968, -122.411147 37.81009099999998, -122.41119000000002 37.81007499999999, -122.41115500000001 37.810013500000004, -122.41112 37.809952, -122.41114999999999 37.809940000000005, -122.411224 37.810063, -122.411257 37.810051, -122.41118700000001 37.809926999999995, -122.411218 37.809916, -122.41129200000002 37.810038999999996, -122.411333 37.810024, -122.411263 37.80989899999999, -122.411295 37.80989, -122.411367 37.810010999999996, -122.41140000000001 37.80999899999999, -122.41132900000001 37.809875999999996, -122.411361 37.809864, -122.411435 37.809987, -122.41147200000002 37.809974000000004, -122.41140300000002 37.809849, -122.41143199999998 37.809839, -122.41150599999999 37.809961, -122.41154800000001 37.80994599999999, -122.41147600000001 37.809823, -122.411508 37.809811999999994, -122.411582 37.809933999999984, -122.41159433333334 37.80992966666667, -122.411619 37.80992100000001, -122.411619 37.809920999999996, -122.41154899999998 37.809797, -122.411564 37.809791, -122.411579 37.80978499999999, -122.41165300000002 37.809908, -122.41169100000002 37.80989499999999, -122.41162710000002 37.80978495, -122.411619 37.80977100000001, -122.411651 37.809759000000014, -122.41172499999999 37.809882, -122.411759 37.80987, -122.411687 37.80974599999999, -122.411712 37.809737999999996, -122.41188100000001 37.810027, -122.411855 37.810035, -122.41176900000002 37.80988799999998, -122.41172499999999 37.809903999999996, -122.41180899999999 37.810052000000006, -122.41179400000001 37.8100575, -122.41177900000001 37.81006299999997, -122.41168999999998 37.80991599999998, -122.41165000000001 37.809931000000006, -122.41173400000001 37.810079, -122.41170300000002 37.81009, -122.411615 37.809944, -122.41156800000002 37.80996, -122.411651 37.810109, -122.411622 37.81012099999999, -122.411534 37.80997300000001, -122.41149100000001 37.809988, -122.411573 37.81013700000002, -122.41154400000002 37.810149, -122.411456 37.81000099999999, -122.411414 37.810016, -122.411498 37.81016599999998, -122.411469 37.810175, -122.411379 37.810029, -122.411333 37.810046, -122.41141599999999 37.810195, -122.41138600000001 37.81020499999999, -122.411342 37.8101315, -122.41129800000002 37.810058000000005, -122.41125399999999 37.810074, -122.41133700000002 37.810222, -122.411307 37.81023400000001, -122.411219 37.81008699999998, -122.41118100000001 37.8101, -122.41126600000001 37.810249999999996, -122.41123500000002 37.81025999999999, -122.411146 37.810112999999994, -122.411108 37.810127, -122.411192 37.81027499999999, -122.41116399999999 37.81028599999999, -122.41107300000002 37.81013899999998, -122.41102200000002 37.810157, -122.411107 37.810306000000004, -122.411077 37.810317, -122.41098999999998 37.810173, -122.41090599999998 37.810203, -122.411211 37.810742, -122.411301 37.810710000000014, -122.41121499999998 37.81055799999999, -122.41124100000002 37.810548999999995, -122.41132500000002 37.810697999999995, -122.411367 37.81068299999998, -122.411367 37.81068299999998, -122.411281 37.810534, -122.41131600000001 37.81052300000001, -122.411404 37.810674999999996, -122.41152400000001 37.810631999999984, -122.41152400000001 37.81063199999998, -122.411436 37.810479999999984, -122.41144800000002 37.81047566666666, -122.41147200000002 37.81046700000001, -122.4114927529412 37.810503811764704, -122.41155599999999 37.81061599999999, -122.41155600000002 37.81061599999999, -122.41155600000002 37.810616, -122.41167700000001 37.810573, -122.411592 37.810423999999976, -122.411627 37.810412, -122.411711 37.810561, -122.411739 37.810551000000004, -122.41171733333334 37.81049900000001, -122.41167399999999 37.81039499999998, -122.41169104347824 37.8103895217391, -122.41170199999998 37.81038600000002, -122.411765 37.810542, -122.41182000000002 37.810523, -122.41182000000002 37.81052299999999, -122.411753 37.810367, -122.41177999999998 37.810358, -122.411847 37.81051299999998, -122.41190334319528 37.81049258579882, -122.41191600000002 37.81048799999999, -122.41182700000002 37.810340999999994, -122.411856 37.81033099999999, -122.4118955 37.810399999999994, -122.41193500000001 37.810469000000005, -122.41192850000003 37.81038699999999, -122.411922 37.81030499999999, -122.411951 37.810303, -122.411967 37.81047, -122.412072 37.810433, -122.4120285 37.8103595, -122.411985 37.81028599999999, -122.412011 37.810275, -122.41211599999998 37.810455, -122.412084 37.810453, -122.41122300000002 37.81076199999997, -122.41122300000002 37.81076199999998, -122.41127300000001 37.81085099999999, -122.41132300000001 37.81094, -122.41124500000001 37.81111699999998, -122.41095000000001 37.811220999999996, -122.41092900000001 37.811279000000006, -122.410682 37.811367, -122.41061400000001 37.81135299999999, -122.41038950000002 37.81143049999999, -122.410165 37.811508, -122.40851200000002 37.81128400000001, -122.407569 37.808802, -122.407596 37.80879699999999, -122.40806550000002 37.810033, -122.408535 37.811269, -122.40934399999999 37.811378, -122.410153 37.81148699999999, -122.41027949999999 37.81144299999999, -122.410406 37.811399000000016, -122.410406 37.811399000000016, -122.410394 37.811377, -122.410336 37.811367, -122.41019900000002 37.81132800000001, -122.410034 37.811397, -122.41002900000001 37.811423999999995, -122.40856900000001 37.811218, -122.408604 37.81106499999999, -122.408631 37.811069999999994, -122.408616 37.8111365, -122.408601 37.811203000000006, -122.40863204081634 37.81120697959182, -122.40863999999999 37.811208, -122.40864 37.811208, -122.4086677859532 37.81108789297659, -122.40867100000001 37.81107399999999, -122.40871000000001 37.81107999999999, -122.40869550000001 37.811147, -122.408681 37.81121400000001, -122.408702 37.81121699999999, -122.40872300000001 37.81121999999998, -122.408754 37.811087, -122.408791 37.811091, -122.408763 37.811226, -122.40880300000002 37.81123100000001, -122.40883300000002 37.811097, -122.408874 37.811104, -122.408843 37.811237000000006, -122.408881 37.811242, -122.40891199999999 37.811108999999995, -122.40894800000001 37.811114, -122.408935 37.811181, -122.408922 37.81124799999999, -122.4089435 37.81125099999999, -122.408965 37.81125400000001, -122.40899599999999 37.81112, -122.40901043999999 37.81112228, -122.40903399999999 37.811125999999994, -122.40900746268657 37.81125299999999, -122.409006 37.81125999999998, -122.409006 37.81125999999998, -122.409042 37.811265, -122.40907399999999 37.81113100000001, -122.409111 37.811137, -122.40909700000002 37.81120399999999, -122.40908300000001 37.81127099999999, -122.409126 37.811277, -122.40915799999999 37.811143, -122.40919400000001 37.811148, -122.409166 37.81128200000001, -122.409211 37.811289, -122.409243 37.811156, -122.409279 37.81116, -122.40925199999998 37.811294, -122.40928 37.811298, -122.40931099999999 37.811165, -122.409352 37.81117, -122.40932000000001 37.811304, -122.40936500000001 37.81130999999999, -122.40936634991975 37.8113037624398, -122.40939400000002 37.81117600000001, -122.40943300000002 37.811182, -122.409424 37.811226666666656, -122.40940600000002 37.81131599999998, -122.40940600000002 37.81131599999998, -122.409441 37.811321, -122.40947299999999 37.811188, -122.40950900000001 37.811193, -122.409481 37.811327000000006, -122.40950400000001 37.81133, -122.40952700000001 37.81133299999999, -122.4095425 37.81126649999998, -122.409558 37.81120000000001, -122.409596 37.811205, -122.409568 37.81133899999999, -122.40956800000002 37.81133899999999, -122.40957429032257 37.81133996774192, -122.409607 37.81134500000001, -122.40963800000002 37.81121100000001, -122.4096547906977 37.81121320930231, -122.40967599999999 37.811215999999995, -122.40965013805969 37.811335499999984, -122.40964699999999 37.81134999999999, -122.40966749999998 37.811353, -122.409688 37.811356, -122.40972200000002 37.811223000000005, -122.40975800000001 37.81122800000001, -122.40974349999999 37.811295, -122.40972899999998 37.811361999999995, -122.40976700000002 37.811367, -122.409799 37.811233999999985, -122.409835 37.81123899999999, -122.409807 37.811372999999996, -122.40984900000001 37.811379, -122.40986400000001 37.81131249999999, -122.409879 37.81124599999999, -122.409919 37.81125, -122.40989000000002 37.811385, -122.409934 37.81139100000001, -122.409967 37.811258, -122.4099835 37.811258499999994, -122.41 37.81125899999999, -122.41000704166666 37.811272, -122.410052 37.81135499999999, -122.41005200000002 37.811354999999985, -122.41005200000002 37.81135499999999, -122.410079 37.811347, -122.41003199999999 37.81124399999999, -122.41006 37.811237, -122.41010700000001 37.811336000000004, -122.410144 37.811321499999984, -122.410181 37.81130699999999, -122.410002 37.810999999999986, -122.41000850000002 37.81096699999999, -122.410015 37.810934, -122.410036 37.810916, -122.410046 37.810869, -122.409957 37.81085699999998, -122.409928 37.81098999999998, -122.40990000000001 37.810987, -122.40992800000001 37.810863999999995, -122.40991871698112 37.81086264150945, -122.40988700000001 37.81085799999999, -122.40985799999999 37.81098, -122.409828 37.810976, -122.409852 37.810842, -122.40980600000002 37.810835, -122.409777 37.81096900000001, -122.40974300000002 37.810964, -122.409769 37.81083000000001, -122.409769 37.810829999999996, -122.40974699999998 37.81082699999999, -122.409725 37.81082399999998, -122.409694 37.810959, -122.409661 37.81095299999999, -122.409674 37.810886, -122.409687 37.810819, -122.409687 37.81081899999999, -122.409646 37.810813, -122.40961799999998 37.810947, -122.409582 37.81094299999999, -122.40960799999999 37.810807999999994, -122.409586 37.810804999999995, -122.409564 37.810802, -122.40953600000002 37.810936, -122.40950300000002 37.810931, -122.409526 37.810797, -122.40948200000001 37.81079099999999, -122.409451 37.81092399999999, -122.409417 37.810919999999996, -122.40944400000001 37.810784999999996, -122.40940000000002 37.810779000000004, -122.40938350000002 37.810846000000005, -122.409367 37.81091299999999, -122.409337 37.81090799999999, -122.40936200000002 37.810773999999995, -122.409319 37.81076800000001, -122.409288 37.81090100000002, -122.40925300000002 37.810897, -122.40928100000001 37.810762999999994, -122.40925800000001 37.81076, -122.409235 37.81075700000001, -122.40920299999999 37.81089, -122.40916999999999 37.810885, -122.409197 37.81075100000001, -122.409197 37.810750999999996, -122.409153 37.810745000000004, -122.40914200000002 37.810789666666665, -122.40912 37.81087899999998, -122.40909 37.810874, -122.40911600000001 37.81074, -122.40911600000001 37.81073999999999, -122.40907399999999 37.810734000000004, -122.40905749999999 37.810801, -122.40904099999999 37.81086799999999, -122.409011 37.81086299999999, -122.40902350000002 37.81079599999998, -122.409036 37.810729, -122.409036 37.81072899999999, -122.408994 37.81072299999999, -122.40896299999999 37.81085799999999, -122.40893000000001 37.810852, -122.40895699999999 37.81071800000001, -122.40892588732393 37.81071402816901, -122.40891 37.810712, -122.40890999999998 37.810712, -122.40887899999998 37.810845, -122.408847 37.810840999999996, -122.40887299999999 37.810707, -122.40882700000002 37.8107, -122.40882542105264 37.81070710526316, -122.40879699999999 37.810835, -122.408765 37.81082899999999, -122.40879 37.810694999999996, -122.40874300000002 37.810688999999996, -122.40872166666668 37.81077766666665, -122.40871100000001 37.810821999999995, -122.40868000000002 37.810818, -122.40870499999998 37.81068299999998, -122.40870499999998 37.81068299999998, -122.40868400000001 37.81068050000001, -122.408663 37.810677999999996, -122.408652 37.81072233333333, -122.40863 37.81081099999998, -122.4086 37.810807, -122.408625 37.810672, -122.408556 37.810663, -122.408589 37.810512, -122.40861499999998 37.810517, -122.408589 37.81064599999999, -122.40862899999999 37.810651, -122.40862900000002 37.810651, -122.40865824314443 37.8105293107861, -122.40865999999998 37.81052199999999, -122.408694 37.81052799999999, -122.40866800000002 37.810656, -122.408709 37.810660999999996, -122.408741 37.810532, -122.408773 37.810538, -122.40874900000001 37.81066699999999, -122.40874900000001 37.810667, -122.408792 37.81067400000001, -122.40882500000001 37.810545000000005, -122.40885800000001 37.810549, -122.40883300000002 37.810678999999986, -122.40886233333335 37.810683, -122.408877 37.81068500000001, -122.408907 37.810556, -122.408943 37.81056199999999, -122.408916 37.81069099999999, -122.408961 37.810696999999976, -122.40899300000001 37.810567999999996, -122.409024 37.81057199999999, -122.409 37.810700999999995, -122.40904099999999 37.810707, -122.40907100000001 37.810578, -122.409107 37.810583999999984, -122.40907999999999 37.810712, -122.40912 37.810718, -122.40915 37.81059, -122.409184 37.810594, -122.409159 37.810723999999986, -122.409159 37.810723999999986, -122.409201 37.810729999999985, -122.409234 37.810601, -122.409268 37.810606, -122.40924 37.810734, -122.40928699999999 37.810740999999986, -122.409319 37.81061299999999, -122.40934999999999 37.81061699999999, -122.40932600000001 37.81074499999999, -122.409367 37.81075200000001, -122.40940000000002 37.810624000000004, -122.40943300000002 37.810629, -122.40940499999998 37.810757, -122.409447 37.810762999999994, -122.40947699999998 37.81063499999999, -122.40948799999998 37.81063633333333, -122.40950999999998 37.81063900000001, -122.40948800000001 37.810767999999996, -122.40953000000002 37.810774, -122.40956000000001 37.810646, -122.40959 37.81065, -122.40957999999999 37.81071549999999, -122.40957 37.810780999999984, -122.40957 37.810780999999984, -122.40961100000001 37.810786, -122.40964 37.81065799999999, -122.409673 37.81066199999999, -122.40965099999998 37.81079199999997, -122.40965099999998 37.81079199999998, -122.40969199999999 37.810798, -122.409723 37.810669000000004, -122.409756 37.810673, -122.409732 37.81080299999999, -122.409772 37.810809, -122.40980400000001 37.810679999999984, -122.40983600000001 37.81068399999998, -122.409814 37.810812999999996, -122.40985500000001 37.81081899999999, -122.40988800000001 37.810691, -122.409919 37.810696, -122.409895 37.81081799999999, -122.409937 37.810822, -122.409964 37.81070199999999, -122.40998318421053 37.81070484210527, -122.40999099999998 37.81070599999999, -122.40997568507753 37.810774125000016, -122.409962 37.81083500000001, -122.41001531981982 37.81084159009008, -122.410051 37.81084599999999, -122.410057 37.810818, -122.41004300000002 37.810795000000006, -122.410054 37.810739, -122.410078 37.810724, -122.41009500000001 37.81062300000001, -122.41008200000002 37.810597, -122.410092 37.81054599999999, -122.410117 37.81052699999999, -122.410136 37.81042299999998, -122.410136 37.81042299999998, -122.41012 37.810401, -122.410126 37.810372, -122.410086 37.810367, -122.410063 37.810472, -122.41004 37.810469, -122.410061 37.81037299999999, -122.41003100000002 37.810367, -122.41001000000001 37.81046500000001, -122.40999800000002 37.810463499999976, -122.40998600000002 37.810461999999994, -122.410009 37.810355, -122.40997100000001 37.810348, -122.40994799999999 37.810457, -122.40991499999998 37.810452, -122.40994 37.810331, -122.40990200000002 37.81032600000001, -122.40988400000002 37.81040733333334, -122.40987500000001 37.810448, -122.40986000000002 37.81044549999999, -122.40984500000002 37.81044300000001, -122.409868 37.810321, -122.409868 37.810320999999995, -122.40983099999998 37.810317, -122.409805 37.810438, -122.40977300000002 37.810431999999984, -122.40978500000001 37.810372, -122.40979700000001 37.810312, -122.40979700000001 37.81031199999999, -122.409756 37.81030600000001, -122.40972899999998 37.810428, -122.409699 37.810423, -122.40972200000002 37.810301999999986, -122.409687 37.810297, -122.40966 37.810418999999996, -122.40962600000002 37.810413, -122.409652 37.810293, -122.40961900000002 37.81028799999999, -122.40961900000002 37.81028799999999, -122.40961899999999 37.81028799999999, -122.40959300000002 37.81041, -122.40956099999998 37.81040399999996, -122.409585 37.810283999999996, -122.409541 37.810278000000004, -122.40954099999999 37.810278000000004, -122.40951599999998 37.810399, -122.40948299999998 37.81039399999999, -122.409507 37.810272999999995, -122.409468 37.81026799999999, -122.409441 37.81038799999999, -122.409411 37.810384, -122.40943399999999 37.810263, -122.40939499999999 37.810258000000005, -122.40938099999998 37.810318, -122.409367 37.81037799999999, -122.409337 37.810376, -122.40936100000002 37.810253, -122.40936100000002 37.81025299999999, -122.40933950000002 37.81025049999999, -122.409318 37.81024799999999, -122.409307 37.81036999999999, -122.40927700000002 37.810366, -122.40928400000001 37.810243, -122.40925 37.810237, -122.40922499999998 37.810359999999996, -122.40921882352943 37.81035911764705, -122.40919 37.81035499999998, -122.409216 37.810234, -122.409177 37.81022899999999, -122.409151 37.81035, -122.40911800000002 37.810343999999986, -122.40914300000001 37.810224, -122.409106 37.810218999999975, -122.40910328996283 37.810231144981394, -122.40907899999999 37.81034, -122.40906856521741 37.810338608695666, -122.409049 37.81033600000001, -122.409072 37.810215, -122.40902899999999 37.81020899999999, -122.40900100000002 37.81032899999999, -122.408971 37.810325, -122.40899500000002 37.810204, -122.40896000000001 37.810199999999995, -122.408947 37.8102605, -122.408934 37.810320999999995, -122.4089175 37.8103185, -122.408901 37.81031599999999, -122.408926 37.810195, -122.408886 37.81018999999999, -122.40886099999999 37.810311, -122.40882700000002 37.810306, -122.40885200000001 37.81018499999999, -122.40881599999999 37.81017999999997, -122.40878899999998 37.81030099999999, -122.408757 37.810297, -122.40878200000002 37.81017599999999, -122.40876 37.810173, -122.40873799999999 37.810170000000014, -122.408712 37.81029100000001, -122.40868000000002 37.810286000000005, -122.40869200000002 37.81022550000001, -122.40870400000001 37.81016499999998, -122.40870400000001 37.81016499999998, -122.40868450000002 37.8101625, -122.40866500000001 37.81015999999999, -122.408638 37.81028, -122.408606 37.810277000000006, -122.408631 37.810155, -122.40859499999999 37.810151000000005, -122.40856900000001 37.810271, -122.40853699999998 37.810266999999996, -122.408561 37.810146, -122.408561 37.810145999999996, -122.408522 37.810141, -122.408496 37.81026200000001, -122.40847999999998 37.810259500000015, -122.408464 37.81025699999998, -122.408487 37.810136, -122.40845 37.810131, -122.40842200000002 37.81025099999998, -122.408393 37.810249, -122.408415 37.810126, -122.40840372222223 37.81012463888889, -122.40835699999998 37.81011900000001, -122.408375 37.809995, -122.408399 37.80999799999999, -122.40838900000001 37.8100495, -122.408379 37.810100999999996, -122.408379 37.810101, -122.40840845454545 37.81010427272728, -122.40841499999999 37.810105, -122.408415 37.810105, -122.40843400000001 37.810003, -122.408465 37.810007, -122.408439 37.810109, -122.40847300000001 37.810114, -122.40849400000002 37.81001099999999, -122.408521 37.810015, -122.408499 37.810116999999984, -122.408499 37.810116999999984, -122.40853600000001 37.810121999999986, -122.40855700000002 37.810019, -122.408583 37.810022999999994, -122.408559 37.810125, -122.408592 37.81013000000001, -122.4086025 37.81007849999999, -122.408613 37.81002699999999, -122.40862700000001 37.81002899999999, -122.40864100000002 37.810031, -122.40862099999998 37.810137, -122.40865 37.81014099999998, -122.40865232258064 37.81013074193548, -122.40867400000002 37.810035000000006, -122.40870400000001 37.810039, -122.408679 37.810141, -122.408712 37.810146, -122.408733 37.810043, -122.40876 37.81004699999998, -122.40873700000002 37.810148999999996, -122.408773 37.810154, -122.40879400000001 37.81005099999999, -122.40880750000002 37.81005300000001, -122.40882100000002 37.81005500000002, -122.40880000000001 37.81015900000001, -122.40880000000001 37.81015900000002, -122.40883 37.810163, -122.40885 37.810059, -122.40887899999998 37.810063, -122.408855 37.810164, -122.408892 37.81017, -122.408913 37.810067, -122.408941 37.81007100000001, -122.40891799999999 37.81017399999998, -122.40891799999999 37.810174, -122.408947 37.810176999999996, -122.408967 37.81007499999999, -122.40898250000001 37.8100765, -122.408998 37.810078000000004, -122.408976 37.810185, -122.40900799999999 37.81018900000001, -122.40903 37.810083, -122.409063 37.810087, -122.409042 37.81019399999999, -122.409042 37.810194, -122.409068 37.810196999999995, -122.40909100000002 37.81009199999996, -122.409121 37.810095, -122.4091 37.81019899999999, -122.40910000000002 37.81019899999999, -122.40912900000001 37.81020199999999, -122.40914900000001 37.810099, -122.40918100000002 37.81010299999999, -122.40916 37.81020999999999, -122.40918800000001 37.810213, -122.40921200000001 37.810108, -122.409243 37.810112, -122.409222 37.810218, -122.409246 37.81022099999999, -122.40924737142855 37.81021499999999, -122.40927 37.810115999999994, -122.40928303703703 37.81011722222221, -122.40930200000001 37.810119000000014, -122.40928 37.81022600000001, -122.40929600000001 37.810228, -122.40930399999999 37.810229, -122.40930400000002 37.810229, -122.409328 37.810123, -122.409358 37.810127, -122.40933799999999 37.810234, -122.40936500000001 37.810237, -122.40938899999999 37.81013099999998, -122.40940400000001 37.810133, -122.40941900000001 37.810135, -122.40941810714287 37.81013977678572, -122.40939899999998 37.81024199999999, -122.40942500000001 37.81024500000001, -122.40944900000001 37.81014, -122.409481 37.810143, -122.409459 37.81024999999999, -122.40948200000001 37.81025299999999, -122.409507 37.810146999999986, -122.40953600000002 37.810151, -122.40951599999998 37.81025699999999, -122.409544 37.810261, -122.40957 37.810157, -122.409601 37.81015899999999, -122.40957800000001 37.810266, -122.40960500000001 37.81026899999999, -122.409628 37.81016399999999, -122.40966 37.81016799999998, -122.40963899999998 37.81027399999998, -122.40963899999998 37.81027399999998, -122.40966399999999 37.810277000000006, -122.40966400000002 37.810277000000006, -122.409687 37.810172, -122.409719 37.810175, -122.40969799999999 37.81028199999999, -122.40969799999999 37.81028199999999, -122.409725 37.810286, -122.40974900000002 37.810179999999974, -122.409781 37.810184, -122.40975900000001 37.81028999999999, -122.40975900000001 37.81029, -122.409783 37.810293, -122.409809 37.81018799999999, -122.40983700000001 37.81019199999999, -122.4098255 37.8102435, -122.409814 37.81029499999999, -122.409814 37.810295, -122.40982850000002 37.810297, -122.40984300000001 37.81029899999999, -122.409865 37.810195, -122.40989699999999 37.81019999999999, -122.40988166666666 37.81027066666668, -122.409874 37.810306000000004, -122.40988614999999 37.81030734999999, -122.40990099999999 37.81030899999999, -122.409901 37.81030899999999, -122.4099223084112 37.810213999999995, -122.409925 37.81020199999999, -122.40994100000002 37.810204500000005, -122.409957 37.810207000000005, -122.40993499999999 37.81031399999999, -122.40994732000001 37.81031576, -122.409963 37.81031800000001, -122.40998600000002 37.810212, -122.41001000000001 37.810215, -122.40999099999998 37.81030099999999, -122.409991 37.810301, -122.40999519354841 37.81030164516129, -122.41001700000001 37.810304999999985, -122.410034 37.81021799999999, -122.41006200000001 37.810221999999996, -122.41004300000002 37.81030899999998, -122.41004300000002 37.81030899999998, -122.41007099999999 37.81031299999999, -122.41008800000002 37.810224999999996, -122.41011499999999 37.81022899999999, -122.41009224137929 37.81033899999998, -122.410091 37.81034499999999, -122.410135 37.81035099999999, -122.41015499999999 37.810331, -122.410176 37.810233, -122.41015800000001 37.81020999999999, -122.41017899999999 37.81010200000001, -122.41017899999999 37.810102, -122.41007699999999 37.80992, -122.410053 37.809916999999984, -122.410033 37.810027, -122.41 37.81002299999999, -122.41001900000002 37.80991299999999, -122.41000100000002 37.80991033333334, -122.40999200000002 37.809909000000005, -122.40997100000001 37.81002, -122.40994199999999 37.810016, -122.409957 37.809904, -122.40993300000001 37.80990099999999, -122.409912 37.810010999999996, -122.409879 37.81000799999999, -122.409899 37.809897, -122.409868 37.809892999999995, -122.40984900000001 37.81000300000001, -122.40983250000001 37.810001000000014, -122.409816 37.80999899999999, -122.409834 37.809888, -122.409809 37.80988500000001, -122.40978799999999 37.809995, -122.40975300000001 37.80999099999999, -122.40977399999998 37.80988, -122.40974900000002 37.809877, -122.40972200000002 37.80998700000001, -122.40970650000001 37.8099845, -122.409691 37.80998199999999, -122.409715 37.80987299999999, -122.409685 37.809868999999985, -122.40966966666669 37.809942333333346, -122.40966200000001 37.809979000000006, -122.40963 37.809974000000004, -122.40964049999998 37.809918999999994, -122.40965099999998 37.80986399999998, -122.40965099999998 37.80986399999998, -122.40962300000001 37.80986, -122.409601 37.80997000000001, -122.40956699999998 37.809967000000015, -122.409589 37.809856, -122.409589 37.809855999999996, -122.40957650000001 37.80985449999998, -122.409564 37.80985299999999, -122.40956201127818 37.80986251127819, -122.40954099999999 37.80996299999999, -122.40952816666668 37.809960666666655, -122.409508 37.80995699999998, -122.40951533333333 37.809920666666656, -122.40953000000002 37.80984800000001, -122.40953000000002 37.809847999999995, -122.40951066666666 37.80984533333334, -122.409501 37.809844, -122.40949100000002 37.809899, -122.409481 37.809954000000005, -122.40944400000001 37.809951, -122.40946699999999 37.809839999999994, -122.40943900000002 37.809836, -122.40943900000002 37.809836000000004, -122.40943899999999 37.80983599999999, -122.40941900000001 37.80994700000001, -122.409378 37.80994099999999, -122.409405 37.80983199999999, -122.409375 37.80982799999999, -122.409351 37.809937999999995, -122.409322 37.809934, -122.40934300000002 37.80982599999998, -122.40932050000002 37.809822999999994, -122.409313 37.809822000000004, -122.409292 37.80993, -122.40925900000002 37.80992599999998, -122.409282 37.809815, -122.40925100000001 37.809811, -122.409228 37.809920999999996, -122.409197 37.809917999999996, -122.40922099999999 37.80981099999999, -122.40919 37.809807, -122.409166 37.809913, -122.40914000000001 37.809909999999995, -122.40916100000001 37.809799, -122.40913000000002 37.809795, -122.409109 37.809905, -122.40907900000002 37.809902, -122.409099 37.809794, -122.409069 37.80978999999999, -122.4090595 37.809844000000005, -122.40905000000001 37.809898000000004, -122.409018 37.80989400000001, -122.409042 37.80978599999997, -122.40901 37.809782, -122.408991 37.80989, -122.40896200000002 37.809886, -122.40898 37.809776, -122.40895099999999 37.80977199999998, -122.408928 37.809882, -122.408896 37.809876999999965, -122.40891700000002 37.80976699999999, -122.40891700000002 37.80976699999999, -122.40888400000001 37.809763, -122.40886499999998 37.809873999999986, -122.40883300000002 37.809869, -122.408853 37.809760999999995, -122.40882100000002 37.809757, -122.40881050000002 37.809810999999996, -122.40880000000001 37.809865, -122.40877099999999 37.80986, -122.40879 37.80975, -122.40876 37.809746, -122.408739 37.809856999999994, -122.40870700000002 37.809853, -122.40872702649007 37.80975000662251, -122.408728 37.80974499999999, -122.40871700000001 37.80974366666666, -122.408695 37.809740999999995, -122.40867800000001 37.80984900000001, -122.40866350000002 37.80984699999998, -122.408649 37.809844999999996, -122.40866599999998 37.809734, -122.40863900000001 37.809731, -122.40861499999998 37.809841, -122.408585 37.809837, -122.408605 37.809726, -122.40858 37.80972299999999, -122.408555 37.80983299999998, -122.40852499999998 37.809829, -122.408546 37.809718, -122.408515 37.809714, -122.40848599999998 37.809822999999994, -122.40846 37.80982099999999, -122.408481 37.80971, -122.408481 37.809709999999974, -122.408454 37.809706, -122.408433 37.809816, -122.40840100000001 37.809813, -122.408423 37.809704999999994, -122.40839199999999 37.80970099999999, -122.4083825 37.80975499999998, -122.408373 37.80980900000001, -122.40834499999998 37.809805, -122.40836299999998 37.809694, -122.408331 37.809689999999996, -122.408307 37.809799999999996, -122.40827900000001 37.809796, -122.408297 37.809684999999995, -122.40826699999998 37.80968099999999, -122.408245 37.80979299999999, -122.40821199999999 37.80978699999999, -122.408249 37.80956199999999, -122.408276 37.809566, -122.40826099999998 37.809656, -122.408288 37.809658000000006, -122.40830199999999 37.80957, -122.408328 37.809572999999986, -122.40832683419688 37.80957991709843, -122.40831299999999 37.80966199999998, -122.408343 37.809666, -122.40835699999998 37.809576, -122.40838399999998 37.80957999999998, -122.40836800000001 37.80966999999999, -122.40839500000001 37.809673000000004, -122.40840566666668 37.80961299999999, -122.408411 37.809583, -122.408436 37.809587, -122.40842 37.80967699999999, -122.408451 37.80968, -122.408465 37.809592, -122.40849199999998 37.809594, -122.408477 37.80968399999999, -122.40850400000001 37.80968699999999, -122.40851800000002 37.809599, -122.408544 37.809600999999994, -122.408529 37.809691, -122.40855799999999 37.809692999999996, -122.408573 37.80960499999998, -122.408599 37.809609, -122.40858399999999 37.80969799999999, -122.40861400000001 37.809702, -122.408628 37.809612, -122.408656 37.80961599999999, -122.40865457777777 37.809623999999985, -122.40863999999999 37.80970599999999, -122.40866500000001 37.809709, -122.408683 37.80962000000002, -122.40871000000001 37.809623000000016, -122.408694 37.809711, -122.408721 37.809715000000004, -122.40873799999999 37.80962600000001, -122.40876399999999 37.80962999999999, -122.408748 37.80972, -122.40877600000002 37.809723, -122.40879 37.809633999999996, -122.408818 37.80963700000001, -122.408802 37.809726999999995, -122.408802 37.809727, -122.40882100000002 37.809729, -122.40884000000001 37.80973099999998, -122.40884057309943 37.80972735672514, -122.40885400000002 37.809642000000004, -122.408881 37.809646, -122.40886499999998 37.80973499999999, -122.408892 37.809737999999996, -122.408908 37.80964899999999, -122.408932 37.809653, -122.40891700000002 37.80974199999999, -122.40894499999999 37.80974499999999, -122.408958 37.809654999999985, -122.40898700000001 37.80966, -122.408972 37.80974899999999, -122.40900100000002 37.809754, -122.409016 37.809663, -122.409043 37.80966699999998, -122.409027 37.809757, -122.409027 37.809757000000005, -122.40905299999999 37.80976, -122.409066 37.80966999999999, -122.40907949999998 37.809672000000006, -122.409093 37.80967400000001, -122.4090855 37.809718499999995, -122.40907799999998 37.80976299999999, -122.409108 37.809766999999994, -122.409121 37.809677, -122.40914800000002 37.809681, -122.409133 37.80977100000001, -122.409133 37.80977100000001, -122.40916100000001 37.809774999999995, -122.40917599999999 37.809683999999976, -122.40920299999999 37.809688, -122.40918700000002 37.80977799999999, -122.40918700000002 37.80977799999999, -122.40920284782611 37.80977917391303, -122.40921400000002 37.80978, -122.409228 37.809691, -122.409256 37.80969499999999, -122.40924 37.809784999999984, -122.40926900000001 37.80978699999999, -122.409285 37.80969999999999, -122.40931000000002 37.80970199999998, -122.409294 37.80979199999998, -122.409294 37.80979199999999, -122.409325 37.809796, -122.40934 37.809706000000006, -122.409366 37.80971, -122.409351 37.809799, -122.409378 37.809803, -122.40939299999998 37.809713, -122.40942 37.809717000000006, -122.409412 37.80976149999999, -122.40940400000001 37.809805999999995, -122.40941850000003 37.809807500000005, -122.40943300000002 37.80980900000001, -122.409447 37.809720999999996, -122.40947299999999 37.80972400000001, -122.409463 37.80978333333333, -122.40945800000001 37.80981299999999, -122.40947032051282 37.80981458974357, -122.40948899999998 37.809817, -122.40948900000001 37.809817, -122.40950195187168 37.80973373796793, -122.40950300000002 37.80972700000001, -122.40951738297872 37.80972921276595, -122.40952899999999 37.80973099999999, -122.409514 37.809821, -122.409544 37.809824, -122.409559 37.809735, -122.409585 37.809739, -122.40956899999999 37.809827999999996, -122.40959999999998 37.80983200000001, -122.40960000000001 37.80983200000001, -122.40961400000002 37.809742, -122.409641 37.80974599999999, -122.409625 37.809836, -122.40965000000001 37.809839, -122.409667 37.80974899999999, -122.409694 37.80975299999999, -122.40968766666668 37.809782666666656, -122.40967500000001 37.80984199999999, -122.40967500000001 37.80984200000001, -122.40970800000001 37.809846, -122.409723 37.809758, -122.409751 37.80976, -122.40973499999998 37.80985, -122.409763 37.809853, -122.409776 37.809763, -122.409801 37.809767, -122.409789 37.809856999999994, -122.409802 37.80985849999999, -122.409815 37.809860000000036, -122.409834 37.809771, -122.40986 37.809775, -122.409853 37.809804666666665, -122.40983900000002 37.809863999999976, -122.40983900000002 37.809863999999976, -122.409873 37.809867999999994, -122.409885 37.80977899999999, -122.40991 37.809780999999994, -122.40990200000002 37.809837999999985, -122.40991385964912 37.80985214035084, -122.409928 37.809869, -122.40994705172413 37.80987149137932, -122.41005799999999 37.80988599999999, -122.41005800000002 37.80988599999999, -122.409789 37.809411, -122.409693 37.809452000000014, -122.40975300000001 37.809476999999994, -122.409795 37.809481999999996, -122.409777 37.80959100000001, -122.40974900000002 37.809587, -122.409764 37.809502, -122.409764 37.80950199999999, -122.40973400000001 37.809495999999996, -122.409719 37.80958299999999, -122.40970550000002 37.809582000000006, -122.40969199999999 37.809581, -122.409697 37.809551666666664, -122.40970700000001 37.80949300000001, -122.40970700000001 37.809492999999996, -122.409679 37.80948900000001, -122.40966399999999 37.809575999999986, -122.409637 37.809571999999974, -122.409655 37.80948599999998, -122.409655 37.80948599999998, -122.40964050000001 37.80948399999999, -122.40962600000002 37.809481999999996, -122.40961100000001 37.80956899999999, -122.40959983928572 37.80956766071428, -122.409586 37.809565999999975, -122.40959970689653 37.80948649999999, -122.409601 37.80947899999999, -122.4095865 37.80947699999999, -122.40957200000001 37.809475000000006, -122.409558 37.809562000000014, -122.40953000000002 37.809558, -122.40953850000001 37.809514999999976, -122.409547 37.80947199999999, -122.40951799999999 37.80946699999999, -122.40950300000002 37.80955399999999, -122.40947699999998 37.80955099999999, -122.409486 37.80950749999999, -122.409495 37.809464000000006, -122.40948 37.809462, -122.409465 37.809459999999994, -122.409451 37.809546999999995, -122.409424 37.809543, -122.40943999999999 37.80945700000001, -122.40941300000001 37.809453, -122.40939899999998 37.809540000000005, -122.40938856521738 37.80953860869565, -122.409369 37.809535999999994, -122.40937750000002 37.8094925, -122.40938600000001 37.80944900000001, -122.40935500000002 37.809445000000004, -122.40935033333335 37.809474, -122.40934100000001 37.809531999999976, -122.40931400000001 37.809528, -122.40932900000001 37.809442, -122.40930499999999 37.809438, -122.40929000000001 37.80952499999998, -122.409262 37.809521, -122.40927800000001 37.809435, -122.40925199999998 37.809431000000004, -122.409238 37.809518, -122.409211 37.80951399999999, -122.40921900000001 37.80947099999998, -122.40922700000002 37.80942800000004, -122.40922700000002 37.80942800000002, -122.409192 37.809423, -122.409178 37.80950999999999, -122.409152 37.80950699999999, -122.40916700000001 37.80942000000002, -122.40916700000001 37.80941999999999, -122.409133 37.809415, -122.40911899999999 37.809501999999995, -122.40910966666667 37.809500666666665, -122.40909100000002 37.80949799999999, -122.409107 37.809411, -122.409076 37.809407, -122.409062 37.809493999999994, -122.40903400000002 37.80949199999999, -122.40904927272727 37.80940799999998, -122.40905000000001 37.809403999999994, -122.409022 37.809401, -122.40900799999999 37.809487000000004, -122.40898300000002 37.80948499999998, -122.40899050000002 37.8094415, -122.408998 37.809397999999995, -122.40897400000001 37.809394, -122.40896000000001 37.80948099999999, -122.408932 37.809476999999994, -122.408947 37.809391, -122.40891799999999 37.809385999999996, -122.408904 37.80947299999999, -122.40887800000002 37.809468999999986, -122.40889300000002 37.809383, -122.408863 37.80937899999999, -122.408849 37.809465999999986, -122.40882199999999 37.809461999999996, -122.408838 37.809374999999996, -122.40880899999999 37.80937100000001, -122.40879499999998 37.809458, -122.40876800000001 37.80945599999999, -122.408784 37.809368, -122.40875600000001 37.80936399999999, -122.408742 37.80945099999999, -122.408715 37.809447, -122.40873 37.809360999999996, -122.408702 37.809357, -122.40868699999999 37.809444000000006, -122.40865999999998 37.809439999999995, -122.408675 37.80935400000003, -122.408675 37.80935400000002, -122.408645 37.809349000000005, -122.408631 37.809436000000005, -122.40860200000002 37.809432000000015, -122.40861700000002 37.809346, -122.408591 37.809342, -122.408577 37.809428999999994, -122.40854900000001 37.809425, -122.408565 37.80933800000001, -122.40854566666667 37.80933533333332, -122.40853600000001 37.80933399999999, -122.408522 37.809421, -122.40849400000002 37.80941899999999, -122.408509 37.809331, -122.40848199999999 37.809326999999996, -122.40846799999998 37.809414000000004, -122.408439 37.80941000000001, -122.408454 37.80932399999998, -122.408454 37.80932399999998, -122.408427 37.80932, -122.408412 37.80940700000001, -122.40838399999998 37.809402999999996, -122.4084 37.809317, -122.408372 37.809312, -122.40835799999999 37.809399000000006, -122.40833 37.80939499999999, -122.408337 37.80935200000001, -122.40834400000001 37.809308999999985, -122.40834400000001 37.809308999999985, -122.40833466666668 37.80930766666665, -122.408316 37.809304999999995, -122.40830199999999 37.809391999999995, -122.40827400000002 37.809388000000006, -122.408291 37.809302, -122.408291 37.809301999999995, -122.40827749999998 37.80929999999999, -122.408264 37.80929799999999, -122.40825699999999 37.809341499999995, -122.40825 37.809385000000006, -122.408219 37.809380999999995, -122.40823600000002 37.809295000000006, -122.40822200000001 37.80929249999998, -122.408208 37.80928999999999, -122.40819400000001 37.809377, -122.40816699999999 37.809373, -122.408181 37.80928800000001, -122.408181 37.809287999999995, -122.40816433333333 37.80928466666666, -122.408156 37.809282999999986, -122.408142 37.80937, -122.40811300000001 37.80936599999999, -122.40812100000002 37.80932249999999, -122.408129 37.809279000000004, -122.40810100000002 37.809276, -122.40808600000001 37.80936299999998, -122.40806100000002 37.809359999999984, -122.408078 37.80926399999999, -122.40805300000001 37.80926099999999, -122.408028 37.80925800000001, -122.408045 37.80914399999999, -122.408072 37.809148, -122.408057 37.809239, -122.40808600000001 37.809242000000005, -122.40810100000002 37.809151, -122.408127 37.809155, -122.408112 37.809246, -122.40813900000002 37.80924999999999, -122.408153 37.809158, -122.40817899999999 37.809162, -122.40816400000001 37.809253, -122.408196 37.809256, -122.40820999999998 37.809166000000005, -122.40822299999999 37.809168, -122.40823600000002 37.80916999999999, -122.40822100000001 37.80926099999999, -122.408253 37.809264, -122.40826899999999 37.80917399999999, -122.40828149999997 37.809176, -122.408294 37.809178, -122.40827900000001 37.80926900000001, -122.4082986 37.80927179999998, -122.40830700000002 37.80927299999998, -122.40832236000001 37.80918468, -122.40832300000001 37.809181, -122.408348 37.809185, -122.408333 37.80927599999999, -122.40835699999998 37.80927799999999, -122.40836499999999 37.80923349999999, -122.408373 37.809189, -122.40839799999999 37.809192, -122.40838300000001 37.809283, -122.408412 37.809285999999986, -122.408417 37.809255666666665, -122.408427 37.80919500000001, -122.40845300000001 37.809199, -122.408438 37.809291, -122.408472 37.809293999999994, -122.40848599999998 37.809203, -122.408511 37.809206999999994, -122.408496 37.80929799999997, -122.408496 37.80929799999998, -122.408521 37.8093, -122.40853600000001 37.80921, -122.408561 37.809214000000004, -122.408546 37.80930499999997, -122.408546 37.809305, -122.40857599999998 37.809308, -122.40859000000002 37.809218, -122.408618 37.809222, -122.40860299999999 37.80931299999999, -122.40860299999999 37.809313, -122.408619 37.80931399999999, -122.40863500000002 37.80931499999999, -122.4086415 37.80927099999999, -122.40864799999999 37.80922700000001, -122.408676 37.809229, -122.40866199999999 37.80932099999999, -122.408689 37.809323000000006, -122.408703 37.80923399999998, -122.408728 37.809236, -122.40871300000002 37.809328, -122.408741 37.80933, -122.40875600000001 37.809240000000024, -122.40877266666668 37.80924266666667, -122.408781 37.80924399999999, -122.408766 37.80933499999999, -122.40879699999999 37.80933799999998, -122.40879699999999 37.80933799999998, -122.40879700000002 37.80933799999998, -122.408812 37.809247, -122.408837 37.80925099999999, -122.40882199999999 37.809342, -122.40884800000002 37.809345, -122.40886400000001 37.80925500000001, -122.408889 37.80925800000001, -122.408874 37.809349, -122.40890300000001 37.809353, -122.40891700000002 37.809263, -122.408943 37.809264999999996, -122.408928 37.809357, -122.408959 37.809359, -122.408973 37.80926900000001, -122.408986 37.809270999999995, -122.40899900000001 37.80927299999999, -122.40899150000001 37.809318499999996, -122.408984 37.80936399999999, -122.408984 37.809364, -122.40901400000001 37.809367, -122.40902899999999 37.809278, -122.409054 37.80928, -122.409039 37.809371999999996, -122.409039 37.80937200000001, -122.40907100000001 37.809375, -122.40908599999999 37.80928500000001, -122.409111 37.809287999999995, -122.409096 37.809379, -122.40912399999999 37.809382, -122.40912400000002 37.809382, -122.40913840633245 37.80929460158311, -122.409139 37.809290999999995, -122.40916300000002 37.809294999999985, -122.40915550000003 37.8093405, -122.40914800000002 37.80938599999999, -122.40914800000002 37.809386, -122.40918100000002 37.809388999999996, -122.409197 37.8093, -122.40922099999999 37.80930299999999, -122.40920600000001 37.80939399999999, -122.409234 37.80939699999999, -122.40923900000001 37.809366666666655, -122.409249 37.809306000000014, -122.409273 37.809309999999996, -122.40925799999998 37.80940099999999, -122.40929000000001 37.809405, -122.409306 37.809314, -122.409331 37.80931799999999, -122.4093235 37.8093635, -122.40931600000002 37.809408999999995, -122.40931600000002 37.809409, -122.409345 37.809413, -122.40935900000001 37.809320999999976, -122.40937775 37.809324, -122.409384 37.80932500000001, -122.40937650000001 37.8093705, -122.409369 37.80941599999999, -122.40937749056603 37.80941713207545, -122.40939899999998 37.80942000000001, -122.40939899999998 37.80941999999998, -122.40939900000001 37.80941999999998, -122.409412 37.809329999999996, -122.40943899999999 37.809332, -122.409424 37.809424, -122.409454 37.809427, -122.409466 37.809335999999995, -122.40949400000001 37.80933999999999, -122.40947899999999 37.80943, -122.409508 37.809435, -122.40952199999998 37.809343000000005, -122.409546 37.809347, -122.409531 37.809439000000005, -122.409565 37.809444000000006, -122.40958 37.809351, -122.409604 37.809355000000004, -122.40959649999999 37.80940099999997, -122.409589 37.80944699999999, -122.40960116216215 37.80944862162162, -122.40961900000002 37.80945100000001, -122.409633 37.809358, -122.409658 37.809362, -122.409646 37.80943299999999, -122.409775 37.80938699999999, -122.409775 37.80938699999999, -122.40975900000001 37.809358999999986, -122.409646 37.809089, -122.409583 37.809065000000004, -122.40952199999998 37.809059999999995, -122.409499 37.809168, -122.40947299999999 37.809163999999996, -122.409493 37.809079, -122.409465 37.809075, -122.409447 37.809160999999996, -122.40942199999999 37.809158, -122.409441 37.80907199999999, -122.40941000000001 37.809067, -122.40939200000001 37.809154, -122.40936500000001 37.809151, -122.409385 37.809064000000006, -122.409385 37.809064, -122.40937050000001 37.809062000000004, -122.40935600000002 37.80906, -122.409337 37.80914600000001, -122.40931099999999 37.80914200000001, -122.40932049999999 37.809099, -122.40933 37.809055999999984, -122.40933 37.809055999999984, -122.4093 37.809052, -122.40928100000001 37.809139, -122.40925300000002 37.809135, -122.409274 37.809048999999995, -122.40924799999999 37.809045, -122.409229 37.80913199999998, -122.409202 37.809128, -122.409222 37.809042, -122.40919400000001 37.809038, -122.40917599999999 37.80912399999998, -122.40916535443037 37.809123265822784, -122.409147 37.809121999999995, -122.40916700000001 37.809035, -122.40914000000001 37.80903099999999, -122.40912200000001 37.80911699999999, -122.409094 37.809112999999996, -122.409112 37.809028, -122.40908400000001 37.809023, -122.40908400000001 37.80902300000001, -122.40908399999998 37.809023, -122.40906599449035 37.809104498622595, -122.40906500000001 37.80910900000001, -122.40905250000003 37.809107999999995, -122.40904000000002 37.80910699999998, -122.40905800000002 37.809021, -122.409027 37.809014999999995, -122.409009 37.809101999999996, -122.408982 37.809098999999996, -122.40900100000002 37.80901299999998, -122.40900100000002 37.809012999999965, -122.408972 37.809008, -122.40895400000001 37.809094, -122.408926 37.80909199999998, -122.40894499999999 37.809003999999995, -122.408932 37.8090025, -122.408919 37.80900099999999, -122.40889999999999 37.809087000000005, -122.408874 37.809084, -122.408892 37.808997, -122.408865 37.808993, -122.408865 37.80899300000001, -122.40886499999998 37.808993, -122.40884600000001 37.80908, -122.40882100000002 37.80907599999999, -122.40884000000001 37.808991, -122.40880700000001 37.808986000000004, -122.40878899999998 37.80907200000001, -122.408763 37.809067, -122.408781 37.808983000000005, -122.408754 37.808977999999996, -122.408736 37.809065000000004, -122.40871000000001 37.809062, -122.40872900000001 37.80897600000001, -122.40872900000001 37.808976, -122.408703 37.808971, -122.40868400000001 37.809058, -122.408658 37.809053999999996, -122.40867800000001 37.808969000000005, -122.408652 37.808965, -122.408634 37.80905099999999, -122.408607 37.809047, -122.40862700000001 37.80896200000001, -122.4086115 37.8089595, -122.40859600000002 37.80895699999999, -122.40858700000003 37.80899999999999, -122.40857800000002 37.80904299999999, -122.40856500000002 37.809042000000005, -122.408552 37.80904099999999, -122.40856900000001 37.808954, -122.40853900000002 37.808948999999984, -122.40853900000002 37.808948999999984, -122.40853899999999 37.808948999999984, -122.40852193103449 37.80903149999997, -122.408521 37.80903599999999, -122.40849400000002 37.809033, -122.40851299999999 37.808946, -122.40848500000001 37.808941999999995, -122.40847550000001 37.80898499999999, -122.408466 37.809028000000005, -122.40844000000001 37.809024, -122.40845900000001 37.808938, -122.408432 37.808935, -122.40841300000001 37.809021, -122.408387 37.809017, -122.408406 37.80893199999999, -122.408376 37.808927, -122.40835699999998 37.80901399999998, -122.408331 37.80901, -122.40835000000001 37.808924, -122.40831900000002 37.808919, -122.40831000000003 37.80896249999999, -122.408301 37.80900599999999, -122.40827400000002 37.809002, -122.408294 37.808916, -122.40826600000001 37.808912000000014, -122.40825650000001 37.8089555, -122.408247 37.80899899999999, -122.40821799999999 37.80899499999999, -122.40823900000001 37.808909, -122.408208 37.808904, -122.40818999999999 37.80899099999998, -122.40816400000001 37.808988, -122.40818200000001 37.808901, -122.408154 37.808897, -122.40813799999998 37.808983999999995, -122.408112 37.80898, -122.40812799999999 37.80889400000001, -122.40811450000001 37.808892, -122.40810100000002 37.80888999999999, -122.408082 37.80897600000001, -122.408054 37.808972000000004, -122.40807281141439 37.808895858560795, -122.408075 37.808886999999984, -122.40804900000002 37.808882999999994, -122.408031 37.808968999999976, -122.40800400000002 37.80896599999998, -122.40801666666668 37.80890866666665, -122.40802300000001 37.80888, -122.40802300000001 37.80887999999998, -122.40799000000001 37.808875, -122.40797200000002 37.80896099999999, -122.40794500000001 37.80895699999998, -122.4079478650794 37.80894418253967, -122.407964 37.808871999999994, -122.40793900000001 37.80886799999998, -122.40792700000002 37.80892533333331, -122.40792099999999 37.80895400000001, -122.407895 37.808952, -122.407917 37.808856999999996, -122.40785500000001 37.808848000000005, -122.40788 37.808736, -122.40790600000001 37.80874, -122.40788700000002 37.80882999999999, -122.40792000000002 37.808834, -122.407937 37.808744, -122.40796499999999 37.808747999999994, -122.40794611111112 37.808833, -122.40794500000001 37.808837999999994, -122.40797100000002 37.80884099999998, -122.407989 37.808750999999994, -122.40801600000002 37.808755, -122.40799600000001 37.80884499999999, -122.40803 37.808848000000026, -122.40804799999998 37.80875900000001, -122.408075 37.808763, -122.40805600000002 37.808853, -122.40808099999998 37.80885599999999, -122.40810000000002 37.808766, -122.40812599999998 37.80877000000001, -122.40811333333333 37.808829999999986, -122.40810700000002 37.80885999999999, -122.40812050000001 37.80886149999999, -122.40813399999999 37.808863, -122.408142 37.80881749999999, -122.40815 37.80877199999999, -122.40817600000001 37.80877599999999, -122.408159 37.808867, -122.40818899999998 37.808870999999996, -122.40820900000001 37.80878, -122.40823399999998 37.808784, -122.40821500000001 37.808875, -122.408246 37.80887800000001, -122.408265 37.808788, -122.408292 37.808792, -122.40827200000001 37.808882, -122.40829999999998 37.808886, -122.40829999999998 37.80888599999998, -122.40830000000001 37.808886, -122.40832000000002 37.808796, -122.40834499999998 37.80879899999999, -122.40832600000002 37.80889, -122.40835699999998 37.808893, -122.408374 37.80880299999998, -122.40840199999998 37.808807, -122.408382 37.808897, -122.40841300000001 37.808901000000006, -122.408431 37.808811, -122.40845800000001 37.808814, -122.408438 37.808904999999996, -122.408465 37.808908, -122.40848599999998 37.808818, -122.40851 37.808822, -122.40849100000001 37.80891200000003, -122.40849100000001 37.80891200000003, -122.40852 37.80891400000001, -122.40853900000002 37.808824999999985, -122.40855373333333 37.80882726666666, -122.408565 37.80882900000001, -122.408546 37.808918999999996, -122.408577 37.808921999999995, -122.40859600000002 37.808833, -122.408622 37.808837000000004, -122.40860200000002 37.808927000000004, -122.40863300000001 37.80893, -122.408652 37.808839000000006, -122.40866500000001 37.8088415, -122.40867800000001 37.80884399999999, -122.40865900000001 37.808935000000005, -122.40868600000002 37.808938999999995, -122.408703 37.808847000000014, -122.40872900000001 37.808851, -122.408709 37.808942, -122.40873500000001 37.808944999999994, -122.408753 37.808854, -122.40878000000001 37.808857999999994, -122.40876100000001 37.808949, -122.408787 37.80895300000001, -122.408805 37.808861, -122.40883300000002 37.80886499999999, -122.40882350000001 37.80891049999999, -122.408814 37.80895599999998, -122.408814 37.808956, -122.40882950000001 37.8089575, -122.40884500000001 37.808958999999994, -122.40886400000001 37.808868999999994, -122.40889100000001 37.808873, -122.408871 37.80896399999998, -122.40889900000002 37.80896700000001, -122.40891700000002 37.808877, -122.40894399999999 37.80888, -122.408925 37.808971, -122.408952 37.808972999999995, -122.40897 37.808883999999985, -122.408984 37.808886, -122.408998 37.80888800000001, -122.408979 37.80897799999999, -122.408979 37.808978, -122.409009 37.808981, -122.40902600000001 37.808891, -122.40905299999999 37.808895, -122.40903399999999 37.808986, -122.409064 37.80898899999999, -122.40907299999999 37.80894399999999, -122.409082 37.808899000000004, -122.40911000000001 37.808903, -122.40908999999998 37.808993, -122.409121 37.80899699999998, -122.409139 37.80890799999999, -122.409166 37.80890999999998, -122.40916514251781 37.808914106888366, -122.40914699999998 37.80900099999999, -122.409147 37.80900099999999, -122.409147 37.80900100000001, -122.40915982692307 37.80900232692308, -122.40917599999999 37.80900399999999, -122.40919400000001 37.808914, -122.40922000000002 37.808918, -122.409201 37.809008, -122.409229 37.809012, -122.40924799999999 37.80892100000001, -122.409273 37.808924999999995, -122.40925399999999 37.80901499999999, -122.40925399999999 37.809015, -122.40928100000001 37.809019, -122.4093 37.808929, -122.409325 37.808931999999984, -122.40931233333332 37.80899199999998, -122.409306 37.809022000000006, -122.409337 37.809025999999996, -122.40935500000002 37.808936, -122.409382 37.80893999999999, -122.40936200000002 37.80902999999999, -122.40937700000002 37.80903200000001, -122.40939200000001 37.809034000000004, -122.40940200000001 37.80898850000001, -122.409412 37.80894299999999, -122.40942 37.80894433333333, -122.409436 37.80894700000001, -122.40942199999999 37.809011999999996, -122.409466 37.809035999999985, -122.40956299999999 37.809046999999985, -122.40955433333333 37.809033, -122.40955 37.809025999999996, -122.40955 37.80899699999999, -122.40946849999999 37.80885849999999, -122.40938699999998 37.80872000000001, -122.4093582 37.8087092, -122.409315 37.808693, -122.409315 37.808693000000005, -122.40931499999998 37.808693, -122.409273 37.808774, -122.409244 37.808762, -122.409282 37.808689999999984, -122.40925100000001 37.808676, -122.40921200000001 37.808749, -122.409186 37.808738000000005, -122.409205 37.80870150000002, -122.40922400000001 37.80866499999998, -122.40922400000001 37.80866499999998, -122.40921150000001 37.80865999999999, -122.409199 37.80865500000001, -122.40915799999999 37.80873899999999, -122.409133 37.808731, -122.40917300000001 37.80864899999999, -122.40914800000002 37.80864, -122.409106 37.808724, -122.409082 37.808717, -122.40912299999998 37.808633, -122.40909700000002 37.808625, -122.409056 37.80870899999998, -122.40903 37.80870399999999, -122.40907300000002 37.80861899999999, -122.40904600000002 37.80860999999997, -122.40903200000001 37.80863799999999, -122.409004 37.808693999999996, -122.408979 37.808689, -122.40902000000001 37.808603, -122.408994 37.80859499999999, -122.40897050000001 37.80864299999999, -122.408947 37.808690999999996, -122.40892399999998 37.80868400000001, -122.40897 37.80858800000001, -122.40894 37.808579, -122.408892 37.808675, -122.408868 37.80866799999999, -122.408913 37.80857099999999, -122.408877 37.80856, -122.40883 37.80865699999999, -122.408804 37.80864999999999, -122.4088275 37.8086015, -122.408851 37.808553, -122.40883749999999 37.808548499999986, -122.408824 37.808544, -122.408798 37.8085965, -122.408772 37.808648999999996, -122.408742 37.80864100000001, -122.40875866666667 37.80860599999999, -122.408792 37.808535999999975, -122.408792 37.808535999999975, -122.40875600000001 37.80852399999999, -122.40870400000001 37.80863000000001, -122.40867400000002 37.808621, -122.40872599999999 37.808515, -122.40868499999999 37.80850300000001, -122.40864155696204 37.80859155696202, -122.40863300000001 37.80860899999999, -122.40860299999999 37.808600999999996, -122.408655 37.808495, -122.408618 37.808483, -122.408565 37.80859, -122.40853300000002 37.80858000000002, -122.40856833333333 37.80850933333334, -122.408586 37.80847399999999, -122.40856008000002 37.808466079999995, -122.40854999999999 37.808463, -122.408495 37.808576, -122.4084795 37.80857149999999, -122.408464 37.80856699999999, -122.40848266666664 37.808529666666644, -122.40852 37.80845500000001, -122.40852 37.808454999999995, -122.40849 37.80844566666667, -122.408475 37.80844099999997, -122.408419 37.80855399999999, -122.40840299999999 37.80854949999999, -122.408387 37.80854499999999, -122.408444 37.808433, -122.40840199999998 37.808419, -122.408346 37.80853299999999, -122.40831700000001 37.80852399999999, -122.40834499999998 37.808468, -122.408373 37.808412000000004, -122.40835450000002 37.80840549999999, -122.408336 37.808398999999994, -122.40832992248063 37.80841148062015, -122.40827999999999 37.808513999999995, -122.408252 37.808506, -122.408325 37.808356000000025, -122.4083217 37.808347016666644, -122.40830700000002 37.808307, -122.40823399999998 37.808277000000004, -122.40819100000002 37.80829000000001, -122.408103 37.808474, -122.40807 37.808465999999996, -122.40814600000002 37.808306, -122.408163 37.80824799999999, -122.4081045 37.80822350000002, -122.408046 37.80819899999999, -122.4080355 37.8082025, -122.408025 37.80820599999999, -122.4080105578406 37.80823611053982, -122.40791899999998 37.80842699999999, -122.40787900000001 37.808415000000004, -122.407991 37.808176, -122.4079585 37.808162500000016, -122.40792600000002 37.80814899999999, -122.40787150000001 37.808275, -122.407817 37.808401, -122.407787 37.808393, -122.40786900000002 37.80820500000001, -122.40766 37.808254, -122.40770599999998 37.808375999999996, -122.4076375111111 37.80839163333333, -122.407614 37.808396999999985, -122.40750700000001 37.808115, -122.40754800000002 37.80810599999998, -122.40753782312926 37.80807454421766, -122.407537 37.808071999999996, -122.40751233333336 37.80806233333332, -122.407463 37.80804299999998, -122.407446 37.808006999999975, -122.407487 37.80793, -122.40743199999999 37.80790399999999, -122.40739350000001 37.807976499999995, -122.407355 37.808049000000004, -122.406644 37.807818, -122.406816 37.809994999999994, -122.40680149999999 37.810006, -122.40678699999998 37.81001699999999, -122.406179 37.810069000000006, -122.406147 37.810046, -122.406126 37.810037, -122.40612 37.81001900000001, -122.405904 37.80716000000001, -122.405613 37.807013500000004, -122.405322 37.80686699999999, -122.404397 37.808857999999994, -122.40437500000002 37.808870999999996, -122.404345 37.808870999999996, -122.40431700000002 37.808819, -122.40416871974524 37.808796070063686, -122.403929 37.80875899999999, -122.403909 37.80874000000001, -122.403908 37.808713999999995, -122.40471699999999 37.806971, -122.403956 37.80657899999999, -122.40275999999999 37.80801599999998, -122.40273 37.80802399999999, -122.402704 37.808017, -122.40235200000001 37.80783599999999, -122.40233999999998 37.807809, -122.40234600000001 37.807780000000015, -122.40342200000002 37.806470999999995, -122.40280400000002 37.806022999999996, -122.40093999999999 37.807639, -122.40091200000002 37.807639, -122.400399 37.807261999999994, -122.40049400000001 37.806642, -122.40058900000001 37.806022000000006, -122.40178700000001 37.805313999999996, -122.40227000000002 37.805127, -122.403155 37.80512200000001, -122.40349499999999 37.805088999999995, -122.403494 37.805326999999984, -122.40432300000002 37.80595699999999, -122.40453400000001 37.80611, -122.40549 37.806591999999995, -122.405659 37.806674, -122.405865 37.806581, -122.40714600000001 37.806428, -122.40860899999998 37.806242999999995, -122.409487 37.806132000000005, -122.41031100000001 37.806028, -122.41194999999999 37.805825000000006, -122.41360399999999 37.805617999999974, -122.41524100000001 37.805417))",3062.0,0.0,1002,075,S,060750101001002,+37.8069845,-122.4064576,G5040,Block 1002,06,010100,,
60750123021,"POLYGON ((-122.41470999999999 37.786041, -122.414807 37.78652, -122.414995 37.78745400000001, -122.413354 37.787664, -122.41329499999999 37.787383999999996, -122.413161 37.78673, -122.41297 37.78579, -122.41356200000001 37.78571500000001, -122.414617 37.785582000000005, -122.41470999999999 37.786041))",15408.0,0.0,1000,075,S,060750123021000,+37.7870917,-122.4140788,G5040,Block 1000,06,012302,,
60750123022,"POLYGON ((-122.41329499999999 37.787383999999996, -122.413354 37.787664, -122.412736 37.787741, -122.412531 37.78776699999999, -122.412344 37.78779000000001, -122.411699 37.787872, -122.410057 37.788081999999996, -122.40840199999998 37.78829299999999, -122.40822700000001 37.78735899999998, -122.409874 37.78714899999999, -122.410237 37.787102999999995, -122.41104300000002 37.78699999999998, -122.411516 37.78694, -122.41132599999999 37.78599599999999, -122.41214800000002 37.785893, -122.41297 37.78579, -122.413161 37.78673, -122.41329499999999 37.787383999999996))",7782.0,0.0,2005,075,S,060750123022005,+37.7864162,-122.4118324,G5040,Block 2005,06,012302,,
60750121001,"POLYGON ((-122.411699 37.787872, -122.412344 37.78779000000001, -122.412531 37.78776699999999, -122.412736 37.787741, -122.413354 37.787664, -122.414995 37.78745400000001, -122.415185 37.78838799999999, -122.41537199999999 37.78932000000001, -122.414494 37.789432, -122.413728 37.789528999999995, -122.41218599999999 37.789726, -122.41207600000001 37.78973999999997, -122.411886 37.788807999999996, -122.41181899999998 37.78848, -122.41175500000001 37.788168999999996, -122.411699 37.787872))",15385.0,0.0,1002,075,S,060750121001002,+37.7880261,-122.4142689,G5040,Block 1002,06,012100,,
60750121002,"POLYGON ((-122.41181899999998 37.78848, -122.411886 37.788807999999996, -122.41207600000001 37.78973999999997, -122.410433 37.789950999999995, -122.408786 37.79016, -122.40872300000001 37.78985299999997, -122.40859499999999 37.789226000000006, -122.40840199999998 37.78829299999999, -122.410057 37.788081999999996, -122.411699 37.787872, -122.41175500000001 37.788168999999996, -122.41181899999998 37.78848))",15382.0,0.0,2002,075,S,060750121002002,+37.7884446,-122.4109706,G5040,Block 2002,06,012100,,
60750119012,"POLYGON ((-122.414494 37.789432, -122.41537199999999 37.78932000000001, -122.41555900000002 37.790254000000004, -122.414705 37.790362999999985, -122.41421100000001 37.790425, -122.413916 37.790462999999995, -122.412266 37.79067299999999, -122.41215400000002 37.790123999999985, -122.41207600000001 37.78973999999997, -122.41218599999999 37.789726, -122.413728 37.789528999999995, -122.414494 37.789432))",15388.0,0.0,2001,075,S,060750119012001,+37.7898916,-122.4146438,G5040,Block 2001,06,011901,,
60750119011,"POLYGON ((-122.414107 37.791416, -122.41246100000001 37.791626999999984, -122.412266 37.79067299999999, -122.413916 37.790462999999995, -122.41421100000001 37.790425, -122.414705 37.790362999999985, -122.41555900000002 37.790254000000004, -122.415671 37.790812, -122.41575 37.791205999999995, -122.414107 37.791416))",15690.0,0.0,1001,075,S,060750119011001,+37.7908348,-122.4148328,G5040,Block 1001,06,011901,,
60750112003,"POLYGON ((-122.41552600000001 37.79218499999999, -122.415116 37.79223799999999, -122.414293 37.792343, -122.41264999999999 37.792552, -122.41193 37.792645, -122.4119 37.792648, -122.411429 37.792707999999976, -122.41100700000001 37.79276199999999, -122.41109 37.793171000000015, -122.411134 37.793383999999996, -122.411186 37.793643, -122.41059899999999 37.793717, -122.41036500000001 37.793746999999996, -122.409936 37.793802, -122.40990099999999 37.793806, -122.40954099999999 37.79385200000001, -122.40953600000002 37.79377699999999, -122.40948800000001 37.793556, -122.40936100000002 37.792971, -122.40925799999998 37.792468999999976, -122.409171 37.792043, -122.41081799999999 37.791835, -122.411102 37.79179899999999, -122.411712 37.79172199999999, -122.41246100000001 37.791626999999984, -122.414107 37.791416, -122.41575 37.791205999999995, -122.415818 37.791541999999986, -122.415884 37.791872, -122.415936 37.792133, -122.41552600000001 37.79218499999999))",14489.0,0.0,3000,075,S,060750112003000,+37.7933063,-122.4102762,G5040,Block 3000,06,011200,,
60750112001,"POLYGON ((-122.41505699999999 37.793167999999994, -122.415072 37.793299000000005, -122.415218 37.79402899999999, -122.414648 37.794109999999996, -122.41447600000001 37.79413199999998, -122.413011 37.794321, -122.411663 37.794489999999996, -122.41136399999999 37.79452699999999, -122.410538 37.79463099999997, -122.410073 37.794689999999996, -122.40972200000002 37.794737, -122.40954099999999 37.79385200000001, -122.40990099999999 37.793806, -122.409936 37.793802, -122.41036500000001 37.793746999999996, -122.41059899999999 37.793717, -122.411186 37.793643, -122.41151799999999 37.793600999999995, -122.41210900000002 37.793524999999995, -122.41282900000002 37.793431999999996, -122.41326100000002 37.79337699999999, -122.413541 37.793341, -122.41446999999998 37.793223000000005, -122.41505500000001 37.793149, -122.41505699999999 37.793167999999994))",4067.0,0.0,1001,075,S,060750112001001,+37.7942205,-122.4102169,G5040,Block 1001,06,011200,,
60750113001,"POLYGON ((-122.41154200000001 37.79540900000001, -122.41163 37.795851, -122.41171899999999 37.796291, -122.410892 37.796395, -122.410511 37.796443, -122.41007600000002 37.796493, -122.40925100000001 37.796599, -122.408849 37.79664999999999, -122.408754 37.79666199999999, -122.408431 37.79670400000002, -122.408253 37.795823999999996, -122.40870499999998 37.795767, -122.40874300000002 37.795761999999996, -122.409076 37.79572, -122.409027 37.795473, -122.40898899999999 37.79528099999999, -122.40889899999999 37.79484100000002, -122.40916399999999 37.794807, -122.409339 37.794785, -122.40972200000002 37.794737, -122.410073 37.794689999999996, -122.410538 37.79463099999997, -122.41136399999999 37.79452699999999, -122.41147200000002 37.795061000000004, -122.41154200000001 37.79540900000001))",7252.0,0.0,1001,075,S,060750113001001,+37.7961073,-122.4095754,G5040,Block 1001,06,011300,,
60750611002,"POLYGON ((-122.40630500000002 37.79426399999999, -122.406821 37.794197999999994, -122.40729400000001 37.79413799999999, -122.40790299999999 37.79406, -122.408079 37.794941, -122.408253 37.795823999999996, -122.40779700000002 37.795881, -122.40756400000001 37.79591, -122.40743199999999 37.79592699999997, -122.40732000000001 37.795941000000006, -122.40708399999998 37.79597099999998, -122.40665199999998 37.796025, -122.40635099999999 37.796062, -122.406225 37.79607800000001, -122.405863 37.796122, -122.405143 37.79621099999999, -122.405112 37.79606700000001, -122.40508299999999 37.795925999999994, -122.404957 37.795327000000015, -122.40487600000002 37.79486, -122.404796 37.794453, -122.40566299999999 37.794344999999986, -122.40630500000002 37.79426399999999))",7217.0,0.0,2003,075,S,060750611002003,+37.7954347,-122.4077580,G5040,Block 2003,06,061100,,
60750611001,"POLYGON ((-122.404957 37.795327000000015, -122.40508299999999 37.795925999999994, -122.405112 37.79606700000001, -122.405143 37.79621099999999, -122.40528800000001 37.796909, -122.40551300000001 37.797065, -122.40531800000001 37.79709, -122.40477 37.797160000000005, -122.40405799999998 37.79724999999999, -122.403676 37.797297999999984, -122.40288699999998 37.797395999999985, -122.402041 37.797505, -122.400863 37.797654, -122.40068099999999 37.796777, -122.400486 37.79587499999999, -122.400413 37.79544799999999, -122.400329 37.79501299999997, -122.400239 37.79457499999999, -122.400149 37.794134, -122.401315 37.793986999999994, -122.40215999999998 37.79388, -122.402957 37.79378, -122.404016 37.793645999999995, -122.40461299999998 37.793564999999994, -122.40471099999999 37.794021, -122.404796 37.794453, -122.40487600000002 37.79486, -122.404957 37.795327000000015))",10530.0,0.0,1004,075,S,060750611001004,+37.7957905,-122.4044153,G5040,Block 1004,06,061100,,
60750105002,"POLYGON ((-122.400239 37.79457499999999, -122.400329 37.79501299999997, -122.400413 37.79544799999999, -122.400486 37.79587499999999, -122.40068099999999 37.796777, -122.399507 37.79692599999999, -122.399686 37.79780699999999, -122.399873 37.798729, -122.398696 37.79888100000001, -122.398297 37.79893799999999, -122.39821599999999 37.798956, -122.398117 37.79898999999999, -122.398044 37.79902599999999, -122.39767000000002 37.799234, -122.39730199999998 37.79949200000001, -122.39725699999998 37.799442, -122.39697300000002 37.79960999999999, -122.39689700000001 37.799632999999986, -122.39694399999999 37.799579, -122.39725099999998 37.799401, -122.39725099999998 37.79940099999998, -122.39713631746032 37.79927349999999, -122.396741 37.798834000000014, -122.39674099999998 37.798834000000014, -122.39674099999998 37.798834000000014, -122.3967111626506 37.798850831325296, -122.396702 37.798855999999994, -122.39667000000001 37.798821999999994, -122.39661900000002 37.79884899999999, -122.39660590909092 37.798848454545464, -122.39659500000002 37.798848000000014, -122.39658326666668 37.79883699999999, -122.396579 37.798832999999995, -122.39628933333336 37.799, -122.39571000000001 37.79933399999999, -122.39569133333333 37.79937866666664, -122.395682 37.799400999999975, -122.395581 37.799459, -122.39549199999998 37.799462, -122.394471 37.800049, -122.394486 37.800063, -122.394463 37.800110000000004, -122.39449600000002 37.80014400000002, -122.39443700000001 37.800182000000014, -122.394338 37.800157999999996, -122.394252 37.80007399999999, -122.39424400000001 37.799994, -122.394306 37.799955999999995, -122.39432299999999 37.7999715, -122.39434 37.79998700000001, -122.39440600000002 37.799984, -122.394422 37.799997000000005, -122.395444 37.799408000000014, -122.39545250000002 37.79937850000001, -122.39546100000001 37.79934899999999, -122.39556500000002 37.799287, -122.395651 37.799284, -122.39613800000002 37.79901100000001, -122.396526 37.798778, -122.396507 37.79875400000001, -122.396514 37.798736, -122.39656200000002 37.798709, -122.39656200000002 37.798708999999995, -122.39652900000002 37.798675, -122.39657400000002 37.79865, -122.39657400000002 37.79864999999999, -122.39649900000002 37.79856799999998, -122.396483 37.798576999999995, -122.39646699999999 37.798585999999986, -122.396357 37.798472, -122.396393 37.798452, -122.395861 37.797871, -122.39573799999998 37.797889999999995, -122.39564 37.79791799999998, -122.395537 37.797961999999984, -122.39553699999998 37.797961999999984, -122.39514442663653 37.798187643340874, -122.393832 37.79894199999998, -122.393824 37.79894033333333, -122.39380800000002 37.79893699999999, -122.393553 37.798652, -122.393559 37.798634, -122.39545500000001 37.797549000000004, -122.39549300000002 37.79747000000003, -122.39549300000002 37.797470000000025, -122.395423 37.79739300000001, -122.39536349999999 37.7973935, -122.395304 37.79739399999998, -122.395132 37.79749499999999, -122.39506400000002 37.79741799999999, -122.394996 37.797341, -122.395177 37.79723600000002, -122.395204 37.79715300000001, -122.39518949999999 37.79713699999999, -122.395175 37.79712099999999, -122.39501600000001 37.797124, -122.39484200000001 37.797227999999976, -122.39484200000001 37.797227999999976, -122.39485949999998 37.797242999999995, -122.394877 37.79725800000001, -122.393204 37.798251, -122.393181 37.798247999999994, -122.39305050000002 37.7981095, -122.39292000000002 37.797971000000004, -122.3929206666667 37.79796499999999, -122.392922 37.79795299999997, -122.392935 37.797937, -122.39302299999999 37.797892, -122.393418 37.79766399999999, -122.393484 37.797606999999985, -122.393616 37.79749300000001, -122.39385800000001 37.797294, -122.39453500000002 37.796891, -122.39451799999999 37.796875, -122.39479700000001 37.79670900000001, -122.394739 37.796645500000004, -122.394681 37.796581999999994, -122.393517 37.797258, -122.39355100000002 37.79729399999999, -122.393169 37.797508, -122.39309200000001 37.797426, -122.393469 37.797208, -122.39349100000001 37.79723299999999, -122.39380900000002 37.797048000000025, -122.394127 37.796863, -122.39393200000002 37.796648999999995, -122.39385 37.796687999999975, -122.39374300000001 37.796575, -122.393881 37.79650699999999, -122.393598 37.796198000000004, -122.39352400000001 37.796237, -122.393397 37.796098, -122.39348199999999 37.79605699999999, -122.39326299999999 37.79583099999999, -122.393199 37.79586299999998, -122.39301400000001 37.795655, -122.39305500000002 37.795628, -122.39299800000002 37.795560999999985, -122.39159 37.796205, -122.391196 37.795778999999975, -122.39241099999998 37.794819999999994, -122.392267 37.794668, -122.39194100000002 37.794854, -122.391649 37.794546999999994, -122.39173850000002 37.79449599999999, -122.39182799999999 37.794445, -122.39182799999999 37.79444499999998, -122.391802 37.794416999999996, -122.391946 37.794335000000004, -122.39181997044335 37.794202507389166, -122.39179 37.794171000000006, -122.39173400000001 37.79420299999999, -122.39170050000001 37.7941675, -122.391667 37.79413199999999, -122.39172200000002 37.794101, -122.39167199999999 37.79404799999999, -122.391982 37.79387199999999, -122.392181 37.793928, -122.392499 37.79376899999998, -122.393181 37.79322999999998, -122.39381900000001 37.793738, -122.39474799999999 37.794479999999986, -122.39486 37.794459, -122.39570499999998 37.793793, -122.39627800000001 37.793341999999996, -122.396302 37.793256, -122.39639 37.79366400000001, -122.39658600000001 37.794588000000005, -122.39779600000001 37.79443399999998, -122.39896999999999 37.794284, -122.400149 37.794134, -122.400239 37.79457499999999))",20402.0,0.0,2013,075,S,060750105002013,+37.7955964,-122.3992336,G5040,Block 2013,06,010500,,
60750611003,"POLYGON ((-122.40756400000001 37.79591, -122.40779700000002 37.795881, -122.408253 37.795823999999996, -122.408431 37.79670400000002, -122.40773300000001 37.79679, -122.40762 37.796804, -122.407481 37.796820999999994, -122.40682799999999 37.796902000000024, -122.406527 37.79694399999999, -122.40551300000001 37.797065, -122.40528800000001 37.796909, -122.405143 37.79621099999999, -122.405863 37.796122, -122.406225 37.79607800000001, -122.40635099999999 37.796062, -122.40665199999998 37.796025, -122.40708399999998 37.79597099999998, -122.40732000000001 37.795941000000006, -122.40743199999999 37.79592699999997, -122.40756400000001 37.79591))",14102.0,0.0,3002,075,S,060750611003002,+37.7963636,-122.4075415,G5040,Block 3002,06,061100,,
60750107003,"POLYGON ((-122.40968900000001 37.79749299999999, -122.40900100000002 37.797579999999996, -122.408619 37.797628, -122.40775200000002 37.797732999999994, -122.407016 37.797822, -122.407031 37.797896, -122.40708300000001 37.79815200000001, -122.406668 37.797864999999994, -122.406226 37.79755900000001, -122.40551300000001 37.797065, -122.406527 37.79694399999999, -122.40682799999999 37.796902000000024, -122.407481 37.796820999999994, -122.40762 37.796804, -122.40773300000001 37.79679, -122.408431 37.79670400000002, -122.408754 37.79666199999999, -122.408849 37.79664999999999, -122.40925100000001 37.796599, -122.41007600000002 37.796493, -122.410511 37.796443, -122.410892 37.796395, -122.41171899999999 37.796291, -122.411883 37.79710499999997, -122.411888 37.79713199999998, -122.41180299999999 37.797290000000004, -122.41134399999999 37.79734299999999, -122.411199 37.79732900000001, -122.41105 37.79731400000001, -122.410408 37.79745, -122.410264 37.79741999999999, -122.40968900000001 37.79749299999999))",1946.0,0.0,3008,075,S,060750107003008,+37.7972719,-122.4112015,G5040,Block 3008,06,010700,,
60750106002,"POLYGON ((-122.40219200000001 37.79824999999999, -122.402041 37.797505, -122.40288699999998 37.797395999999985, -122.403676 37.797297999999984, -122.40405799999998 37.79724999999999, -122.40477 37.797160000000005, -122.40531800000001 37.79709, -122.40551300000001 37.797065, -122.406226 37.79755900000001, -122.406668 37.797864999999994, -122.406231 37.79792, -122.406373 37.798589, -122.40643 37.79887199999999, -122.40597199999999 37.798929, -122.405645 37.79896900000001, -122.40463300000002 37.79909800000001, -122.40405300000002 37.799172, -122.40369000000001 37.799217999999996, -122.40364500000001 37.799223999999974, -122.403253 37.799274000000004, -122.402421 37.79938200000001, -122.402229 37.79842999999999, -122.40219200000001 37.79824999999999))",15175.0,0.0,2006,075,S,060750106002006,+37.7976557,-122.4045888,G5040,Block 2006,06,010600,,
60750105001,"POLYGON ((-122.40279000000001 37.80124199999999, -122.40288100000001 37.801698, -122.402974 37.802167000000004, -122.40316 37.803098, -122.403521 37.803055, -122.40479800000001 37.802901, -122.404986 37.803833, -122.40517399999999 37.804763, -122.40349499999999 37.805088999999995, -122.403155 37.80512200000001, -122.40227000000002 37.805127, -122.40178700000001 37.805313999999996, -122.40058900000001 37.806022000000006, -122.40077649999999 37.804793, -122.40096400000002 37.803563999999994, -122.400843 37.803429, -122.40048000000002 37.803465999999965, -122.398543 37.804606, -122.39851100000001 37.804597, -122.39855899999999 37.804526, -122.39855899999999 37.80452599999999, -122.398224 37.804275000000004, -122.398225 37.804256, -122.39824100000001 37.804243, -122.399972 37.803225000000005, -122.399602 37.802808, -122.397814 37.80381399999998, -122.39779100000001 37.80381, -122.397512 37.803487, -122.39751499999998 37.803469, -122.39961600000001 37.802282, -122.39972399999999 37.802176, -122.39972399999999 37.802175999999996, -122.39956649999999 37.80200049999999, -122.39940899999999 37.80182499999999, -122.39930300000002 37.80183999999999, -122.39919300000001 37.80187199999999, -122.399152 37.80188899999999, -122.397107 37.80302399999999, -122.39708400000002 37.803021, -122.39614299999998 37.80195499999999, -122.39614476041665 37.80195026041667, -122.396156 37.80192, -122.398384 37.800673, -122.398384 37.800672999999996, -122.39798900000001 37.80023, -122.39575700000002 37.801476, -122.39573399999999 37.801472, -122.39544000000001 37.80116, -122.39544200000002 37.801151, -122.395444 37.80114199999999, -122.397542 37.799958, -122.397602 37.79990099999998, -122.39761008080808 37.79988908080808, -122.397642 37.799842000000005, -122.397382 37.799549, -122.397363 37.79955999999998, -122.39732233333332 37.799514666666646, -122.39730199999998 37.79949200000001, -122.39767000000002 37.799234, -122.398044 37.79902599999999, -122.398117 37.79898999999999, -122.39821599999999 37.798956, -122.398297 37.79893799999999, -122.398696 37.79888100000001, -122.399873 37.798729, -122.399686 37.79780699999999, -122.399507 37.79692599999999, -122.40068099999999 37.796777, -122.400863 37.797654, -122.402041 37.797505, -122.40219200000001 37.79824999999999, -122.402229 37.79842999999999, -122.402421 37.79938200000001, -122.40260400000001 37.80030699999999, -122.40279000000001 37.80124199999999))",6806.0,0.0,1020,075,S,060750105001020,+37.7993672,-122.3984074,G5040,Block 1020,06,010500,,
60750106001,"POLYGON ((-122.40643 37.79887199999999, -122.40683 37.79882299999999, -122.40720600000002 37.798776, -122.407395 37.79970399999999, -122.40758400000001 37.80063799999999, -122.40764499999999 37.80094300000001, -122.407736 37.8014, -122.40777 37.801571, -122.40746100000001 37.801611000000015, -122.406988 37.801674, -122.406527 37.801735, -122.40628699999999 37.80176599999999, -122.406249 37.801764999999996, -122.406217 37.801747999999996, -122.406199 37.80172, -122.406024 37.80083499999998, -122.40583400000001 37.79990099999999, -122.40579700000002 37.79972099999999, -122.405645 37.79896900000001, -122.40597199999999 37.798929, -122.40643 37.79887199999999))",2440.0,0.0,1007,075,S,060750106001007,+37.7993217,-122.4058833,G5040,Block 1007,06,010600,,
60750104004,"POLYGON ((-122.40579700000002 37.79972099999999, -122.40583400000001 37.79990099999999, -122.406024 37.80083499999998, -122.40524 37.800934, -122.40486400000002 37.800982, -122.40443 37.80103799999998, -122.40361500000002 37.80114199999999, -122.40316800000001 37.801196000000004, -122.40279000000001 37.80124199999999, -122.40260400000001 37.80030699999999, -122.402421 37.79938200000001, -122.403253 37.799274000000004, -122.40364500000001 37.799223999999974, -122.40369000000001 37.799217999999996, -122.40405300000002 37.799172, -122.40463300000002 37.79909800000001, -122.405645 37.79896900000001, -122.40579700000002 37.79972099999999))",7334.0,0.0,4002,075,S,060750104004002,+37.8004177,-122.4055373,G5040,Block 4002,06,010400,,
60750104003,"POLYGON ((-122.406527 37.801735, -122.406988 37.801674, -122.40746100000001 37.801611000000015, -122.40777 37.801571, -122.407896 37.80220299999999, -122.40790000000001 37.802223, -122.407956 37.80250499999998, -122.40802900000001 37.802862999999995, -122.408075 37.803084999999996, -122.40814600000002 37.803433000000005, -122.408245 37.80392599999999, -122.40833200000002 37.80436699999999, -122.407531 37.80446599999998, -122.40674999999999 37.804455, -122.4067 37.80449499999999, -122.40662499999998 37.80453499999998, -122.406256 37.804606, -122.405954 37.80466399999999, -122.40517399999999 37.804763, -122.404986 37.803833, -122.40479800000001 37.802901, -122.403521 37.803055, -122.40316 37.803098, -122.402974 37.802167000000004, -122.40288100000001 37.801698, -122.40279000000001 37.80124199999999, -122.40316800000001 37.801196000000004, -122.40361500000002 37.80114199999999, -122.40443 37.80103799999998, -122.40486400000002 37.800982, -122.40524 37.800934, -122.406024 37.80083499999998, -122.406199 37.80172, -122.406217 37.801747999999996, -122.406249 37.801764999999996, -122.40628699999999 37.80176599999999, -122.406527 37.801735))",1164.0,0.0,3009,075,S,060750104003009,+37.8029592,-122.4065614,G5040,Block 3009,06,010400,,
60750107002,"POLYGON ((-122.412074 37.798057, -122.41209599999999 37.79816499999999, -122.41228300000002 37.799096, -122.41194100000001 37.799139, -122.41143900000002 37.799202, -122.41064399999999 37.799303, -122.409834 37.799396, -122.40901400000001 37.799490000000006, -122.40786900000002 37.79869700000001, -122.40794500000001 37.798687, -122.408808 37.798571, -122.40963899999998 37.798471, -122.409879 37.798441999999994, -122.410456 37.798373, -122.410264 37.79741999999999, -122.410408 37.79745, -122.41105 37.79731400000001, -122.411199 37.79732900000001, -122.41134399999999 37.79734299999999, -122.41180299999999 37.797290000000004, -122.411888 37.79713199999998, -122.412074 37.798057))",15186.0,0.0,2001,075,S,060750107002001,+37.7989331,-122.4097315,G5040,Block 2001,06,010700,,
60750107004,"POLYGON ((-122.409879 37.798441999999994, -122.40963899999998 37.798471, -122.408808 37.798571, -122.40794500000001 37.798687, -122.40786900000002 37.79869700000001, -122.40708300000001 37.79815200000001, -122.407031 37.797896, -122.407016 37.797822, -122.40775200000002 37.797732999999994, -122.408619 37.797628, -122.40900100000002 37.797579999999996, -122.40968900000001 37.79749299999999, -122.410264 37.79741999999999, -122.410456 37.798373, -122.409879 37.798441999999994))",10145.0,0.0,4001,075,S,060750107004001,+37.7980335,-122.4092492,G5040,Block 4001,06,010700,,
60750106003,"POLYGON ((-122.40720600000002 37.798776, -122.40683 37.79882299999999, -122.40643 37.79887199999999, -122.406373 37.798589, -122.406231 37.79792, -122.406668 37.797864999999994, -122.40708300000001 37.79815200000001, -122.40786900000002 37.79869700000001, -122.40901400000001 37.799490000000006, -122.410207 37.800315, -122.410954 37.800833000000004, -122.41137600000002 37.801124999999985, -122.411019 37.80117, -122.409369 37.801370999999996, -122.40892900000001 37.801426, -122.408552 37.801473, -122.40813299999999 37.801525000000005, -122.40777 37.801571, -122.407736 37.8014, -122.40764499999999 37.80094300000001, -122.40758400000001 37.80063799999999, -122.407395 37.79970399999999, -122.40720600000002 37.798776))",4860.0,0.0,3011,075,S,060750106003011,+37.8000833,-122.4094703,G5040,Block 3011,06,010600,,
60750107001,"POLYGON ((-122.410207 37.800315, -122.40901400000001 37.799490000000006, -122.409834 37.799396, -122.41064399999999 37.799303, -122.41143900000002 37.799202, -122.41194100000001 37.799139, -122.41228300000002 37.799096, -122.412408 37.79971799999999, -122.41241800000002 37.799764999999994, -122.412471 37.800032, -122.41253 37.800323, -122.41266 37.80096499999999, -122.41275400000002 37.801429999999996, -122.41284899999998 37.80189300000001, -122.41290799999999 37.80218399999999, -122.41254100000002 37.80193099999999, -122.41137600000002 37.801124999999985, -122.410954 37.800833000000004, -122.410207 37.800315))",1865.0,0.0,1004,075,S,060750107001004,+37.8004623,-122.4106650,G5040,Block 1004,06,010700,,
60750104001,"POLYGON ((-122.41290799999999 37.80218399999999, -122.41371899999999 37.802743, -122.41487700000002 37.80354200000001, -122.41371800000002 37.803695, -122.41322300000002 37.803761, -122.41284999999999 37.80380699999999, -122.41158100000001 37.803962999999996, -122.41148 37.80347199999997, -122.41138899999999 37.80303399999999, -122.41120299999999 37.802100999999986, -122.411019 37.80117, -122.41137600000002 37.801124999999985, -122.41254100000002 37.80193099999999, -122.41290799999999 37.80218399999999))",2209.0,0.0,1002,075,S,060750104001002,+37.8025850,-122.4132204,G5040,Block 1002,06,010400,,
60750104002,"POLYGON ((-122.409369 37.801370999999996, -122.411019 37.80117, -122.41120299999999 37.802100999999986, -122.41138899999999 37.80303399999999, -122.41148 37.80347199999997, -122.41158100000001 37.803962999999996, -122.409936 37.80416799999999, -122.409325 37.804243, -122.40833200000002 37.80436699999999, -122.408245 37.80392599999999, -122.40814600000002 37.803433000000005, -122.408075 37.803084999999996, -122.40802900000001 37.802862999999995, -122.407956 37.80250499999998, -122.40790000000001 37.802223, -122.407896 37.80220299999999, -122.40777 37.801571, -122.40813299999999 37.801525000000005, -122.408552 37.801473, -122.40892900000001 37.801426, -122.409369 37.801370999999996))",15310.0,0.0,2001,075,S,060750104002001,+37.8036008,-122.4106638,G5040,Block 2001,06,010400,,
60750101002,"POLYGON ((-122.415446 37.803937, -122.416051 37.804356000000006, -122.416818 37.804887, -122.416888 37.805212, -122.41524100000001 37.805417, -122.41360399999999 37.805617999999974, -122.41194999999999 37.805825000000006, -122.41031100000001 37.806028, -122.409487 37.806132000000005, -122.40860899999998 37.806242999999995, -122.40714600000001 37.806428, -122.405865 37.806581, -122.405659 37.806674, -122.40549 37.806591999999995, -122.40453400000001 37.80611, -122.40432300000002 37.80595699999999, -122.403494 37.805326999999984, -122.40349499999999 37.805088999999995, -122.40517399999999 37.804763, -122.405954 37.80466399999999, -122.406256 37.804606, -122.40662499999998 37.80453499999998, -122.4067 37.80449499999999, -122.40674999999999 37.804455, -122.407531 37.80446599999998, -122.40833200000002 37.80436699999999, -122.409325 37.804243, -122.409936 37.80416799999999, -122.41158100000001 37.803962999999996, -122.41284999999999 37.80380699999999, -122.41322300000002 37.803761, -122.41371800000002 37.803695, -122.41487700000002 37.80354200000001, -122.415446 37.803937))",4687.0,0.0,2008,075,S,060750101002008,+37.8041265,-122.4153267,G5040,Block 2008,06,010100,,
