geoid,block_group,lat,lon
060750262005019,060750262005,37.7083023,-122.4587947
060750262005020,060750262005,37.708334,-122.4616843
060750262004016,060750262004,37.7085137,-122.4580941
060750262005015,060750262005,37.7085434,-122.4609315
060750262005014,060750262005,37.7088247,-122.4600338
060750262004015,060750262004,37.7091792,-122.4592744
060750262004014,060750262004,37.7094365,-122.4583551
060750262005013,060750262005,37.7094694,-122.4612048
060750262004009,060750262004,37.7098561,-122.45907
060750262005003,060750262005,37.7100068,-122.4615885
060750263031010,060750263031,37.7083967,-122.4530827
060750262004012,060750262004,37.7087218,-122.4534664
060750262004013,060750262004,37.7087593,-122.4571472
060750262004011,060750262004,37.7088004,-122.4544806
060750262004008,060750262004,37.709744,-122.4548333
060750262003011,060750262003,37.7094485,-122.4521026
060750262004007,060750262004,37.709896,-122.4557191
060750262003012,060750262003,37.7099499,-122.4528959
060750262004006,060750262004,37.710256,-122.4559455
060750262004004,060750262004,37.7103803,-122.4567556
060750262003006,060750262003,37.7104574,-122.4535442
060750262003013,060750262003,37.7104637,-122.4544165
060750262004005,060750262004,37.7105133,-122.4558686
060750262003004,060750262003,37.7106095,-122.4548327
060750262004001,060750262004,37.7107285,-122.4563723
060750262004000,060750262004,37.7108538,-122.4558859
060750262003005,060750262003,37.7108118,-122.4539902
060750262003007,060750262003,37.7109191,-122.4522073
060750314002012,060750314002,37.7110173,-122.4560683
060750314002011,060750314002,37.7110736,-122.4558154
060750313023036,060750313023,37.7102574,-122.4657172
060750313023019,060750313023,37.7110208,-122.4630528
060750313023016,060750313023,37.7112453,-122.4664505
060750313023011,060750313023,37.711137,-122.4639421
060750313023014,060750313023,37.7111936,-122.4657107
060750313023013,060750313023,37.7112156,-122.4648285
060750314003007,060750314003,37.7113047,-122.462393
060750313023010,060750313023,37.7113409,-122.4627058
060750313023009,060750313023,37.7113632,-122.4631659
060750313023012,060750313023,37.7116625,-122.4645058
060750262004010,060750262004,37.7100303,-122.4574944
060750262004003,060750262004,37.7102479,-122.4585941
060750262005002,060750262005,37.7103521,-122.4611341
060750262005000,060750262005,37.7104844,-122.4608101
060750262004002,060750262004,37.710524,-122.4585801
060750313023020,060750313023,37.710744,-122.4620803
060750313023021,060750313023,37.7108777,-122.4617775
060750314003006,060750314003,37.7110307,-122.4590538
060750314003002,060750314003,37.7118319,-122.460791
060750314003003,060750314003,37.7118528,-122.4575249
060750262003002,060750262003,37.7111159,-122.4538207
060750314003005,060750314003,37.7113892,-122.4558332
060750262003003,060750262003,37.7116163,-122.4525442
060750262003001,060750262003,37.7116359,-122.4535166
060750314002010,060750314002,37.71187,-122.4548935
060750314003004,060750314003,37.7119693,-122.4555375
060750262003000,060750262003,37.7118068,-122.4540996
060750314002009,060750314002,37.7123167,-122.453837
060750314002008,060750314002,37.7125661,-122.454138
060750314002007,060750314002,37.712806,-122.4550712
060750314003001,060750314003,37.7127225,-122.4607981
060750314003000,060750314003,37.7127455,-122.4575348
060750314004005,060750314004,37.7136015,-122.4607955
060750314004004,060750314004,37.7136246,-122.4575433
060750314004002,060750314004,37.7144694,-122.4608216
060750314004003,060750314004,37.7144917,-122.4575549
060750314004001,060750314004,37.7153201,-122.4608257
060750314004000,060750314004,37.7157671,-122.457566
060750314005005,060750314005,37.7161654,-122.4608426
060750314005004,060750314005,37.7170072,-122.461428
060750262001012,060750262001,37.7142681,-122.4481056
060750262001002,060750262001,37.7144727,-122.4485594
060750314002001,060750314002,37.7146925,-122.4512219
060750262001001,060750262001,37.714695,-122.4496962
060750262001000,060750262001,37.7171519,-122.4487698
060750314002000,060750314002,37.7164786,-122.4496662
060750261003013,060750261003,37.7170212,-122.447465
060750312022019,060750312022,37.7171662,-122.450101
060750312022018,060750312022,37.7175241,-122.4508941
060750261003016,060750261003,37.7176905,-122.4485222
060750314002005,060750314002,37.71334,-122.4528913
060750314002006,060750314002,37.7136761,-122.4543599
060750314002002,060750314002,37.7148688,-122.4531438
060750314002004,060750314002,37.7157874,-122.4547988
060750314002003,060750314002,37.715581,-122.4535799
060750314001005,060750314001,37.7162224,-122.4549049
060750314001004,060750314001,37.716465,-122.4528493
060750314001003,060750314001,37.7170131,-122.453455
060750314001001,060750314001,37.7170414,-122.4551992
060750314001002,060750314001,37.7175834,-122.4540334
060750312022017,060750312022,37.7178214,-122.4517167
060750261003012,060750261003,37.7178608,-122.4478196
060750261003017,060750261003,37.7182098,-122.4484933
060750261003008,060750261003,37.71762,-122.4482423
060750312022009,060750312022,37.7182728,-122.4491113
060750312022010,060750312022,37.7185165,-122.4497993
060750261003009,060750261003,37.718583,-122.4481997
060750312022015,060750312022,37.718805,-122.4506894
060750261004018,060750261004,37.7190522,-122.4483744
060750261004019,060750261004,37.7192052,-122.4480081
060750262005010,060750262005,37.7083483,-122.4667345
060750262005009,060750262005,37.7085737,-122.467479
060750262005008,060750262005,37.7085779,-122.4684119
060750313023033,060750313023,37.7089435,-122.471128
060750313023022,060750313023,37.7086488,-122.4705243
060750313023035,060750313023,37.709317,-122.4676924
060750262005007,060750262005,37.7092872,-122.4675153
060750313023034,060750313023,37.7083722,-122.4688578
060750313023032,060750313023,37.709473,-122.4698045
060750313023023,060750313023,37.7099745,-122.4704245
060750262005011,060750262005,37.7086492,-122.4660766
060750262005018,060750262005,37.7086421,-122.4640284
060750262005012,060750262005,37.7089121,-122.4651381
060750262005017,060750262005,37.7089836,-122.463054
060750262005016,060750262005,37.7092234,-122.4620825
060750262005005,060750262005,37.7095698,-122.4659221
060750262005006,060750262005,37.7097989,-122.4666286
060750313023017,060750313023,37.7101961,-122.4674176
060750262005004,060750262005,37.7099989,-122.4634535
060750262005001,060750262005,37.710391,-122.4635056
060750604001034,060750604001,37.7088726,-122.4714662
060750604001024,060750604001,37.71227,-122.4716863
060750604001038,060750604001,37.7124745,-122.4715992
060750604001030,060750604001,37.7127762,-122.4720411
060750604001028,060750604001,37.713176,-122.474653
060750332031013,060750332031,37.7130867,-122.4717381
060750604001025,060750604001,37.7135155,-122.4741661
060750332031009,060750332031,37.7138449,-122.4729122
060750332031008,060750332031,37.7138964,-122.472452
060750332031007,060750332031,37.7146327,-122.4723695
060750313023024,060750313023,37.7103835,-122.4704663
060750313023018,060750313023,37.7110687,-122.4681409
060750313023030,060750313023,37.7112768,-122.4711606
060750313023029,060750313023,37.7114178,-122.4698606
060750313023028,060750313023,37.7116338,-122.4688927
060750313023025,060750313023,37.7117829,-122.4704678
060750313023027,060750313023,37.7118061,-122.4678036
060750313023031,060750313023,37.7125014,-122.470778
060750313023026,060750313023,37.7125683,-122.4691242
060750313022013,060750313022,37.7128868,-122.467754
060750313023015,060750313023,37.7116882,-122.4661586
060750313023007,060750313023,37.7119812,-122.4647013
060750313023008,060750313023,37.7120196,-122.4666425
060750313023005,060750313023,37.7124463,-122.4658098
060750313023006,060750313023,37.7120913,-122.4657251
060750313023001,060750313023,37.7127988,-122.4636335
060750313023002,060750313023,37.7133445,-122.4648317
060750313023004,060750313023,37.7133816,-122.4666376
060750313023003,060750313023,37.7133936,-122.4657388
060750313023000,060750313023,37.7134142,-122.4630309
060750604001023,060750604001,37.7112238,-122.4787636
060750604001026,060750604001,37.7144849,-122.4778492
060750604001031,060750604001,37.7146196,-122.4827674
060750332031010,060750332031,37.7151442,-122.4782917
060750332032011,060750332032,37.7155822,-122.479205
060750332032012,060750332032,37.7158414,-122.4824618
060750332031011,060750332031,37.7159623,-122.481527
060750332032004,060750332032,37.7160954,-122.4802326
060750332032002,060750332032,37.7165994,-122.4782046
060750332032005,060750332032,37.7168582,-122.4809823
060750313022012,060750313022,37.7135651,-122.4683796
060750313022010,060750313022,37.7134896,-122.4698906
060750313022009,060750313022,37.7131946,-122.4709311
060750313022011,060750313022,37.7145076,-122.4702487
060750313022003,060750313022,37.7151751,-122.469357
060750313022002,060750313022,37.7151811,-122.4684572
060750313022001,060750313022,37.7151873,-122.4675558
060750313022004,060750313022,37.7153873,-122.470206
060750313022006,060750313022,37.7150726,-122.4711166
060750313022005,060750313022,37.7157969,-122.4709859
060750313022008,060750313022,37.7149431,-122.471872
060750313022007,060750313022,37.7140643,-122.470975
060750332031001,060750332031,37.7154526,-122.473717
060750332031006,060750332031,37.7163426,-122.4751819
060750332031000,060750332031,37.7163416,-122.4732153
060750332031005,060750332031,37.7168088,-122.4748662
060750313012008,060750313012,37.7172124,-122.4719972
060750332031004,060750332031,37.7174203,-122.474236
060750332031016,060750332031,37.7173259,-122.4740008
060750332031002,060750332031,37.7176451,-122.4738459
060750313022000,060750313022,37.7151937,-122.4666573
060750313021004,060750313021,37.7151995,-122.4657601
060750313021005,060750313021,37.7152066,-122.4648605
060750313021006,060750313021,37.7152137,-122.4639604
060750313021007,060750313021,37.7152225,-122.4630608
060750313021003,060750313021,37.7170096,-122.4666786
060750313021002,060750313021,37.7170217,-122.4648808
060750313021001,060750313021,37.7170286,-122.4639809
060750313021000,060750313021,37.7170366,-122.4630807
060750313012000,060750313012,37.7187918,-122.4666947
060750332032001,060750332032,37.7167248,-122.4770026
060750332032006,060750332032,37.7168881,-122.4824081
060750332032003,060750332032,37.7171372,-122.479034
060750332032000,060750332032,37.7172231,-122.4766377
060750332041014,060750332041,37.717636,-122.4761275
060750332041009,060750332041,37.7180535,-122.4779704
060750332042001,060750332042,37.718268,-122.4809045
060750332041011,060750332041,37.7185891,-122.4762881
060750332041010,060750332041,37.7188702,-122.4770359
060750332042000,060750332042,37.7190396,-122.4791371
060750604001036,060750604001,37.708705,-122.485346
060750604001027,060750604001,37.7092418,-122.4836831
060750604001029,060750604001,37.7102757,-122.4853254
060750604001018,060750604001,37.7093503,-122.4862288
060750604001019,060750604001,37.7112639,-122.4870753
060750604001021,060750604001,37.7125892,-122.485545
060750604001020,060750604001,37.7129084,-122.4859073
060750604001022,060750604001,37.7129928,-122.4853067
060750332032013,060750332032,37.7159393,-122.4837485
060750332031014,060750332031,37.7165246,-122.4851453
060750332032010,060750332032,37.7167504,-122.4847021
060750332032008,060750332032,37.717327,-122.4841002
060750332032007,060750332032,37.7172524,-122.4834439
060750332032009,060750332032,37.7178176,-122.4847843
060750332032014,060750332032,37.7184213,-122.4839865
060750332031012,060750332031,37.7184494,-122.4849702
060750332043011,060750332043,37.7191859,-122.4838678
060750332043012,060750332043,37.7192073,-122.4846863
060750332043002,060750332043,37.7211083,-122.4847222
060750332043007,060750332043,37.7204947,-122.4838662
060750604001033,060750604001,37.7087704,-122.4936066
060750604001032,060750604001,37.7105769,-122.4926357
060750604001011,060750604001,37.7142322,-122.4954137
060750604001003,060750604001,37.718541,-122.492339
060750604001001,060750604001,37.7252648,-122.5015544
060750604001000,060750604001,37.7227766,-122.4916575
060750604001005,060750604001,37.7250682,-122.4938217
060750604001039,060750604001,37.72685,-122.4929081
060750604001002,060750604001,37.7271882,-122.4972996
060750331004028,060750331004,37.7288966,-122.4919099
060750604001012,060750604001,37.7121909,-122.4982129
060750604001013,060750604001,37.7182836,-122.5030279
060750604001014,060750604001,37.722108,-122.501621
060750604001015,060750604001,37.7254887,-122.5035805
060750604001006,060750604001,37.730163,-122.5011041
060750604001007,060750604001,37.7314354,-122.5032922
060750604001016,060750604001,37.7336295,-122.507013
060750604001009,060750604001,37.7347997,-122.5001151
060750353005006,060750353005,37.7354902,-122.499362
060750332043001,060750332043,37.7219689,-122.4841664
060750332043004,060750332043,37.7212843,-122.4850823
060750332043000,060750332043,37.7230527,-122.4837769
060750604001035,060750604001,37.7255109,-122.4844435
060750604001004,060750604001,37.7273722,-122.4887603
060750332011003,060750332011,37.7275046,-122.4839978
060750331004029,060750331004,37.7293725,-122.4908113
060750331004032,060750331004,37.7303265,-122.489049
060750331004031,060750331004,37.7304341,-122.4891693
060750331004020,060750331004,37.730636,-122.4901428
060750332011005,060750332011,37.7241142,-122.4797457
060750332011006,060750332011,37.7266983,-122.478145
060750332011011,060750332011,37.7269984,-122.4778673
060750332011010,060750332011,37.728533,-122.4771299
060750332011002,060750332011,37.7295647,-122.481758
060750332011004,060750332011,37.7300918,-122.4782669
060750331002011,060750331002,37.7317872,-122.4822687
060750331002012,060750331002,37.7318075,-122.4813861
060750331002013,060750331002,37.731822,-122.4805023
060750331001013,060750331001,37.7318366,-122.4796197
060750331004030,060750331004,37.7294584,-122.4909233
060750331003012,060750331003,37.7296757,-122.495589
060750331004027,060750331004,37.7303255,-122.4930497
060750331003009,060750331003,37.7300986,-122.4939564
060750331003013,060750331003,37.7304738,-122.4976223
060750331004026,060750331004,37.7304634,-122.4924609
060750331004022,060750331004,37.7306635,-122.4916686
060750331003014,060750331003,37.7306564,-122.497145
060750331003015,060750331003,37.7306769,-122.4960891
060750331003011,060750331003,37.7307573,-122.493635
060750331004019,060750331004,37.7305335,-122.4874918
060750331004010,060750331004,37.7315218,-122.4875356
060750331004016,060750331004,37.7315754,-122.4901518
060750331004009,060750331004,37.7315307,-122.4866661
060750331004018,060750331004,37.7316167,-122.4884118
060750331004008,060750331004,37.7315849,-122.485789
060750331002008,060750331002,37.7316378,-122.4849103
060750331004017,060750331004,37.7316619,-122.4892899
060750331002009,060750331002,37.7316909,-122.4840311
060750331002010,060750331002,37.731744,-122.4831504
060750331003010,060750331003,37.7310162,-122.49467
060750331004021,060750331004,37.7314065,-122.4909823
060750331003017,060750331003,37.7314785,-122.4955944
060750331003007,060750331003,37.7317228,-122.4984638
060750331003016,060750331003,37.732251,-122.4961894
060750331003005,060750331003,37.7323273,-122.4972049
060750331003004,060750331003,37.733148,-122.4970748
060750331003006,060750331003,37.7328485,-122.4952367
060750331003008,060750331003,37.7328905,-122.4937858
060750331004023,060750331004,37.732876,-122.4919216
060750331004024,060750331004,37.7327627,-122.4928217
060750331003003,060750331003,37.7332186,-122.4943786
060750331004033,060750331004,37.733272,-122.4932429
060750331003002,060750331003,37.7334553,-122.4941713
060750331004034,060750331004,37.733485,-122.4934816
060750331004014,060750331004,37.7337676,-122.4908719
060750331003001,060750331003,37.7338369,-122.4952545
060750331003000,060750331003,37.7338988,-122.4938569
060750331004025,060750331004,37.7339563,-122.4926057
060750604001008,060750604001,37.733969,-122.4979651
060750332031015,060750332031,37.7176803,-122.4742921
060750332041015,060750332041,37.7182206,-122.4749536
060750332031003,060750332031,37.7182971,-122.4743591
060750313012007,060750313012,37.7184663,-122.4725063
060750309007018,060750309007,37.718671,-122.4735706
060750313012006,060750313012,37.7187332,-122.4720167
060750309007017,060750309007,37.7188572,-122.4741406
060750309007020,060750309007,37.719102,-122.4733825
060750332041016,060750332041,37.7193453,-122.4752158
060750332041006,060750332041,37.7199614,-122.4754387
060750313012009,060750313012,37.7169862,-122.4711715
060750313012010,060750313012,37.7169878,-122.4702757
060750313012011,060750313012,37.7169929,-122.469379
060750313012012,060750313012,37.7169992,-122.4684782
060750313012005,060750313012,37.7187612,-122.4711923
060750313012004,060750313012,37.7187678,-122.4702938
060750313012003,060750313012,37.7187739,-122.4693955
060750313012002,060750313012,37.7187785,-122.468495
060750313012001,060750313012,37.7187857,-122.4675945
060750313011005,060750313011,37.7206376,-122.4712142
060750332041012,060750332041,37.7193922,-122.4758381
060750332041008,060750332041,37.71948,-122.4786673
060750332041003,060750332041,37.7194379,-122.4774581
060750332041013,060750332041,37.719594,-122.4762079
060750332043008,060750332043,37.7197522,-122.4822243
060750332041004,060750332041,37.719864,-122.4764972
060750332043009,060750332043,37.7196976,-122.4807982
060750332041005,060750332041,37.7198833,-122.4758827
060750332043010,060750332043,37.7201307,-122.4803986
060750332011015,060750332011,37.7204017,-122.4798183
060750309007004,060750309007,37.7201382,-122.4726153
060750309007005,060750309007,37.7203391,-122.4731348
060750332041007,060750332041,37.7201859,-122.4755385
060750309007015,060750309007,37.7203846,-122.4747586
060750309007014,060750309007,37.7205896,-122.4740713
060750313011007,060750313011,37.7205935,-122.4723929
060750313011006,060750313011,37.7206159,-122.4719777
060750309007019,060750309007,37.7207404,-122.4752066
060750309007016,060750309007,37.7211333,-122.4748516
060750309007013,060750309007,37.7212855,-122.4741006
060750332041001,060750332041,37.7204123,-122.4765632
060750332041002,060750332041,37.7204615,-122.4780257
060750332041000,060750332041,37.7204744,-122.4757243
060750332011017,060750332011,37.7208276,-122.4774723
060750332011013,060750332011,37.720908,-122.4805403
060750332011016,060750332011,37.7208606,-122.4756682
060750332043005,060750332043,37.7209035,-122.482195
060750332043006,060750332043,37.7212419,-122.4816854
060750332011014,060750332011,37.7214897,-122.4812558
060750332043003,060750332043,37.7215104,-122.4826485
060750313011004,060750313011,37.7206449,-122.470315
060750313011003,060750313011,37.7206513,-122.4694135
060750313011002,060750313011,37.7206573,-122.4685132
060750313011001,060750313011,37.7206622,-122.4676165
060750313011000,060750313011,37.7206717,-122.4667176
060750309004028,060750309004,37.722331,-122.470024
060750309003022,060750309003,37.7225661,-122.467747
060750309003023,060750309003,37.7226135,-122.4687938
060750309004026,060750309004,37.7226073,-122.4709644
060750309004027,060750309004,37.7242303,-122.4703313
060750309003024,060750309003,37.7221759,-122.4631469
060750309003017,060750309003,37.7223132,-122.464742
060750309003018,060750309003,37.7224541,-122.4656865
060750309003021,060750309003,37.7225057,-122.4667192
060750309003011,060750309003,37.7233041,-122.4631493
060750309003007,060750309003,37.7241074,-122.4638492
060750309003019,060750309003,37.7242153,-122.464821
060750309003013,060750309003,37.7243434,-122.4658528
060750309003012,060750309003,37.7245813,-122.4627987
060750309003008,060750309003,37.7251478,-122.4629283
060750309007006,060750309007,37.721468,-122.4731595
060750309007011,060750309007,37.7221659,-122.474715
060750309007012,060750309007,37.7221811,-122.4739962
060750309007007,060750309007,37.7222401,-122.4731003
060750309004024,060750309004,37.7226888,-122.4720562
060750309004025,060750309004,37.7228025,-122.4716647
060750309007009,060750309007,37.7236878,-122.4738065
060750309007008,060750309007,37.723884,-122.4729655
060750309007010,060750309007,37.7239438,-122.474586
060750332011012,060750332011,37.7240329,-122.4750473
060750309007000,060750309007,37.7242316,-122.4724094
060750309004023,060750309004,37.7242105,-122.4721974
060750309004021,060750309004,37.725266,-122.4715037
060750309004022,060750309004,37.7253,-122.471916
060750309007003,060750309007,37.7248098,-122.4742838
060750309007002,060750309007,37.7260949,-122.4737566
060750309007001,060750309007,37.7261815,-122.4728706
060750332011007,060750332011,37.7262744,-122.4755749
060750332011008,060750332011,37.7269403,-122.475505
060750309004009,060750309004,37.7272123,-122.4718171
060750309003014,060750309003,37.7244663,-122.4668754
060750309003020,060750309003,37.7245669,-122.4677801
060750309003015,060750309003,37.725182,-122.469378
060750309003016,060750309003,37.724686,-122.4687442
060750309004020,060750309004,37.7259886,-122.4701415
060750309004019,060750309004,37.7267387,-122.4699541
060750309004017,060750309004,37.7268745,-122.4680143
060750309004018,060750309004,37.727505,-122.4670086
060750309004016,060750309004,37.7278523,-122.4688318
060750309004011,060750309004,37.7278267,-122.4709967
060750314005003,060750314005,37.7170238,-122.4596476
060750314005002,060750314005,37.7170413,-122.4575807
060750314005001,060750314005,37.7178315,-122.4608719
060750314005000,060750314005,37.7178507,-122.4576022
060750312014003,060750312014,37.7191221,-122.461742
060750312014004,060750312014,37.7191246,-122.4607228
060750312014005,060750312014,37.7191262,-122.4597028
060750312021005,060750312021,37.7191277,-122.4586814
060750312021004,060750312021,37.7191308,-122.4576609
060750312014002,060750312014,37.720922,-122.4617492
060750314001000,060750314001,37.717879,-122.4552251
060750312022016,060750312022,37.7181195,-122.4525247
060750312021000,060750312021,37.7191281,-122.4531347
060750312021001,060750312021,37.7191349,-122.454601
060750312021003,060750312021,37.719131,-122.4566359
060750312021002,060750312021,37.7191379,-122.4556175
060750312011009,060750312011,37.7209376,-122.4566487
060750312011008,060750312011,37.7209408,-122.4556297
060750312011007,060750312011,37.7209432,-122.454612
060750312011006,060750312011,37.7209463,-122.453599
060750313013005,060750313013,37.7187992,-122.465797
060750313013006,060750313013,37.7188038,-122.4648999
060750313013007,060750313013,37.7188509,-122.4639932
060750313013008,060750313013,37.7189493,-122.4630981
060750313013009,060750313013,37.7191151,-122.462453
060750313013004,060750313013,37.7206747,-122.46582
060750313013003,060750313013,37.7206848,-122.4649233
060750313013002,060750313013,37.7207265,-122.4640293
060750313013001,060750313013,37.7208292,-122.4631271
060750313013000,060750313013,37.720853,-122.4624663
060750312022004,060750312022,37.7212658,-122.4501217
060750261004014,060750261004,37.7212934,-122.448105
060750312022008,060750312022,37.7213635,-122.4482988
060750312022006,060750312022,37.7215794,-122.4488658
060750312022002,060750312022,37.7216269,-122.4482549
060750312022003,060750312022,37.7219158,-122.4497025
060750312011003,060750312011,37.722037,-122.4516864
060750261004013,060750261004,37.7221958,-122.447952
060750312022001,060750312022,37.7223119,-122.4489138
060750312011001,060750312011,37.7226332,-122.4505213
060750312011005,060750312011,37.7210641,-122.4525354
060750312012000,060750312012,37.7225898,-122.45362
060750312012001,060750312012,37.7226948,-122.4546323
060750312012003,060750312012,37.7228005,-122.4556481
060750312012005,060750312012,37.7229152,-122.4566616
060750312011012,060750312011,37.7230114,-122.4519355
060750312011004,060750312011,37.7231615,-122.4527172
060750310002013,060750310002,37.7233485,-122.4536022
060750312012002,060750312012,37.7235645,-122.454625
060750312012004,060750312012,37.7237788,-122.4556408
060750312014001,060750312014,37.7209265,-122.4607295
060750312014000,060750312014,37.7209292,-122.459711
060750312011011,060750312011,37.7209321,-122.4586908
060750312011010,060750312011,37.720935,-122.4576705
060750312013006,060750312013,37.7227345,-122.4617579
060750312013004,060750312013,37.722739,-122.460737
060750312013005,060750312013,37.7227429,-122.4597171
060750312012011,060750312012,37.7227467,-122.4586964
060750312012007,060750312012,37.7230173,-122.4576829
060750312012009,060750312012,37.7240294,-122.458726
060750312013001,060750312013,37.724142,-122.4597463
060750312012008,060750312012,37.7242263,-122.4577595
060750312013002,060750312013,37.7242367,-122.4607579
060750312012010,060750312012,37.7244247,-122.4586994
060750312013007,060750312013,37.724361,-122.4617841
060750312013000,060750312013,37.724611,-122.4595825
060750310002027,060750310002,37.7246929,-122.4576904
060750310002028,060750310002,37.724702,-122.458192
060750312013003,060750312013,37.7248486,-122.46072
060750310003020,060750310003,37.7249223,-122.4591233
060750312013008,060750312013,37.7251003,-122.4617198
060750310003017,060750310003,37.7252797,-122.4604507
060750310002026,060750310002,37.7253986,-122.4581961
060750310003018,060750310003,37.7256411,-122.4597502
060750310003019,060750310003,37.7255926,-122.4589289
060750310002025,060750310002,37.7255976,-122.4574658
060750310003013,060750310003,37.725621,-122.4620808
060750310003016,060750310003,37.7263206,-122.4603531
060750310003014,060750310003,37.7265645,-122.4611838
060750310003011,060750310003,37.7267021,-122.4586541
060750312012006,060750312012,37.7240323,-122.4568403
060750310002023,060750310002,37.7247555,-122.4568629
060750311003013,060750311003,37.7255933,-122.4520004
060750310002024,060750310002,37.725629,-122.4566627
060750310002012,060750310002,37.7261091,-122.454392
060750310002018,060750310002,37.7267925,-122.4568835
060750310002014,060750310002,37.7285145,-122.4569119
060750311003011,060750311003,37.7287029,-122.4517829
060750311003012,060750311003,37.7288168,-122.4532406
060750310002009,060750310002,37.7293122,-122.456036
060750310002030,060750310002,37.7266412,-122.4582027
060750310002019,060750310002,37.7267042,-122.4577504
060750310003012,060750310003,37.7267902,-122.4595205
060750310003015,060750310003,37.7278598,-122.4617051
060750310003008,060750310003,37.7281608,-122.4603629
060750310002021,060750310002,37.7285359,-122.4582102
060750310002020,060750310002,37.7284682,-122.457756
060750310003010,060750310003,37.7284666,-122.4586637
060750310003009,060750310003,37.7285017,-122.4595053
060750310003007,060750310003,37.7290434,-122.4612181
060750309003009,060750309003,37.7253764,-122.4625178
060750309003005,060750309003,37.7254772,-122.4638561
060750309003010,060750309003,37.725673,-122.4633276
060750309003006,060750309003,37.7259364,-122.4640301
060750309003004,060750309003,37.7260689,-122.4643984
060750309003001,060750309003,37.726045,-122.4665225
060750309003002,060750309003,37.7262702,-122.464929
060750309003003,060750309003,37.7265911,-122.4657131
060750309002020,060750309002,37.7267116,-122.4638016
060750309002019,060750309002,37.7268611,-122.46309
060750309004008,060750309004,37.7272661,-122.4720402
060750309006015,060750309006,37.7277285,-122.4736691
060750309006017,060750309006,37.7277901,-122.4722129
060750309006016,060750309006,37.7277914,-122.4727619
060750309004010,060750309004,37.7282665,-122.4717553
060750332011009,060750332011,37.7285126,-122.4754429
060750309006014,060750309006,37.7292122,-122.4737055
060750332011000,060750332011,37.728703,-122.4748177
060750309004005,060750309004,37.7293497,-122.4719192
060750309004006,060750309004,37.7293453,-122.4716974
060750309004012,060750309004,37.7279356,-122.4696821
060750309004015,060750309004,37.7280472,-122.4675505
060750309004013,060750309004,37.7279707,-122.4683665
060750309004014,060750309004,37.7286486,-122.4679073
060750309004007,060750309004,37.7292331,-122.4705064
060750309004004,060750309004,37.7294176,-122.4684001
060750309002010,060750309002,37.729484,-122.4671653
060750309004000,060750309004,37.7298055,-122.4689648
060750309004001,060750309004,37.729879,-122.4702065
060750309004002,060750309004,37.730139,-122.4697294
060750309005021,060750309005,37.7305265,-122.4676492
060750309004003,060750309004,37.7306565,-122.4709232
060750309005020,060750309005,37.7308016,-122.468474
060750309005019,060750309005,37.7309865,-122.4693261
060750309005018,060750309005,37.7312568,-122.4705336
060750309005011,060750309005,37.7324273,-122.4673854
060750309005012,060750309005,37.7324549,-122.4682711
060750309005015,060750309005,37.7324921,-122.4691528
060750309005016,060750309005,37.7325231,-122.4700333
060750309005008,060750309005,37.7325498,-122.4709186
060750309006010,060750309006,37.7299562,-122.4720862
060750332011001,060750332011,37.7304,-122.4753396
060750309006013,060750309006,37.7304114,-122.4729398
060750309006011,060750309006,37.7306085,-122.4724256
060750309006012,060750309006,37.730823,-122.4738684
060750309006007,060750309006,37.7315262,-122.4738382
060750309006018,060750309006,37.7317473,-122.4749021
060750331001011,060750331001,37.731863,-122.4754865
060750309006005,060750309006,37.732507,-122.4719649
060750309006006,060750309006,37.7323881,-122.4724722
060750331001012,060750331001,37.7318511,-122.4787377
060750331001008,060750331001,37.7317333,-122.4779018
060750331001009,060750331001,37.7320054,-122.4772845
060750331001010,060750331001,37.7318898,-122.4764358
060750331002002,060750331002,37.7333719,-122.4823802
060750331002001,060750331002,37.7334117,-122.4815029
060750331002014,060750331002,37.7334492,-122.4806203
060750331001006,060750331001,37.7334903,-122.4797376
060750331001005,060750331001,37.7335357,-122.4786074
060750331001003,060750331001,37.7335819,-122.4774616
060750309005007,060750309005,37.7328773,-122.4714432
060750309005010,060750309005,37.7331057,-122.4674223
060750309005013,060750309005,37.7331347,-122.4682673
060750309005014,060750309005,37.7331624,-122.4691116
060750309005017,060750309005,37.733192,-122.4699973
060750309005009,060750309005,37.7332177,-122.4708645
060750309005005,060750309005,37.7339479,-122.4708589
060750309005004,060750309005,37.7339965,-122.4700333
060750309005003,060750309005,37.7340056,-122.4691815
060750309005002,060750309005,37.7340155,-122.4683241
060750309006004,060750309006,37.7328468,-122.4716827
060750309006002,060750309006,37.7330453,-122.4729652
060750309006008,060750309006,37.7334146,-122.4744939
060750309006001,060750309006,37.7337375,-122.4736657
060750331001001,060750331001,37.7335904,-122.4755879
060750309006009,060750309006,37.73354,-122.4750302
060750309006003,060750309006,37.7341809,-122.472773
060750309006000,060750309006,37.7346819,-122.4733086
060750308004010,060750308004,37.7355409,-122.4751651
060750308004011,060750308004,37.7368974,-122.4752515
060750309005001,060750309005,37.7340114,-122.467486
060750309005006,060750309005,37.7347256,-122.4710926
060750308003006,060750308003,37.7352337,-122.4703223
060750308003007,060750308003,37.7358748,-122.4706528
060750308003019,060750308003,37.735766,-122.4710327
060750308003008,060750308003,37.735623,-122.4693068
060750308003005,060750308003,37.7361101,-122.4699524
060750308003009,060750308003,37.7360316,-122.4684931
060750308003010,060750308003,37.7360825,-122.4676579
060750308003003,060750308003,37.7370711,-122.469466
060750331001002,060750331001,37.7336112,-122.4765578
060750331002000,060750331002,37.7344709,-122.4811063
060750331001007,060750331001,37.7345207,-122.4798947
060750331001004,060750331001,37.7345851,-122.4782643
060750331001000,060750331001,37.7346339,-122.476117
060750330004000,060750330004,37.7347885,-122.4807972
060750330004001,060750330004,37.7349127,-122.4819671
060750330004002,060750330004,37.7349625,-122.4828187
060750330003005,060750330003,37.7381305,-122.4812569
060750330003004,060750330003,37.7381799,-122.4801906
060750309003000,060750309003,37.7270088,-122.4663831
060750309002018,060750309002,37.7271591,-122.464379
060750309002016,060750309002,37.727402,-122.4650497
060750309002017,060750309002,37.7276739,-122.4656937
060750309002014,060750309002,37.7284793,-122.4626369
060750309002011,060750309002,37.7288808,-122.4661468
060750309002013,060750309002,37.7288192,-122.4640973
060750309002012,060750309002,37.7290937,-122.4646855
060750309002015,060750309002,37.7291589,-122.4626487
060750309002005,060750309002,37.7299452,-122.4640368
060750310003004,060750310003,37.7293718,-122.459879
060750310002015,060750310002,37.7296666,-122.4576117
060750310003006,060750310003,37.7296629,-122.4588228
060750310003002,060750310003,37.7297558,-122.4604818
060750310002029,060750310002,37.7297689,-122.4582164
060750310002016,060750310002,37.7302309,-122.4573822
060750310003000,060750310003,37.7302285,-122.4590558
060750310003003,060750310003,37.7301465,-122.4611066
060750310002017,060750310002,37.7304401,-122.4582223
060750310003005,060750310003,37.7308033,-122.4589241
060750310002022,060750310002,37.7294269,-122.4565629
060750310002008,060750310002,37.7294363,-122.4552339
060750311004010,060750311004,37.7294897,-122.4532043
060750311004011,060750311004,37.7294644,-122.4517867
060750310002007,060750310002,37.7295368,-122.4544401
060750311004009,060750311004,37.7302715,-122.4522713
060750310002010,060750310002,37.7304964,-122.4565853
060750310002005,060750310002,37.7306519,-122.4557205
060750310002000,060750310002,37.7305194,-122.45374
060750310002003,060750310002,37.7308368,-122.4549452
060750309002004,060750309002,37.7301911,-122.463043
060750309002006,060750309002,37.7307993,-122.4649087
060750309001017,060750309001,37.7319249,-122.4639603
060750309002007,060750309002,37.7311254,-122.4654684
060750309002008,060750309002,37.7311692,-122.4659042
060750309002009,060750309002,37.7311417,-122.4665411
060750309001016,060750309001,37.7313549,-122.4629537
060750309001008,060750309001,37.7318439,-122.4621716
060750309002003,060750309002,37.7316491,-122.4643732
060750309001002,060750309001,37.7321744,-122.4642604
060750310002002,060750310002,37.731128,-122.4542218
060750310002011,060750310002,37.7310892,-122.4570196
060750311004005,060750311004,37.7310833,-122.4522772
060750310002006,060750310002,37.7312711,-122.4561863
060750310002004,060750310002,37.731409,-122.4553415
060750310002001,060750310002,37.7315073,-122.4541766
060750311004006,060750311004,37.7315287,-122.4522655
060750311005006,060750311005,37.7319391,-122.4522833
060750310001012,060750310001,37.7319478,-122.4542127
060750310001009,060750310001,37.7319386,-122.4563089
060750310003001,060750310003,37.7307099,-122.4590424
060750310001014,060750310001,37.7308066,-122.4577309
060750310001013,060750310001,37.7308635,-122.4581131
060750310001015,060750310001,37.7310725,-122.4607873
060750310001006,060750310001,37.7314484,-122.4593473
060750310001007,060750310001,37.7316548,-122.458099
060750310001008,060750310001,37.7317129,-122.4571457
060750309001015,060750309001,37.7320545,-122.4610455
060750310001005,060750310001,37.732586,-122.459538
060750310001004,060750310001,37.733,-122.4580935
060750310001010,060750310001,37.7321336,-122.4554756
060750310001011,060750310001,37.7326795,-122.4542883
060750311005005,060750311005,37.732682,-122.4522894
060750307003008,060750307003,37.7333859,-122.4522116
060750310001001,060750310001,37.733438,-122.4563314
060750310001000,060750310001,37.7335795,-122.4553795
060750307003009,060750307003,37.734096,-122.45477
060750307003016,060750307003,37.7345552,-122.4538924
060750307003017,060750307003,37.7347612,-122.4519993
060750307003010,060750307003,37.7352714,-122.4546301
060750309002001,060750309002,37.7324457,-122.4658996
060750309002000,060750309002,37.7327497,-122.4650555
060750309002002,060750309002,37.7330919,-122.4663406
060750309001004,060750309001,37.7335453,-122.4644867
060750309001001,060750309001,37.7338618,-122.4637152
060750309001009,060750309001,37.7338625,-122.4625237
060750309005000,060750309005,37.733966,-122.466568
060750309001013,060750309001,37.734085,-122.4656692
060750309001005,060750309001,37.7343643,-122.4648824
060750309001014,060750309001,37.7349685,-122.4657311
060750310001003,060750310001,37.733171,-122.4571706
060750309001010,060750309001,37.7334105,-122.4615292
060750309001011,060750309001,37.7338521,-122.460794
060750309001012,060750309001,37.7340015,-122.4600644
060750310001002,060750310001,37.7341837,-122.4580652
060750307003015,060750307003,37.7349841,-122.4584959
060750309001007,060750309001,37.7351611,-122.4615387
060750308002010,060750308002,37.7370732,-122.4605166
060750308002001,060750308002,37.7391965,-122.4615703
060750307003014,060750307003,37.7380723,-122.4586961
060750309001006,060750309001,37.7350063,-122.4649135
060750308003018,060750308003,37.7355879,-122.4650049
060750309001003,060750309001,37.7357476,-122.4645194
060750308003015,060750308003,37.7357789,-122.4658584
060750309001000,060750309001,37.735705,-122.4626032
060750308003014,060750308003,37.7359731,-122.4667617
060750308003017,060750308003,37.7362282,-122.4634816
060750308003016,060750308003,37.7365815,-122.4649743
060750308003013,060750308003,37.7373714,-122.4646265
060750308002012,060750308002,37.7375079,-122.4626707
060750331004012,060750331004,37.7327431,-122.4885098
060750331004011,060750331004,37.7327808,-122.4876361
060750331004013,060750331004,37.7327794,-122.4903007
060750331004003,060750331004,37.733179,-122.4867793
060750331004001,060750331004,37.7332223,-122.4858991
060750331002007,060750331002,37.7332526,-122.4850222
060750331002005,060750331002,37.7332955,-122.4841428
060750331002004,060750331002,37.7333317,-122.4832622
060750331004005,060750331004,37.7337046,-122.4885798
060750331004006,060750331004,37.7336954,-122.4896828
060750331004004,060750331004,37.7337392,-122.4877025
060750331004015,060750331004,37.7340308,-122.4908672
060750331004007,060750331004,37.7340865,-122.4897082
060750331004002,060750331004,37.7341892,-122.4874496
060750331004000,060750331004,37.734268,-122.4856907
060750331002006,060750331002,37.7343099,-122.4846761
060750331002003,060750331002,37.7343882,-122.482886
060750330004015,060750330004,37.7344532,-122.4900046
060750330004006,060750330004,37.7346233,-122.4859561
060750330004007,060750330004,37.7346711,-122.4874258
060750353004005,060750353004,37.7342963,-122.4976034
060750353004006,060750353004,37.7343121,-122.4955002
060750353004007,060750353004,37.7344458,-122.4941981
060750330004021,060750330004,37.7344713,-122.4936058
060750330004020,060750330004,37.7344588,-122.4928118
060750330004014,060750330004,37.7345792,-122.4916511
060750330004013,060750330004,37.7348404,-122.4920323
060750353004008,060750353004,37.7352786,-122.4939551
060750353004004,060750353004,37.7354914,-122.4982885
060750353004003,060750353004,37.7355644,-122.4971968
060750604001037,060750604001,37.7354018,-122.5020916
060750604001010,060750604001,37.7354684,-122.5041991
060750354005011,060750354005,37.735477,-122.5059678
060750353005005,060750353005,37.7357097,-122.500421
060750354005010,060750354005,37.7358524,-122.5014918
060750354005006,060750354005,37.7358412,-122.5057124
060750354005007,060750354005,37.7358576,-122.5047386
060750354005008,060750354005,37.7358777,-122.5036593
060750354005009,060750354005,37.7358968,-122.5025885
060750354005005,060750354005,37.7365851,-122.5057922
060750353004002,060750353004,37.7356107,-122.4961276
060750353004001,060750353004,37.7356566,-122.495061
060750353004000,060750353004,37.7357698,-122.4943028
060750330004022,060750330004,37.7358136,-122.4936923
060750330004016,060750330004,37.7358793,-122.4929292
060750330004010,060750330004,37.7362246,-122.4918983
060750353003006,060750353003,37.7374216,-122.4973263
060750353003007,060750353003,37.7374686,-122.4962568
060750353003008,060750353003,37.7375155,-122.49519
060750353003009,060750353003,37.7375526,-122.4944219
060750330004005,060750330004,37.734699,-122.485441
060750330004004,060750330004,37.7347857,-122.4845322
060750330004003,060750330004,37.7349064,-122.4836649
060750330004008,060750330004,37.7350697,-122.4900418
060750330003009,060750330003,37.7361647,-122.4823532
060750330004009,060750330004,37.7361583,-122.4909917
060750330003010,060750330003,37.7374513,-122.4885331
060750330003006,060750330003,37.7380006,-122.4847701
060750330003008,060750330003,37.7383135,-122.4892881
060750330003007,060750330003,37.7382184,-122.4878709
060750354005003,060750354005,37.7370931,-122.5048283
060750354005002,060750354005,37.73714,-122.503758
060750354005001,060750354005,37.737187,-122.502686
060750354005000,060750354005,37.7372341,-122.5016128
060750353005004,060750353005,37.7372834,-122.5005374
060750353003005,060750353003,37.7373509,-122.4989306
060750354005004,060750354005,37.7375182,-122.5058863
060750354003007,060750354003,37.7389246,-122.5060269
060750354003006,060750354003,37.7389553,-122.5049595
060750354004008,060750354004,37.7390025,-122.503889
060750330004019,060750330004,37.7375578,-122.4941166
060750330004018,060750330004,37.7375921,-122.4938264
060750330004017,060750330004,37.7377072,-122.4930804
060750330004011,060750330004,37.737891,-122.4920235
060750330004012,060750330004,37.7380841,-122.4910055
060750353003004,060750353003,37.7392383,-122.49853
060750353003003,060750353003,37.7392854,-122.4974567
060750353003002,060750353003,37.739332,-122.496387
060750353003001,060750353003,37.7393794,-122.4953197
060750353003000,060750353003,37.7394108,-122.4945507
060750354004007,060750354004,37.7390495,-122.502817
060750354004006,060750354004,37.7390969,-122.5017437
060750353005002,060750353005,37.7391421,-122.5006681
060750353005003,060750353005,37.7391927,-122.4995982
060750354003005,060750354003,37.7408956,-122.5067665
060750354003004,060750354003,37.7407684,-122.5061591
060750354003003,060750354003,37.7408119,-122.5050902
060750354004003,060750354004,37.7408598,-122.5040195
060750354004004,060750354004,37.7409074,-122.5029476
060750354004005,060750354004,37.7409554,-122.5018747
060750330006009,060750330006,37.7394374,-122.4942484
060750330006008,060750330006,37.739439,-122.4939445
060750330006007,060750330006,37.7394734,-122.4931756
060750330006006,060750330006,37.7395214,-122.4921052
060750330006005,060750330006,37.7395686,-122.4910333
060750353002005,060750353002,37.7410991,-122.4986607
060750353002006,060750353002,37.7411473,-122.4975875
060750353002007,060750353002,37.7411949,-122.4965172
060750353002008,060750353002,37.7412429,-122.4954492
060750353002009,060750353002,37.7412775,-122.4946807
060750307003018,060750307003,37.7361878,-122.4531281
060750307003011,060750307003,37.7360266,-122.457207
060750307003012,060750307003,37.7365347,-122.4573203
060750307003002,060750307003,37.7367422,-122.4523083
060750307003013,060750307003,37.7373482,-122.4570949
060750307001021,060750307001,37.7399648,-122.4510653
060750307001013,060750307001,37.7390718,-122.4547307
060750307001014,060750307001,37.7409339,-122.4537214
060750306002012,060750306002,37.7412533,-122.4561845
060750307001005,060750307001,37.7420909,-122.4509125
060750308002007,060750308002,37.7380908,-122.4643287
060750308003012,060750308003,37.7382007,-122.4663882
060750308002008,060750308002,37.7389299,-122.4645951
060750308002004,060750308002,37.7391888,-122.4637138
060750308002006,060750308002,37.7390856,-122.4655156
060750308002002,060750308002,37.7393156,-122.4626006
060750308001015,060750308001,37.7394756,-122.4656997
060750308002005,060750308002,37.7394992,-122.4646313
060750308001017,060750308001,37.7398632,-122.4645662
060750308001014,060750308001,37.7400351,-122.4659035
060750308002011,060750308002,37.7383157,-122.4601972
060750308002009,060750308002,37.7396103,-122.4595474
060750306002017,060750306002,37.7399606,-122.4582102
060750306002018,060750306002,37.7404306,-122.4586396
060750308002000,060750308002,37.7404125,-122.4600084
060750308001013,060750308001,37.740716,-122.4603175
060750306002016,060750306002,37.7412631,-122.4579451
060750308001007,060750308001,37.7415387,-122.4618884
060750308001000,060750308001,37.7419128,-122.4611775
060750306003015,060750306003,37.7422462,-122.4597762
060750308002003,060750308002,37.7401384,-122.4624553
060750308001010,060750308001,37.7403394,-122.464268
060750308001016,060750308001,37.7402843,-122.4663843
060750308001011,060750308001,37.7404122,-122.4632414
060750308001012,060750308001,37.7404849,-122.4621747
060750308001009,060750308001,37.7410334,-122.4639896
060750308001008,060750308001,37.7411898,-122.4625665
060750308001004,060750308001,37.7414876,-122.4650951
060750308001005,060750308001,37.7417001,-122.4635653
060750308001006,060750308001,37.7423422,-122.4632211
060750307001015,060750307001,37.7416646,-122.4535705
060750306002013,060750306002,37.7406579,-122.4582194
060750307001003,060750307001,37.742491,-122.4521229
060750307001004,060750307001,37.7425192,-122.4539418
060750306002014,060750306002,37.7425622,-122.4560429
060750306002011,060750306002,37.7427454,-122.4548121
060750306002015,060750306002,37.7432743,-122.4555976
060750306002005,060750306002,37.7432504,-122.4522573
060750306002010,060750306002,37.743522,-122.4547686
060750306002009,060750306002,37.7435853,-122.4539709
060750306003011,060750306003,37.7429019,-122.4592332
060750306003014,060750306003,37.7430099,-122.4618156
060750306003010,060750306003,37.7431578,-122.4581912
060750306003007,060750306003,37.7437529,-122.4618113
060750306003009,060750306003,37.7438417,-122.4604543
060750306003013,060750306003,37.7441628,-122.4578481
060750306003008,060750306003,37.7441216,-122.4602035
060750306003006,060750306003,37.7444979,-122.4607684
060750306003000,060750306003,37.7445545,-122.4579462
060750306003001,060750306003,37.7446299,-122.4595358
060750308001003,060750308001,37.7424553,-122.4656927
060750308005000,060750308005,37.7424884,-122.4667321
060750308001002,060750308001,37.742928,-122.464302
060750308001001,060750308001,37.7430258,-122.4629668
060750306003016,060750306003,37.7431853,-122.4623941
060750304001017,060750304001,37.7439963,-122.465002
060750306003005,060750306003,37.744423,-122.462199
060750304001018,060750304001,37.7446868,-122.4652803
060750304001014,060750304001,37.7449313,-122.4628405
060750304001019,060750304001,37.7453542,-122.463597
060750306003012,060750306003,37.743752,-122.4562597
060750306002006,060750306002,37.7437701,-122.4531765
060750306001013,060750306001,37.7440618,-122.454726
060750306002004,060750306002,37.7439339,-122.4519089
060750306002007,060750306002,37.7440749,-122.4535446
060750306001014,060750306001,37.7442169,-122.4556816
060750306002008,060750306002,37.7442999,-122.4538018
060750306002003,060750306002,37.7443179,-122.4523055
060750306002001,060750306002,37.7446723,-122.4525995
060750306002000,060750306002,37.7450868,-122.4525367
060750306003002,060750306003,37.7450742,-122.4600266
060750306001008,060750306001,37.7452204,-122.4579855
060750306003003,060750306003,37.7453094,-122.4607528
060750306003004,060750306003,37.745215,-122.4609338
060750306001017,060750306001,37.745799,-122.4581239
060750306001009,060750306001,37.7458727,-122.4591165
060750304001015,060750304001,37.7459813,-122.4618825
060750306001005,060750306001,37.7460766,-122.4570985
060750306001012,060750306001,37.7462026,-122.4602381
060750306001010,060750306001,37.7461745,-122.4596703
060750304001022,060750304001,37.7457002,-122.4646815
060750304001016,060750304001,37.7461134,-122.4620156
060750304001020,060750304001,37.7463042,-122.4631183
060750304002012,060750304002,37.7464096,-122.4649712
060750304002013,060750304002,37.7465687,-122.4641783
060750304001021,060750304001,37.7469442,-122.4622587
060750304002005,060750304002,37.7473569,-122.4649896
060750304003011,060750304003,37.7474693,-122.4659445
060750304002007,060750304002,37.7474592,-122.4630583
060750304002006,060750304002,37.7475277,-122.4639308
060750330006004,060750330006,37.7396156,-122.4899602
060750330006003,060750330006,37.7396637,-122.4888878
060750330006002,060750330006,37.7397109,-122.4878167
060750330006001,060750330006,37.7397569,-122.4867457
060750330006000,060750330006,37.7398065,-122.4856748
060750330002008,060750330002,37.7398528,-122.4846035
060750330002007,060750330002,37.7398995,-122.4835325
060750330005004,060750330005,37.7414795,-122.490091
060750330005003,060750330005,37.7415268,-122.4890185
060750330005002,060750330005,37.7415742,-122.4879465
060750330005009,060750330005,37.7412852,-122.4943774
060750330005008,060750330005,37.7413044,-122.4940748
060750330005007,060750330005,37.7413381,-122.4933063
060750330005006,060750330005,37.7413849,-122.4922365
060750330005005,060750330005,37.7414329,-122.4911643
060750353002004,060750353002,37.7429674,-122.4987913
060750353002003,060750353002,37.7430149,-122.4977185
060750353002002,060750353002,37.7430629,-122.4966483
060750353002001,060750353002,37.7431106,-122.4955794
060750353002000,060750353002,37.7431448,-122.4948104
060750353005001,060750353005,37.7410037,-122.5008022
060750353005000,060750353005,37.7410514,-122.4997317
060750354001007,060750354001,37.7418873,-122.50834
060750354001006,060750354001,37.7421581,-122.5075283
060750354001003,060750354001,37.7421024,-122.5072276
060750354003002,060750354003,37.7427052,-122.5069602
060750354003001,060750354003,37.7426317,-122.5062956
060750354003000,060750354003,37.74268,-122.5052221
060750354004002,060750354004,37.7427279,-122.5041508
060750330005001,060750330005,37.7416216,-122.4868773
060750330005000,060750330005,37.7416684,-122.4858067
060750330001008,060750330001,37.7417152,-122.484734
060750330001007,060750330001,37.7417628,-122.4836625
060750329014004,060750329014,37.743347,-122.490221
060750329014003,060750329014,37.7433944,-122.4891487
060750329014002,060750329014,37.743442,-122.488077
060750329014001,060750329014,37.7434894,-122.4870068
060750329014000,060750329014,37.7435356,-122.4859362
060750328012007,060750328012,37.743583,-122.484865
060750354004001,060750354004,37.7427757,-122.503079
060750354004000,060750354004,37.7428237,-122.5020065
060750353006006,060750353006,37.7428715,-122.5009341
060750353006007,060750353006,37.7429194,-122.4998628
060750354001005,060750354001,37.7445218,-122.5071462
060750354001012,060750354001,37.7445027,-122.5064275
060750354001011,060750354001,37.7445501,-122.5053553
060750354002008,060750354002,37.7445971,-122.5042833
060750354002007,060750354002,37.7446441,-122.5032113
060750354002006,060750354002,37.7446915,-122.502139
060750329014009,060750329014,37.7431583,-122.4945085
060750329014008,060750329014,37.7431716,-122.4942064
060750329014007,060750329014,37.7432058,-122.4934375
060750329014006,060750329014,37.7432527,-122.4923685
060750329014005,060750329014,37.7433004,-122.4912958
060750353001007,060750353001,37.7448799,-122.4978507
060750353001006,060750353001,37.744928,-122.4967798
060750353001005,060750353001,37.7449742,-122.4957095
060750353001004,060750353001,37.7450074,-122.4949413
060750329013009,060750329013,37.7450304,-122.4946395
060750328012006,060750328012,37.7436301,-122.4837933
060750329013004,060750329013,37.7452111,-122.4903508
060750329013003,060750329013,37.7452584,-122.4892783
060750329013002,060750329013,37.7453056,-122.4882067
060750329013001,060750329013,37.7453533,-122.4871355
060750329013000,060750329013,37.7453994,-122.4860655
060750328013005,060750328013,37.7454473,-122.4849955
060750328013006,060750328013,37.7454941,-122.4839232
060750328013007,060750328013,37.7455411,-122.4828522
060750329012004,060750329012,37.7470743,-122.4904805
060750353006005,060750353006,37.7447384,-122.5010667
060750353006004,060750353006,37.7447858,-122.499995
060750353001010,060750353001,37.7448326,-122.4989228
060750354001004,060750354001,37.746371,-122.5073362
060750354001009,060750354001,37.7463646,-122.5065587
060750354001010,060750354001,37.7464121,-122.5054863
060750354002003,060750354002,37.7464591,-122.5044137
060750354002004,060750354002,37.7465066,-122.5033418
060750354002005,060750354002,37.7465536,-122.5022697
060750353006002,060750353006,37.7466011,-122.5011978
060750329013008,060750329013,37.7450342,-122.494336
060750329013007,060750329013,37.7450689,-122.4935677
060750329013006,060750329013,37.7451171,-122.4924985
060750329013005,060750329013,37.7451632,-122.4914254
060750353001008,060750353001,37.7467428,-122.4979825
060750353001003,060750353001,37.7468714,-122.4950736
060750329012009,060750329012,37.7468845,-122.494771
060750329012008,060750329012,37.7468976,-122.4944659
060750329012007,060750329012,37.7469317,-122.4936975
060750329012006,060750329012,37.7469794,-122.4926272
060750353006003,060750353006,37.7466481,-122.5001257
060750353001009,060750353001,37.7466954,-122.4990537
060750354001002,060750354001,37.7482241,-122.5075239
060750354001001,060750354001,37.7482292,-122.506688
060750354001000,060750354001,37.748277,-122.5056169
060750354002002,060750354002,37.748325,-122.5045446
060750354002001,060750354002,37.748372,-122.5034724
060750354002000,060750354002,37.74842,-122.5024006
060750353006001,060750353006,37.7484674,-122.5013277
060750353006000,060750353006,37.7485149,-122.5002553
060750610002026,060750610002,37.7085253,-122.4052693
060750264031009,060750264031,37.7086595,-122.4059044
060750610002025,060750610002,37.7096474,-122.404712
060750264031000,060750264031,37.7098049,-122.4051965
060750264031001,060750264031,37.7100196,-122.4060463
060750610002027,060750610002,37.7108032,-122.4039323
060750264032011,060750264032,37.7109979,-122.4045138
060750264032010,060750264032,37.711323,-122.4055205
060750264032005,060750264032,37.7118826,-122.4044702
060750264032006,060750264032,37.7124907,-122.4039582
060750610002024,060750610002,37.7091322,-122.4034201
060750610002016,060750610002,37.7102222,-122.4014048
060750610002014,060750610002,37.7109522,-122.4025055
060750610002015,060750610002,37.7117439,-122.4031561
060750610002012,060750610002,37.7123982,-122.4010151
060750610002013,060750610002,37.7125327,-122.4014732
060750264032007,060750264032,37.7130613,-122.4034474
060750264022023,060750264022,37.7129926,-122.4013354
060750264022024,060750264022,37.7135226,-122.4012019
060750264032000,060750264032,37.7138158,-122.4027587
060750610002003,060750610002,37.7124183,-122.398498
060750610001028,060750610001,37.7140513,-122.3972232
060750264022030,060750264022,37.7141483,-122.3996948
060750610002006,060750610002,37.7140667,-122.3986781
060750264022012,060750264022,37.7148316,-122.3997724
060750610002002,060750610002,37.715541,-122.3986484
060750264022029,060750264022,37.7156479,-122.3987463
060750264022026,060750264022,37.7157383,-122.3987917
060750610002001,060750610002,37.7156837,-122.3984202
060750264022013,060750264022,37.7158451,-122.4003098
060750264032004,060750264032,37.7125911,-122.4063067
060750264032003,060750264032,37.7132514,-122.4059647
060750264032002,060750264032,37.7139035,-122.4056288
060750264032001,060750264032,37.7143843,-122.404853
060750264023010,060750264023,37.7150726,-122.4044376
060750264023008,060750264023,37.7157862,-122.4042969
060750264023000,060750264023,37.716417,-122.4038829
060750264021002,060750264021,37.7178848,-122.4061443
060750264021003,060750264021,37.7183736,-122.4043784
060750264021000,060750264021,37.7188298,-122.4054709
060750264022025,060750264022,37.7140225,-122.4013927
060750264022019,060750264022,37.7147018,-122.4011643
060750264023009,060750264023,37.7152406,-122.4022535
060750264022020,060750264022,37.7155867,-122.4013489
060750264022021,060750264022,37.7167858,-122.4018429
060750264021005,060750264021,37.7171201,-122.4037111
060750264022014,060750264022,37.7170453,-122.4008609
060750264021004,060750264021,37.7177779,-122.4031688
060750264022022,060750264022,37.7179877,-122.402338
060750264022015,060750264022,37.7182474,-122.4013615
060750610002000,060750610002,37.715821,-122.3982714
060750264022028,060750264022,37.7159726,-122.398567
060750264022027,060750264022,37.7161065,-122.3986409
060750264022009,060750264022,37.7161971,-122.3990657
060750264022018,060750264022,37.7164164,-122.3999116
060750264022008,060750264022,37.7164913,-122.3988342
060750264022006,060750264022,37.7165342,-122.3986678
060750264022011,060750264022,37.7168151,-122.3993778
060750258002026,060750258002,37.7168483,-122.3996991
060750264022004,060750264022,37.7168426,-122.3984905
060750264022005,060750264022,37.7169414,-122.3987025
060750264022007,060750264022,37.7169501,-122.3989672
060750264022010,060750264022,37.7171696,-122.3992596
060750264022017,060750264022,37.7172785,-122.4001912
060750610001026,060750610001,37.7174433,-122.3971812
060750258002025,060750258002,37.7174942,-122.3997919
060750264022002,060750264022,37.7175349,-122.3988973
060750264022003,060750264022,37.7174729,-122.3991302
060750258002018,060750258002,37.7176125,-122.3995014
060750258002027,060750258002,37.7178226,-122.3993158
060750264012000,060750264012,37.7152032,-122.4073974
060750264023004,060750264023,37.7158786,-122.4071004
060750264023005,060750264023,37.7161323,-122.4086522
060750264023003,060750264023,37.7165505,-122.4068144
060750264023001,060750264023,37.7172259,-122.4065205
060750264023002,060750264023,37.7175071,-122.408027
060750259003006,060750259003,37.7197928,-122.4064535
060759805011013,060759805011,37.7198641,-122.4074846
060750259002009,060750259002,37.7203046,-122.4087663
060750259002008,060750259002,37.7215632,-122.4065439
060750264022016,060750264022,37.7184907,-122.4005881
060750259003008,060750259003,37.7191945,-122.4028284
060750258002033,060750258002,37.7194538,-122.4018443
060750258002034,060750258002,37.71971,-122.4009771
060750259003001,060750259003,37.7202845,-122.4032858
060750258002031,060750258002,37.7205485,-122.4022969
060750258002030,060750258002,37.7208136,-122.40134
060750259003000,060750259003,37.720895,-122.403526
060750258002032,060750258002,37.7211494,-122.4025483
060750258002029,060750258002,37.7214036,-122.4015708
060750258002012,060750258002,37.71866,-122.3997677
060750233001029,060750233001,37.7187562,-122.3982381
060750610001023,060750610001,37.7191424,-122.3971964
060750258002022,060750258002,37.719382,-122.3992952
060750233001027,060750233001,37.7195368,-122.3978512
060750258002014,060750258002,37.7196223,-122.3997358
060750258002013,060750258002,37.7196783,-122.399973
060750258002008,060750258002,37.7201761,-122.4004238
060750233001022,060750233001,37.7201916,-122.3984071
060750233001023,060750233001,37.7202856,-122.3993967
060750610002023,060750610002,37.708516,-122.3955838
060750610001018,060750610001,37.7085665,-122.3950229
060750610001014,060750610001,37.7086668,-122.3939148
060750610001019,060750610001,37.7098661,-122.3953262
060750610001020,060750610001,37.7099441,-122.394911
060750610001017,060750610001,37.7101122,-122.3927095
060750610001015,060750610001,37.7101822,-122.3937045
060750610002018,060750610002,37.7103438,-122.3960988
060750610001016,060750610001,37.7107845,-122.3926513
060750610001009,060750610001,37.7113013,-122.3936999
060750610002017,060750610002,37.70941,-122.3987113
060750610002021,060750610002,37.710622,-122.3970916
060750610002020,060750610002,37.710827,-122.397953
060750610002019,060750610002,37.711032,-122.398813
060750610002009,060750610002,37.7112372,-122.3996744
060750610002010,060750610002,37.7114442,-122.4005129
060750610002007,060750610002,37.7121957,-122.3974029
060750610002004,060750610002,37.7124269,-122.3992337
060750610002011,060750610002,37.7127004,-122.4000816
060750610002005,060750610002,37.7133223,-122.3988483
060750610001001,060750610001,37.7104147,-122.3919022
060750610001011,060750610001,37.7112266,-122.391733
060750610001029,060750610001,37.712073,-122.3869063
060750610001030,060750610001,37.7146063,-122.3881274
060750610001008,060750610001,37.7153438,-122.3889202
060750610001006,060750610001,37.7162577,-122.3893707
060750610001010,060750610001,37.7171409,-122.3904031
060750234002018,060750234002,37.7177671,-122.3889992
060750234002010,060750234002,37.7180422,-122.3918559
060750610002022,060750610002,37.7113209,-122.3960702
060750610001005,060750610001,37.7116037,-122.3957565
060750610002008,060750610002,37.7118862,-122.3966562
060750610001007,060750610001,37.7124637,-122.396124
060750610001004,060750610001,37.7137227,-122.3920201
060750610001025,060750610001,37.7161606,-122.3949474
060750610001027,060750610001,37.7176908,-122.3963162
060750234002009,060750234002,37.7185363,-122.3927976
060750610001022,060750610001,37.7188685,-122.3967094
060750234001029,060750234001,37.7193354,-122.3942061
060750610001002,060750610001,37.7132283,-122.3846994
060750610001000,060750610001,37.7167568,-122.3816519
060759806001055,060759806001,37.7173725,-122.3647079
060759806001052,060759806001,37.7182502,-122.364037
060759806001056,060759806001,37.7192065,-122.3675686
060759806001053,060759806001,37.7198377,-122.3695819
060759806001058,060759806001,37.719818,-122.3664662
060759806001047,060759806001,37.7238035,-122.3762783
060750258002024,060750258002,37.718045,-122.3999544
060750264022000,060750264022,37.7179897,-122.3986829
060750264022001,060750264022,37.7180711,-122.3989285
060750258002019,060750258002,37.7181333,-122.3993163
060750233001030,060750233001,37.718051,-122.3986043
060750610001024,060750610001,37.7182503,-122.3972688
060750233001028,060750233001,37.7180628,-122.3985435
060750258002023,060750258002,37.7184557,-122.3990811
060750258002020,060750258002,37.7186676,-122.3994886
060750258002021,060750258002,37.7187031,-122.3992039
060750234002008,060750234002,37.7188996,-122.3917716
060750234002011,060750234002,37.7190645,-122.3888305
060750234002012,060750234002,37.7183373,-122.385429
060750234002007,060750234002,37.7195188,-122.3912183
060750234002014,060750234002,37.7193588,-122.3878154
060750234002015,060750234002,37.7200279,-122.3876234
060750234002006,060750234002,37.7201374,-122.3906638
060750234002013,060750234002,37.7205239,-122.3871473
060750234002005,060750234002,37.7207678,-122.3901101
060750234002004,060750234002,37.7213883,-122.3895399
060750610001012,060750610001,37.7195476,-122.396214
060750610001013,060750610001,37.719844,-122.3967896
060750234001026,060750234001,37.7199567,-122.3936342
060750234001024,060750234001,37.7202356,-122.3957672
060750233001021,060750233001,37.7205993,-122.3968524
060750234001027,060750234001,37.7205744,-122.3930787
060750234001025,060750234001,37.72061,-122.3964496
060750234001022,060750234001,37.7209103,-122.3953159
060750234001028,060750234001,37.721192,-122.3925214
060750234001023,060750234001,37.721343,-122.3961142
060759806001050,060759806001,37.7208268,-122.3704506
060759806001054,060759806001,37.7211307,-122.3719823
060750234002017,060750234002,37.7211935,-122.3842604
060759806001065,060759806001,37.7218368,-122.3710241
060759806001049,060759806001,37.7220315,-122.3727354
060750234002002,060750234002,37.7222004,-122.3859721
060759806001051,060759806001,37.7228115,-122.36976
060759806001023,060759806001,37.7231655,-122.3685424
060750234002016,060750234002,37.7215848,-122.3865287
060750234001015,060750234001,37.7218172,-122.3919582
060750234002003,060750234002,37.7220129,-122.3889754
060750234001014,060750234001,37.7224448,-122.3914008
060750234002001,060750234002,37.7229472,-122.3881248
060750234001013,060750234001,37.7230687,-122.3908363
060750234001012,060750234001,37.7236977,-122.3902722
060750234001007,060750234001,37.724324,-122.3897102
060750234001009,060750234001,37.724759,-122.3921416
060750234001006,060750234001,37.7249461,-122.3891463
060750264042006,060750264042,37.7084099,-122.4145807
060750264042007,060750264042,37.7085952,-122.4132045
060750264042008,060750264042,37.7090405,-122.41256
060750264042004,060750264042,37.7091694,-122.4153173
060750264042002,060750264042,37.7095201,-122.4140175
060750264042000,060750264042,37.710039,-122.4121489
060750264042001,060750264042,37.7102667,-122.4129138
060750264042003,060750264042,37.7103426,-122.4144478
060750264041000,060750264041,37.711108,-122.413654
060750264011010,060750264011,37.7120574,-122.4133254
060750264031008,060750264031,37.7087571,-122.4067875
060750264031002,060750264031,37.7102621,-122.4069237
060750264031003,060750264031,37.7105194,-122.4078277
060750264031004,060750264031,37.7107716,-122.4087356
060750264032008,060750264032,37.7116073,-122.4064026
060750264032009,060750264032,37.7118767,-122.4072231
060750264012009,060750264012,37.7121344,-122.4081264
060750264012006,060750264012,37.7131738,-122.4082703
060750264012007,060750264012,37.7138514,-122.4079803
060750264012008,060750264012,37.714528,-122.4076867
060750264031007,060750264031,37.7091629,-122.4097639
060750264031005,060750264031,37.7110269,-122.4096349
060750264031006,060750264031,37.7112788,-122.4105394
060750264011009,060750264011,37.7115352,-122.4114608
060750264012005,060750264012,37.7125058,-122.4094863
060750264011008,060750264011,37.7128829,-122.4108613
060750264011007,060750264011,37.7131388,-122.4117947
060750264012004,060750264012,37.7137468,-122.4103996
060750264012003,060750264012,37.714426,-122.4101093
060750264012002,060750264012,37.7151082,-122.4098162
060750264012001,060750264012,37.7157885,-122.409532
060750264023006,060750264023,37.7163434,-122.4094375
060750264023007,060750264023,37.7164953,-122.4101275
060759805011010,060759805011,37.7171172,-122.41059
060759805011012,060759805011,37.7190006,-122.4107886
060759805011011,060759805011,37.719475,-122.4089801
060750259002013,060750259002,37.7197928,-122.4107385
060750259002010,060750259002,37.72005,-122.4097541
060750259002012,060750259002,37.7209683,-122.411237
060750259002011,060750259002,37.7212514,-122.4102643
060750264011011,060750264011,37.7125803,-122.4151853
060750264011006,060750264011,37.7133958,-122.4127303
060750264011005,060750264011,37.7136524,-122.413665
060750264011004,060750264011,37.7139083,-122.4145933
060750264011003,060750264011,37.7142733,-122.4153112
060750264011000,060750264011,37.7143416,-122.4126043
060750264011001,060750264011,37.7148959,-122.4146155
060759805011006,060759805011,37.7184334,-122.4129153
060759805011000,060759805011,37.7210518,-122.4135725
060750259001011,060750259001,37.7240679,-122.4146964
060750259002007,060750259002,37.7214995,-122.4092629
060750259002006,060750259002,37.7221865,-122.411729
060750259002005,060750259002,37.7224437,-122.4107438
060750259002004,060750259002,37.7227019,-122.4097592
060750259001008,060750259001,37.7241573,-122.4092722
060750259001006,060750259001,37.7234533,-122.4105033
060750259001007,060750259001,37.7253546,-122.4097705
060750259001001,060750259001,37.7268625,-122.4116645
060750257023003,060750257023,37.7268128,-122.409282
060750259001000,060750259001,37.727757,-122.4107635
060750259002003,060750259002,37.7229584,-122.4087744
060750259002002,060750259002,37.7232285,-122.407794
060750259002001,060750259002,37.7237481,-122.4069143
060750257023009,060750257023,37.7244138,-122.4082844
060750257023010,060750257023,37.7246693,-122.4072977
060750257023008,060750257023,37.7256127,-122.4087845
060750257023007,060750257023,37.7258705,-122.407799
060750257023006,060750257023,37.7261296,-122.4068122
060750257023004,060750257023,37.7270704,-122.4082967
060750257023005,060750257023,37.7273291,-122.4073087
060750259001005,060750259001,37.7243259,-122.413712
060750259001002,060750259001,37.726813,-122.4148053
060750256002009,060750256002,37.7279278,-122.4152034
060750257013007,060750257013,37.7281862,-122.4142155
060750257013008,060750257013,37.7284439,-122.4132303
060750257013009,060750257013,37.7287012,-122.412245
060750257013006,060750257013,37.7290827,-122.4145789
060750257013005,060750257013,37.7293814,-122.4136037
060750257013004,060750257013,37.7296891,-122.4126407
060750257011004,060750257011,37.7300737,-122.4151507
060750257023002,060750257023,37.7280147,-122.409778
060750257013010,060750257013,37.7289589,-122.4112597
060750257013011,060750257013,37.7293455,-122.4097818
060750257013003,060750257013,37.7299968,-122.4116774
060750257013002,060750257013,37.7303027,-122.4107157
060750257013001,060750257013,37.7305912,-122.4097486
060750257012047,060750257012,37.7308235,-122.4117274
060750257012046,060750257012,37.7314352,-122.4119243
060750257012042,060750257012,37.7314461,-122.4098522
060750257012043,060750257012,37.731995,-122.4100758
060750257023001,060750257023,37.7282725,-122.408793
060750257023000,060750257023,37.7285306,-122.4078057
060750257022023,060750257022,37.7287884,-122.4068203
060750257013012,060750257013,37.7297318,-122.4083024
060750257022016,060750257022,37.7299897,-122.4073171
060750257013000,060750257013,37.7308685,-122.4087689
060750257022015,060750257022,37.7311454,-122.4077918
060750257022014,060750257022,37.7314205,-122.4068152
060750257012041,060750257012,37.7320247,-122.4079674
060750257012038,060750257012,37.7325618,-122.4082286
060750234001020,060750234001,37.721588,-122.3948689
060750233001020,060750233001,37.7216916,-122.396503
060750234001021,060750234001,37.7220652,-122.3957925
060750234001018,060750234001,37.7222757,-122.3944165
060750234001019,060750234001,37.7228314,-122.3954525
060750234001016,060750234001,37.7229653,-122.3939673
060750234001017,060750234001,37.723597,-122.3951079
060750234001010,060750234001,37.7240127,-122.3932814
060750234001011,060750234001,37.7247251,-122.3945905
060750234001004,060750234001,37.7258557,-122.3940734
060759806001064,060759806001,37.7232065,-122.371513
060759806001048,060759806001,37.7232447,-122.3731374
060750234002000,060750234002,37.723326,-122.3863437
060759806001024,060759806001,37.7234273,-122.3671999
060759806001044,060759806001,37.7234723,-122.364479
060759806001040,060759806001,37.7227508,-122.3624562
060759806001025,060759806001,37.7237686,-122.3658925
060750232002008,060750232002,37.7247697,-122.3834142
060759806001042,060759806001,37.7252933,-122.3627763
060750234001002,060750234001,37.7259476,-122.3932948
060750233001002,060750233001,37.7254482,-122.3957902
060750234001003,060750234001,37.7266099,-122.3937357
060750234001000,060750234001,37.726941,-122.3926448
060750233001026,060750233001,37.7272509,-122.3948548
060750234001001,060750234001,37.7273567,-122.3934012
060750233001024,060750233001,37.7274552,-122.393657
060750233001025,060750233001,37.7280711,-122.3932537
060750232001018,060750232001,37.72812,-122.3930599
060750233001001,060750233001,37.7281366,-122.3947583
060750234001008,060750234001,37.7253854,-122.3915716
060750232002007,060750232002,37.7255722,-122.3885842
060750234001005,060750234001,37.7260133,-122.3910181
060750232002006,060750232002,37.7261993,-122.388019
060750232001016,060750232001,37.7266333,-122.3904543
060750232002005,060750232002,37.7268259,-122.3874571
060750232001015,060750232001,37.7272577,-122.3898902
060750232002004,060750232002,37.7274498,-122.3868963
060750232001017,060750232001,37.7276302,-122.3921957
060750232001008,060750232001,37.7278851,-122.3893291
060750232002009,060750232002,37.7259531,-122.3825933
060759806001045,060759806001,37.7259822,-122.3633536
060750232002019,060750232002,37.7261477,-122.3796042
060759806001039,060759806001,37.72636,-122.3614184
060759806001027,060759806001,37.7263872,-122.3650606
060750232002010,060750232002,37.7265807,-122.3820322
060759806001041,060759806001,37.7267528,-122.3598391
060750232002018,060750232002,37.7267753,-122.3790446
060759806001014,060759806001,37.7268878,-122.3718931
060759806001037,060759806001,37.7269399,-122.3630299
060759806001043,060759806001,37.727012,-122.3586997
060750232002016,060750232002,37.7270155,-122.3844649
060759806001063,060759806001,37.7270942,-122.3673512
060750232002020,060750232002,37.727099,-122.3812859
060759806001057,060759806001,37.7272721,-122.3784954
060759806001026,060759806001,37.7274518,-122.3649728
060759806001016,060759806001,37.7272518,-122.3698282
060759806001038,060759806001,37.7272667,-122.361076
060750232002015,060750232002,37.7275505,-122.3805793
060759806001015,060759806001,37.7275752,-122.3669263
060750232002011,060750232002,37.7276402,-122.3822094
060750232002017,060750232002,37.7276422,-122.3839026
060759806001017,060759806001,37.7277181,-122.3707047
060759806001035,060759806001,37.7277737,-122.3632011
060759806001018,060759806001,37.7278087,-122.3692141
060750232002003,060750232002,37.7280764,-122.3863341
060759806001013,060759806001,37.728029,-122.3729417
060750232002014,060750232002,37.7281402,-122.381268
060750232002012,060750232002,37.7282685,-122.3833409
060759806001022,060759806001,37.7283273,-122.3701484
060759806001034,060759806001,37.7284161,-122.3655485
060759806001012,060759806001,37.728379,-122.3719181
060759806001062,060759806001,37.728429,-122.3686555
060759806001036,060759806001,37.7285728,-122.3631633
060759806001032,060759806001,37.7286573,-122.3630273
060750232002002,060750232002,37.7287019,-122.3857693
060750231032016,060750231032,37.7287708,-122.3748188
060750232002013,060750232002,37.7288947,-122.3827787
060759806001011,060759806001,37.7289083,-122.3714674
060759806001021,060759806001,37.7289459,-122.3695909
060750233001000,060750233001,37.7288772,-122.3939673
060750232001012,060750232001,37.7288742,-122.392768
060750232001011,060750232001,37.7290835,-122.3925619
060750232001006,060750232001,37.7296144,-122.392253
060750232001007,060750232001,37.7296667,-122.3924905
060750230032005,060750230032,37.7300532,-122.392928
060750230032006,060750230032,37.7301633,-122.3938707
060750230032007,060750230032,37.7302904,-122.3947686
060750232001014,060750232001,37.7303644,-122.3922466
060750230032008,060750230032,37.7304212,-122.3957287
060750232001013,060750232001,37.7283106,-122.3917434
060750232001009,060750232001,37.7285104,-122.3887653
060750232001005,060750232001,37.7289428,-122.391198
060750232001010,060750232001,37.7291368,-122.3882021
060750232001004,060750232001,37.7295696,-122.3906353
060750232003011,060750232003,37.7297621,-122.3876372
060750232001003,060750232001,37.7301955,-122.3900726
060750232001002,060750232001,37.7303116,-122.3918618
060750232003008,060750232003,37.7303872,-122.3870731
060750232003010,060750232003,37.7308215,-122.3895095
060750258002016,060750258002,37.7203718,-122.3996372
060750258002015,060750258002,37.7203933,-122.3999316
060750258002009,060750258002,37.7204136,-122.4001744
060750233001017,060750233001,37.7208009,-122.3985552
060750233001019,060750233001,37.7208723,-122.397533
060750258002017,060750258002,37.7209532,-122.3998829
060750258002010,060750258002,37.7209895,-122.4001595
060750233001018,060750233001,37.7211687,-122.3997602
060750258002006,060750258002,37.7213312,-122.3999916
060750258002007,060750258002,37.7214763,-122.4003077
060750259003007,060750259003,37.719063,-122.4037782
060750264021001,060750264021,37.7190688,-122.4062694
060750259003004,060750259003,37.7198794,-122.4052183
060750259003002,060750259003,37.7200374,-122.4042743
060750259003005,060750259003,37.7202503,-122.4060019
060750259003003,060750259003,37.720638,-122.4045136
060750258001003,060750258001,37.7228007,-122.4043212
060750259002000,060750259002,37.7235645,-122.4060856
060750258001002,060750258001,37.7239958,-122.4048325
060750258001001,060750258001,37.7242472,-122.4038455
060750258001006,060750258001,37.7215973,-122.4038201
060750258001007,060750258001,37.7218506,-122.4028386
060750258002011,060750258002,37.7217753,-122.4006323
060750258002028,060750258002,37.7221063,-122.4018586
060750258002002,060750258002,37.7227864,-122.4012909
060750258002003,060750258002,37.7227398,-122.4008086
060750258002000,060750258002,37.7230545,-122.4006823
060750258001004,060750258001,37.7230479,-122.4033379
060750258001005,060750258001,37.7233048,-122.4023583
060750258002001,060750258002,37.7235164,-122.4011452
060750233001013,060750233001,37.7218347,-122.3972599
060750258002004,060750258002,37.7218923,-122.4004567
060750233001014,060750233001,37.7219846,-122.3977709
060750258002005,060750258002,37.7220095,-122.4002466
060750233001015,060750233001,37.722089,-122.3983373
060750233001016,060750233001,37.722268,-122.3991142
060750233001011,060750233001,37.7226571,-122.3998484
060750233001012,060750233001,37.723232,-122.4004133
060750233001003,060750233001,37.725473,-122.3990042
060750233001004,060750233001,37.7271356,-122.3982136
060750258001000,060750258001,37.7245057,-122.402854
060750257021013,060750257021,37.7245756,-122.4015526
060750257021012,060750257021,37.7245981,-122.4012897
060750257021014,060750257021,37.7245733,-122.4020021
060750257021008,060750257021,37.7257041,-122.4033508
060750257021009,060750257021,37.7259213,-122.4025518
060750257021010,060750257021,37.7260213,-122.4021023
060750257021011,060750257021,37.726144,-122.4018175
060750257021002,060750257021,37.727115,-122.4030342
060750257021001,060750257021,37.7272508,-122.4025832
060750257023011,060750257023,37.7249281,-122.4063136
060750257021006,060750257021,37.7251879,-122.4053287
060750257021007,060750257021,37.7254455,-122.4043435
060750257021005,060750257021,37.7263862,-122.4058267
060750257021004,060750257021,37.7266449,-122.4048421
060750257021003,060750257021,37.7269037,-122.4038476
060750257022022,060750257022,37.7277165,-122.405828
060750257022021,060750257022,37.7281033,-122.4043439
060750257022018,060750257022,37.7290459,-122.4058347
060750257022020,060750257022,37.7290244,-122.403841
060750233001007,060750233001,37.7277127,-122.3979462
060750233001005,060750233001,37.727957,-122.3973355
060750233001008,060750233001,37.7280061,-122.4001786
060750233001006,060750233001,37.7287088,-122.3975302
060750233001009,060750233001,37.7294373,-122.3970373
060750233001010,060750233001,37.7294698,-122.3991601
060750230031011,060750230031,37.7306748,-122.3974651
060750230031010,060750230031,37.7308042,-122.398361
060750230031009,060750230031,37.7309956,-122.3994273
060750230031008,060750230031,37.7320102,-122.3972376
060750257021000,060750257021,37.7273604,-122.4022226
060750230013009,060750230013,37.7279497,-122.4020897
060750230013008,060750230013,37.7286074,-122.4020767
060750230013007,060750230013,37.7294129,-122.4019867
060750230013004,060750230013,37.730053,-122.4014867
060750257022009,060750257022,37.7294921,-122.4032448
060750230013006,060750230013,37.7302753,-122.40304
060750257022008,060750257022,37.7303408,-122.4034306
060750230013005,060750230013,37.7306492,-122.4027082
060750257022019,060750257022,37.729306,-122.4048435
060750257022005,060750257022,37.7298265,-122.4037491
060750257022017,060750257022,37.730247,-122.4063314
060750257022012,060750257022,37.7305072,-122.4053381
060750257022006,060750257022,37.73146,-122.4043418
060750257022010,060750257022,37.7313708,-122.4048851
060750257022013,060750257022,37.7316975,-122.4058352
060750257012040,060750257012,37.7325249,-122.4063258
060750257022011,060750257022,37.7333598,-122.4059435
060750257022004,060750257022,37.7334256,-122.405676
060750230013002,060750230013,37.7307176,-122.4007888
060750230013003,060750230013,37.7318189,-122.4010606
060750230013001,060750230013,37.7322968,-122.4029097
060750230013000,060750230013,37.7329718,-122.401198
060750230012006,060750230012,37.7338951,-122.4010871
060750230011041,060750230011,37.7341546,-122.4031794
060750230011042,060750230011,37.7343757,-122.4025187
060750230011043,060750230011,37.7351893,-122.4023343
060750230011031,060750230011,37.7354657,-122.4032257
060750230011029,060750230011,37.7364551,-122.4009878
060750231032018,060750231032,37.7289859,-122.3813038
060759806001019,060759806001,37.7290266,-122.3680193
060759806001033,060759806001,37.729192,-122.36307
060759806001010,060759806001,37.7291975,-122.3710751
060759806001029,060759806001,37.729331,-122.3637512
060750232002001,060750232002,37.7293269,-122.3852053
060750231032015,060750231032,37.7294599,-122.3737799
060759806001028,060759806001,37.7292561,-122.3654251
060759806001031,060759806001,37.729639,-122.3605825
060750231032017,060750231032,37.729651,-122.3789393
060759806001030,060759806001,37.7298593,-122.362842
060759806001020,060759806001,37.7300038,-122.3677699
060750232002000,060750232002,37.7299519,-122.3846413
060759806001005,060759806001,37.7301359,-122.3670291
060759806001002,060759806001,37.7304157,-122.3636226
060750231032007,060750231032,37.7306318,-122.3771527
060750231032011,060750231032,37.7307167,-122.3726676
060759806001001,060759806001,37.7309467,-122.3644803
060750231021005,060750231021,37.7312332,-122.3797263
060750231022004,060750231022,37.7314825,-122.3844109
060750231021007,060750231021,37.7314592,-122.3803922
060750231032006,060750231032,37.7316184,-122.3761093
060759806001008,060759806001,37.7319507,-122.370225
060750231032010,060750231032,37.731779,-122.374542
060750231022005,060750231022,37.7318837,-122.3829687
060750231032002,060750231032,37.7319647,-122.3715897
060750231021006,060750231021,37.7322839,-122.3820062
060750231032008,060750231032,37.7321344,-122.3786949
060759806001003,060759806001,37.7312255,-122.3680879
060750232003007,060750232003,37.7310117,-122.3865087
060750232001000,060750232001,37.7309919,-122.3914359
060750232001001,060750232001,37.7312445,-122.3919387
060750232003009,060750232003,37.7314479,-122.3889466
060750230032004,060750230032,37.7316096,-122.3922149
060750232003004,060750232003,37.7316955,-122.3910209
060750232003005,060750232003,37.732031,-122.3916636
060750232003006,060750232003,37.7320751,-122.388384
060750232003002,060750232003,37.7324004,-122.3906022
060750231022007,060750231022,37.7326949,-122.3878272
060750230031013,060750230031,37.7305643,-122.3966248
060750230032009,060750230032,37.7314162,-122.3956148
060750230031012,060750230031,37.731593,-122.3965773
060750230032003,060750230032,37.7316718,-122.3930019
060750230032002,060750230032,37.731798,-122.3938868
060750230032001,060750230032,37.7319279,-122.3948123
060750230031016,060750230031,37.7325823,-122.3953136
060750230032000,060750230032,37.7329954,-122.3933418
060750230031015,060750230031,37.7333266,-122.3947633
060750612002017,060750612002,37.7334481,-122.392543
060759806001009,060759806001,37.7327423,-122.3695723
060750231032003,060750231032,37.7327194,-122.3731704
060750231032004,060750231032,37.7327891,-122.3752352
060750231032005,060750231032,37.7327633,-122.3762223
060750179021077,060750179021,37.732846,-122.3744548
060750231022003,060750231022,37.7329752,-122.3855128
060750231032009,060750231032,37.7331278,-122.377207
060750231032001,060750231032,37.7331452,-122.3708425
060750179021076,060750179021,37.7331529,-122.3751664
060750231021014,060750231021,37.7332242,-122.3805132
060750231021013,060750231021,37.7332743,-122.3847725
060750179021078,060750179021,37.7333137,-122.3738999
060750179021071,060750179021,37.7333287,-122.3703746
060759806001004,060759806001,37.7333668,-122.3690131
060750231022002,060750231022,37.7334558,-122.3855741
060750231032012,060750231032,37.7336672,-122.3761834
060750179021075,060750179021,37.7337622,-122.374677
060750231032000,060750231032,37.7338673,-122.3719034
060750179021072,060750179021,37.7339001,-122.369955
060750179021069,060750179021,37.7339107,-122.3733
060750232003003,060750232003,37.7328288,-122.3913844
060750232003001,060750232003,37.7331077,-122.3901822
060750231022006,060750231022,37.7333181,-122.387264
060750232003000,060750232003,37.7336189,-122.3911082
060750612001029,060750612001,37.733759,-122.3896964
060750612002015,060750612002,37.734202,-122.3920993
060750231022001,060750231022,37.7342552,-122.3866654
060750612001027,060750612001,37.734453,-122.390633
060750612001028,060750612001,37.7344077,-122.390832
060750612001025,060750612001,37.7345159,-122.3893451
060759806001006,060759806001,37.7339929,-122.3684512
060750231021008,060750231021,37.7340648,-122.3837721
060750231021012,060750231021,37.734327,-122.3852597
060750231032013,060750231032,37.7342667,-122.3756039
060750231022000,060750231022,37.7337185,-122.3855453
060750179021070,060750179021,37.7344304,-122.3724266
060750179021073,060750179021,37.7345212,-122.3693893
060750179021064,060750179021,37.7347119,-122.3714872
060750179021068,060750179021,37.7346084,-122.3744418
060759806001007,060759806001,37.734843,-122.3676838
060750230031014,060750230031,37.7336134,-122.3955397
060750230031004,060750230031,37.7345298,-122.3970938
060750612002016,060750612002,37.7338337,-122.392319
060750230031005,060750230031,37.7339174,-122.3964176
060750230031006,060750230031,37.7342682,-122.3945105
060750230031001,060750230031,37.7357195,-122.3959133
060750230031007,060750230031,37.735092,-122.3940871
060750612002005,060750612002,37.7358839,-122.3934369
060750230031000,060750230031,37.7363198,-122.3958726
060750612002004,060750612002,37.7365068,-122.3928693
060750257011005,060750257011,37.7302538,-122.4144734
060750257011006,060750257011,37.7304745,-122.4138238
060750257011007,060750257011,37.7306964,-122.4131791
060750257012045,060750257012,37.7320462,-122.4121253
060750257012050,060750257012,37.7333653,-122.4120882
060750254032001,060750254032,37.7330359,-122.414146
060750254032000,060750254032,37.7336861,-122.4121222
060750254032002,060750254032,37.7341083,-122.4133539
060750254023019,060750254023,37.7352291,-122.4120857
060750254022011,060750254022,37.7352619,-122.4127065
060750257012044,060750257012,37.7325477,-122.4102972
060750257012032,060750257012,37.733173,-122.4105399
060750257012033,060750257012,37.7332612,-122.411651
060750257012034,060750257012,37.7340304,-122.4102648
060750257012049,060750257012,37.7344817,-122.4101947
060750254032003,060750254032,37.7344245,-122.412101
060750257012035,060750257012,37.7346631,-122.4088568
060750254023020,060750254023,37.7348305,-122.4102819
060750254023014,060750254023,37.7350612,-122.4105964
060750254023021,060750254023,37.7350958,-122.4095726
060750257012039,060750257012,37.7330561,-122.4066059
060750257012037,060750257012,37.7331029,-122.4084884
060750257012036,060750257012,37.7335899,-122.4068878
060750257012031,060750257012,37.7340992,-122.4071654
060750257012029,060750257012,37.73417,-122.4085535
060750257012048,060750257012,37.7343737,-122.408896
060750257012030,060750257012,37.7345618,-122.4075497
060750257022002,060750257022,37.7346556,-122.4067149
060750257022001,060750257022,37.7349208,-122.4066023
060750257012025,060750257012,37.7349804,-122.4075404
060750257012024,060750257012,37.7349772,-122.4078684
060750257012022,060750257012,37.7350513,-122.4085104
060750257012026,060750257012,37.7351745,-122.4070366
060750257012014,060750257012,37.7352428,-122.4067714
060750257012015,060750257012,37.7353122,-122.4065167
060750257012023,060750257012,37.7353369,-122.4078202
060750257012017,060750257012,37.7353721,-122.407083
060750257012019,060750257012,37.7354751,-122.4075224
060750257012005,060750257012,37.7355003,-122.4069141
060750257012020,060750257012,37.7356858,-122.4078343
060750257012021,060750257012,37.7356249,-122.4082964
060750257012018,060750257012,37.7356452,-122.4073429
060750257012016,060750257012,37.7358075,-122.4077392
060750257012007,060750257012,37.7358306,-122.4071567
060750257012009,060750257012,37.735874,-122.4075411
060750257012013,060750257012,37.7359112,-122.4085204
060750257012006,060750257012,37.7360002,-122.407189
060750254023011,060750254023,37.7360555,-122.408783
060750257012012,060750257012,37.7360711,-122.4083255
060750257012027,060750257012,37.7351511,-122.4090171
060750254023018,060750254023,37.7353026,-122.4114833
060750254023015,060750254023,37.7352993,-122.4103441
060750254023013,060750254023,37.7353557,-122.4094918
060750254023012,060750254023,37.7354572,-122.409657
060750257012028,060750257012,37.7356489,-122.4088445
060750254023006,060750254023,37.7361513,-122.4102688
060750254023007,060750254023,37.7362703,-122.409218
060750254023008,060750254023,37.7362625,-122.408999
060750254023017,060750254023,37.736358,-122.4113621
060750254022010,060750254022,37.7352958,-122.4133267
060750254022009,060750254022,37.7353296,-122.4139492
060750254021013,060750254021,37.7353624,-122.414572
060750254021012,060750254021,37.735396,-122.4151912
060750254022006,060750254022,37.7364285,-122.4126015
060750254022007,060750254022,37.7364637,-122.413221
060750254022008,060750254022,37.7364991,-122.4138437
060750254021006,060750254021,37.7365352,-122.4144662
060750254021007,060750254021,37.7365704,-122.415084
060750254022005,060750254022,37.7376398,-122.412492
060750257012010,060750257012,37.7361233,-122.4077155
060750254023010,060750254023,37.7362835,-122.4085917
060750257012011,060750257012,37.7364148,-122.4081114
060750257012000,060750257012,37.7364561,-122.4068934
060750257012004,060750257012,37.7370005,-122.4079524
060750257012003,060750257012,37.7369126,-122.4076462
060750254023009,060750254023,37.7369307,-122.4085212
060750257012002,060750257012,37.7370759,-122.4073646
060750230011045,060750230011,37.7371366,-122.4068028
060750257012001,060750257012,37.7378152,-122.4072945
060750254023016,060750254023,37.7363928,-122.4119818
060750254023005,060750254023,37.7375245,-122.4106295
060750254023004,060750254023,37.7375697,-122.4112495
060750254023003,060750254023,37.7376048,-122.4118714
060750251003036,060750251003,37.7380466,-122.409115
060750251003038,060750251003,37.7385155,-122.4099176
060750254023000,060750254023,37.7389574,-122.4104978
060750254023001,060750254023,37.739001,-122.4111173
060750254023002,060750254023,37.7390235,-122.4117376
060750251003035,060750251003,37.7392838,-122.4092261
060750254022004,060750254022,37.737674,-122.4131113
060750254022003,060750254022,37.73771,-122.4137337
060750254021005,060750254021,37.7377451,-122.4143574
060750254021004,060750254021,37.7377792,-122.4149748
060750254021000,060750254021,37.7386354,-122.4142672
060750254022002,060750254022,37.7386431,-122.4136438
060750254021001,060750254021,37.7386534,-122.4148975
060750254022001,060750254022,37.7387165,-122.4129952
060750254022000,060750254022,37.7388922,-122.4123614
060750252003016,060750252003,37.739616,-122.4142954
060750230031003,060750230031,37.7323525,-122.3981756
060750230031002,060750230031,37.7327644,-122.3989012
060750230012007,060750230012,37.7331854,-122.3996275
060750230012005,060750230012,37.7343181,-122.4004866
060750230012004,060750230012,37.7345956,-122.3996158
060750230012008,060750230012,37.7347842,-122.3986496
060750230012003,060750230012,37.7353814,-122.3989075
060750230012002,060750230012,37.7358475,-122.3992724
060750230012001,060750230012,37.736286,-122.3978515
060750230012000,060750230012,37.7368841,-122.397082
060750257022007,060750257022,37.7335451,-122.4053323
060750230011046,060750230011,37.7337667,-122.4047963
060750230011040,060750230011,37.733887,-122.404033
060750257022003,060750257022,37.7344929,-122.4063154
060750257022000,060750257022,37.7347329,-122.4061052
060750230011044,060750230011,37.7350357,-122.4058039
060750230011038,060750230011,37.7350102,-122.4050681
060750230011039,060750230011,37.7352528,-122.4041274
060750230011036,060750230011,37.7354721,-122.405982
060750230011037,060750230011,37.7357553,-122.4051785
060750230011035,060750230011,37.7359411,-122.4061491
060750230011034,060750230011,37.7361042,-122.4052398
060750230011032,060750230011,37.7362345,-122.4041316
060750230011033,060750230011,37.7363304,-122.4043245
060750230011018,060750230011,37.737232,-122.4062522
060750230011016,060750230011,37.7373537,-122.4052988
060750230011011,060750230011,37.7375355,-122.4043596
060750230011019,060750230011,37.7381432,-122.4062976
060750230011017,060750230011,37.7384169,-122.4053289
060759809001125,060759809001,37.7386017,-122.4061646
060750230011027,060750230011,37.736688,-122.4029372
060750230011025,060750230011,37.7367412,-122.4032465
060750230011015,060750230011,37.7370207,-122.4035168
060750230011028,060750230011,37.7371164,-122.4023753
060750230011013,060750230011,37.7372202,-122.4025082
060750230011026,060750230011,37.7376831,-122.4017729
060750230011014,060750230011,37.737691,-122.4032026
060750230011009,060750230011,37.7377786,-122.4017953
060750230011010,060750230011,37.7383114,-122.4027473
060750230011005,060750230011,37.7383261,-122.4011582
060750230011030,060750230011,37.7369762,-122.3986496
060750230011023,060750230011,37.7374868,-122.3978795
060750230011020,060750230011,37.7378068,-122.400162
060750230011024,060750230011,37.7380009,-122.3971624
060750230011022,060750230011,37.7384234,-122.3995787
060750230011004,060750230011,37.7390485,-122.3990093
060750230011002,060750230011,37.7392529,-122.4002877
060750230011003,060750230011,37.7395838,-122.3999417
060750230011001,060750230011,37.7396111,-122.4002814
060759809001109,060759809001,37.7396751,-122.3984497
060750251003037,060750251003,37.7378431,-122.4082721
060750251003047,060750251003,37.737865,-122.4079491
060750251003044,060750251003,37.7380969,-122.4075259
060750251003045,060750251003,37.7381389,-122.4071547
060750251003046,060750251003,37.7386581,-122.4071244
060750251003043,060750251003,37.7387926,-122.4069938
060750251003040,060750251003,37.7389224,-122.4078328
060750251003039,060750251003,37.7388714,-122.4080465
060759809001126,060759809001,37.7389226,-122.4066195
060750251003041,060750251003,37.738662,-122.4075165
060750230011006,060750230011,37.7387456,-122.4018589
060750230011021,060750230011,37.7389155,-122.4005479
060750230011008,060750230011,37.7391982,-122.4010218
060750230011007,060750230011,37.7391838,-122.4025804
060759809001114,060759809001,37.7394469,-122.4027414
060759809001086,060759809001,37.7398055,-122.403637
060759809001087,060759809001,37.7403761,-122.4036675
060759809001088,060759809001,37.7407428,-122.4017659
060759809001089,060759809001,37.741908,-122.4023445
060759809001064,060759809001,37.742618,-122.4019494
060750230011012,060750230011,37.7386047,-122.404655
060759809001083,060759809001,37.7404544,-122.4046527
060759809001100,060759809001,37.7407296,-122.405879
060759809001101,060759809001,37.7402191,-122.4069393
060759809001084,060759809001,37.7424502,-122.4047455
060759809001085,060759809001,37.7426597,-122.4051969
060750251003027,060750251003,37.7435416,-122.4054222
060750251003026,060750251003,37.7437234,-122.4058684
060750251003024,060750251003,37.7440841,-122.4050397
060750251003025,060750251003,37.7442038,-122.4055071
060750230011000,060750230011,37.739806,-122.4003413
060759809001102,060759809001,37.7402072,-122.3993811
060759809001092,060759809001,37.7405059,-122.3991607
060759809001090,060759809001,37.7407518,-122.4003508
060759809001103,060759809001,37.7408263,-122.398825
060759809001091,060759809001,37.7413699,-122.399791
060759809001094,060759809001,37.7416763,-122.3980535
060759809001093,060759809001,37.7418808,-122.3979173
060759809001082,060759809001,37.7423011,-122.3989454
060759809001080,060759809001,37.7427743,-122.397127
060750251003042,060750251003,37.7392371,-122.4073462
060750251003028,060750251003,37.7415176,-122.4067879
060750251003029,060750251003,37.7401108,-122.4078653
060750251003030,060750251003,37.7415364,-122.40782
060750251002007,060750251002,37.7423528,-122.4084955
060750251003031,060750251003,37.74308,-122.4074341
060750251002005,060750251002,37.7440645,-122.4083205
060750251003022,060750251003,37.7440044,-122.4066797
060750251002006,060750251002,37.7442978,-122.4074939
060750251003021,060750251003,37.7444478,-122.4064292
060750612002009,060750612002,37.7348817,-122.391695
060750612001022,060750612001,37.7350127,-122.3885603
060750612001026,060750612001,37.7351955,-122.3905563
060750612002010,060750612002,37.7355853,-122.3912754
060750612001020,060750612001,37.7356688,-122.3881267
060750612001023,060750612001,37.7357734,-122.3898499
060750612001024,060750612001,37.7359889,-122.3902783
060750612001021,060750612001,37.736069,-122.3879235
060750612002011,060750612002,37.7362898,-122.3908557
060750612001018,060750612001,37.736476,-122.3894349
060750179021074,060750179021,37.7349867,-122.3684883
060750231032014,060750231032,37.7349533,-122.375342
060750179021065,060750179021,37.735012,-122.370613
060750231021009,060750231021,37.7352418,-122.3839899
060750231031005,060750231031,37.7353062,-122.3781944
060750179021067,060750179021,37.7354602,-122.3757403
060750231031004,060750231031,37.7354331,-122.3764841
060750231031006,060750231031,37.735733,-122.38143
060750231021011,060750231021,37.7358417,-122.3862529
060750231021010,060750231021,37.7359065,-122.3853342
060750231031007,060750231031,37.736084,-122.380167
060750231021002,060750231021,37.7360732,-122.3846124
060750179021004,060750179021,37.7353563,-122.3733155
060750231021004,060750231021,37.7365075,-122.386815
060750179021066,060750179021,37.736286,-122.3751003
060750231021001,060750231021,37.7371897,-122.3859322
060750231031001,060750231031,37.737651,-122.3767958
060750231021003,060750231021,37.7379106,-122.3861785
060750231031008,060750231031,37.7382948,-122.380156
060750231031003,060750231031,37.7380245,-122.372256
060750612001019,060750612001,37.7367843,-122.3900026
060750612002012,060750612002,37.7369941,-122.390443
060750612001016,060750612001,37.7371775,-122.389017
060750612001017,060750612001,37.7375639,-122.389729
060750612002013,060750612002,37.7376877,-122.3900311
060750612002002,060750612002,37.7377542,-122.3917432
060750612001014,060750612001,37.7378802,-122.3885986
060750612002014,060750612002,37.7383187,-122.3896552
060750612001015,060750612001,37.73835,-122.3894519
060750612002001,060750612002,37.7383849,-122.3911762
060750612002006,060750612002,37.7367094,-122.3948901
060750612002008,060750612002,37.7370771,-122.3959589
060750612002003,060750612002,37.7371257,-122.3923044
060750612002007,060750612002,37.7373914,-122.3956751
060759809001107,060759809001,37.7378542,-122.3952379
060759809001108,060759809001,37.7386242,-122.3965965
060759809001106,060759809001,37.7389087,-122.3934381
060759809001104,060759809001,37.7401239,-122.3961915
060759809001105,060759809001,37.740458,-122.3941985
060759809001095,060759809001,37.7412296,-122.397052
060750612001011,060750612001,37.7385708,-122.3881618
060750612002000,060750612002,37.7390086,-122.3906096
060750612001013,060750612001,37.7391389,-122.3891739
060750612001008,060750612001,37.7392021,-122.387617
060750612001012,060750612001,37.7393561,-122.388977
060759809001128,060759809001,37.7396585,-122.3901108
060750612001005,060750612001,37.7398274,-122.387054
060750612001009,060750612001,37.7398725,-122.3886654
060750612001010,060750612001,37.739927,-122.3888956
060759809001127,060759809001,37.7403633,-122.3896913
060750231021000,060750231021,37.738568,-122.383948
060750231031002,060750231031,37.7386177,-122.375089
060759809001139,060759809001,37.7394788,-122.3831508
060750179021005,060750179021,37.7395815,-122.3726922
060750179021080,060750179021,37.7396974,-122.3723605
060759809001138,060759809001,37.7398152,-122.3827956
060759809001134,060759809001,37.740676,-122.3809075
060759809001140,060759809001,37.741067,-122.3859465
060759809001136,060759809001,37.7414303,-122.3856448
060759809001135,060759809001,37.7419345,-122.3850656
060750612001004,060750612001,37.7404543,-122.3864924
060750612001006,060750612001,37.740551,-122.3882613
060750612001007,060750612001,37.7407136,-122.3886185
060759809001048,060759809001,37.7410659,-122.3892733
060750612001003,060750612001,37.7415,-122.3883411
060750612001001,060750612001,37.741632,-122.3876176
060759809001130,060759809001,37.7417684,-122.3888567
060750612001002,060750612001,37.7422954,-122.3880635
060750612001000,060750612001,37.7423293,-122.3872207
060759809001129,060759809001,37.742467,-122.388439
060759809001047,060759809001,37.7428413,-122.3920576
060759809001123,060759809001,37.7431595,-122.3880008
060759809001122,060759809001,37.7437337,-122.3876994
060759809001124,060759809001,37.7438277,-122.3891119
060759809001120,060759809001,37.7438873,-122.3875021
060759809001115,060759809001,37.7444584,-122.3885564
060759809001121,060759809001,37.7446534,-122.387239
060759809001046,060759809001,37.7448891,-122.3909723
060759809001116,060759809001,37.7454496,-122.3879652
060759809001045,060759809001,37.7455168,-122.3904064
060759809001096,060759809001,37.7421145,-122.3962351
060759809001097,060759809001,37.7425407,-122.3959988
060759809001098,060759809001,37.7427446,-122.395473
060759809001081,060759809001,37.7428249,-122.3970279
060759809001076,060759809001,37.7434372,-122.3965365
060759809001099,060759809001,37.7436426,-122.3950826
060759809001072,060759809001,37.7439657,-122.3960531
060759809001071,060759809001,37.7440335,-122.3961514
060759809001075,060759809001,37.7442514,-122.3955055
060759809001073,060759809001,37.7442256,-122.3957689
060750252003015,060750252003,37.7396229,-122.4136718
060750252003017,060750252003,37.7396374,-122.4149127
060750252003014,060750252003,37.739671,-122.4130518
060750252003013,060750252003,37.7398396,-122.412424
060750252003012,060750252003,37.7408344,-122.4123248
060750252003007,060750252003,37.7408649,-122.4129474
060750252003006,060750252003,37.7408951,-122.413567
060750252003005,060750252003,37.7409351,-122.4141844
060750252003004,060750252003,37.7409646,-122.4148089
060750252004004,060750252004,37.7409931,-122.4154307
060750251003034,060750251003,37.739321,-122.4098425
060750251003032,060750251003,37.7405027,-122.4091924
060750251003033,060750251003,37.740542,-122.410001
060750252003011,060750252003,37.7406054,-122.4116716
060750252003019,060750252003,37.7405919,-122.4108661
060750252003018,060750252003,37.7414586,-122.4109144
060750252003010,060750252003,37.7415655,-122.4116509
060750251002012,060750251002,37.7415432,-122.4099961
060750251002013,060750251002,37.7417135,-122.4104731
060750251002011,060750251002,37.741841,-122.4091336
060750252003000,060750252003,37.7419433,-122.411014
060750251002010,060750251002,37.7421437,-122.4100665
060750251002009,060750251002,37.7427246,-122.4096847
060750251002008,060750251002,37.7428081,-122.4090613
060750252002010,060750252002,37.743794,-122.4113001
060750251002004,060750251002,37.7438537,-122.4094374
060750251002003,060750251002,37.7446686,-122.4096254
060750252002011,060750252002,37.7447827,-122.4109184
060750251001025,060750251001,37.7452914,-122.4097056
060750251001019,060750251001,37.7460189,-122.4093213
060750252003009,060750252003,37.7415922,-122.4122654
060750252003008,060750252003,37.74162,-122.4128824
060750252004003,060750252004,37.7418747,-122.415351
060750252003001,060750252003,37.7419975,-122.4126177
060750252003002,060750252003,37.741988,-122.4140986
060750252003003,060750252003,37.7419588,-122.4147041
060750252002009,060750252002,37.7429941,-122.4138632
060750252002008,060750252002,37.7443371,-122.4138698
060750252002002,060750252002,37.7452883,-122.4126422
060750252002004,060750252002,37.7458957,-122.4146215
060750253001000,060750253001,37.7443509,-122.4170405
060750252004000,060750252004,37.7444355,-122.4154953
060750253001003,060750253001,37.7445023,-122.4188373
060750253001001,060750253001,37.7445838,-122.4176061
060750252002007,060750252002,37.7452924,-122.4155174
060750253001002,060750253001,37.745437,-122.4180011
060750252002006,060750252002,37.745747,-122.4160741
060750253004002,060750253004,37.7462988,-122.4187692
060750252002005,060750252002,37.7462319,-122.4161584
060750253004003,060750253004,37.7462611,-122.4181209
060750251002002,060750251002,37.7447717,-122.4082804
060750251002001,060750251002,37.7452188,-122.4078572
060750251002000,060750251002,37.7455376,-122.4083104
060750251001014,060750251001,37.7458375,-122.4063515
060750251001023,060750251001,37.7457902,-122.4071771
060750251001015,060750251001,37.7462389,-122.4068053
060750251001016,060750251001,37.7465036,-122.4073715
060750251001020,060750251001,37.7465789,-122.4085955
060750251001013,060750251001,37.7470039,-122.4072609
060750251001008,060750251001,37.7475268,-122.4083579
060750252002001,060750252002,37.7460294,-122.4120002
060750252002000,060750252002,37.7460915,-122.411039
060750251001021,060750251001,37.7468638,-122.4097805
060750252001004,060750252001,37.7470593,-122.4120623
060750251001022,060750251001,37.747274,-122.4103222
060750252001001,060750252001,37.7477967,-122.41097
060750251001017,060750251001,37.7478474,-122.4100668
060750251001010,060750251001,37.7480138,-122.4091976
060750252001000,060750252001,37.7483052,-122.411004
060750251001018,060750251001,37.7483244,-122.4100948
060750252002003,060750252002,37.7459543,-122.4138555
060750252001005,060750252001,37.7470362,-122.4150582
060750252001009,060750252001,37.7477287,-122.4142248
060750252001002,060750252001,37.7477295,-122.4125414
060750252001011,060750252001,37.7482128,-122.4153822
060750252001010,060750252001,37.7482365,-122.4143018
060750252001003,060750252001,37.7482717,-122.4125786
060750229012009,060750229012,37.7485889,-122.4131514
060750229013004,060750229013,37.7487481,-122.4154023
060750229013005,060750229013,37.7487589,-122.4143077
060750252001008,060750252001,37.7466887,-122.4171103
060750252001006,060750252001,37.7475787,-122.4170668
060750252001007,060750252001,37.748182,-122.4170367
060750209003005,060750209003,37.7486064,-122.4186607
060750209002004,060750209002,37.7487509,-122.4176409
060750209002005,060750209002,37.7486201,-122.4166681
060750209003000,060750209003,37.7498225,-122.4184985
060750209002003,060750209002,37.7498563,-122.4179291
060750209002002,060750209002,37.7498917,-122.4173862
060750209002001,060750209002,37.7499215,-122.4168602
060750251001005,060750251001,37.74778,-122.4062995
060750251001006,060750251001,37.7480998,-122.4070565
060750251001009,060750251001,37.7481908,-122.4084123
060750251001026,060750251001,37.7483546,-122.4083071
060750251001007,060750251001,37.7485771,-122.4073102
060750229033003,060750229033,37.7490186,-122.4082976
060750229033004,060750229033,37.749155,-122.4072826
060750229033002,060750229033,37.750429,-122.408431
060750229033001,060750229033,37.7504794,-122.4075082
060750229031004,060750229031,37.7520265,-122.4085835
060750263031013,060750263031,37.7082463,-122.4499377
060750263031012,060750263031,37.7085097,-122.4483274
060750263031009,060750263031,37.7087017,-122.4511968
060750263031008,060750263031,37.7090123,-122.4488622
060750263031007,060750263031,37.709589,-122.4492804
060750262003010,060750262003,37.7100038,-122.4510454
060750262003009,060750262003,37.7103595,-122.4503724
060750262002008,060750262002,37.7105273,-122.4485287
060750262002009,060750262002,37.7108627,-122.4491344
060750263031003,060750263031,37.7108945,-122.4470613
060750263032019,060750263032,37.7084344,-122.4426285
060750263032009,060750263032,37.7089277,-122.4416483
060750263032010,060750263032,37.7093861,-122.4403781
060750263032008,060750263032,37.7098121,-122.4422969
060750263032006,060750263032,37.7103736,-122.4416331
060750263032007,060750263032,37.7104392,-122.4425989
060750263032005,060750263032,37.7105104,-122.4411195
060750263032004,060750263032,37.7106468,-122.4406098
060750263032003,060750263032,37.7107779,-122.4400973
060750263013009,060750263013,37.7114375,-122.4426727
060750263032018,060750263032,37.7083636,-122.445154
060750263032017,060750263032,37.7087078,-122.4435066
060750263031011,060750263031,37.7087647,-122.4469268
060750263031004,060750263031,37.7089725,-122.4457885
060750263031006,060750263031,37.7092674,-122.4439527
060750263031005,060750263031,37.7098996,-122.4442324
060750263031002,060750263031,37.710054,-122.4469238
060750263031001,060750263031,37.7107769,-122.4447656
060750263013010,060750263013,37.7112755,-122.4433326
060750262002007,060750262002,37.7114384,-122.4471209
060750262003008,060750262003,37.71135,-122.4516214
060750262002004,060750262002,37.7113879,-122.4497884
060750262002010,060750262002,37.711726,-122.4507723
060750262002006,060750262002,37.7118825,-122.4477714
060750262002003,060750262002,37.7122499,-122.4500891
060750262002005,060750262002,37.7124091,-122.4484223
060750262002001,060750262002,37.7126737,-122.4494659
060750262002000,060750262002,37.7129252,-122.4498735
060750262002002,060750262002,37.7136576,-122.4493253
060750262001011,060750262001,37.7139369,-122.4478237
060750263031000,060750263031,37.7117969,-122.4451265
060750262001014,060750262001,37.7123733,-122.4457544
060750263012018,060750263012,37.7124449,-122.4439686
060750263012017,060750263012,37.7128369,-122.4432841
060750262001013,060750262001,37.712971,-122.4471578
060750262001008,060750262001,37.7133628,-122.444571
060750262001010,060750262001,37.7134328,-122.4464299
060750262001009,060750262001,37.7139484,-122.4458351
060750261002025,060750261002,37.7142974,-122.4434838
060750262001007,060750262001,37.7143937,-122.4452687
060750263013008,060750263013,37.7115846,-122.4421484
060750263013007,060750263013,37.7117216,-122.4416375
060750263013006,060750263013,37.7118598,-122.4411171
060750263013005,060750263013,37.7119935,-122.4406075
060750263013004,060750263013,37.7121328,-122.4400955
060750263012016,060750263012,37.7128904,-122.4423515
060750263012015,060750263012,37.7131566,-122.4413704
060750263012014,060750263012,37.7138335,-122.4404458
060750263012013,060750263012,37.7139384,-122.4427465
060750263012012,060750263012,37.7144351,-122.4418836
060750263021009,060750263021,37.7118578,-122.4367157
060750263013003,060750263013,37.712273,-122.4395811
060750263013002,060750263013,37.7124177,-122.4390738
060750263013001,060750263013,37.7125545,-122.4385638
060750263013000,060750263013,37.7129118,-122.4376798
060750263021008,060750263021,37.7127123,-122.4366158
060750263012009,060750263012,37.7138594,-122.4382163
060750263012010,060750263012,37.7140387,-122.4394201
060750263012006,060750263012,37.7142272,-122.4372364
060750263012007,060750263012,37.7143921,-122.4365889
060750262001006,060750262001,37.7147526,-122.4464666
060750261002022,060750261002,37.7147792,-122.4440637
060750262001005,060750262001,37.7149692,-122.4465599
060750262001004,060750262001,37.7152439,-122.447055
060750261002026,060750261002,37.7152654,-122.4456623
060750261002014,060750261002,37.7153145,-122.4447429
060750261002012,060750261002,37.7154046,-122.4456269
060750261002013,060750261002,37.715746,-122.4450194
060750262001003,060750262001,37.7157382,-122.4469412
060750261002011,060750261002,37.7159337,-122.4454844
060750263012008,060750263012,37.7147568,-122.4374027
060750263012003,060750263012,37.7149593,-122.4388681
060750263012004,060750263012,37.7151223,-122.438217
060750263011004,060750263011,37.7153191,-122.4369945
060750263012005,060750263012,37.7154914,-122.4390401
060750263011005,060750263011,37.7156582,-122.437829
060750263011006,060750263011,37.7159981,-122.4386642
060750263011007,060750263011,37.716338,-122.4394999
060750260041018,060750260041,37.7166564,-122.4371077
060750260041017,060750260041,37.7170037,-122.4379363
060750263012011,060750263012,37.7151948,-122.4411451
060750261002024,060750261002,37.7152672,-122.4424707
060750261002023,060750261002,37.7157562,-122.4430326
060750263012000,060750263012,37.7156951,-122.4405065
060750263012001,060750263012,37.715851,-122.4398421
060750263012002,060750263012,37.7162205,-122.4406592
060750263011008,060750263011,37.7166707,-122.4403196
060750261002016,060750261002,37.7167055,-122.4421295
060750261002019,060750261002,37.7168749,-122.4413136
060750261002017,060750261002,37.7172459,-122.4430792
060750263023015,060750263023,37.7085207,-122.4298166
060750263023022,060750263023,37.7085682,-122.4311086
060750263023014,060750263023,37.7089399,-122.4314299
060750263023013,060750263023,37.7089115,-122.43198
060750263023012,060750263023,37.7097713,-122.4307323
060750263022010,060750263022,37.7099177,-122.4315747
060750263023011,060750263023,37.7100104,-122.4301397
060750263022009,060750263022,37.7104881,-122.4321661
060750263022002,060750263022,37.7110305,-122.4327385
060750263023008,060750263023,37.7113319,-122.430944
060750263032016,060750263032,37.7085288,-122.4397037
060750263032015,060750263032,37.7086893,-122.4384871
060750263032011,060750263032,37.7089846,-122.4372902
060750263032012,060750263032,37.7091789,-122.4364068
060750263032013,060750263032,37.7096887,-122.4373719
060750263032014,060750263032,37.7105405,-122.4376368
060750263032002,060750263032,37.7108683,-122.4385766
060750263032001,060750263032,37.7107757,-122.4391321
060750263021012,060750263021,37.7111732,-122.4367985
060750263032000,060750263032,37.7115516,-122.4384852
060750263022013,060750263022,37.7081926,-122.4350819
060750263022012,060750263022,37.7088395,-122.4349018
060750263022011,060750263022,37.7089412,-122.4331842
060750263022008,060750263022,37.7095622,-122.4336175
060750263022006,060750263022,37.7097637,-122.4356193
060750263022007,060750263022,37.7101801,-122.4340496
060750263022005,060750263022,37.7104364,-122.4359922
060750263022004,060750263022,37.7107972,-122.434482
060750263022001,060750263022,37.7114855,-122.4334208
060750263021011,060750263021,37.7116741,-122.4345188
060750263021010,060750263021,37.7122025,-122.435074
060750263022000,060750263022,37.7122293,-122.4328497
060750263021002,060750263021,37.712777,-122.433997
060750263021007,060750263021,37.712798,-122.4356922
060750263021001,060750263021,37.7129169,-122.4332251
060750263021000,060750263021,37.7130393,-122.4332254
060750263021003,060750263021,37.7132967,-122.4341333
060750263021004,060750263021,37.7134943,-122.4356027
060750263021005,060750263021,37.7136579,-122.434952
060750263011000,060750263011,37.713968,-122.433665
060750263022003,060750263022,37.7118023,-122.4322669
060750263023009,060750263023,37.712117,-122.4310773
060750263023001,060750263023,37.7125347,-122.4307971
060750263023010,060750263023,37.7126384,-122.4324511
060750263023003,060750263023,37.7128693,-122.4324221
060750263023000,060750263023,37.7140278,-122.4293351
060750260042009,060750260042,37.7160065,-122.432141
060750260032009,060750260032,37.7169411,-122.4292622
060750260032010,060750260032,37.7172171,-122.4301451
060750260032011,060750260032,37.7175621,-122.4309657
060750263021006,060750263021,37.7140217,-122.4357622
060750263011001,060750263011,37.7142989,-122.4344941
060750263011002,060750263011,37.7146393,-122.4353293
060750260042010,060750260042,37.7149156,-122.432975
060750263011003,060750263011,37.7149784,-122.4361629
060750260042011,060750260042,37.7152644,-122.4338048
060750260042006,060750260042,37.7156123,-122.4346314
060750260042005,060750260042,37.7159604,-122.4354564
060750260042004,060750260042,37.7163084,-122.4362808
060750260042008,060750260042,37.7163914,-122.432942
060750260032007,060750260032,37.7163296,-122.4275143
060750260032008,060750260032,37.7166534,-122.4283926
060750260032006,060750260032,37.7174071,-122.4269116
060750260032005,060750260032,37.7179706,-122.4273811
060750260032004,060750260032,37.7183525,-122.428182
060750260032003,060750260032,37.7187374,-122.4289862
060750260031006,060750260031,37.7194946,-122.4262704
060750260031007,060750260031,37.7199076,-122.4270095
060750260031008,060750260031,37.7202913,-122.4278182
060750260031009,060750260031,37.7206729,-122.428621
060750260042007,060750260042,37.7167749,-122.433743
060750260042002,060750260042,37.7171571,-122.434543
060750260042003,060750260042,37.7175397,-122.4353429
060750260041006,060750260041,37.7179216,-122.436145
060750260042001,060750260042,37.7187123,-122.4333696
060750260042000,060750260042,37.7190938,-122.4341706
060750260041005,060750260041,37.7194763,-122.4349717
060750260041004,060750260041,37.7198584,-122.4357708
060750260012007,060750260012,37.7206501,-122.4329952
060750260012008,060750260012,37.7210316,-122.4337955
060750260032012,060750260032,37.7179464,-122.4317668
060750260032013,060750260032,37.7183292,-122.4325699
060750260032002,060750260032,37.7191189,-122.4297908
060750260032001,060750260032,37.7195044,-122.4305928
060750260032000,060750260032,37.7198858,-122.4313976
060750260012006,060750260012,37.7202678,-122.4321951
060750260031010,060750260031,37.721058,-122.4294225
060750260031011,060750260031,37.7214371,-122.4302249
060750260012005,060750260012,37.72182,-122.4310163
060750260012004,060750260012,37.7222017,-122.4318193
060750260012009,060750260012,37.7214136,-122.4345957
060750260012010,060750260012,37.7217956,-122.4353962
060750260012011,060750260012,37.7221688,-122.4361778
060750260012002,060750260012,37.7229658,-122.4334192
060750260012001,060750260012,37.7233488,-122.4342196
060750261001000,060750261001,37.723609,-122.435937
060750260012000,060750260012,37.7237229,-122.4350043
060750255004004,060750255004,37.724705,-122.435939
060750260011005,060750260011,37.7249018,-122.4330437
060750260011004,060750260011,37.7252765,-122.4338278
060750263023018,060750263023,37.7085914,-122.4260259
060750263023019,060750263023,37.7088401,-122.4265035
060750263023016,060750263023,37.708876,-122.4287897
060750263023017,060750263023,37.7089559,-122.4252262
060750263023020,060750263023,37.7092893,-122.4258737
060750263023005,060750263023,37.7101474,-122.4275082
060750263023006,060750263023,37.7104979,-122.4271946
060750263023004,060750263023,37.7107942,-122.4258145
060750263023021,060750263023,37.7114729,-122.4285376
060750263023002,060750263023,37.7118613,-122.4283753
060750605023006,060750605023,37.7084306,-122.4205097
060750605023009,060750605023,37.7086434,-122.4212709
060750605023007,060750605023,37.7085515,-122.4224003
060750605023008,060750605023,37.7088323,-122.4219432
060750605023005,060750605023,37.7092731,-122.4201284
060750605023004,060750605023,37.7093455,-122.4209591
060750605023003,060750605023,37.7095343,-122.4216255
060750605023001,060750605023,37.7103502,-122.4216808
060750605022001,060750605022,37.7114966,-122.4203564
060750605021001,060750605021,37.7125014,-122.4200629
060750264042005,060750264042,37.7085774,-122.4156396
060750264041005,060750264041,37.7087222,-122.4165682
060750264041003,060750264041,37.7088439,-122.4174777
060750264041004,060750264041,37.708989,-122.4188876
060750264041002,060750264041,37.7095383,-122.4167168
060750605023000,060750605023,37.7101901,-122.4180077
060750264041001,060750264041,37.7108028,-122.4159808
060750605022000,060750605022,37.7114544,-122.4175066
060750605021000,060750605021,37.712971,-122.4183697
060750264011002,060750264011,37.7144854,-122.4157671
060750605023010,060750605023,37.7090874,-122.4228206
060750605023002,060750605023,37.7096708,-122.4222747
060750263023007,060750263023,37.7096529,-122.4239807
060759805011009,060759805011,37.7129352,-122.42446
060759805011007,060759805011,37.7178335,-122.422609
060759805011008,060759805011,37.7185912,-122.4245262
060750260031005,060750260031,37.7210828,-122.4252514
060750260022010,060750260022,37.7230116,-122.4247265
060750260022007,060750260022,37.7236759,-122.4251794
060750260022011,060750260022,37.7237893,-122.423991
060759805011005,060759805011,37.7161733,-122.4193747
060759805011004,060759805011,37.7183205,-122.4161232
060750259001014,060750259001,37.7225768,-122.416236
060750259001013,060750259001,37.7232967,-122.4176523
060750259001012,060750259001,37.7236792,-122.4161743
060750259001009,060750259001,37.724493,-122.4181484
060750259001004,060750259001,37.725498,-122.4161018
060750256002010,060750256002,37.7256953,-122.418646
060750259001003,060750259001,37.7266331,-122.4157914
060750256002006,060750256002,37.727156,-122.418155
060759805011002,060759805011,37.7189412,-122.4197496
060759805011003,060759805011,37.7206641,-122.4189007
060759805011001,060759805011,37.7195925,-122.4232305
060750259001010,060750259001,37.7242351,-122.4191334
060750256003008,060750256003,37.7249255,-122.4216017
060750256003007,060750256003,37.725182,-122.4206156
060750256003006,060750256003,37.7254389,-122.4196298
060750256003003,060750256003,37.7261251,-122.4220978
060750256003004,060750256003,37.7263827,-122.4211115
060750256003005,060750256003,37.7266404,-122.4201267
060750260022006,060750260022,37.7243854,-122.4235
060750260022005,060750260022,37.724669,-122.4225861
060750260022004,060750260022,37.7249633,-122.4260155
060750260022003,060750260022,37.7258808,-122.4231664
060750260022001,060750260022,37.7265291,-122.4242655
060750260022002,060750260022,37.726737,-122.4232663
060750256003002,060750256003,37.7273232,-122.4225934
060750260022000,060750260022,37.7275564,-122.4245527
060750260021000,060750260021,37.7277957,-122.4254137
060750256004012,060750256004,37.7283527,-122.423041
060750256002005,060750256002,37.7268979,-122.4191433
060750256003001,060750256003,37.7275792,-122.4216059
060750256003000,060750256003,37.7278346,-122.420621
060750256002004,060750256002,37.7280903,-122.4196366
060750256004010,060750256004,37.7285081,-122.4220172
060750256004011,060750256004,37.7286597,-122.4210008
060750256001016,060750256001,37.7288276,-122.4199817
060750256001000,060750256001,37.7302013,-122.4198618
060750256001002,060750256001,37.7302106,-122.4214983
060750256001001,060750256001,37.7303344,-122.4206732
060750256002007,060750256002,37.7274149,-122.4171657
060750256002008,060750256002,37.727671,-122.416186
060750256002003,060750256002,37.728413,-122.418692
060750256002002,060750256002,37.7284764,-122.4176477
060750256002001,060750256002,37.7285498,-122.4165757
060750256002000,060750256002,37.728802,-122.415561
060750257011008,060750257011,37.7296225,-122.4178294
060750257011003,060750257011,37.7296871,-122.4158413
060750257011000,060750257011,37.7311681,-122.4167485
060750257011002,060750257011,37.7317204,-122.4191306
060750256004000,060750256004,37.7290807,-122.4236319
060750256001010,060750256001,37.7299621,-122.4242205
060750256001003,060750256001,37.7300349,-122.4224088
060750256001011,060750256001,37.7305608,-122.4247858
060750256001012,060750256001,37.7309973,-122.4251125
060750256001004,060750256001,37.7310236,-122.4227813
060750256001005,060750256001,37.731271,-122.4238016
060750256001006,060750256001,37.7315245,-122.4234135
060750254032018,060750254032,37.7316917,-122.4252008
060750254031019,060750254031,37.7324955,-122.4244124
060750261002015,060750261002,37.7162421,-122.4436403
060750261002010,060750261002,37.7164009,-122.4460636
060750261002009,060750261002,37.716523,-122.4439997
060750261003014,060750261003,37.7169299,-122.4466271
060750261002008,060750261002,37.7170494,-122.4446444
060750261003011,060750261003,37.7175736,-122.4471467
060750261003015,060750261003,37.7176633,-122.4459639
060750261002007,060750261002,37.7178872,-122.4438306
060750261003006,060750261003,37.7181778,-122.4455031
060750261003010,060750261003,37.7182809,-122.4472027
060750261002020,060750261002,37.7173413,-122.4408454
060750260041014,060750260041,37.7174544,-122.4402707
060750261002018,060750261002,37.7175314,-122.4419631
060750261002006,060750261002,37.7176488,-122.4425663
060750261002021,060750261002,37.7179439,-122.4414273
060750261002005,060750261002,37.7180289,-122.4431625
060750261002004,060750261002,37.7180773,-122.4426293
060750260041015,060750260041,37.7180672,-122.4398027
060750261002003,060750261002,37.7182423,-122.4418147
060750261002002,060750261002,37.71849,-122.4421093
060750260041016,060750260041,37.7173598,-122.4387797
060750260041013,060750260041,37.7176918,-122.4395744
060750260041007,060750260041,37.7183102,-122.4369593
060750260041008,060750260041,37.718697,-122.4377781
060750260041011,060750260041,37.7187079,-122.4388013
060750260041012,060750260041,37.7188897,-122.4391812
060750260041009,060750260041,37.7194818,-122.4382127
060750261001008,060750261001,37.719639,-122.4393552
060750260041010,060750260041,37.7196678,-122.4385929
060750260041003,060750260041,37.7202385,-122.4365715
060750261002001,060750261002,37.7186065,-122.4432901
060750261003005,060750261003,37.7187289,-122.4450701
060750261003007,060750261003,37.7188502,-122.4468535
060750261003003,060750261003,37.7192413,-122.444636
060750261003004,060750261003,37.7195079,-122.4444071
060750261004023,060750261004,37.7197848,-122.4441324
060750261003001,060750261003,37.7197622,-122.4463044
060750261003002,060750261003,37.7200981,-122.4471235
060750261004024,060750261004,37.720259,-122.4435793
060750261003000,060750261003,37.7204229,-122.4458473
060750312022014,060750312022,37.7190899,-122.4515265
060750312022011,060750312022,37.7194073,-122.4492512
060750312022012,060750312022,37.7197532,-122.4500498
060750312022007,060750312022,37.7199824,-122.448663
060750312022013,060750312022,37.7200839,-122.4508743
060750261004016,060750261004,37.7203518,-122.4476011
060750312011013,060750312011,37.7203846,-122.4516269
060750261004017,060750261004,37.7204201,-122.4482068
060750312022005,060750312022,37.7209366,-122.4492936
060750261004015,060750261004,37.7212102,-122.4478917
060750261002000,060750261002,37.7189956,-122.4427643
060750261001011,060750261001,37.7192088,-122.4417598
060750261001012,060750261001,37.719853,-122.4408233
060750261001009,060750261001,37.7214394,-122.4387985
060750261004002,060750261004,37.7213361,-122.4425351
060750261004020,060750261004,37.7224462,-122.4425943
060750261004000,060750261004,37.7228634,-122.4397259
060750261004005,060750261004,37.7229635,-122.4406741
060750261004007,060750261004,37.7230618,-122.4416668
060750261004021,060750261004,37.7231248,-122.4429118
060750260041001,060750260041,37.7205913,-122.4378943
060750260041000,060750260041,37.7206055,-122.4373424
060750261001010,060750261001,37.7213036,-122.4395864
060750260041002,060750260041,37.7213705,-122.4373046
060750261001007,060750261001,37.7220639,-122.4375535
060750261001003,060750261001,37.7226712,-122.4379983
060750261001004,060750261001,37.7227407,-122.4386635
060750261001006,060750261001,37.723006,-122.4368977
060750261001001,060750261001,37.7234599,-122.4365619
060750261004001,060750261004,37.7235401,-122.4393315
060750261004009,060750261004,37.7209003,-122.4455089
060750261004011,060750261004,37.7209543,-122.4472337
060750261004010,060750261004,37.7220462,-122.4466506
060750261004003,060750261004,37.722706,-122.444079
060750261004022,060750261004,37.7229558,-122.4460163
060750261004004,060750261004,37.7230045,-122.4439937
060750311003001,060750311003,37.7244958,-122.4473035
060750255006025,060750255006,37.7250384,-122.444836
060750311003000,060750311003,37.7256325,-122.4468275
060750255006026,060750255006,37.7233358,-122.4475873
060750261004008,060750261004,37.7232563,-122.4417943
060750261004006,060750261004,37.7234123,-122.4404632
060750255005009,060750255005,37.7235246,-122.4422811
060750255005010,060750255005,37.7240073,-122.4416583
060750255005006,060750255005,37.7239067,-122.4399298
060750255005008,060750255005,37.7242443,-122.443122
060750255005005,060750255005,37.7246531,-122.4397589
060750255005007,060750255005,37.7246597,-122.4412822
060750255005002,060750255005,37.725432,-122.4396669
060750255005001,060750255005,37.7255722,-122.4405383
060750312011002,060750312011,37.7225727,-122.4512642
060750261004012,060750261004,37.7229596,-122.4474766
060750312022000,060750312022,37.722961,-122.4486966
060750312011000,060750312011,37.7229799,-122.4506416
060750311003008,060750311003,37.723493,-122.4499871
060750311003006,060750311003,37.7264078,-122.449067
060750311003003,060750311003,37.7256748,-122.4477519
060750311003007,060750311003,37.7257048,-122.4506882
060750311003005,060750311003,37.7270822,-122.4472919
060750311003009,060750311003,37.7276978,-122.4498987
060750260031004,060750260031,37.7214628,-122.4258382
060750260031003,060750260031,37.7218473,-122.4266481
060750260031002,060750260031,37.7222292,-122.4274498
060750260031001,060750260031,37.7226134,-122.4282516
060750260031000,060750260031,37.72299,-122.4290484
060750260022008,060750260022,37.7237802,-122.4262797
060750260022009,060750260022,37.7241814,-122.4270695
060750260011011,060750260011,37.7245559,-122.4278756
060750260011010,060750260011,37.7249271,-122.4286658
060750260021008,060750260021,37.7261135,-122.4267084
060750260012003,060750260012,37.7225841,-122.4326193
060750260011012,060750260011,37.7233711,-122.4298361
060750260011008,060750260011,37.7237548,-122.4306427
060750260011007,060750260011,37.7241373,-122.4314427
060750260011006,060750260011,37.7245194,-122.4322423
060750260011009,060750260011,37.7253123,-122.4294671
060750260011000,060750260011,37.7256942,-122.4302666
060750260011001,060750260011,37.7260157,-122.4311111
060750260011002,060750260011,37.7263991,-122.4319108
060750260011003,060750260011,37.7267632,-122.4326966
060750261001002,060750261001,37.7236109,-122.4372539
060750261001005,060750261001,37.7236722,-122.4379033
060750255004008,060750255004,37.723708,-122.4386243
060750255004006,060750255004,37.7242878,-122.4372758
060750255004005,060750255004,37.7241474,-122.4365378
060750255004007,060750255004,37.7243253,-122.4378554
060750255005004,060750255005,37.7246623,-122.4386938
060750255005003,060750255005,37.7251964,-122.4392218
060750255004001,060750255004,37.7257795,-122.4365041
060750255004000,060750255004,37.7259756,-122.436972
060750255004003,060750255004,37.7253136,-122.4355458
060750255004002,060750255004,37.7259252,-122.4351522
060750255003009,060750255003,37.7266597,-122.4346756
060750255003005,060750255003,37.7273694,-122.4341494
060750255003004,060750255003,37.7274703,-122.435523
060750255003003,060750255003,37.7277183,-122.4359553
060750255003006,060750255003,37.7279402,-122.4336577
060750255003007,060750255003,37.7284511,-122.4347244
060750255003008,060750255003,37.7284861,-122.4331278
060750255003002,060750255003,37.7287134,-122.4351482
060750255006031,060750255006,37.7263533,-122.4388261
060750255006032,060750255006,37.7265115,-122.4378245
060750255006022,060750255006,37.7279794,-122.4393017
060750255006021,060750255006,37.7283811,-122.4378322
060750255006018,060750255006,37.7287398,-122.4370326
060750255006020,060750255006,37.7287001,-122.4381962
060750255006019,060750255006,37.7289807,-122.4386126
060750255006017,060750255006,37.72927,-122.4390446
060750255006010,060750255006,37.7296436,-122.4362167
060750255006014,060750255006,37.7296057,-122.4394723
060750260021007,060750260021,37.7264885,-122.427493
060750260021006,060750260021,37.7268741,-122.4282931
060750260021005,060750260021,37.7272512,-122.4290963
060750260021001,060750260021,37.7279525,-122.426354
060750260021002,060750260021,37.7281157,-122.427316
060750260021003,060750260021,37.7282798,-122.4282553
060750256004001,060750256004,37.728965,-122.4271122
060750256004002,060750256004,37.7297096,-122.4271758
060750256004003,060750256004,37.730462,-122.427238
060750256001013,060750256001,37.7310353,-122.4277753
060750260021004,060750260021,37.7277885,-122.4305679
060750256004008,060750256004,37.7288815,-122.4295625
060750256004009,060750256004,37.72898,-122.4310412
060750255002027,060750255002,37.7290103,-122.4325965
060750255002029,060750255002,37.7292572,-122.4315601
060750256004007,060750256004,37.7295385,-122.4304914
060750256004006,060750256004,37.7295763,-122.4293737
060750255002030,060750255002,37.7297709,-122.4308651
060750255002028,060750255002,37.7299431,-122.4320055
060750255002025,060750255002,37.7302239,-122.4323053
060750255003001,060750255003,37.729018,-122.4342266
060750255003000,060750255003,37.7293055,-122.4346263
060750255002026,060750255002,37.7295465,-122.4337003
060750255006009,060750255006,37.7300486,-122.4355046
060750255002024,060750255002,37.7302327,-122.4331042
060750255006008,060750255006,37.7305704,-122.4360772
060750255002021,060750255002,37.7307268,-122.4343087
060750255006007,060750255006,37.7307357,-122.4362942
060750255002020,060750255002,37.7307656,-122.4348098
060750255002019,060750255002,37.7309526,-122.4355025
060750255006016,060750255006,37.7301079,-122.4380017
060750255006015,060750255006,37.7300966,-122.4384304
060750255006011,060750255006,37.7303457,-122.4370069
060750255006005,060750255006,37.7304732,-122.437149
060750311001022,060750311001,37.7305943,-122.4393857
060750255006004,060750255006,37.7305293,-122.4379181
060750255006002,060750255006,37.7309695,-122.4371853
060750311001016,060750311001,37.7309583,-122.437807
060750255006006,060750255006,37.7309482,-122.4363609
060750256004005,060750256004,37.7303368,-122.4296978
060750256004004,060750256004,37.7303283,-122.4290186
060750255001025,060750255001,37.7305275,-122.4300542
060750255001022,060750255001,37.7308289,-122.4302972
060750255001021,060750255001,37.7310416,-122.4304989
060750255002023,060750255002,37.7310576,-122.4327983
060750255002022,060750255002,37.731643,-122.432107
060750255001019,060750255001,37.731437,-122.4311354
060750255001020,060750255001,37.7315907,-122.4303109
060750255001016,060750255001,37.731885,-122.4297138
060750255002018,060750255002,37.7309721,-122.4357184
060750255002017,060750255002,37.7311917,-122.435757
060750255002016,060750255002,37.7313106,-122.4352951
060750255006001,060750255006,37.731421,-122.4355263
060750255002015,060750255002,37.7315824,-122.4348227
060750255006000,060750255006,37.7315782,-122.435325
060750255002014,060750255002,37.7316473,-122.43401
060750255002012,060750255002,37.7317362,-122.4354145
060750255002013,060750255002,37.7318258,-122.4340722
060750255002007,060750255002,37.7319161,-122.4343205
060750255002006,060750255002,37.7319039,-122.4346691
060750311001008,060750311001,37.7318639,-122.4356156
060750311001009,060750311001,37.7320556,-122.4365094
060750255002005,060750255002,37.7319687,-122.434835
060750255002009,060750255002,37.7320772,-122.4333176
060750255002008,060750255002,37.7321238,-122.4336744
060750311001007,060750311001,37.7322309,-122.4345856
060750311001003,060750311001,37.7322813,-122.4349018
060750255002002,060750255002,37.7325043,-122.4331144
060750255002003,060750255002,37.7326542,-122.4332324
060750255001024,060750255001,37.7311648,-122.4291487
060750256001014,060750256001,37.7313171,-122.4275201
060750256001015,060750256001,37.7313223,-122.4258299
060750255001023,060750255001,37.7314728,-122.429053
060750256001009,060750256001,37.7315226,-122.4273977
060750256001007,060750256001,37.7315041,-122.4256355
060750256001008,060750256001,37.7317341,-122.4271369
060750254031020,060750254031,37.7326251,-122.4263197
060750254031021,060750254031,37.7327729,-122.4258851
060750255001005,060750255001,37.7328919,-122.4284381
060750255001018,060750255001,37.7318106,-122.4316431
060750255001017,060750255001,37.7319557,-122.4312913
060750255002011,060750255002,37.732076,-122.4323322
060750255001010,060750255001,37.7321511,-122.4295152
060750255001015,060750255001,37.7322171,-122.4313705
060750255002010,060750255002,37.7324421,-122.432431
060750255001011,060750255001,37.7325063,-122.4305954
060750255001014,060750255001,37.7326098,-122.4319067
060750255001013,060750255001,37.7326922,-122.4314539
060750255002000,060750255002,37.7328732,-122.4320618
060750311001017,060750311001,37.7312032,-122.4386483
060750311001019,060750311001,37.7315835,-122.4370712
060750311001018,060750311001,37.7315858,-122.4385588
060750311001012,060750311001,37.7320025,-122.4386042
060750311001010,060750311001,37.7330913,-122.4366064
060750311001013,060750311001,37.7330343,-122.4381067
060750311001015,060750311001,37.7336738,-122.4381704
060750311001014,060750311001,37.7342153,-122.4375615
060750307002016,060750307002,37.734605,-122.4390567
060750217002015,060750217002,37.7347038,-122.4374165
060750255002004,060750255002,37.7326189,-122.4335603
060750311001000,060750311001,37.7327392,-122.4336154
060750311001004,060750311001,37.732981,-122.4347892
060750311001001,060750311001,37.7330778,-122.4337594
060750311001020,060750311001,37.7330756,-122.4356505
060750311001002,060750311001,37.7334384,-122.4335767
060750311001005,060750311001,37.7336326,-122.4345683
060750311001021,060750311001,37.7337944,-122.4354034
060750218004010,060750218004,37.7338275,-122.4345147
060750311001011,060750311001,37.7339605,-122.4362637
060750255001012,060750255001,37.732964,-122.4306368
060750255002001,060750255002,37.7330567,-122.4323221
060750255001009,060750255001,37.733186,-122.4318627
060750311001006,060750311001,37.7332664,-122.4327726
060750255001008,060750255001,37.7334078,-122.4309857
060750218004014,060750218004,37.7334292,-122.4319727
060750255001007,060750255001,37.7335651,-122.4298715
060750218004004,060750218004,37.7337796,-122.432644
060750255001002,060750255001,37.733965,-122.4298926
060750255001000,060750255001,37.7340242,-122.4304244
060750255001006,060750255001,37.7329177,-122.4288985
060750255001004,060750255001,37.7339681,-122.4270948
060750255001001,060750255001,37.733996,-122.4290559
060750254031010,060750254031,37.7341161,-122.4259533
060750255001003,060750255001,37.734206,-122.4281877
060750254031013,060750254031,37.7346439,-122.4268556
060750254031012,060750254031,37.7349905,-122.4259799
060750254031003,060750254031,37.7354855,-122.4256363
060750218003006,060750218003,37.73566,-122.4282256
060750254031002,060750254031,37.735662,-122.4275576
060750218004008,060750218004,37.7342585,-122.4343787
060750218004011,060750218004,37.7342719,-122.4352718
060750218004005,060750218004,37.7343236,-122.4332534
060750217002016,060750217002,37.7344276,-122.4361034
060750218004009,060750218004,37.7350655,-122.4348019
060750218004013,060750218004,37.7351032,-122.4334235
060750218004012,060750218004,37.7353572,-122.4342523
060750218004001,060750218004,37.7360588,-122.4335532
060750217002002,060750217002,37.7363427,-122.4352894
060750217002003,060750217002,37.7364176,-122.4348435
060750217002017,060750217002,37.7349879,-122.4391125
060750217002004,060750217002,37.7354472,-122.4366672
060750217002014,060750217002,37.7354222,-122.4388421
060750217002005,060750217002,37.7362366,-122.4367164
060750217002009,060750217002,37.7363456,-122.4384794
060750217002013,060750217002,37.7364749,-122.4392851
060750217002006,060750217002,37.736902,-122.4372658
060750217002010,060750217002,37.7374667,-122.4389359
060750217003014,060750217003,37.7375795,-122.4368285
060750217002007,060750217002,37.7380926,-122.4386376
060750255005000,060750255005,37.7261432,-122.4414487
060750255006030,060750255006,37.7268272,-122.4396526
060750255006027,060750255006,37.7271846,-122.4403232
060750255006029,060750255006,37.7272898,-122.4423634
060750255006028,060750255006,37.7274403,-122.4407802
060750255006023,060750255006,37.7284228,-122.4414579
060750255006012,060750255006,37.7292034,-122.4414459
060750311002012,060750311002,37.7293478,-122.441674
060750255006013,060750255006,37.7292952,-122.4401742
060750311002010,060750311002,37.7295144,-122.4431847
060750311003002,060750311003,37.7271287,-122.4460869
060750255006024,060750255006,37.7273218,-122.4437748
060750311003004,060750311003,37.7279165,-122.4456298
060750311002014,060750311002,37.7286845,-122.4454205
060750311002013,060750311002,37.7288101,-122.4437146
060750311002009,060750311002,37.7294914,-122.4454284
060750311002006,060750311002,37.7302989,-122.4454318
060750311002005,060750311002,37.7311099,-122.4454382
060750311004002,060750311004,37.7315517,-122.4469366
060750311002004,060750311002,37.7315586,-122.4454126
060750311003014,060750311003,37.7286904,-122.4476718
060750311003010,060750311003,37.7287159,-122.4499845
060750311004012,060750311004,37.7294722,-122.4499927
060750311004013,060750311004,37.7294825,-122.4477093
060750311004008,060750311004,37.7302813,-122.449998
060750311004007,060750311004,37.7302908,-122.4477145
060750311004003,060750311004,37.7310912,-122.4500049
060750311004000,060750311004,37.7311022,-122.4477188
060750311004004,060750311004,37.731538,-122.4499971
060750311004001,060750311004,37.7315467,-122.4480779
060750311002011,060750311002,37.7297304,-122.4415645
060750311002007,060750311002,37.7303095,-122.4431538
060750311002008,060750311002,37.7303518,-122.4409617
060750311002002,060750311002,37.7311203,-122.4431565
060750311002000,060750311002,37.7311298,-122.4408772
060750311002003,060750311002,37.7315674,-122.4431923
060750311002001,060750311002,37.7315776,-122.4409128
060750311005010,060750311005,37.7319806,-122.4431617
060750311005011,060750311005,37.731993,-122.4408831
060750311005001,060750311005,37.7327227,-122.4431729
060750311005000,060750311005,37.7327332,-122.4408888
060750307002017,060750307002,37.7334574,-122.4431662
060750307002007,060750307002,37.7337347,-122.4414716
060750307002006,060750307002,37.7337002,-122.4403889
060750307002004,060750307002,37.7340892,-122.4395503
060750307002008,060750307002,37.7341807,-122.4431977
060750307002005,060750307002,37.7348269,-122.4415583
060750307002001,060750307002,37.735577,-122.4422248
060750307002000,060750307002,37.7354017,-122.4409402
060750307002003,060750307002,37.7356663,-122.4432905
060750311005007,060750311005,37.7319501,-122.4500079
060750311005008,060750311005,37.7319575,-122.4480806
060750311005004,060750311005,37.7326924,-122.4500137
060750311005003,060750311005,37.7327022,-122.4477319
060750307003007,060750307003,37.7336701,-122.4497943
060750307002015,060750307002,37.7340457,-122.4486079
060750307003006,060750307003,37.734307,-122.4505878
060750307003005,060750307003,37.7350164,-122.4495287
060750307002011,060750307002,37.7356333,-122.4473812
060750307003003,060750307003,37.7360353,-122.4507676
060750311005009,060750311005,37.7319691,-122.4458005
060750311005002,060750311005,37.7327122,-122.4454539
060750307002014,060750307002,37.7335562,-122.4467728
060750307002009,060750307002,37.7341518,-122.4449282
060750307002010,060750307002,37.7347664,-122.4474312
060750307001029,060750307001,37.7357301,-122.4442921
060750307002002,060750307002,37.735331,-122.442944
060750307001028,060750307001,37.7360626,-122.4445017
060750307001010,060750307001,37.7364354,-122.4468589
060750307001025,060750307001,37.7385652,-122.4466841
060750307003004,060750307003,37.7362202,-122.4493175
060750307002012,060750307002,37.7369347,-122.4485981
060750307002013,060750307002,37.7374412,-122.4476759
060750307003000,060750307003,37.7372232,-122.4503095
060750307003001,060750307003,37.7374936,-122.4511339
060750307001022,060750307001,37.7386437,-122.4497124
060750307001024,060750307001,37.7388797,-122.4474982
060750307001023,060750307001,37.7391219,-122.4483818
060750307001019,060750307001,37.7398128,-122.4500688
060750307001018,060750307001,37.7399936,-122.4492523
060750307001011,060750307001,37.7380088,-122.444157
060750307001026,060750307001,37.7387538,-122.4451432
060750307001027,060750307001,37.7387009,-122.4458351
060750307001008,060750307001,37.7395351,-122.4432384
060750217001004,060750217001,37.7376034,-122.4423853
060750217001000,060750217001,37.7417731,-122.4433903
060750307001012,060750307001,37.7414817,-122.4468097
060750216002008,060750216002,37.7438788,-122.4435555
060750216002005,060750216002,37.7449861,-122.4443554
060750216002006,060750216002,37.745379,-122.4437821
060750307001017,060750307001,37.7403196,-122.4477948
060750307001009,060750307001,37.7402536,-122.4465855
060750307001020,060750307001,37.740852,-122.4515469
060750307001016,060750307001,37.7411267,-122.4501295
060750307001007,060750307001,37.741394,-122.4486003
060750307001006,060750307001,37.7416883,-122.4496346
060750307001002,060750307001,37.7422799,-122.449965
060750307001001,060750307001,37.7423914,-122.4492184
060750307001000,060750307001,37.7423788,-122.4477347
060750217001003,060750217001,37.7441795,-122.4505631
060750257011001,060750257011,37.7316853,-122.4161809
060750257011009,060750257011,37.7319586,-122.4180825
060750254032005,060750254032,37.7333995,-122.4176061
060750254032004,060750254032,37.7325309,-122.4183068
060750254032008,060750254032,37.7338858,-122.4165924
060750254032006,060750254032,37.7339437,-122.4154002
060750254032007,060750254032,37.7340741,-122.4159311
060750254032009,060750254032,37.7344134,-122.4171976
060750254032015,060750254032,37.7344514,-122.4178348
060750254032016,060750254032,37.7344841,-122.4184576
060750254031018,060750254031,37.7325738,-122.4235347
060750254031017,060750254031,37.7326737,-122.4226528
060750254031014,060750254031,37.7331889,-122.4243763
060750254031015,060750254031,37.7332419,-122.4236356
060750254031016,060750254031,37.7333376,-122.4229014
060750254031008,060750254031,37.7339479,-122.4243267
060750254031006,060750254031,37.7340623,-122.4231949
060750254031007,060750254031,37.7340728,-122.4237718
060750254031009,060750254031,37.7343432,-122.4250819
060750254031011,060750254031,37.7348076,-122.4252634
060750254032017,060750254032,37.7320615,-122.4178405
060750254032014,060750254032,37.7325639,-122.4217368
060750254032013,060750254032,37.7329297,-122.4216459
060750254032012,060750254032,37.7340431,-122.4200503
060750254032011,060750254032,37.7345239,-122.4192094
060750254013006,060750254013,37.7354982,-122.4215563
060750254013004,060750254013,37.736211,-122.421892
060750254012007,060750254012,37.7372056,-122.4199466
060750254011005,060750254011,37.7377073,-122.4221878
060750254011000,060750254011,37.7388363,-122.4195503
060750254032010,060750254032,37.7353321,-122.4184936
060750254021011,060750254021,37.7354297,-122.415809
060750254021010,060750254021,37.7354643,-122.4164444
060750254012009,060750254012,37.7360243,-122.4183245
060750254021008,060750254021,37.7366062,-122.4157005
060750254021009,060750254021,37.7366429,-122.416337
060750254012008,060750254012,37.7367261,-122.4178402
060750254012005,060750254012,37.7374047,-122.4173354
060750254012006,060750254012,37.7375062,-122.418433
060750254021003,060750254021,37.7378141,-122.4155897
060750254031004,060750254031,37.7349183,-122.4232114
060750254031005,060750254031,37.7350291,-122.4242345
060750254031000,060750254031,37.7356216,-122.4237525
060750254013005,060750254013,37.7363172,-122.4238692
060750254013002,060750254013,37.7366508,-122.4251425
060750254013000,060750254013,37.7369752,-122.422471
060750254013001,060750254013,37.7369182,-122.4239721
060750254011006,060750254011,37.7380337,-122.4235361
060750254011007,060750254011,37.7383436,-122.4242825
060750254011008,060750254011,37.7386763,-122.4245691
060750254012004,060750254012,37.7380454,-122.4172453
060750254012000,060750254012,37.7381278,-122.4162054
060750254012003,060750254012,37.7381822,-122.4185492
060750254021002,060750254021,37.7387009,-122.4155165
060750254012001,060750254012,37.738735,-122.4171643
060750254012002,060750254012,37.738832,-122.4183475
060750252004011,060750252004,37.73968,-122.4155326
060750252004010,060750252004,37.7397259,-122.4161522
060750252004012,060750252004,37.7397716,-122.4167719
060750252004008,060750252004,37.7398213,-122.4173925
060750254011004,060750254011,37.7396295,-122.4224695
060750254011001,060750254011,37.7397639,-122.420335
060750253002007,060750253002,37.7402718,-122.4190344
060750254011002,060750254011,37.7404297,-122.4219709
060750253002006,060750253002,37.7404984,-122.41959
060750253002005,060750253002,37.7407262,-122.4201623
060750253002009,060750253002,37.7407677,-122.4210612
060750253003007,060750253003,37.7411706,-122.422053
060750253002004,060750253002,37.7413535,-122.4206773
060750253002000,060750253002,37.7414934,-122.4189938
060750218002000,060750218002,37.7387163,-122.424837
060750218002001,060750218002,37.7394114,-122.4251762
060750254011003,060750254011,37.7396434,-122.4231901
060750253003010,060750253003,37.740271,-122.4240524
060750253003009,060750253003,37.7403024,-122.4236246
060750218001002,060750218001,37.7410269,-122.4249572
060750253003006,060750253003,37.7412218,-122.4231624
060750218001001,060750218001,37.7413382,-122.4241445
060750253003005,060750253003,37.7414245,-122.4236317
060750218001000,060750218001,37.7417785,-122.4238365
060750252004009,060750252004,37.7397175,-122.4180034
060750253002008,060750253002,37.740044,-122.4184673
060750252004005,060750252004,37.7410218,-122.416048
060750252004006,060750252004,37.7410519,-122.4166667
060750252004007,060750252004,37.7409407,-122.4172509
060750252004002,060750252004,37.7418285,-122.4174642
060750253001007,060750253001,37.7424984,-122.418218
060750253001008,060750253001,37.7428742,-122.4187117
060750252004001,060750252004,37.7440684,-122.4165018
060750253001004,060750253001,37.7442953,-122.4183807
060750253003008,060750253003,37.7417557,-122.4216736
060750253002001,060750253002,37.7417749,-122.4194818
060750253002003,060750253002,37.7417942,-122.4203973
060750253002002,060750253002,37.7422555,-122.4200944
060750253003002,060750253003,37.7422853,-122.4213299
060750253003003,060750253003,37.7427483,-122.4210315
060750253001005,060750253001,37.7430636,-122.4191793
060750253003000,060750253003,37.7432075,-122.422149
060750253001006,060750253001,37.743252,-122.4196495
060750253004004,060750253004,37.7441373,-122.4201356
060750218004003,060750218004,37.7342101,-122.4322324
060750218004006,060750218004,37.7344519,-122.4302838
060750218004007,060750218004,37.7346969,-122.4308752
060750218004002,060750218004,37.735262,-122.4313992
060750218003004,060750218003,37.7357074,-122.4293374
060750218004000,060750218004,37.7358626,-122.4317705
060750218003003,060750218003,37.7362391,-122.4298845
060750218003002,060750218003,37.7367687,-122.4304351
060750217003009,060750217003,37.7374938,-122.433121
060750217003007,060750217003,37.738091,-122.429972
060750254031001,060750254031,37.7358278,-122.4257728
060750218003005,060750218003,37.7365359,-122.4280671
060750254013003,060750254013,37.7369418,-122.4259046
060750218002011,060750218002,37.7370328,-122.4262569
060750218003001,060750218003,37.737066,-122.4286162
060750218002010,060750218002,37.7375706,-122.4264815
060750218003000,060750218003,37.7375992,-122.4291624
060750218002007,060750218002,37.7380973,-122.4277098
060750218002008,060750218002,37.7383282,-122.4267817
060750218002006,060750218002,37.7381862,-122.4280822
060750217003017,060750217003,37.7369109,-122.4337402
060750217002001,060750217002,37.7370698,-122.4354976
060750217003016,060750217003,37.7370893,-122.4331312
060750217002000,060750217002,37.7375217,-122.4355092
060750217003015,060750217003,37.7382376,-122.4354249
060750217003013,060750217003,37.7390044,-122.4347187
060750217003010,060750217003,37.7391582,-122.435783
060750217003012,060750217003,37.7394645,-122.4362489
060750217003003,060750217003,37.740484,-122.4337013
060750217003005,060750217003,37.741189,-122.435545
060750218002005,060750218002,37.7382747,-122.4283652
060750218002009,060750218002,37.7386335,-122.4254807
060750218002002,060750218002,37.739339,-122.4266505
060750218002003,060750218002,37.739727,-122.4288299
060750218001005,060750218001,37.7409009,-122.4282675
060750218001004,060750218001,37.740873,-122.427249
060750218001003,060750218001,37.7409345,-122.4262141
060750215003006,060750215003,37.7424306,-122.427662
060750215003003,060750215003,37.7425645,-122.4254494
060750215004004,060750215004,37.7432316,-122.4277378
060750217003008,060750217003,37.7387992,-122.4299844
060750217003006,060750217003,37.7389954,-122.4323078
060750218002004,060750218002,37.7394797,-122.4300678
060750218001006,060750218001,37.7411682,-122.4293168
060750218001007,060750218001,37.7411303,-122.4303634
060750217003002,060750217003,37.7414518,-122.4318543
060750217003018,060750217003,37.7413171,-122.4312658
060750215003007,060750215003,37.7422977,-122.4298743
060750216001014,060750216001,37.7422562,-122.4321828
060750216001013,060750216001,37.7429749,-122.4320946
060750217002008,060750217002,37.7384741,-122.4384745
060750217003011,060750217003,37.738394,-122.4372163
060750217001014,060750217001,37.7386969,-122.4382121
060750217001013,060750217001,37.739262,-122.437334
060750217001007,060750217001,37.739602,-122.4394759
060750217001002,060750217001,37.7400326,-122.4384809
060750217001009,060750217001,37.7414919,-122.4385992
060750217001010,060750217001,37.7415192,-122.4374031
060750217001011,060750217001,37.7403673,-122.436303
060750217001012,060750217001,37.74335,-122.437421
060750217003001,060750217003,37.7415088,-122.4331782
060750217003004,060750217003,37.7416416,-122.4354365
060750217003000,060750217003,37.7428701,-122.4339379
060750216001012,060750216001,37.7436326,-122.4344795
060750216001009,060750216001,37.744428,-122.4345241
060750216001008,060750216001,37.7452167,-122.4346127
060750216001005,060750216001,37.7457689,-122.4326245
060750216001004,060750216001,37.7460618,-122.4349801
060750216001001,060750216001,37.7468412,-122.4347744
060750213001006,060750213001,37.7476333,-122.4348388
060750215004005,060750215004,37.7430978,-122.4299525
060750216001011,060750216001,37.7437718,-122.43225
060750215004002,060750215004,37.7438972,-122.4300307
060750216001010,060750216001,37.744564,-122.4323223
060750215004001,060750215004,37.7446974,-122.4301073
060750215005006,060750215005,37.7454959,-122.4301836
060750215005002,060750215005,37.7462956,-122.4302616
060750216001006,060750216001,37.7465488,-122.4328203
060750216001000,060750216001,37.7469784,-122.4325462
060750215005001,060750215005,37.7470974,-122.4303385
060750216002015,060750216002,37.744042,-122.437169
060750217001001,060750217001,37.7443835,-122.4389483
060750216001007,060750216001,37.7450944,-122.436813
060750216002014,060750216002,37.7457968,-122.4390804
060750216001003,060750216001,37.7458978,-122.4368823
060750216001002,060750216001,37.7467082,-122.4369674
060750213002010,060750213002,37.7475061,-122.4370401
060750213002009,060750213002,37.7482973,-122.4371175
060750213002008,060750213002,37.7490969,-122.4371908
060750213001002,060750213001,37.7498951,-122.4372652
060750214002008,060750214002,37.7477632,-122.432624
060750214002007,060750214002,37.7478974,-122.4304104
060750214003006,060750214003,37.7485625,-122.4327055
060750214003007,060750214003,37.7486942,-122.4304935
060750214003005,060750214003,37.7493626,-122.4327838
060750214003004,060750214003,37.7494953,-122.4305689
060750214003002,060750214003,37.7501623,-122.432862
060750214003003,060750214003,37.7502962,-122.4306472
060750214003000,060750214003,37.7510995,-122.4307268
060750211003004,060750211003,37.751899,-122.430803
060750217002011,060750217002,37.7375021,-122.4397788
060750217002012,060750217002,37.7381871,-122.4401485
060750216002009,060750216002,37.7448218,-122.4422328
060750216002010,060750216002,37.745916,-122.4414719
060750216002011,060750216002,37.7466492,-122.4402036
060750216002012,060750216002,37.7464621,-122.4423503
060750216002013,060750216002,37.7466994,-122.4428331
060750216002000,060750216002,37.7473884,-122.4396241
060750216002001,060750216002,37.7481265,-122.4407718
060750213002011,060750213002,37.7487966,-122.4420814
060750216002007,060750216002,37.7459076,-122.4460204
060750216002003,060750216002,37.7464225,-122.4452552
060750216002002,060750216002,37.7466145,-122.4437209
060750216002004,060750216002,37.7467799,-122.4461642
060750204021014,060750204021,37.7468109,-122.4447245
060750204021003,060750204021,37.7473693,-122.4465108
060750204021006,060750204021,37.7482143,-122.4464794
060750213002006,060750213002,37.7485015,-122.444057
060750204021013,060750204021,37.7486457,-122.4444118
060750213002004,060750213002,37.7485567,-122.4433331
060750306002002,060750306002,37.744053,-122.4510459
060750217001006,060750217001,37.74569,-122.4512257
060750217001005,060750217001,37.7461032,-122.4493062
060750217001008,060750217001,37.7464982,-122.4475552
060750305002006,060750305002,37.747975,-122.4505656
060750305001011,060750305001,37.749313,-122.4466833
060750305002004,060750305002,37.7504736,-122.4514202
060750305002005,060750305002,37.7505516,-122.4507751
060750204021000,060750204021,37.7515252,-122.4469221
060750305001006,060750305001,37.7515398,-122.4478397
060750213002007,060750213002,37.7489889,-122.4398478
060750213002003,060750213002,37.7500058,-122.442137
060750213002002,060750213002,37.7500665,-122.4410751
060750213002001,060750213002,37.7501327,-122.4400032
060750212002009,060750212002,37.7512329,-122.441729
060750212002005,060750212002,37.7515647,-122.4429793
060750212002004,060750212002,37.7516063,-122.4427661
060750212002003,060750212002,37.7520325,-122.4416277
060750212002002,060750212002,37.7521633,-122.4396618
060750204022017,060750204022,37.7527804,-122.4427909
060750204021012,060750204021,37.7502176,-122.4448671
060750213002005,060750213002,37.750448,-122.4432589
060750204021004,060750204021,37.7504843,-122.4458732
060750204021011,060750204021,37.7508823,-122.4442472
060750204022015,060750204022,37.7515402,-122.4434268
060750204021007,060750204021,37.7515933,-122.4454818
060750204021009,060750204021,37.7518017,-122.4448505
060750204021002,060750204021,37.7521919,-122.4462034
060750204021010,060750204021,37.7523879,-122.4441605
060750204022016,060750204022,37.7535254,-122.4438271
060750213002000,060750213002,37.7501958,-122.438933
060750213001001,060750213001,37.7506909,-122.4373494
060750212002006,060750212002,37.7513632,-122.4395823
060750212002007,060750212002,37.7514913,-122.4374246
060750212002001,060750212002,37.7522942,-122.4375027
060750212003004,060750212003,37.7534624,-122.4381376
060750212001003,060750212001,37.7535291,-122.4370498
060750212003001,060750212003,37.7547689,-122.4393673
060750212003000,060750212003,37.7548741,-122.4382704
060750212001002,060750212001,37.7551299,-122.4371986
060750305002001,060750305002,37.7521626,-122.4502214
060750305002000,060750305002,37.7526544,-122.4496022
060750305001005,060750305001,37.7533973,-122.4485546
060750305001008,060750305001,37.7533423,-122.4474248
060750305002002,060750305002,37.7534924,-122.4515262
060750305001010,060750305001,37.754407,-122.4497681
060750305001007,060750305001,37.7552173,-122.4499173
060750305001001,060750305001,37.7574879,-122.451856
060750204012005,060750204012,37.7576127,-122.4473144
060750301023013,060750301023,37.7577003,-122.447955
060750212003006,060750212003,37.7528206,-122.4415598
060750212003005,060750212003,37.7529663,-122.43974
060750204022018,060750204022,37.753051,-122.4423583
060750204022008,060750204022,37.7533056,-122.4430337
060750212003007,060750212003,37.7535969,-122.4412693
060750212003003,060750212003,37.7537671,-122.4398174
060750204022009,060750204022,37.7542713,-122.4423994
060750212003002,060750212003,37.7545811,-122.4403538
060750204022004,060750204022,37.7563453,-122.441119
060750204022005,060750204022,37.7549295,-122.4411383
060750204021008,060750204021,37.7539546,-122.4446337
060750204021001,060750204021,37.7546012,-122.44709
060750204021015,060750204021,37.7545908,-122.4466729
060750204021005,060750204021,37.7548213,-122.4463322
060750204022013,060750204022,37.7552344,-122.4434582
060750204012008,060750204012,37.7566661,-122.4435777
060750204012006,060750204012,37.7566426,-122.4446556
060750204022014,060750204022,37.7568798,-122.444554
060750204012004,060750204012,37.757061,-122.4463199
060750204012009,060750204012,37.7572521,-122.4442833
060750204022006,060750204022,37.7553362,-122.4403909
060750204022010,060750204022,37.7554975,-122.4419099
060750204022007,060750204022,37.7558524,-122.4395429
060750204022011,060750204022,37.7561206,-122.4423131
060750204022012,060750204022,37.756209,-122.4431728
060750204012007,060750204012,37.7567374,-122.4429471
060750204011014,060750204011,37.7572133,-122.442733
060750204022001,060750204022,37.7576501,-122.4406993
060750204011013,060750204011,37.7573549,-122.4425979
060750204022003,060750204022,37.7575635,-122.4419629
060750308004009,060750308004,37.7365202,-122.4732984
060750308004012,060750308004,37.7383818,-122.4753465
060750308004013,060750308004,37.7384479,-122.4737627
060750308004014,060750308004,37.7385081,-122.4726908
060750308004015,060750308004,37.7385571,-122.4715919
060750308005014,060750308005,37.7402666,-122.4754759
060750308005013,060750308005,37.7402806,-122.4749194
060750308005010,060750308005,37.7403265,-122.4738934
060750308005011,060750308005,37.7403749,-122.4728221
060750308005012,060750308005,37.740424,-122.4717234
060750308003004,060750308003,37.7373019,-122.4698388
060750308003011,060750308003,37.737357,-122.4668724
060750308004008,060750308004,37.7375942,-122.4701232
060750308003002,060750308003,37.7382981,-122.4672374
060750308003001,060750308003,37.738582,-122.4676371
060750308004005,060750308004,37.738689,-122.4704951
060750308003000,060750308003,37.7388491,-122.4680282
060750308004007,060750308004,37.7390758,-122.4684121
060750308004006,060750308004,37.7393843,-122.4692175
060750308004004,060750308004,37.7404719,-122.4706004
060750330003003,060750330003,37.7382205,-122.4791157
060750330003002,060750330003,37.7382735,-122.4780407
060750330003001,060750330003,37.7383202,-122.4769681
060750330003000,060750330003,37.7383642,-122.47592
060750330002006,060750330002,37.7399469,-122.4824607
060750330002005,060750330002,37.7399946,-122.4813882
060750330002004,060750330002,37.7400421,-122.4803178
060750330002003,060750330002,37.7400893,-122.479246
060750330002002,060750330002,37.7401369,-122.4781737
060750330002001,060750330002,37.7401819,-122.4770981
060750330002000,060750330002,37.7402313,-122.4760494
060750330001006,060750330001,37.7418093,-122.4825913
060750330001005,060750330001,37.7418574,-122.4815198
060750330001004,060750330001,37.741905,-122.4804485
060750330001003,060750330001,37.7419521,-122.4793763
060750330001002,060750330001,37.7419994,-122.4783045
060750330001001,060750330001,37.7420467,-122.4772335
060750330001000,060750330001,37.7420982,-122.4761793
060750328012005,060750328012,37.7436771,-122.4827218
060750328012004,060750328012,37.7437237,-122.481651
060750308004000,060750308004,37.7404814,-122.466857
060750308004003,060750308004,37.7406803,-122.4694786
060750308004002,060750308004,37.7407301,-122.468435
060750308004001,060750308004,37.7408574,-122.4675102
060750308005004,060750308005,37.7423345,-122.4707304
060750308005003,060750308005,37.7423798,-122.4696337
060750308005002,060750308005,37.7425846,-122.4685993
060750308005001,060750308005,37.742478,-122.4676793
060750304002011,060750304002,37.7438359,-122.4670994
060750304005000,060750304005,37.7441995,-122.4708615
060750308005009,060750308005,37.7421192,-122.4755966
060750308005008,060750308005,37.7421396,-122.4750455
060750308005007,060750308005,37.7421895,-122.4740236
060750308005006,060750308005,37.742238,-122.4729521
060750308005005,060750308005,37.7422858,-122.4718538
060750304005005,060750304005,37.744009,-122.4751712
060750304005004,060750304005,37.7440541,-122.4741537
060750304005003,060750304005,37.7440129,-122.4731518
060750304005001,060750304005,37.7440603,-122.4718921
060750304005002,060750304005,37.7445487,-122.4725545
060750328012003,060750328012,37.7437949,-122.4800429
060750328012002,060750328012,37.7438654,-122.4784357
060750328012001,060750328012,37.7439125,-122.477366
060750328012000,060750328012,37.7439595,-122.4762966
060750304005006,060750304005,37.7439889,-122.4757083
060750328013008,060750328013,37.7455891,-122.4817815
060750328011008,060750328011,37.7457306,-122.4785655
060750328011007,060750328011,37.7457771,-122.4774952
060750328011006,060750328011,37.7458242,-122.4764265
060750304004006,060750304004,37.7458518,-122.4758383
060750304002010,060750304002,37.7445489,-122.4671815
060750304002009,060750304002,37.7454019,-122.4684292
060750304004000,060750304004,37.746024,-122.4708781
060750304002008,060750304002,37.7468799,-122.4668469
060750304003005,060750304003,37.7479139,-122.4711258
060750304003004,060750304003,37.7479646,-122.4700288
060750304003003,060750304003,37.7480508,-122.4689542
060750304003002,060750304003,37.7479152,-122.4675056
060750304003001,060750304003,37.7485573,-122.4668915
060750303023014,060750303023,37.7491516,-122.4711446
060750328013000,060750328013,37.7465918,-122.480238
060750328013001,060750328013,37.7474525,-122.481912
060750328011003,060750328011,37.7475945,-122.478695
060750328011004,060750328011,37.7476417,-122.477624
060750328011005,060750328011,37.747689,-122.4765575
060750304003010,060750304003,37.747714,-122.4759672
060750328021008,060750328021,37.749365,-122.480969
060750328021007,060750328021,37.7494122,-122.479897
060750328011002,060750328011,37.7494598,-122.478825
060750328011001,060750328011,37.7495071,-122.4777538
060750304004005,060750304004,37.7458736,-122.475302
060750304004004,060750304004,37.7459194,-122.4742853
060750304004003,060750304004,37.7460053,-122.4732858
060750304004002,060750304004,37.7460005,-122.4724444
060750304004001,060750304004,37.7460358,-122.4716959
060750304003009,060750304003,37.7477386,-122.4754302
060750304003008,060750304003,37.7477833,-122.4744165
060750304003007,060750304003,37.7478304,-122.4733442
060750304003006,060750304003,37.7478789,-122.4722461
060750303023015,060750303023,37.7496035,-122.4755604
060750329012003,060750329012,37.7471215,-122.4894075
060750329012002,060750329012,37.7471687,-122.488336
060750329012001,060750329012,37.7472163,-122.4872645
060750329012000,060750329012,37.7472635,-122.486195
060750328013004,060750328013,37.7473105,-122.4851255
060750328013003,060750328013,37.747358,-122.484053
060750328013002,060750328013,37.7474055,-122.482983
060750329011004,060750329011,37.7489392,-122.4906105
060750329011003,060750329011,37.7489868,-122.4895375
060750329011002,060750329011,37.749034,-122.488466
060750329012005,060750329012,37.7470266,-122.4915543
060750353001001,060750353001,37.7490135,-122.4973883
060750353001002,060750353001,37.7487385,-122.4952046
060750329011009,060750329011,37.748748,-122.494902
060750329011008,060750329011,37.7487635,-122.4945962
060750329011007,060750329011,37.748797,-122.4938275
060750329011006,060750329011,37.7488446,-122.4927568
060750329011005,060750329011,37.7488919,-122.4916837
060750353001000,060750353001,37.7506033,-122.4953355
060750329023009,060750329023,37.7506132,-122.4950312
060750329011001,060750329011,37.7490812,-122.4873945
060750329011000,060750329011,37.7491288,-122.486325
060750328021004,060750328021,37.7516504,-122.4854199
060750329023004,060750329023,37.750803,-122.4907415
060750329023003,060750329023,37.7508512,-122.4896672
060750329023002,060750329023,37.7508957,-122.4885995
060750329023001,060750329023,37.7509485,-122.4875289
060750329023000,060750329023,37.7509939,-122.4864552
060750329022004,060750329022,37.7526684,-122.4908727
060750329022003,060750329022,37.7527166,-122.4897974
060750352012005,060750352012,37.7500807,-122.5077105
060750352012006,060750352012,37.7500955,-122.5068174
060750352012007,060750352012,37.7501417,-122.5057483
060750352012008,060750352012,37.7501885,-122.5046753
060750352012009,060750352012,37.7502365,-122.5036036
060750352012010,060750352012,37.7502841,-122.5025316
060750351007007,060750351007,37.750332,-122.5014586
060750351007008,060750351007,37.7503793,-122.5003855
060750352011005,060750352011,37.751939,-122.5078975
060750352011004,060750352011,37.7519605,-122.5069466
060750329023008,060750329023,37.7506262,-122.4947254
060750329023007,060750329023,37.7506608,-122.4939586
060750329023006,060750329023,37.7507072,-122.492887
060750329023005,060750329023,37.7507551,-122.4918147
060750351007003,060750351007,37.7523373,-122.4983716
060750351007002,060750351007,37.7523852,-122.4973026
060750351007001,060750351007,37.7524344,-122.496232
060750351007000,060750351007,37.7524687,-122.4954653
060750329022009,060750329022,37.7524741,-122.495161
060750329022008,060750329022,37.7524934,-122.4948567
060750352011003,060750352011,37.7520064,-122.5058765
060750352011002,060750352011,37.7520531,-122.5048049
060750352011001,060750352011,37.7521013,-122.503733
060750352011000,060750352011,37.7521486,-122.5026619
060750351007006,060750351007,37.7521965,-122.5015889
060750351007005,060750351007,37.7522437,-122.500516
060750351007004,060750351007,37.7522911,-122.4994433
060750352015005,060750352015,37.7538013,-122.5080847
060750352015004,060750352015,37.7538264,-122.5070752
060750352015003,060750352015,37.7538741,-122.5060053
060750329022007,060750329022,37.7525259,-122.4940896
060750329022006,060750329022,37.7525732,-122.493018
060750329022005,060750329022,37.7526209,-122.4919463
060750351006003,060750351006,37.7542002,-122.4985022
060750351006002,060750351006,37.7542487,-122.4974321
060750351006001,060750351006,37.7542948,-122.4963628
060750351006000,060750351006,37.7543305,-122.4955975
060750329021009,060750329021,37.7543633,-122.4952927
060750329021008,060750329021,37.7543561,-122.4949857
060750329021007,060750329021,37.7543931,-122.4942201
060750329022002,060750329022,37.7527653,-122.4887314
060750329022001,060750329022,37.7528105,-122.4876607
060750329022000,060750329022,37.7528595,-122.4865856
060750328023006,060750328023,37.7529068,-122.4855165
060750328023007,060750328023,37.752954,-122.4844445
060750328021003,060750328021,37.7530014,-122.4833718
060750329021003,060750329021,37.7545835,-122.4899294
060750329021002,060750329021,37.7546329,-122.4888584
060750329021001,060750329021,37.7546767,-122.4877872
060750329021000,060750329021,37.754726,-122.4867162
060750352015002,060750352015,37.7539212,-122.504934
060750352015001,060750352015,37.7539691,-122.5038628
060750352015000,060750352015,37.7540111,-122.502792
060750351006006,060750351006,37.7540534,-122.5017189
060750351006005,060750351006,37.7541032,-122.5006461
060750351006004,060750351006,37.7541509,-122.4995731
060750352013005,060750352013,37.7556582,-122.5082666
060750352013004,060750352013,37.7556911,-122.5072053
060750352013003,060750352013,37.7557386,-122.5061353
060750352013002,060750352013,37.7557857,-122.505064
060750329021006,060750329021,37.7544422,-122.4931483
060750329021005,060750329021,37.7544883,-122.4920757
060750329021004,060750329021,37.7545358,-122.4910038
060750351005003,060750351005,37.7560635,-122.4986326
060750351005002,060750351005,37.7561117,-122.4975611
060750351005001,060750351005,37.756161,-122.4964924
060750351005000,060750351005,37.7561926,-122.4957259
060750327006009,060750327006,37.7562075,-122.4954221
060750327006006,060750327006,37.7562212,-122.4951187
060750327006005,060750327006,37.7562576,-122.4943502
060750303023013,060750303023,37.7500112,-122.4714664
060750303022011,060750303022,37.750146,-122.4709813
060750303022010,060750303022,37.7493795,-122.4703428
060750303022008,060750303022,37.7499024,-122.4679545
060750303022009,060750303022,37.7500345,-122.4693446
060750303022006,060750303022,37.7500455,-122.4669384
060750303022007,060750303022,37.7513237,-122.4681532
060750303022005,060750303022,37.7515078,-122.4700608
060750303023001,060750303023,37.7519721,-122.4714818
060750303023000,060750303023,37.7513375,-122.4711306
060750328011000,060750328011,37.7495539,-122.4766869
060750303023016,060750303023,37.7495798,-122.476097
060750328021005,060750328021,37.7512306,-122.4810998
060750328021006,060750328021,37.7512776,-122.4800277
060750328022008,060750328022,37.7513252,-122.478956
060750328022007,060750328022,37.7513725,-122.4778845
060750328022006,060750328022,37.7514199,-122.4768157
060750303023008,060750303023,37.7514451,-122.476226
060750303023007,060750303023,37.7514694,-122.4756907
060750328021002,060750328021,37.7530484,-122.4823007
060750303023009,060750303023,37.7496485,-122.4745464
060750303023010,060750303023,37.7496956,-122.4734743
060750303023011,060750303023,37.7497253,-122.4726674
060750303023012,060750303023,37.7497606,-122.4721063
060750303023006,060750303023,37.7515022,-122.4749437
060750303023005,060750303023,37.7515263,-122.474408
060750303023004,060750303023,37.751562,-122.473604
060750303023003,060750303023,37.751604,-122.4727878
060750303023002,060750303023,37.7516266,-122.4722292
060750303021009,060750303021,37.7533792,-122.4748055
060750303023017,060750303023,37.7521903,-122.4705823
060750303022004,060750303022,37.7519848,-122.4692415
060750303022002,060750303022,37.7519715,-122.4670198
060750303022003,060750303022,37.7524348,-122.4682578
060750303014016,060750303014,37.7533171,-122.4698306
060750303014014,060750303014,37.7536522,-122.4706289
060750303013010,060750303013,37.7536377,-122.468467
060750303013007,060750303013,37.7537143,-122.4671865
060750303014015,060750303014,37.753869,-122.4692357
060750303013006,060750303013,37.7540636,-122.4682472
060750328021001,060750328021,37.7530955,-122.4812305
060750328021000,060750328021,37.7531431,-122.4801583
060750328022003,060750328022,37.7531904,-122.4790867
060750328022004,060750328022,37.7532369,-122.4780164
060750328022005,060750328022,37.7532848,-122.4769502
060750303021014,060750303021,37.7533098,-122.476358
060750303021013,060750303021,37.7533346,-122.4758195
060750328023002,060750328023,37.7549153,-122.4824313
060750328023001,060750328023,37.7549611,-122.4813602
060750328023000,060750328023,37.7550089,-122.4802883
060750303021008,060750303021,37.7534133,-122.4715714
060750303021005,060750303021,37.7534058,-122.4737324
060750303021006,060750303021,37.7537901,-122.4726966
060750303021004,060750303021,37.7543575,-122.4737985
060750303021007,060750303021,37.7548349,-122.4716404
060750303021010,060750303021,37.7552448,-122.4749355
060750303021002,060750303021,37.7552574,-122.4738833
060750303021001,060750303021,37.7555285,-122.4727513
060750303021000,060750303021,37.7561313,-122.4725722
060750303021003,060750303021,37.7562193,-122.4740568
060750328022002,060750328022,37.7550565,-122.479216
060750328022001,060750328022,37.7551031,-122.4781472
060750328022000,060750328022,37.7551496,-122.4770821
060750303021012,060750303021,37.7551876,-122.4764897
060750303021011,060750303021,37.7551991,-122.4759497
060750326023005,060750326023,37.7567772,-122.4825615
060750326023004,060750326023,37.7568256,-122.4814895
060750326023003,060750326023,37.7568719,-122.4804172
060750326023002,060750326023,37.7569191,-122.4793452
060750326023001,060750326023,37.7569675,-122.4782765
060750303014013,060750303014,37.7547896,-122.4707915
060750303013005,060750303013,37.7551,-122.4687125
060750303014009,060750303014,37.755074,-122.4700762
060750303014010,060750303014,37.7554074,-122.469919
060750303013004,060750303013,37.7556977,-122.4683716
060750303013003,060750303013,37.7555781,-122.4673314
060750303014012,060750303014,37.7558768,-122.4694798
060750303014011,060750303014,37.7559505,-122.4704647
060750303014006,060750303014,37.7571619,-122.47089
060750303014000,060750303014,37.7573475,-122.4696031
060750303013000,060750303013,37.7549702,-122.4641269
060750303013002,060750303013,37.7556239,-122.4662607
060750303013001,060750303013,37.7556675,-122.4651904
060750303012007,060750303012,37.7574899,-122.4663913
060750301022009,060750301022,37.7574578,-122.4632687
060750303012008,060750303012,37.7575222,-122.4655773
060750303012009,060750303012,37.7575528,-122.4650445
060750303012010,060750303012,37.7576268,-122.4642555
060750303012002,060750303012,37.7593549,-122.4665212
060750303012001,060750303012,37.7594016,-122.4654505
060750303014008,060750303014,37.7562944,-122.4717027
060750303014007,060750303014,37.7563009,-122.4709944
060750303014005,060750303014,37.7568242,-122.4723819
060750303011009,060750303011,37.7570888,-122.4750639
060750303011013,060750303011,37.7571492,-122.4740568
060750303014004,060750303014,37.7570235,-122.4728285
060750303011010,060750303011,37.7580375,-122.4751308
060750303011012,060750303011,37.7580809,-122.4741344
060750303014003,060750303014,37.7582635,-122.4732739
060750303014002,060750303014,37.7583769,-122.4722517
060750306001006,060750306001,37.7464332,-122.4578945
060750306001007,060750306001,37.7464981,-122.4585071
060750306001015,060750306001,37.7467911,-122.4579475
060750306001011,060750306001,37.7470237,-122.4589363
060750304001011,060750304001,37.7472987,-122.4610569
060750304001012,060750304001,37.7471702,-122.4601795
060750304001013,060750304001,37.7479069,-122.4587585
060750304001009,060750304001,37.7481923,-122.4614482
060750304001010,060750304001,37.7483931,-122.4603739
060750304001004,060750304001,37.7490086,-122.4612324
060750306001001,060750306001,37.7452172,-122.4533148
060750306001003,060750306001,37.7452244,-122.4557744
060750306001002,060750306001,37.74525,-122.4546808
060750306001000,060750306001,37.7456426,-122.4527094
060750306001004,060750306001,37.7457123,-122.4563666
060750306001019,060750306001,37.7458907,-122.4543034
060750306001020,060750306001,37.746226,-122.4550639
060750306001016,060750306001,37.7464331,-122.4558927
060750306001018,060750306001,37.7466223,-122.4567371
060750305003001,060750305003,37.7477817,-122.4529934
060750304003012,060750304003,37.7482773,-122.4654629
060750304001008,060750304001,37.7483734,-122.4621779
060750304002004,060750304002,37.7487667,-122.4644034
060750304002003,060750304002,37.7490317,-122.4633562
060750304001007,060750304001,37.7494875,-122.4624789
060750304002002,060750304002,37.748972,-122.462937
060750304003000,060750304003,37.7496469,-122.4657785
060750304002001,060750304002,37.7500138,-122.4644155
060750304001002,060750304001,37.7505036,-122.4625751
060750304002000,060750304002,37.7506339,-122.4647644
060750304001003,060750304001,37.7507268,-122.4636003
060750304001001,060750304001,37.7509148,-122.4621526
060750304001006,060750304001,37.7515996,-122.4635523
060750303022012,060750303022,37.7515608,-122.4639981
060750303022000,060750303022,37.751897,-122.4648875
060750303022001,060750303022,37.7518949,-122.4660012
060750304001000,060750304001,37.7522481,-122.4625162
060750303013008,060750303013,37.7537578,-122.4661316
060750303013009,060750303013,37.7538026,-122.465062
060750303013011,060750303013,37.7543483,-122.463722
060750305003003,060750305003,37.7494696,-122.4574458
060750304001005,060750304001,37.7508638,-122.4610498
060750301022006,060750301022,37.7519912,-122.4585424
060750301022008,060750301022,37.7538245,-122.4588785
060750301022014,060750301022,37.7543127,-122.4587861
060750301022007,060750301022,37.7543334,-122.4604283
060750301022003,060750301022,37.7544769,-122.4570724
060750301022011,060750301022,37.7549164,-122.4574363
060750301022004,060750301022,37.7540628,-122.4609223
060750301022013,060750301022,37.7549652,-122.4595052
060750305003002,060750305003,37.7501241,-122.4536246
060750305002007,060750305002,37.75083,-122.4518491
060750305002003,060750305002,37.7523832,-122.4517871
060750301022005,060750301022,37.7523201,-122.4570178
060750305003000,060750305003,37.7531295,-122.453141
060750301022010,060750301022,37.7541766,-122.4561239
060750305001004,060750305001,37.7540775,-122.4543478
060750305001002,060750305001,37.7552306,-122.4521889
060750301022002,060750301022,37.756065,-122.4564785
060750301022000,060750301022,37.756085,-122.4547833
060750301022012,060750301022,37.7551754,-122.4578991
060750301021005,060750301021,37.7555243,-122.458701
060750301021014,060750301021,37.7558606,-122.4609327
060750301021012,060750301021,37.7562968,-122.4600824
060750301021013,060750301021,37.75814,-122.4612763
060750301021008,060750301021,37.7595583,-122.4620423
060750301021009,060750301021,37.7600613,-122.4609177
060750301021006,060750301021,37.7614953,-122.4612594
060750301014000,060750301014,37.7633703,-122.4614443
060750301012007,060750301012,37.7635338,-122.4603844
060750305001003,060750305001,37.7560392,-122.4541041
060750301022001,060750301022,37.7563767,-122.4554777
060750301021004,060750301021,37.7581327,-122.4551962
060750301021011,060750301021,37.7587055,-122.4531106
060750301021010,060750301021,37.7588868,-122.4520996
060750301021003,060750301021,37.7594391,-122.4579557
060750301021000,060750301021,37.7613835,-122.4543702
060750301021002,060750301021,37.7632117,-122.4536865
060750301021001,060750301021,37.763346,-122.4544623
060750171021004,060750171021,37.7641756,-122.4518061
060750303012000,060750303012,37.759448,-122.4643815
060750301014004,060750301014,37.7596686,-122.4634308
060750302023002,060750302023,37.761201,-122.4666501
060750302023001,060750302023,37.7612663,-122.4655817
060750302023000,060750302023,37.7613141,-122.4645125
060750301014003,060750301014,37.7613605,-122.463442
060750301021007,060750301021,37.7614074,-122.4623712
060750302023003,060750302023,37.7621476,-122.4667175
060750302022001,060750302022,37.7631295,-122.465713
060750302022000,060750302022,37.7631765,-122.4646435
060750301014002,060750301014,37.7632235,-122.463572
060750301014001,060750301014,37.7632705,-122.4625015
060750301013006,060750301013,37.7646225,-122.4636695
060750301013004,060750301013,37.7646698,-122.4625989
060750302021001,060750302021,37.7649832,-122.4658425
060750302021000,060750302021,37.7650268,-122.4647733
060750301013007,060750301013,37.7655399,-122.4637312
060750301013002,060750301013,37.7655897,-122.462662
060750302021002,060750302021,37.7659476,-122.4659057
060759803001058,060759803001,37.7660178,-122.4642876
060750328023005,060750328023,37.7547726,-122.4856468
060750328023004,060750328023,37.7548201,-122.4845748
060750328023003,060750328023,37.7548663,-122.4835027
060750327005003,060750327005,37.7564464,-122.490062
060750327005002,060750327005,37.7564944,-122.4889882
060750327005001,060750327005,37.7565412,-122.487917
060750327005000,060750327005,37.7565886,-122.4868488
060750326021010,060750326021,37.7566364,-122.4857783
060750326021011,060750326021,37.7566834,-122.4847052
060750326023006,060750326023,37.7567309,-122.4836333
060750352013001,060750352013,37.7558329,-122.5039932
060750352013000,060750352013,37.7558755,-122.50292
060750351005006,060750351005,37.7559192,-122.501848
060750351005005,060750351005,37.7559657,-122.5007753
060750351005004,060750351005,37.7560154,-122.4997039
060750352012003,060750352012,37.7566148,-122.5104339
060750352012002,060750352012,37.7565031,-122.5093854
060750352012001,060750352012,37.7565622,-122.50912
060750352014005,060750352014,37.757518,-122.5084397
060750327006004,060750327006,37.756304,-122.4932771
060750327005005,060750327005,37.7563521,-122.4922058
060750327005004,060750327005,37.7563998,-122.491135
060750351004003,060750351004,37.757932,-122.4987635
060750351004002,060750351004,37.7579787,-122.497692
060750351004001,060750351004,37.7580255,-122.4966215
060750351004000,060750351004,37.7580596,-122.4958534
060750327006008,060750327006,37.7580713,-122.4955521
060750327006007,060750327006,37.7580855,-122.4952505
060750327006002,060750327006,37.7581193,-122.4944802
060750352014004,060750352014,37.757556,-122.5073365
060750352014003,060750352014,37.7576029,-122.5062667
060750352014002,060750352014,37.7576499,-122.5051953
060750352014001,060750352014,37.7576969,-122.5041238
060750352014000,060750352014,37.7577432,-122.503052
060750351004006,060750351004,37.7577911,-122.5019778
060750351004005,060750351004,37.757838,-122.500905
060750351004004,060750351004,37.757885,-122.499835
060750352023006,060750352023,37.7594366,-122.5091812
060750352023005,060750352023,37.7593722,-122.5085396
060750327006003,060750327006,37.7581675,-122.4934076
060750327004005,060750327004,37.7582146,-122.4923368
060750327004004,060750327004,37.7582618,-122.4912655
060750351003002,060750351003,37.7598454,-122.4978232
060750351003001,060750351003,37.7598919,-122.4967527
060750351003000,060750351003,37.7599275,-122.4959839
060750327007014,060750327007,37.7599299,-122.4956817
060750327007012,060750327007,37.7599538,-122.4953814
060750327007013,060750327007,37.7599695,-122.4948802
060750327006001,060750327006,37.7600042,-122.4943448
060750327004003,060750327004,37.7583089,-122.4901927
060750327004002,060750327004,37.7583562,-122.4891195
060750327004001,060750327004,37.7584035,-122.4880485
060750327004000,060750327004,37.7584509,-122.4869807
060750326021009,060750326021,37.758498,-122.4859095
060750326021008,060750326021,37.7585451,-122.4848358
060750326022007,060750326022,37.7585928,-122.483763
060750327003003,060750327003,37.7601757,-122.490323
060750327003002,060750327003,37.760223,-122.4892505
060750327003001,060750327003,37.7602707,-122.4881787
060750352023004,060750352023,37.7594216,-122.5074678
060750352023003,060750352023,37.7594685,-122.506398
060750352023002,060750352023,37.7595154,-122.5053266
060750352023001,060750352023,37.7595624,-122.5042547
060750352023000,060750352023,37.75961,-122.503183
060750351003006,060750351003,37.7596564,-122.5021099
060750351003005,060750351003,37.7597046,-122.501037
060750351003004,060750351003,37.7597511,-122.4999662
060750351003003,060750351003,37.7597985,-122.498895
060750352022006,060750352022,37.7612644,-122.5093593
060750327006000,060750327006,37.7600339,-122.4935387
060750327003005,060750327003,37.7600814,-122.4924672
060750327003004,060750327003,37.7601289,-122.4913953
060750351002002,060750351002,37.7617099,-122.4979542
060750351002001,060750351002,37.761757,-122.496884
060750351002000,060750351002,37.7617922,-122.4961168
060750327007011,060750327007,37.7618043,-122.4958135
060750327007010,060750327007,37.7618169,-122.4955107
060750327007007,060750327007,37.7618522,-122.4947418
060750327007008,060750327007,37.7618989,-122.4936692
060750327003000,060750327003,37.7603177,-122.48711
060750326021006,060750326021,37.7603646,-122.4860392
060750326021007,060750326021,37.760412,-122.4849665
060750326013006,060750326013,37.7604592,-122.483894
060750326013005,060750326013,37.7605065,-122.482822
060750327002003,060750327002,37.762041,-122.4904535
060750327002002,060750327002,37.7620883,-122.4893815
060750327002001,060750327002,37.7621357,-122.488309
060750327002000,060750327002,37.7621831,-122.4872393
060750326021005,060750326021,37.7622299,-122.4861692
060750352022005,060750352022,37.7612358,-122.5086693
060750352022004,060750352022,37.7612838,-122.507599
060750352022003,060750352022,37.761331,-122.506529
060750352022002,060750352022,37.7613782,-122.505458
060750352022001,060750352022,37.7614258,-122.5043865
060750352022000,060750352022,37.7614732,-122.5033145
060750351002006,060750351002,37.7615208,-122.502242
060750351002005,060750351002,37.761568,-122.501169
060750351002004,060750351002,37.7616154,-122.5000973
060750351002003,060750351002,37.7616628,-122.499026
060750326023000,060750326023,37.7570131,-122.4772152
060750303011011,060750303011,37.7570405,-122.476615
060750303011008,060750303011,37.7570638,-122.4760724
060750326022006,060750326022,37.7586401,-122.4826913
060750326022005,060750326022,37.7586869,-122.4816192
060750326022004,060750326022,37.758734,-122.4805465
060750326022003,060750326022,37.7587814,-122.4794753
060750326022002,060750326022,37.7587932,-122.4787092
060750326022001,060750326022,37.7588546,-122.4781786
060750326022000,060750326022,37.7588751,-122.4773453
060750303012005,060750303012,37.7573947,-122.4685315
060750303012006,060750303012,37.7574418,-122.4674618
060750303014001,060750303014,37.758135,-122.4709897
060750303011002,060750303011,37.7591828,-122.471302
060750303011000,060750303011,37.7592139,-122.4697333
060750303012004,060750303012,37.7592611,-122.4686613
060750303012003,060750303012,37.7593083,-122.4675915
060750303011001,060750303011,37.7597036,-122.470796
060750302013001,060750302013,37.7610124,-122.4709355
060750302023008,060750302023,37.7610601,-122.4698624
060750303011007,060750303011,37.7589029,-122.4767494
060750303011006,060750303011,37.7589253,-122.4762057
060750326013004,060750326013,37.7605539,-122.4817497
060750326013003,060750326013,37.7606009,-122.4806772
060750326013002,060750326013,37.760648,-122.479606
060750326013001,060750326013,37.7606958,-122.4785351
060750326013000,060750326013,37.7607294,-122.4774882
060750326013007,060750326013,37.7607663,-122.4769101
060750302013010,060750302013,37.7607829,-122.4763499
060750302013011,060750302013,37.7617239,-122.4764524
060750303011005,060750303011,37.7589895,-122.4751966
060750303011004,060750303011,37.7590767,-122.474171
060750303011003,060750303011,37.7596147,-122.472931
060750302013008,060750302013,37.7608173,-122.4753235
060750302013006,060750302013,37.7608652,-122.4742521
060750302013004,060750302013,37.7609127,-122.473153
060750302013002,060750302013,37.7609658,-122.4720316
060750302013009,060750302013,37.7617699,-122.4753987
060750302013007,060750302013,37.7618175,-122.474321
060750302013005,060750302013,37.7618659,-122.4732293
060750302023006,060750302023,37.761107,-122.4687905
060750302023004,060750302023,37.7611535,-122.4677204
060750302013000,060750302013,37.7619635,-122.4710016
060750302023009,060750302023,37.7620063,-122.4699324
060750302023007,060750302023,37.762054,-122.4688535
060750302023005,060750302023,37.7621005,-122.4677858
060750302012000,060750302012,37.7629137,-122.4710678
060750302022005,060750302022,37.7629567,-122.4699945
060750302022004,060750302022,37.7630039,-122.4689226
060750302022003,060750302022,37.7630509,-122.4678531
060750326012004,060750326012,37.7624187,-122.4818805
060750326012003,060750326012,37.7624661,-122.4808078
060750326012002,060750326012,37.7625129,-122.4797367
060750326012001,060750326012,37.7625605,-122.478664
060750326012000,060750326012,37.7626006,-122.477642
060750326012007,060750326012,37.7626296,-122.4770973
060750302012005,060750302012,37.7626782,-122.476514
060750326011009,060750326011,37.7642779,-122.482011
060750326011007,060750326011,37.7643227,-122.4809379
060750326011005,060750326011,37.7643693,-122.4798667
060750302013003,060750302013,37.7619153,-122.4720955
060750302012004,060750302012,37.7627202,-122.4754556
060750302012003,060750302012,37.7627677,-122.4743853
060750302012002,060750302012,37.7628155,-122.4732874
060750302012001,060750302012,37.7628655,-122.4721651
060750302011008,060750302011,37.7645538,-122.4755847
060750302011006,060750302011,37.7645995,-122.4745135
060750302011004,060750302011,37.7646476,-122.473416
060750302011002,060750302011,37.7647002,-122.472294
060750302011007,060750302011,37.7655605,-122.4745851
060750302022002,060750302022,37.7630979,-122.4667831
060750302011001,060750302011,37.7647487,-122.4711957
060750302021009,060750302021,37.7647961,-122.4701231
060750302021007,060750302021,37.7648423,-122.469051
060750302021005,060750302021,37.7648896,-122.4679817
060750302021003,060750302021,37.7649373,-122.4669116
060750302011000,060750302011,37.7657132,-122.4712688
060750302021010,060750302021,37.7657609,-122.4701955
060750302021008,060750302021,37.7658065,-122.4691174
060750302021006,060750302021,37.7658539,-122.4680403
060750326011003,060750326011,37.7644166,-122.4787943
060750326011000,060750326011,37.7644583,-122.4777798
060750326011002,060750326011,37.7644918,-122.4772442
060750302011010,060750302011,37.7645073,-122.4766511
060750326011010,060750326011,37.7652384,-122.4820719
060750326011008,060750326011,37.7652824,-122.4810033
060750326011006,060750326011,37.7653266,-122.4799333
060750326011004,060750326011,37.7653774,-122.4788427
060750326011001,060750326011,37.7654228,-122.4778294
060750302011011,060750302011,37.7654691,-122.4767319
060750302011009,060750302011,37.7655162,-122.4756519
060759803001066,060759803001,37.7657488,-122.4773328
060759803001063,060759803001,37.7658779,-122.4807554
060759803001035,060759803001,37.7679722,-122.4787382
060759803001036,060759803001,37.7684228,-122.4782811
060759803001065,060759803001,37.7688742,-122.4811106
060759803001037,060759803001,37.7695928,-122.4784131
060759803001009,060759803001,37.7709732,-122.4793361
060759803001034,060759803001,37.7712399,-122.4802709
060759803001012,060759803001,37.7718399,-122.4809298
060750327002005,060750327002,37.7619466,-122.4925978
060750327002004,060750327002,37.7619939,-122.4915252
060750327007009,060750327007,37.7629585,-122.4955229
060750351001004,060750351001,37.763201,-122.4962686
060750351001005,060750351001,37.7635666,-122.4980845
060750351001002,060750351001,37.7636141,-122.4970146
060750351001001,060750351001,37.7639941,-122.4962288
060750327007004,060750327007,37.7638196,-122.4956618
060750327007006,060750327007,37.7637333,-122.4959452
060750327007002,060750327007,37.7637014,-122.4948714
060750326021004,060750326021,37.762277,-122.4850975
060750326012006,060750326012,37.7623243,-122.484025
060750326012005,060750326012,37.7623715,-122.482953
060750327001006,060750327001,37.7638977,-122.490584
060750327001004,060750327001,37.7639455,-122.489512
060750327001002,060750327001,37.7639916,-122.4884386
060750327001001,060750327001,37.7640406,-122.4873685
060750326021002,060750326021,37.7640867,-122.4862993
060750326021001,060750326021,37.764135,-122.4852279
060750326011013,060750326011,37.7641824,-122.4841555
060750352021012,060750352021,37.7630941,-122.5095364
060750352021010,060750352021,37.7630928,-122.5087991
060750352021008,060750352021,37.7631399,-122.5077299
060750352021006,060750352021,37.7631875,-122.5066593
060750352021004,060750352021,37.7632333,-122.5055883
060750352021002,060750352021,37.7632824,-122.5045174
060750352021000,060750352021,37.7633293,-122.5034451
060750351001013,060750351001,37.7633765,-122.5023718
060750351001011,060750351001,37.7634243,-122.5012991
060750351001009,060750351001,37.7634717,-122.5002282
060750351001007,060750351001,37.7635178,-122.4991565
060750352012000,060750352012,37.7640198,-122.5100582
060750352021013,060750352021,37.7640351,-122.5096629
060750352021011,060750352021,37.7640549,-122.5088857
060750352021009,060750352021,37.7640991,-122.5077913
060750352021007,060750352021,37.7641464,-122.5067304
060750352021005,060750352021,37.7641919,-122.5056561
060750352021003,060750352021,37.7642415,-122.5045771
060750352021001,060750352021,37.7642872,-122.5035069
060750351001014,060750351001,37.7643354,-122.5024368
060750327007001,060750327007,37.7637521,-122.4937993
060750327001010,060750327001,37.7638034,-122.4927278
060750327001008,060750327001,37.7638487,-122.4916549
060750351001006,060750351001,37.7645278,-122.498153
060750351001003,060750351001,37.7645814,-122.4970521
060750351001000,060750351001,37.7646126,-122.4962862
060750327007005,060750327007,37.7646355,-122.4957289
060750327007003,060750327007,37.764666,-122.4949447
060750327007000,060750327007,37.7647139,-122.4938667
060750327001011,060750327001,37.764764,-122.4927973
060750326011011,060750326011,37.7642306,-122.4830834
060750327001007,060750327001,37.7648546,-122.4906419
060750327001005,060750327001,37.7649026,-122.4895654
060750327001003,060750327001,37.7649491,-122.4885055
060750327001000,060750327001,37.765002,-122.4874305
060750326021003,060750326021,37.7650495,-122.4863627
060750326021000,060750326021,37.7650991,-122.4852919
060750326011014,060750326011,37.7651452,-122.4842215
060750326011012,060750326011,37.7651901,-122.4831384
060759803001062,060759803001,37.7655946,-122.4882124
060750351001012,060750351001,37.764386,-122.5013686
060750351001010,060750351001,37.7644321,-122.5002903
060750351001008,060750351001,37.7644792,-122.4992133
060759803001028,060759803001,37.7647514,-122.5051643
060759803001026,060759803001,37.7664391,-122.5024944
060759803001025,060759803001,37.766414,-122.5103225
060759803001024,060759803001,37.7670218,-122.5086108
060759803001022,060759803001,37.7673784,-122.5117627
060759803001019,060759803001,37.7692259,-122.5053951
060750327001009,060750327001,37.7648058,-122.4917184
060759803001029,060759803001,37.7648661,-122.4980087
060759803001061,060759803001,37.7650493,-122.4960349
060759803001032,060759803001,37.7658217,-122.4947372
060759803001031,060759803001,37.7698297,-122.4949422
060759803001072,060759803001,37.7702223,-122.4951868
060759803001016,060759803001,37.771055,-122.4925531
060759803001015,060759803001,37.7719058,-122.4923526
060750479014000,060750479014,37.7728425,-122.4987165
060750478022003,060750478022,37.7728915,-122.4976485
060759803001064,060759803001,37.7670612,-122.4856018
060759803001030,060759803001,37.7684025,-122.4920873
060759803001033,060759803001,37.7709392,-122.4832459
060759803001014,060759803001,37.771697,-122.4871941
060759803001013,060759803001,37.7719439,-122.4833245
060750478011001,060750478011,37.7732331,-122.4901469
060750478011000,060750478011,37.7732839,-122.4890741
060750477023005,060750477023,37.7733319,-122.4880022
060750477023004,060750477023,37.7733811,-122.4869338
060750477023003,060750477023,37.7734298,-122.4858655
060759803001027,060759803001,37.7694555,-122.5021833
060759803001017,060759803001,37.770435,-122.4988413
060759803001020,060759803001,37.7706539,-122.5091442
060759803001021,060759803001,37.7708731,-122.5109805
060759803001018,060759803001,37.7712479,-122.5033205
060750479012005,060750479012,37.7721293,-122.5111662
060750479012016,060750479012,37.7722557,-122.5105239
060750479012012,060750479012,37.7723535,-122.5094283
060750479012013,060750479012,37.7724017,-122.508355
060750479012014,060750479012,37.7724507,-122.5072862
060750301012006,060750301012,37.7637903,-122.4588056
060750301011005,060750301011,37.7642874,-122.4571861
060750301013005,060750301013,37.764717,-122.461527
060750301012003,060750301012,37.7647643,-122.4604554
060750301012004,060750301012,37.7648114,-122.4593842
060750301012005,060750301012,37.7648631,-122.4582901
060750301013001,060750301013,37.7656395,-122.4615907
060750301012002,060750301012,37.7656894,-122.4605215
060750301012001,060750301012,37.7657366,-122.4594472
060750301012000,060750301012,37.7657396,-122.4583829
060750171022000,060750171022,37.7636977,-122.4488538
060750171021005,060750171021,37.7643545,-122.4504063
060750171021006,060750171021,37.7645314,-122.4490212
060750171021002,060750171021,37.7652411,-122.4505861
060750171021001,060750171021,37.7654692,-122.4487969
060750171023006,060750171023,37.7660887,-122.4514528
060750171021000,060750171021,37.766403,-122.4489843
060750171023005,060750171023,37.7671264,-122.4508151
060750171023001,060750171023,37.7677299,-122.4497992
060750171023000,060750171023,37.7678687,-122.4487328
060750301011002,060750301011,37.7644595,-122.4562812
060750301011003,060750301011,37.7646712,-122.4550727
060750301011004,060750301011,37.7648742,-122.4534852
060750171021003,060750171021,37.7650624,-122.4519857
060750301011001,060750301011,37.7655004,-122.4561654
060750301011000,060750301011,37.7658037,-122.4536756
060759803001068,060759803001,37.7666744,-122.4560951
060750171023004,060750171023,37.766947,-122.4522314
060759803001045,060759803001,37.7677016,-122.4569629
060750171023003,060750171023,37.7678756,-122.4524191
060750166003005,060750166003,37.7688054,-122.4526066
060759803001047,060759803001,37.7686548,-122.4544655
060759803001046,060759803001,37.769208,-122.454891
060750166003002,060750166003,37.7697388,-122.4527959
060750166003001,060750166003,37.770662,-122.4529789
060759803001049,060759803001,37.771207,-122.454576
060759803001067,060759803001,37.7711964,-122.4531148
060759803001048,060759803001,37.771275,-122.4536413
060759803001050,060759803001,37.7714818,-122.4545492
060759803001003,060759803001,37.7717745,-122.45378
060750301013000,060750301013,37.7661356,-122.4616339
060759803001070,060759803001,37.7661789,-122.4583782
060759803001057,060759803001,37.7662024,-122.4604354
060759803001071,060759803001,37.7662406,-122.4595909
060759803001069,060759803001,37.7666194,-122.4586481
060759803001056,060759803001,37.7668164,-122.4593084
060759803001055,060759803001,37.7667032,-122.4613917
060759803001044,060759803001,37.7693099,-122.4576851
060759803001043,060759803001,37.7723319,-122.4584616
060759803001005,060759803001,37.7731379,-122.4616951
060750301013003,060750301013,37.7660829,-122.4627079
060759803001059,060759803001,37.7661624,-122.4654271
060759803001051,060759803001,37.7682831,-122.4631607
060759803001041,060759803001,37.7706338,-122.4642658
060759803001042,060759803001,37.7717778,-122.4665624
060759803001006,060759803001,37.7730555,-122.4649413
060750452002003,060750452002,37.7743105,-122.4664849
060750452002004,060750452002,37.7743646,-122.4654156
060750452002005,060750452002,37.7744499,-122.464349
060750451002003,060750451002,37.7745423,-122.463283
060759803001002,060759803001,37.7719981,-122.4532575
060750165004004,060750165004,37.7725415,-122.4533612
060750165004003,060750165004,37.772738,-122.4517029
060759803001004,060759803001,37.7737885,-122.4552858
060750165004002,060750165004,37.7736779,-122.4518938
060750165004001,060750165004,37.7739328,-122.453644
060750165004000,060750165004,37.7746087,-122.4520847
060750156002005,060750156002,37.775084,-122.4558631
060750156002004,060750156002,37.7751911,-122.4550353
060750157004006,060750157004,37.7752559,-122.4537975
060750166004002,060750166004,37.7710948,-122.449684
060750166004001,060750166004,37.7713034,-122.4480396
060759803001001,060759803001,37.7720608,-122.4495459
060750165003005,060750165003,37.7729471,-122.4500579
060750165003004,060750165003,37.7731563,-122.4484137
060750165003002,060750165003,37.7738875,-122.4502447
060750165003003,060750165003,37.7740963,-122.4486024
060750165003001,060750165003,37.7748188,-122.450436
060750165003000,060750165003,37.775029,-122.4487925
060750157004004,060750157004,37.7763296,-122.4498275
060750451002005,060750451002,37.7747268,-122.4611467
060750451001008,060750451001,37.7748196,-122.4600776
060750451001009,060750451001,37.774915,-122.4589832
060750156002006,060750156002,37.7748923,-122.4573879
060750156002002,060750156002,37.775828,-122.4575183
060750451002000,060750451002,37.7764239,-122.4612646
060750451001007,060750451001,37.7764731,-122.4601927
060750451001006,060750451001,37.7765092,-122.4591002
060750156003006,060750156003,37.7767948,-122.4576542
060750156003005,060750156003,37.777698,-122.4577733
060750451002004,060750451002,37.7746348,-122.4622153
060750452002002,060750452002,37.7761794,-122.4666197
060750452002001,060750452002,37.7762281,-122.4655483
060750452002000,060750452002,37.7762775,-122.4644767
060750451002002,060750451002,37.7763261,-122.4634083
060750451002001,060750451002,37.7763751,-122.4623368
060750452001005,060750452001,37.7780882,-122.4656801
060750452001004,060750452001,37.7781398,-122.464609
060750451003006,060750451003,37.7781869,-122.4635432
060750451003007,060750451003,37.7782354,-122.4624718
060750302011005,060750302011,37.7656103,-122.4734846
060750302011003,060750302011,37.7656648,-122.4723601
060759803001052,060759803001,37.7673694,-122.4696305
060759803001073,060759803001,37.7686626,-122.4753894
060759803001054,060759803001,37.7698198,-122.4761163
060759803001053,060759803001,37.7704944,-122.4770066
060759803001008,060759803001,37.7719927,-122.47329
060759803001010,060759803001,37.7723794,-122.4729039
060750476004003,060750476004,37.7739198,-122.4751505
060750476004002,060750476004,37.7739697,-122.474057
060750302021004,060750302021,37.7659015,-122.4669676
060759803001040,060759803001,37.7692549,-122.46893
060759803001039,060759803001,37.7696679,-122.4688373
060759803001038,060759803001,37.77064,-122.4712419
060759803001060,060759803001,37.7705405,-122.4674955
060759803001007,060759803001,37.7729524,-122.466957
060750452003003,060750452003,37.774119,-122.4707684
060750452003004,060750452003,37.7741673,-122.469695
060750452003005,060750452003,37.7742152,-122.4686252
060750452003006,060750452003,37.774263,-122.4675549
060759803001011,060759803001,37.7724875,-122.4784338
060750477023000,060750477023,37.7735764,-122.4826518
060750477022003,060750477022,37.7736251,-122.4815813
060750477022004,060750477022,37.7736741,-122.4805093
060750477022005,060750477022,37.7737235,-122.4794385
060750476004006,060750476004,37.7737728,-122.478369
060750476004005,060750476004,37.7738211,-122.4772977
060750476004004,060750476004,37.7738704,-122.4762222
060750477021000,060750477021,37.7754429,-122.4827867
060750477022002,060750477022,37.7754915,-122.4817155
060750476004001,060750476004,37.7740206,-122.4729307
060750476004000,060750476004,37.7740577,-122.4721357
060750476004007,060750476004,37.7740702,-122.4718405
060750452003002,060750452003,37.7740855,-122.4715409
060750476003003,060750476003,37.7757853,-122.4752865
060750476003002,060750476003,37.775835,-122.474192
060750476003001,060750476003,37.7758857,-122.473067
060750476003000,060750476003,37.7759234,-122.4722721
060750476003007,060750476003,37.7759381,-122.471975
060750452003001,060750452003,37.7759486,-122.4716741
060750477022001,060750477022,37.7755404,-122.4806437
060750477022000,060750477022,37.7755894,-122.4795733
060750476003006,060750476003,37.7756381,-122.4785028
060750476003005,060750476003,37.7756867,-122.477432
060750476003004,060750476003,37.7757357,-122.4763585
060750477012006,060750477012,37.7773559,-122.4818498
060750477012005,060750477012,37.7774044,-122.4807782
060750477012004,060750477012,37.777453,-122.479708
060750476002006,060750476002,37.7775018,-122.4786365
060750476002005,060750476002,37.7775499,-122.477566
060750452003000,060750452003,37.7759844,-122.4709025
060750452004003,060750452004,37.7760334,-122.4698297
060750452004004,060750452004,37.7760819,-122.4687597
060750452004005,060750452004,37.7761311,-122.4676893
060750452005011,060750452005,37.7778465,-122.4710364
060750452004002,060750452004,37.7778954,-122.4699643
060750452004001,060750452004,37.7779439,-122.4688938
060750452004000,060750452004,37.7779924,-122.4678232
060750452001006,060750452001,37.778041,-122.466754
060750452005006,060750452005,37.7797069,-122.4711725
060750476002004,060750476002,37.7775987,-122.4764945
060750477012007,060750477012,37.7792193,-122.4819836
060750477012002,060750477012,37.7792653,-122.4809127
060750477012001,060750477012,37.7793144,-122.4798443
060750476001013,060750476001,37.7793658,-122.4787721
060750476001011,060750476001,37.7794145,-122.4776999
060750476001009,060750476001,37.779462,-122.4766316
060750477012008,060750477012,37.7802114,-122.482056
060750477012003,060750477012,37.7802586,-122.4809739
060750477012000,060750477012,37.7803093,-122.4799111
060750476002003,060750476002,37.777648,-122.4754226
060750476002002,060750476002,37.7776975,-122.474327
060750476002001,060750476002,37.7777484,-122.4732027
060750476002000,060750476002,37.7777858,-122.4724113
060750476002007,060750476002,37.7777964,-122.4721061
060750452005010,060750452005,37.7778121,-122.4718013
060750476001007,060750476001,37.7795123,-122.4755563
060750476001005,060750476001,37.7795595,-122.4744615
060750476001003,060750476001,37.779612,-122.4733398
060750476001001,060750476001,37.7796457,-122.4725449
060750476001002,060750476001,37.7796848,-122.4722413
060750452005008,060750452005,37.7796772,-122.4719342
060750476001008,060750476001,37.7805054,-122.4756265
060750476001006,060750476001,37.7805582,-122.4745386
060750476001004,060750476001,37.7806038,-122.4734036
060750476001000,060750476001,37.7806441,-122.4725888
060750452005009,060750452005,37.7806702,-122.4720322
060750426021002,060750426021,37.7815539,-122.4746056
060750426021001,060750426021,37.7815965,-122.473483
060750426021000,060750426021,37.7816338,-122.4726835
060750452005004,060750452005,37.7797596,-122.4701
060750452005002,060750452005,37.7798043,-122.4690257
060750452005001,060750452005,37.7798571,-122.4679558
060750452001007,060750452001,37.7799039,-122.4668871
060750452005007,060750452005,37.7807029,-122.4712507
060750452005005,060750452005,37.7807512,-122.4701719
060750452005003,060750452005,37.7807979,-122.4690911
060750452005000,060750452005,37.7808514,-122.4680213
060750452001008,060750452001,37.7809021,-122.4669577
060750402002004,060750402002,37.781696,-122.4713148
060750479012015,060750479012,37.7724993,-122.506216
060750479014006,060750479014,37.7725482,-122.5051454
060750479014005,060750479014,37.772597,-122.5040765
060750479014004,060750479014,37.7726464,-122.5030042
060750479014003,060750479014,37.7726955,-122.5019315
060750479014002,060750479014,37.7727455,-122.5008588
060750479014001,060750479014,37.7727923,-122.4997864
060750479012004,060750479012,37.7740108,-122.5112408
060750479012010,060750479012,37.7740821,-122.510649
060750479012011,060750479012,37.7742179,-122.509564
060750478022004,060750478022,37.7729395,-122.4965792
060750478022005,060750478022,37.7729905,-122.4955073
060750478011005,060750478011,37.7730385,-122.4944355
060750478011004,060750478011,37.7730866,-122.4933659
060750478011003,060750478011,37.7731371,-122.492294
060750478011002,060750478011,37.7731851,-122.4912203
060750479011005,060750479011,37.774709,-122.4988525
060750478022002,060750478022,37.7747577,-122.4977845
060750478022001,060750478022,37.7748053,-122.4967189
060750478022000,060750478022,37.7748566,-122.4956471
060750479015007,060750479015,37.7742672,-122.5084905
060750479015005,060750479015,37.7743165,-122.5074225
060750479015006,060750479015,37.7743654,-122.5063522
060750479013004,060750479013,37.7744144,-122.5052818
060750479013005,060750479013,37.774463,-122.5042125
060750479013006,060750479013,37.7745125,-122.50314
060750479013007,060750479013,37.7745621,-122.5020668
060750479011003,060750479011,37.7746119,-122.5009906
060750479011004,060750479011,37.774659,-122.4999187
060750479015003,060750479015,37.7756629,-122.5085916
060750477023002,060750477023,37.7734789,-122.4847948
060750477023001,060750477023,37.7735269,-122.4837234
060750478013004,060750478013,37.7751004,-122.4902832
060750478013005,060750478013,37.7751495,-122.4892105
060750477021005,060750477021,37.7751982,-122.4881375
060750477021004,060750477021,37.7752471,-122.4870688
060750477021003,060750477021,37.7752956,-122.4860003
060750477021002,060750477021,37.7753448,-122.484929
060750477021001,060750477021,37.775394,-122.483858
060750478013006,060750478013,37.7770151,-122.4893458
060750478012004,060750478012,37.7749045,-122.4945715
060750478012005,060750478012,37.7749528,-122.4935047
060750478013010,060750478013,37.7750034,-122.4924326
060750478013009,060750478013,37.7750516,-122.4913553
060750478023010,060750478023,37.7766229,-122.4979202
060750478012003,060750478012,37.7766738,-122.4968532
060750478012002,060750478012,37.7767183,-122.4957806
060750478012001,060750478012,37.7767691,-122.4947073
060750478012000,060750478012,37.7768197,-122.4936391
060750478013011,060750478013,37.7768653,-122.4925664
060750479015004,060750479015,37.775712,-122.5075245
060750479012006,060750479012,37.7759363,-122.5114859
060750479015000,060750479015,37.7762323,-122.5064893
060750479013003,060750479013,37.7762816,-122.5054185
060750479013002,060750479013,37.7763297,-122.5043485
060750479013001,060750479013,37.7763787,-122.503276
060750479013000,060750479013,37.7764281,-122.5022023
060750479011002,060750479011,37.7764758,-122.5011263
060750479011001,060750479011,37.7765273,-122.5000555
060750479011000,060750479011,37.7765746,-122.4989883
060750479015002,060750479015,37.7765965,-122.50866
060750479015001,060750479015,37.7766452,-122.5075931
060750479012009,060750479012,37.7775919,-122.5108703
060750479012003,060750479012,37.781286,-122.513657
060750479021007,060750479021,37.778029,-122.5087645
060750479021008,060750479021,37.7780775,-122.5076975
060750479021009,060750479021,37.7781256,-122.5066287
060750479022012,060750479022,37.7781757,-122.5055573
060750479022011,060750479022,37.7781976,-122.5044841
060750478013002,060750478013,37.7778713,-122.4910232
060750478023008,060750478023,37.7784955,-122.4980568
060750478023006,060750478023,37.7785419,-122.496986
060750478023004,060750478023,37.7785912,-122.4959123
060750478023002,060750478023,37.7786375,-122.4948412
060750478023001,060750478023,37.7786883,-122.4937704
060750478013007,060750478013,37.7787295,-122.4926958
060750478023009,060750478023,37.7794805,-122.4981231
060750478023007,060750478023,37.7795298,-122.4970573
060750478023005,060750478023,37.7795751,-122.4959816
060750477013005,060750477013,37.7770634,-122.4882727
060750477013004,060750477013,37.7771121,-122.4872038
060750477013003,060750477013,37.7771605,-122.486135
060750477013002,060750477013,37.7772094,-122.4850638
060750477013001,060750477013,37.7772581,-122.4839928
060750477013000,060750477013,37.777307,-122.4829215
060750478013001,060750478013,37.7788799,-122.4894823
060750477011010,060750477011,37.7789273,-122.488408
060750477011008,060750477011,37.7789777,-122.4873395
060750477011006,060750477011,37.7790253,-122.4862706
060750479022008,060750479022,37.7782473,-122.5034124
060750479022007,060750479022,37.7782968,-122.5023374
060750479023004,060750479023,37.7783367,-122.5012644
060750479023005,060750479023,37.7783975,-122.5001944
060750479023008,060750479023,37.7784441,-122.4991248
060750479022010,060750479022,37.7791839,-122.5045537
060750479022009,060750479022,37.7792334,-122.5034747
060750479022006,060750479022,37.7792816,-122.5024209
060750479023003,060750479023,37.7793657,-122.501415
060750479023006,060750479023,37.7793897,-122.500278
060759809001074,060759809001,37.7445949,-122.395483
060759809001059,060759809001,37.7451401,-122.396408
060759809001050,060759809001,37.7454101,-122.3943448
060759809001052,060759809001,37.7456474,-122.3945853
060759809001051,060759809001,37.745987,-122.3942468
060759809001113,060759809001,37.7458636,-122.3926448
060759809001053,060759809001,37.746079,-122.3955862
060759809001049,060759809001,37.7466406,-122.3935822
060759809001022,060759809001,37.7467876,-122.3938704
060759809001023,060759809001,37.746934,-122.3945829
060750231031000,060750231031,37.7416723,-122.3728287
060759809001133,060759809001,37.7420073,-122.3800142
060759809001132,060759809001,37.7447113,-122.3795737
060759809001118,060759809001,37.7437701,-122.3857443
060759809001119,060759809001,37.7450001,-122.3850776
060759809001040,060759809001,37.7472836,-122.3821311
060759809001000,060759809001,37.7482201,-122.3748248
060759809001003,060759809001,37.749724,-122.386021
060759809001002,060759809001,37.7506082,-122.3815054
060759809001117,060759809001,37.7455957,-122.3871318
060759809001044,060759809001,37.7462861,-122.389477
060759809001043,060759809001,37.7466644,-122.3877017
060759809001042,060759809001,37.7466186,-122.3872297
060759809001041,060759809001,37.7470992,-122.3872825
060759809001037,060759809001,37.747661,-122.3873343
060759809001027,060759809001,37.7479043,-122.3911685
060759809001035,060759809001,37.7483817,-122.3868561
060759809001036,060759809001,37.7483549,-122.3873979
060759809001033,060759809001,37.7486247,-122.388617
060759809001137,060759809001,37.7495009,-122.3893971
060759809001034,060759809001,37.7496654,-122.3870048
060759809001029,060759809001,37.7506946,-122.3909906
060759809001030,060759809001,37.7507761,-122.3900171
060759809001031,060759809001,37.7508248,-122.3890541
060759809001032,060759809001,37.7508891,-122.3881192
060759809001005,060759809001,37.7509122,-122.3876062
060759809001024,060759809001,37.7478945,-122.3950711
060759809001131,060759809001,37.747977,-122.3935394
060759809001020,060759809001,37.7488257,-122.3928726
060759809001019,060759809001,37.7487673,-122.3926324
060759809001025,060759809001,37.7491577,-122.3951755
060759809001021,060759809001,37.749315,-122.3930184
060759809001026,060759809001,37.7506034,-122.3942542
060759809001015,060759809001,37.7511287,-122.3922576
060759809001018,060759809001,37.7510573,-122.3959109
060759809001016,060759809001,37.7511721,-122.3928439
060759809001013,060759809001,37.7504359,-122.3921191
060759809001011,060759809001,37.7512455,-122.3915803
060759809001004,060759809001,37.7515642,-122.3871359
060759809001014,060759809001,37.7520478,-122.3920491
060759809001010,060759809001,37.7519755,-122.3909277
060759809001009,060759809001,37.7520538,-122.3901441
060759809001008,060759809001,37.7521122,-122.3891792
060759809001007,060759809001,37.7521675,-122.3882262
060759809001012,060759809001,37.7522907,-122.3915746
060759809001006,060759809001,37.7521962,-122.3876948
060750614002017,060750614002,37.7531496,-122.3916802
060750226002023,060750226002,37.7533886,-122.3893053
060750614002016,060750614002,37.7533302,-122.3916391
060750226002024,060750226002,37.7534429,-122.388348
060750226002025,060750226002,37.7534772,-122.3878176
060750226002026,060750226002,37.7535025,-122.3873144
060750614002015,060750614002,37.7535196,-122.3915228
060750226002022,060750226002,37.7536676,-122.3912984
060750226002021,060750226002,37.7542931,-122.3911154
060750226002020,060750226002,37.7539757,-122.390324
060759809001017,060759809001,37.7518593,-122.3943693
060750614001000,060750614001,37.753667,-122.3966744
060750614002009,060750614002,37.7537598,-122.3937309
060750614002012,060750614002,37.7534374,-122.392104
060750614002011,060750614002,37.7542046,-122.3954107
060750614002018,060750614002,37.7541447,-122.3925024
060750614002010,060750614002,37.7558453,-122.3952664
060750614002006,060750614002,37.7561604,-122.3967902
060750614002008,060750614002,37.7563933,-122.392698
060750226002008,060750226002,37.7565509,-122.392302
060750614002013,060750614002,37.7546289,-122.3919819
060750226002018,060750226002,37.7546639,-122.3894314
060750614002014,060750614002,37.7548534,-122.3919349
060750226002017,060750226002,37.7547195,-122.3884715
060750226002016,060750226002,37.7547509,-122.38794
060750226002015,060750226002,37.7547804,-122.3874392
060750226002019,060750226002,37.7557843,-122.390014
060750226002009,060750226002,37.7562737,-122.3920965
060750226002010,060750226002,37.7564578,-122.3915342
060750226002012,060750226002,37.7566178,-122.388669
060750226002013,060750226002,37.7566832,-122.3881518
060750226002014,060750226002,37.7567101,-122.3876392
060750226002011,060750226002,37.7570613,-122.39014
060750226002006,060750226002,37.758963,-122.3917467
060750226002005,060750226002,37.75906,-122.3908111
060750226002004,060750226002,37.7591147,-122.3898469
060750226002003,060750226002,37.7591848,-122.3889361
060750226002002,060750226002,37.759206,-122.3884398
060750226002001,060750226002,37.7592448,-122.3879081
060750226002000,060750226002,37.7593073,-122.3869548
060750251001024,060750251001,37.7448972,-122.4061986
060759809001061,060759809001,37.7447728,-122.403711
060750251003023,060750251003,37.7449766,-122.4046294
060759809001062,060759809001,37.7459955,-122.4041806
060750251003020,060750251003,37.7459682,-122.4051278
060750251003019,060750251003,37.7460204,-122.4047656
060750251001012,060750251001,37.7460171,-122.4057835
060750251003018,060750251003,37.7464918,-122.4043541
060750251001003,060750251001,37.7470562,-122.4055386
060750251003016,060750251003,37.7471158,-122.4039119
060759809001063,060759809001,37.7428637,-122.403644
060759809001065,060759809001,37.7446611,-122.4019881
060759809001060,060759809001,37.7473992,-122.4034553
060750251003017,060750251003,37.7481765,-122.4036971
060759809001110,060759809001,37.7487877,-122.4035809
060759809001056,060759809001,37.7487476,-122.4027352
060750251003000,060750251003,37.7493861,-122.4036977
060759809001058,060759809001,37.7494216,-122.4025086
060759809001111,060759809001,37.749439,-122.4034071
060759809001112,060759809001,37.7494713,-122.4030703
060759809001079,060759809001,37.7430833,-122.397949
060759809001068,060759809001,37.7434934,-122.3976799
060759809001078,060759809001,37.7435152,-122.3987248
060759809001066,060759809001,37.7435911,-122.4003708
060759809001067,060759809001,37.7436562,-122.3989211
060759809001077,060759809001,37.7438298,-122.3972968
060759809001069,060759809001,37.7443035,-122.3982375
060759809001070,060759809001,37.7445581,-122.3970666
060759809001054,060759809001,37.7458936,-122.3989022
060759809001055,060759809001,37.7479765,-122.3999163
060750251001002,060750251001,37.7473377,-122.4050688
060750251001004,060750251001,37.7474746,-122.4062753
060750251001001,060750251001,37.7477428,-122.4054157
060750251003015,060750251003,37.7477914,-122.4039385
060750251003014,060750251003,37.7479364,-122.4041581
060750251003013,060750251003,37.7481183,-122.4042633
060750251003012,060750251003,37.748457,-122.4044613
060750251001000,060750251001,37.7480711,-122.4054682
060750251003011,060750251003,37.7483612,-122.4054981
060750251003006,060750251003,37.7484307,-122.404
060750251003007,060750251003,37.7488771,-122.4046701
060750251003003,060750251003,37.7487782,-122.4044002
060750251003008,060750251003,37.7488752,-122.40484
060750251003005,060750251003,37.7489106,-122.4038439
060750251003009,060750251003,37.7489478,-122.4059735
060750251003004,060750251003,37.7490099,-122.4042054
060750251003010,060750251003,37.7489696,-122.4052868
060750251003002,060750251003,37.7491419,-122.4049292
060750251003001,060750251003,37.7492669,-122.4042949
060750229032010,060750229032,37.7493657,-122.4053226
060750614001027,060750614001,37.749657,-122.4031157
060750614001026,060750614001,37.7501012,-122.4029516
060750614001020,060750614001,37.7499397,-122.4032792
060750614001019,060750614001,37.7506726,-122.4032925
060750229032008,060750229032,37.7509794,-122.4037598
060750614001023,060750614001,37.7511761,-122.4026393
060750614001021,060750614001,37.7512151,-122.403298
060750614001024,060750614001,37.751298,-122.4017734
060750614001014,060750614001,37.7513495,-122.4008154
060750614001022,060750614001,37.7516116,-122.4031698
060759809001057,060759809001,37.7502261,-122.3994037
060750614001028,060750614001,37.7511432,-122.3991656
060750614001016,060750614001,37.7515039,-122.3994005
060750614001017,060750614001,37.751685,-122.3974293
060750614001015,060750614001,37.7518935,-122.3996611
060750614001004,060750614001,37.752582,-122.4004435
060750614001018,060750614001,37.7530048,-122.3976408
060750614001002,060750614001,37.7531719,-122.3990147
060750614001003,060750614001,37.7531706,-122.3998631
060750614001005,060750614001,37.7534011,-122.3996648
060750229033005,060750229033,37.7492534,-122.4053335
060750229033000,060750229033,37.7501241,-122.4064021
060750229032009,060750229032,37.7505959,-122.4049995
060750229032004,060750229032,37.7523946,-122.4057735
060750229032005,060750229032,37.7524545,-122.4047861
060750229032006,060750229032,37.7525117,-122.4038245
060750229032003,060750229032,37.7536699,-122.4058934
060750229032002,060750229032,37.7537298,-122.4049079
060750229032001,060750229032,37.7537877,-122.403944
060750228022008,060750228022,37.7556401,-122.4050893
060750614001025,060750614001,37.7520903,-122.403079
060750229032007,060750229032,37.7526449,-122.4031864
060750614001010,060750614001,37.7525667,-122.4029119
060750614001011,060750614001,37.7525398,-122.4025933
060750614001012,060750614001,37.7526291,-122.4018959
060750614001013,060750614001,37.7526771,-122.4009714
060750229032000,060750229032,37.7538283,-122.4032668
060750614001009,060750614001,37.753846,-122.402964
060750614001008,060750614001,37.7538612,-122.4026778
060750614001007,060750614001,37.7539034,-122.4020127
060750614001006,060750614001,37.7539645,-122.40105
060750228022012,060750228022,37.7551078,-122.4033851
060750614003007,060750614003,37.7557716,-122.4031914
060750614003006,060750614003,37.7558866,-122.402899
060750614003005,060750614003,37.7558181,-122.402196
060750614003004,060750614003,37.7558766,-122.4012293
060750228022011,060750228022,37.7563218,-122.403552
060750227042017,060750227042,37.7571664,-122.4036617
060750227042019,060750227042,37.757713,-122.4014295
060750227042011,060750227042,37.7584833,-122.403378
060750251001011,060750251001,37.7483418,-122.4091851
060750229012010,060750229012,37.7486211,-122.4120558
060750229022003,060750229022,37.7489051,-122.4110701
060750229022004,060750229022,37.7489421,-122.4101527
060750229022005,060750229022,37.7489789,-122.4092338
060750229022002,060750229022,37.7502631,-122.4112018
060750229022001,060750229022,37.7503179,-122.4102863
060750229022000,060750229022,37.7503726,-122.4093698
060750229021003,060750229021,37.7518602,-122.4113551
060750229021004,060750229021,37.7519153,-122.4104385
060750229012008,060750229012,37.7491011,-122.4131979
060750229012007,060750229012,37.7491599,-122.4121079
060750229013002,060750229013,37.7500215,-122.4152015
060750229013001,060750229013,37.7500532,-122.4146752
060750229013000,060750229013,37.7500863,-122.4141307
060750229012004,060750229012,37.7501209,-122.4135688
060750229012005,060750229012,37.750153,-122.413026
060750229012006,060750229012,37.7502019,-122.4122162
060750229011005,060750229011,37.7516713,-122.4145495
060750229012003,060750229012,37.7517226,-122.4137237
060750209002000,060750209002,37.7499545,-122.4163135
060750229013003,060750229013,37.7499885,-122.4157485
060750209004007,060750209004,37.751422,-122.418653
060750209001007,060750209001,37.7514574,-122.4180842
060750209001006,060750209001,37.7514876,-122.4175402
060750209001005,060750209001,37.751522,-122.4170144
060750209001004,060750209001,37.7515536,-122.4164678
060750229011004,060750229011,37.7516052,-122.4156399
060750209001002,060750209001,37.7530703,-122.4179758
060750209001003,060750209001,37.7531369,-122.4168858
060750229031005,060750229031,37.7520815,-122.4076639
060750229031006,060750229031,37.75214,-122.4067365
060750229031003,060750229031,37.753622,-122.4087344
060750229031002,060750229031,37.7536789,-122.407818
060750229031001,060750229031,37.7537324,-122.4068928
060750229031000,060750229031,37.7544248,-122.4064687
060750228033000,060750228033,37.7552812,-122.4079733
060750228022013,060750228022,37.7553339,-122.4070678
060750228022009,060750228022,37.755378,-122.4065571
060750228022007,060750228022,37.7565002,-122.406665
060750229012002,060750229012,37.7517528,-122.4131788
060750229012001,060750229012,37.7517867,-122.412653
060750229012000,060750229012,37.7518152,-122.4121058
060750229011002,060750229011,37.7532697,-122.4147031
060750229011001,060750229011,37.7533352,-122.413614
060750229011000,060750229011,37.7533995,-122.4125203
060750228031005,060750228031,37.7548664,-122.4148537
060750228031006,060750228031,37.7549324,-122.4137642
060750228031007,060750228031,37.7549988,-122.4126699
060750228031002,060750228031,37.7564658,-122.4150069
060750229021005,060750229021,37.7519703,-122.409522
060750229021002,060750229021,37.7534563,-122.4115073
060750229021001,060750229021,37.7535134,-122.4105923
060750229021000,060750229021,37.7535706,-122.4096735
060750228033004,060750228033,37.7550592,-122.4116596
060750228033003,060750228033,37.7551145,-122.4107465
060750228033002,060750228033,37.7551668,-122.4098277
060750228033001,060750228033,37.7552275,-122.4088905
060750228032004,060750228032,37.7566589,-122.4118107
060750228032003,060750228032,37.7567131,-122.4108992
060750229011003,060750229011,37.7532036,-122.4157928
060750209001001,060750209001,37.7546696,-122.4181268
060750209001000,060750209001,37.7547349,-122.4170362
060750228031004,060750228031,37.7548011,-122.4159433
060750208004004,060750208004,37.7562688,-122.4182799
060750208004005,060750208004,37.7563345,-122.4171895
060750228031003,060750228031,37.7564002,-122.4160966
060750208004001,060750208004,37.7578666,-122.4184328
060750208004000,060750208004,37.7579326,-122.4173423
060750228013004,060750228013,37.7579981,-122.4162492
060750228031001,060750228031,37.7565315,-122.4139176
060750228031000,060750228031,37.7565984,-122.4128218
060750228013005,060750228013,37.7580645,-122.4151591
060750228013006,060750228013,37.7581293,-122.4140694
060750228013007,060750228013,37.7581957,-122.4129741
060750228013008,060750228013,37.7595105,-122.4131031
060750228013002,060750228013,37.7596643,-122.41531
060750228012004,060750228012,37.7597066,-122.4121065
060750228013001,060750228013,37.7597299,-122.4142225
060750228013000,060750228013,37.7603109,-122.4131873
060750228032002,060750228032,37.7567712,-122.4099869
060750228032001,060750228032,37.7568216,-122.4090489
060750228012005,060750228012,37.7582563,-122.4119632
060750228012006,060750228012,37.7583102,-122.4110538
060750228012007,060750228012,37.7583642,-122.4101283
060750228012008,060750228012,37.7584279,-122.4091903
060750228012003,060750228012,37.7597541,-122.4112697
060750228012002,060750228012,37.7598017,-122.4104102
060750228012001,060750228012,37.7598731,-122.4094481
060750228011019,060750228011,37.7610347,-122.4115071
060750228032000,060750228032,37.75688,-122.4081265
060750228022005,060750228022,37.7569324,-122.4072196
060750228022006,060750228022,37.7573026,-122.4067455
060750228012009,060750228012,37.7584797,-122.40828
060750228022004,060750228022,37.7585345,-122.4073806
060750228022001,060750228022,37.7585647,-122.4068645
060750228012000,060750228012,37.7599246,-122.4084853
060750228022003,060750228022,37.7599819,-122.407532
060750228022002,060750228022,37.7600111,-122.4070044
060750228011016,060750228011,37.7612094,-122.4086102
060750614001001,060750614001,37.7542797,-122.3990951
060750614003009,060750614003,37.7545607,-122.399647
060750614003008,060750614003,37.7553323,-122.3982644
060750614003003,060750614003,37.7559342,-122.4003042
060750614003002,060750614003,37.7559409,-122.3997817
060750614003001,060750614003,37.7559994,-122.3992625
060750614003000,060750614003,37.7565997,-122.3983847
060750227042018,060750227042,37.7575665,-122.4004948
060750227042015,060750227042,37.7585472,-122.3995401
060750227042016,060750227042,37.7586044,-122.3985767
060750228022010,060750228022,37.7573506,-122.4043976
060750227042010,060750227042,37.7577352,-122.4038708
060750227042009,060750227042,37.7577257,-122.4042918
060750228022000,060750228022,37.7582642,-122.4060454
060750227042008,060750227042,37.7597273,-122.4062821
060750227042007,060750227042,37.759461,-122.4051386
060750227042006,060750227042,37.7601683,-122.4045535
060750227041024,060750227041,37.7609153,-122.4061433
060750227041023,060750227041,37.7611088,-122.4062661
060750227041019,060750227041,37.7613335,-122.4055797
060750227042012,060750227042,37.7583699,-122.4024408
060750227042013,060750227042,37.7589843,-122.4015085
060750227042005,060750227042,37.7602255,-122.403591
060750227042004,060750227042,37.7602838,-122.4026254
060750227042003,060750227042,37.7603471,-122.401641
060750227042002,060750227042,37.7604011,-122.400672
060750227041017,060750227041,37.7615029,-122.4037141
060750227041016,060750227041,37.7615604,-122.4027483
060750227041015,060750227041,37.7616234,-122.4017636
060750227041010,060750227041,37.7628388,-122.4028531
060750227042014,060750227042,37.7588119,-122.400509
060750614002005,060750614002,37.758663,-122.3976095
060750227042001,060750227042,37.7604596,-122.3997237
060750227042000,060750227042,37.7605174,-122.3987598
060750227022007,060750227022,37.7605754,-122.3977938
060750227041014,060750227041,37.7617371,-122.3998306
060750227022006,060750227022,37.7618525,-122.3979165
060750227041013,060750227041,37.7630412,-122.3994861
060750227021005,060750227021,37.7631286,-122.3980373
060750227041000,060750227041,37.7643164,-122.3996076
060750227041018,060750227041,37.761445,-122.4046768
060750227041022,060750227041,37.7617302,-122.4059658
060750228021007,060750228021,37.761992,-122.4062225
060750227041020,060750227041,37.7622831,-122.405395
060750227041021,060750227041,37.7624712,-122.4055535
060750227041008,060750227041,37.7626865,-122.4047667
060750227041009,060750227041,37.7627776,-122.4038177
060750227041007,060750227041,37.7631346,-122.4052114
060750228021001,060750228021,37.7639482,-122.4059017
060750228021000,060750228021,37.7640172,-122.4052741
060750227041011,060750227041,37.7628947,-122.4018859
060750227041012,060750227041,37.762955,-122.4009193
060750227041003,060750227041,37.7641125,-122.4029862
060750227041002,060750227041,37.764171,-122.402021
060750227041001,060750227041,37.7642294,-122.4010562
060750607002015,060750607002,37.7653983,-122.4031044
060750607002016,060750607002,37.7654571,-122.402142
060750607002023,060750607002,37.765515,-122.4011771
060750607002012,060750607002,37.7665362,-122.4033322
060750607002017,060750607002,37.7667531,-122.4022639
060750227041006,060750227041,37.7639916,-122.4050118
060750227041005,060750227041,37.7639375,-122.4046719
060750227041004,060750227041,37.7640545,-122.4039524
060750177001061,060750177001,37.7652242,-122.4060075
060750177001060,060750177001,37.7652677,-122.4053348
060750177001059,060750177001,37.7652743,-122.4050028
060750177001058,060750177001,37.7652429,-122.4046838
060750607002014,060750607002,37.7653416,-122.4040726
060750177001057,060750177001,37.7656078,-122.4048531
060750177001053,060750177001,37.7665211,-122.4061308
060750177001054,060750177001,37.7665248,-122.4054717
060750177001023,060750177001,37.7665364,-122.4051516
060750177001022,060750177001,37.7666432,-122.404984
060750177001021,060750177001,37.766601,-122.404793
060750607002013,060750607002,37.7666381,-122.4041941
060750177001055,060750177001,37.7668247,-122.4053185
060750177001024,060750177001,37.7674402,-122.405277
060750177001026,060750177001,37.7674853,-122.4056209
060750177001025,060750177001,37.7677209,-122.4055251
060750177001027,060750177001,37.7677349,-122.4062858
060750177001019,060750177001,37.7679367,-122.4051919
060750177001020,060750177001,37.767887,-122.4049187
060750607002004,060750607002,37.7679249,-122.4043149
060750177001008,060750177001,37.7682283,-122.4055842
060750177001010,060750177001,37.7682649,-122.4060815
060750177001009,060750177001,37.7683653,-122.4059347
060750177001003,060750177001,37.7690077,-122.4062737
060750177001002,060750177001,37.7690686,-122.4056936
060750177001001,060750177001,37.7691063,-122.4053264
060750177001000,060750177001,37.769117,-122.4050388
060750607002009,060750607002,37.76786,-122.3989163
060750607002008,060750607002,37.7685211,-122.3996877
060750607002007,060750607002,37.7690084,-122.4007653
060750607001045,060750607001,37.7702424,-122.3986154
060750607001046,060750607001,37.7706106,-122.39835
060750607001043,060750607001,37.7708459,-122.397937
060750607001044,060750607001,37.7715938,-122.39802
060750607001040,060750607001,37.7715882,-122.3994657
060750607001037,060750607001,37.77182,-122.3976505
060750607001041,060750607001,37.7722686,-122.4002295
060750614002007,060750614002,37.756604,-122.3943073
060750614002004,060750614002,37.7587236,-122.3966291
060750614002002,060750614002,37.7588906,-122.3947007
060750614002001,060750614002,37.7588974,-122.3937368
060750614002000,060750614002,37.7589983,-122.3928457
060750226002007,060750226002,37.7589839,-122.3923227
060750614002003,060750614002,37.75919,-122.3957016
060750227022008,060750227022,37.760634,-122.3968276
060750226001028,060750226001,37.7605248,-122.3923552
060750227022009,060750227022,37.760692,-122.3958604
060750226001026,060750226001,37.7603588,-122.3909154
060750226001027,060750226001,37.7604072,-122.39
060750226001025,060750226001,37.7610078,-122.3909961
060750226001024,060750226001,37.7610631,-122.3900293
060750226001023,060750226001,37.7610981,-122.3891149
060750226001022,060750226001,37.7611244,-122.3886218
060750226001021,060750226001,37.7611614,-122.3880955
060750226001015,060750226001,37.7615668,-122.391956
060750226001016,060750226001,37.7622601,-122.3911173
060750226001017,060750226001,37.7623188,-122.3901529
060750227022010,060750227022,37.7607506,-122.3948948
060750227022011,060750227022,37.7608091,-122.3939198
060750227022012,060750227022,37.761059,-122.3924596
060750227022001,060750227022,37.7614981,-122.3930491
060750227022005,060750227022,37.7619109,-122.3969497
060750227022004,060750227022,37.7619691,-122.3959828
060750227022003,060750227022,37.7620277,-122.395017
060750227022002,060750227022,37.7620858,-122.3940424
060750227022000,060750227022,37.7621888,-122.3925611
060750227021006,060750227021,37.7631865,-122.3970701
060750227021007,060750227021,37.7632436,-122.3961038
060750227021008,060750227021,37.763302,-122.3951369
060750227021009,060750227021,37.7633589,-122.3941619
060750227021010,060750227021,37.7634014,-122.3932671
060750227021011,060750227021,37.7634473,-122.3927384
060750226001014,060750226001,37.7634874,-122.392166
060750227021002,060750227021,37.7645194,-122.3962261
060750227021001,060750227021,37.7645776,-122.3952567
060750227021000,060750227021,37.7646352,-122.3942789
060750226001009,060750226001,37.7646218,-122.3935114
060750226001018,060750226001,37.7623868,-122.3892153
060750226001019,060750226001,37.7624061,-122.3887032
060750226001020,060750226001,37.7624306,-122.3881947
060750226001013,060750226001,37.7635348,-122.3912388
060750226001012,060750226001,37.7635932,-122.3902751
060750226001011,060750226001,37.7636518,-122.3893194
060750226001029,060750226001,37.7636842,-122.3887912
060750226001004,060750226001,37.7637161,-122.3882964
060750226001007,060750226001,37.765537,-122.391222
060750226001006,060750226001,37.7656052,-122.3889754
060750226002027,060750226002,37.7535573,-122.3863924
060750226002028,060750226002,37.7536356,-122.3842732
060750226001010,060750226001,37.7546453,-122.3832867
060750226001002,060750226001,37.7562917,-122.3842382
060750226001030,060750226001,37.7574241,-122.3846405
060750226001003,060750226001,37.7616347,-122.3843363
060750179021003,060750179021,37.7535342,-122.3409373
060750607001017,060750607001,37.7743818,-122.3836455
060750227021004,060750227021,37.7644039,-122.3981582
060750227021003,060750227021,37.7644615,-122.3971914
060750607002022,060750607002,37.7655727,-122.4002103
060750607002021,060750607002,37.7656322,-122.3992451
060750607001073,060750607001,37.7656906,-122.3982817
060750607001072,060750607001,37.7657503,-122.3973168
060750607002020,060750607002,37.7664258,-122.3995586
060750607002019,060750607002,37.7667457,-122.4003699
060750607001069,060750607001,37.7669576,-122.3970205
060750607002010,060750607002,37.7672801,-122.3981329
060750226001008,060750226001,37.7650083,-122.3933128
060750607001071,060750607001,37.765838,-122.3958647
060750607001070,060750607001,37.7657825,-122.3944852
060750607001063,060750607001,37.7662057,-122.3942665
060750607001064,060750607001,37.7664249,-122.3941171
060750607001068,060750607001,37.7667135,-122.3958901
060750607001067,060750607001,37.7668927,-122.3953681
060750607001061,060750607001,37.7672143,-122.3920301
060750607001052,060750607001,37.7673649,-122.3943824
060750607001051,060750607001,37.7675506,-122.3961938
060750226001005,060750226001,37.7656447,-122.3884819
060750607001062,060750607001,37.7673371,-122.3900546
060750607001024,060750607001,37.7681027,-122.3871933
060750607001059,060750607001,37.7682744,-122.3901298
060750607001058,060750607001,37.7692015,-122.3902535
060750607001056,060750607001,37.769782,-122.3884858
060750607001057,060750607001,37.7701525,-122.3902933
060750607001054,060750607001,37.7708489,-122.3903287
060750607001055,060750607001,37.7709064,-122.3886959
060750607001026,060750607001,37.7715195,-122.3903829
060750607001060,060750607001,37.7680351,-122.3925732
060750607001050,060750607001,37.7682096,-122.3969937
060750607001049,060750607001,37.7699044,-122.397855
060750607001047,060750607001,37.7701524,-122.3975344
060750607001032,060750607001,37.7697649,-122.395589
060750607001053,060750607001,37.770631,-122.3926914
060750607001031,060750607001,37.7710537,-122.3948088
060750607001030,060750607001,37.7686409,-122.3967188
060750607001048,060750607001,37.7719565,-122.3963615
060750607001035,060750607001,37.7721876,-122.3964145
060750228011020,060750228011,37.7609853,-122.4123515
060750228011009,060750228011,37.7612653,-122.4154619
060750228011010,060750228011,37.7613637,-122.4138415
060750228011011,060750228011,37.7622568,-122.4124768
060750228011005,060750228011,37.7629988,-122.4144399
060750228011004,060750228011,37.7629736,-122.4133619
060750228011003,060750228011,37.7635285,-122.4125913
060750177002045,060750177002,37.7642027,-122.4144234
060750177002044,060750177002,37.7644845,-122.4132387
060750177001046,060750177001,37.7648131,-122.4127062
060750228011018,060750228011,37.7610938,-122.4105419
060750228011017,060750228011,37.7611507,-122.4095762
060750228011012,060750228011,37.7623089,-122.4116301
060750228011013,060750228011,37.7623645,-122.4106647
060750228011014,060750228011,37.7624231,-122.4096999
060750228011002,060750228011,37.7635832,-122.4117506
060750228011001,060750228011,37.7636414,-122.4107862
060750228011000,060750228011,37.7637272,-122.4093333
060750177001047,060750177001,37.7648705,-122.4118735
060750177001048,060750177001,37.7649292,-122.410909
060750228021009,060750228021,37.7612671,-122.4076537
060750228021008,060750228021,37.7612984,-122.4071241
060750228011015,060750228011,37.7624802,-122.4087329
060750228021004,060750228021,37.7625285,-122.4077728
060750228021005,060750228021,37.7625637,-122.4072394
060750228021006,060750228021,37.762595,-122.4067106
060750228021003,060750228021,37.7638068,-122.4078634
060750228021002,060750228021,37.7638686,-122.4068653
060750177001051,060750177001,37.7651641,-122.4069839
060750177001052,060750177001,37.7664652,-122.4071126
060750201004000,060750201004,37.7643401,-122.418015
060750177002043,060750177002,37.7644091,-122.4168582
060750177002042,060750177002,37.7644751,-122.4157695
060750201003005,060750201003,37.7654345,-122.4180605
060750177002038,060750177002,37.7660267,-122.4170171
060750177002039,060750177002,37.7660939,-122.4159269
060750201003004,060750201003,37.7662455,-122.4181388
060750201003001,060750201003,37.7675393,-122.418814
060750201003000,060750201003,37.7675818,-122.4181014
060750177002037,060750177002,37.7676379,-122.4171757
060750177001050,060750177001,37.7650472,-122.4089515
060750177001049,060750177001,37.7662248,-122.4110328
060750177001041,060750177001,37.7667743,-122.4120457
060750177001039,060750177001,37.7668431,-122.4093182
060750177001040,060750177001,37.7678868,-122.411181
060750177001029,060750177001,37.7686373,-122.4094835
060750177001014,060750177001,37.7690623,-122.4090399
060750177001030,060750177001,37.7691665,-122.4104363
060750177001015,060750177001,37.7692304,-122.4102397
060750177001056,060750177001,37.7692193,-122.4091052
060750177002041,060750177002,37.765006,-122.4141764
060750177001044,060750177001,37.7663433,-122.4130633
060750177001045,060750177001,37.7660296,-122.4127403
060750177002040,060750177002,37.7661923,-122.4142837
060750177001043,060750177001,37.7670197,-122.4126597
060750177001042,060750177001,37.7674798,-122.4129525
060750177002034,060750177002,37.7678047,-122.4144331
060750177001032,060750177001,37.7683107,-122.4119858
060750177001031,060750177001,37.7688649,-122.4124243
060750177002032,060750177002,37.7690374,-122.4150778
060750177001038,060750177001,37.7676879,-122.4082209
060750177001037,060750177001,37.7677489,-122.4072435
060750177001028,060750177001,37.7685366,-122.4073622
060750177001012,060750177001,37.7686022,-122.406727
060750177001011,060750177001,37.7686342,-122.4065536
060750177001013,060750177001,37.7688106,-122.40728
060750177001006,060750177001,37.7691014,-122.4074648
060750177001016,060750177001,37.7691092,-122.408311
060750177001007,060750177001,37.769178,-122.406998
060750177001005,060750177001,37.7693595,-122.407635
060750177002033,060750177002,37.7690518,-122.4139783
060750177001033,060750177001,37.7694226,-122.4119826
060750177001034,060750177001,37.7694562,-122.4121425
060750177001035,060750177001,37.7695049,-122.4122607
060750177002026,060750177002,37.7694949,-122.4139685
060750177002027,060750177002,37.7695283,-122.415058
060750177002025,060750177002,37.769544,-122.4145247
060750177002004,060750177002,37.7695544,-122.4137256
060750177002019,060750177002,37.7695764,-122.4144506
060750177002020,060750177002,37.7695987,-122.4151742
060750177002005,060750177002,37.7699068,-122.4135986
060750177001036,060750177001,37.7699106,-122.4123116
060750177002018,060750177002,37.770049,-122.4142798
060750177002017,060750177002,37.7701984,-122.4149647
060750177002006,060750177002,37.7707152,-122.4138953
060750177002046,060750177002,37.7711305,-122.4135321
060750178022012,060750178022,37.7714846,-122.4129424
060750177002007,060750177002,37.771725,-122.4150843
060750178022010,060750178022,37.771967,-122.4123515
060750178022009,060750178022,37.7727221,-122.4139134
060750180002042,060750180002,37.7695942,-122.4083165
060750177001004,060750177001,37.7695888,-122.406953
060750180002041,060750180002,37.7702028,-122.4088681
060750180002040,060750180002,37.7704389,-122.4080662
060750180002030,060750180002,37.7712536,-122.4071557
060750180002033,060750180002,37.7719099,-122.4082951
060750180002024,060750180002,37.7724858,-122.4066074
060750180002043,060750180002,37.7724908,-122.4068169
060750180002031,060750180002,37.7729158,-122.4079503
060750180002023,060750180002,37.7734367,-122.4067072
060750607002011,060750607002,37.7669753,-122.4030313
060750607002018,060750607002,37.7668105,-122.401299
060750607002005,060750607002,37.7679812,-122.403342
060750607002006,060750607002,37.7680395,-122.4023848
060750607002001,060750607002,37.7692096,-122.4034693
060750607002024,060750607002,37.769267,-122.4025003
060750607001042,060750607001,37.7701517,-122.4012274
060750607002000,060750607002,37.7706875,-122.4022737
060750180002026,060750180002,37.7715567,-122.4035411
060750180002018,060750180002,37.7732552,-122.401413
060750607002003,060750607002,37.7691521,-122.4044443
060750607002002,060750607002,37.7698742,-122.4039164
060750180002038,060750180002,37.7700828,-122.406219
060750180002039,060750180002,37.7703018,-122.405598
060750180002027,060750180002,37.770383,-122.4049147
060750180002028,060750180002,37.771468,-122.4058855
060750180002029,060750180002,37.7714945,-122.4062131
060750180002025,060750180002,37.7725816,-122.405293
060750180002015,060750180002,37.7734606,-122.4042471
060750180002016,060750180002,37.7738153,-122.4058581
060750607001039,060750607001,37.7723507,-122.3983424
060750607001038,060750607001,37.772527,-122.3982302
060750607001023,060750607001,37.7731115,-122.3991645
060750607001022,060750607001,37.7731888,-122.3990442
060750607001011,060750607001,37.7732825,-122.3976739
060750180002020,060750180002,37.7739077,-122.3999225
060750180002019,060750180002,37.7740546,-122.4002631
060750607001012,060750607001,37.774108,-122.3978516
060750607001065,060750607001,37.7747572,-122.3987089
060750607001066,060750607001,37.7753812,-122.3994755
060750180002014,060750180002,37.7738774,-122.4037097
060750180002013,060750180002,37.7743169,-122.403158
060750180002012,060750180002,37.7747679,-122.4025769
060750180002011,060750180002,37.7752122,-122.4020229
060750180002005,060750180002,37.7761656,-122.4032342
060750180001019,060750180001,37.7763036,-122.4006395
060750180002004,060750180002,37.7765688,-122.4037643
060750180001031,060750180001,37.7766227,-122.4027237
060750180001024,060750180001,37.7770155,-122.402113
060750180001030,060750180001,37.7770761,-122.4032685
060750180002007,060750180002,37.7745421,-122.4055524
060750180002008,060750180002,37.7749403,-122.4061272
060750180002006,060750180002,37.7753748,-122.4044182
060750180002002,060750180002,37.7757689,-122.4052372
060750180002001,060750180002,37.7761542,-122.4052415
060750180002003,060750180002,37.7767127,-122.4038943
060750180002000,060750180002,37.7769202,-122.4041505
060750178021016,060750178021,37.7770096,-122.4059551
060750178021017,060750178021,37.777387,-122.4054726
060750178021006,060750178021,37.7777139,-122.405065
060750180001029,060750180001,37.7773201,-122.4035767
060750180001025,060750180001,37.7774517,-122.4026166
060750180001020,060750180001,37.7775933,-122.4012095
060750180001028,060750180001,37.7777333,-122.4029952
060750180001026,060750180001,37.7778358,-122.4019669
060750180001027,060750180001,37.7781676,-122.4024052
060750180001021,060750180001,37.7782258,-122.4013538
060750178021005,060750178021,37.7783658,-122.4032244
060750180001022,060750180001,37.7786018,-122.4018426
060750178021004,060750178021,37.7787645,-122.4037226
060750180001032,060750180001,37.7771338,-122.3972494
060750180001014,060750180001,37.778064,-122.3984137
060750180001015,060750180001,37.7787161,-122.3995979
060750180001017,060750180001,37.7792624,-122.4000099
060750180001016,060750180001,37.7794529,-122.3990881
060750180001018,060750180001,37.7797733,-122.3997862
060750180001023,060750180001,37.7797011,-122.4004605
060750180001007,060750180001,37.7798312,-122.397186
060750180001004,060750180001,37.7806569,-122.3972177
060750180001003,060750180001,37.7809349,-122.3974733
060750178021018,060750178021,37.7787548,-122.4047494
060750178021002,060750178021,37.7796005,-122.4047748
060750178021001,060750178021,37.7800124,-122.4052739
060750178021000,060750178021,37.7804073,-122.4057816
060750176011010,060750176011,37.7814021,-122.4055913
060750176011009,060750176011,37.7818015,-122.406089
060750176011005,060750176011,37.7827739,-122.4043215
060750176011004,060750176011,37.7833882,-122.4050959
060750176011001,060750176011,37.7842653,-122.4062069
060750176011003,060750176011,37.7845537,-122.4047088
060750178021003,060750178021,37.7796348,-122.4036356
060750178012006,060750178012,37.780125,-122.4009966
060750178012003,060750178012,37.7805235,-122.4014956
060750178012004,060750178012,37.7809267,-122.4020001
060750178011003,060750178011,37.7813132,-122.4036256
060750178011001,060750178011,37.78136,-122.402542
060750178011002,060750178011,37.7821759,-122.4032229
060750178011000,060750178011,37.7835253,-122.4008169
060750615001040,060750615001,37.7847536,-122.4023675
060750615001050,060750615001,37.7854514,-122.4035526
060750180001002,060750180001,37.7808796,-122.397857
060750180001001,060750180001,37.7813185,-122.3976733
060750180001000,060750180001,37.7814592,-122.3982277
060750178012005,060750178012,37.7815021,-122.399314
060750178012002,060750178012,37.7820199,-122.4004581
060750178012001,060750178012,37.7820471,-122.399574
060750178012000,060750178012,37.7827657,-122.3988218
060750615002018,060750615002,37.7836112,-122.3975968
060750615002010,060750615002,37.7846984,-122.3993516
060750615002009,060750615002,37.7843133,-122.3984758
060750177001017,060750177001,37.769416,-122.4092042
060750177001018,060750177001,37.7697667,-122.4098903
060750180002036,060750180002,37.7704941,-122.4111075
060750180002035,060750180002,37.7712001,-122.4102065
060750180002034,060750180002,37.7716725,-122.4096051
060750178022011,060750178022,37.7723011,-122.410986
060750180002032,060750180002,37.7725699,-122.4090358
060750178022005,060750178022,37.7729202,-122.4117564
060750178022004,060750178022,37.7735423,-122.4097953
060750178022008,060750178022,37.7733481,-122.4146712
060750178022007,060750178022,37.773664,-122.4132966
060750176014011,060750176014,37.7737882,-122.4152357
060750178022006,060750178022,37.7741382,-122.4126918
060750176014007,060750176014,37.774825,-122.4149262
060750176014006,060750176014,37.7751339,-122.4145362
060750178022000,060750178022,37.7753933,-122.4121154
060750176014005,060750176014,37.7754437,-122.4141469
060750176013005,060750176013,37.7758267,-122.4126621
060750176013006,060750176013,37.7762318,-122.4131657
060750180002022,060750180002,37.7734086,-122.4072601
060750180002021,060750180002,37.7739792,-122.4077577
060750178021020,060750178021,37.7742733,-122.4084144
060750180002017,060750180002,37.774367,-122.4064802
060750180002010,060750180002,37.7746688,-122.4069493
060750180002009,060750180002,37.7752103,-122.4064655
060750178021019,060750178021,37.7751824,-122.4084548
060750178021014,060750178021,37.7759187,-122.4073388
060750178021021,060750178021,37.7762373,-122.4063834
060750178021015,060750178021,37.7768534,-122.4071553
060750176014010,060750176014,37.7741876,-122.4157392
060750177002001,060750177002,37.7744298,-122.4183135
060750176014008,060750176014,37.7745858,-122.4162375
060750176014009,060750176014,37.7750185,-122.416726
060750177002000,060750177002,37.7753918,-122.4189457
060750176014002,060750176014,37.7756019,-122.4175414
060750124022017,060750124022,37.7760734,-122.4187254
060750176014004,060750176014,37.7759947,-122.415616
060750176014003,060750176014,37.7760527,-122.4181102
060750176014001,060750176014,37.7766138,-122.4163906
060750178022003,060750178022,37.7741623,-122.4105649
060750178022002,060750178022,37.7745969,-122.4111145
060750178022001,060750178022,37.774997,-122.4116189
060750178021013,060750178021,37.7760366,-122.4099949
060750178021022,060750178021,37.7760554,-122.4108028
060750178021012,060750178021,37.7767123,-122.4094446
060750178021011,060750178021,37.7771466,-122.4088823
060750176013004,060750176013,37.7773186,-122.4107727
060750176013003,060750176013,37.7777234,-122.4112767
060750176013002,060750176013,37.7784148,-122.411406
060750176013007,060750176013,37.7766292,-122.4136643
060750176013008,060750176013,37.7774603,-122.4147068
060750176013010,060750176013,37.7775364,-122.4125145
060750176013001,060750176013,37.778952,-122.4128209
060750124021004,060750124021,37.7794908,-122.4144073
060750176013000,060750176013,37.7795931,-122.4136337
060750124021003,060750124021,37.7803568,-122.4144008
060750125011007,060750125011,37.7804985,-122.4131991
060750125011006,060750125011,37.7808755,-122.412511
060750124021000,060750124021,37.7812907,-122.4145906
060750178021010,060750178021,37.7775808,-122.4083406
060750178021009,060750178021,37.77802,-122.4077791
060750178021008,060750178021,37.7784736,-122.4072107
060750178021007,060750178021,37.7789105,-122.4066531
060750176012005,060750176012,37.7795151,-122.4079814
060750176012004,060750176012,37.7799132,-122.4084854
060750176015008,060750176015,37.7805217,-122.406704
060750176015007,060750176015,37.7809203,-122.4072036
060750176015006,060750176015,37.7813263,-122.4077091
060750176015005,060750176015,37.7817919,-122.4082048
060750176012006,060750176012,37.7786376,-122.4091003
060750176012007,060750176012,37.7790385,-122.4096068
060750176012003,060750176012,37.7798788,-122.4095479
060750176012002,060750176012,37.7804898,-122.4103217
060750125011005,060750125011,37.7810883,-122.411903
060750176012001,060750176012,37.7811056,-122.4110964
060750176012000,060750176012,37.7813592,-122.4113973
060750125011004,060750125011,37.7817954,-122.4114878
060750176015010,060750176015,37.782265,-122.4101523
060750125011001,060750125011,37.7826404,-122.4114856
060750176011008,060750176011,37.7822066,-122.4065938
060750176015004,060750176015,37.7824022,-122.4084669
060750176011007,060750176011,37.7827415,-122.4071749
060750176015001,060750176015,37.7828588,-122.4088542
060750176011006,060750176011,37.7830716,-122.4065878
060750176015009,060750176015,37.7834067,-122.4088057
060750176015000,060750176015,37.7837309,-122.4083894
060750125012004,060750125012,37.7839671,-122.4087921
060750176011002,060750176011,37.7842774,-122.4076968
060750125012005,060750125012,37.7843752,-122.407984
060750125011003,060750125011,37.7814995,-122.4129465
060750124012002,060750124012,37.7822241,-122.4147798
060750125011002,060750125011,37.7824333,-122.4131382
060750124012001,060750124012,37.7831549,-122.4149683
060750125022001,060750125022,37.7833638,-122.413326
060750124012000,060750124012,37.7840867,-122.4151567
060750125021001,060750125021,37.784291,-122.413511
060750122012000,060750122012,37.7850162,-122.4153451
060750123012000,060750123012,37.7852195,-122.4136991
060750123011005,060750123011,37.7854316,-122.4120549
060750607001036,060750607001,37.7729093,-122.3963734
060750607001010,060750607001,37.7734934,-122.3967922
060750607001029,060750607001,37.773484,-122.3926772
060750607001033,060750607001,37.7742829,-122.3934871
060750607001034,060750607001,37.7742915,-122.393778
060750607001007,060750607001,37.7746618,-122.3941392
060750607001008,060750607001,37.7751443,-122.3947565
060750607001009,060750607001,37.7754494,-122.3951517
060750607001014,060750607001,37.775694,-122.3954508
060750607001013,060750607001,37.7760371,-122.3958725
060750607001025,060750607001,37.7715816,-122.3886904
060750607001019,060750607001,37.7717079,-122.3872977
060750607001027,060750607001,37.7724142,-122.3904583
060750607001020,060750607001,37.7725873,-122.3883508
060750607001028,060750607001,37.7737627,-122.3905988
060750607001018,060750607001,37.7747019,-122.3887726
060750607001021,060750607001,37.7754375,-122.3909366
060750607001015,060750607001,37.7760631,-122.3914557
060750607001003,060750607001,37.77642,-122.3918619
060750607001016,060750607001,37.7772748,-122.3872949
060750180001033,060750180001,37.776515,-122.396475
060750607001004,060750607001,37.7769032,-122.3925296
060750607001005,060750607001,37.7772179,-122.392918
060750607001006,060750607001,37.7776327,-122.3934444
060750180001010,060750180001,37.7783508,-122.3950985
060750180001013,060750180001,37.7784049,-122.3940731
060750180001012,060750180001,37.7786342,-122.3937934
060750180001009,060750180001,37.7790239,-122.3961829
060750180001011,060750180001,37.7792585,-122.3937949
060750180001008,060750180001,37.7794238,-122.3966869
060750607003003,060750607003,37.7786612,-122.3902749
060750607003002,060750607003,37.7789602,-122.3906944
060750607003001,060750607003,37.7793934,-122.3912159
060750607001001,060750607001,37.7798454,-122.3878069
060750607003004,060750607003,37.7799526,-122.388682
060750607003005,060750607003,37.7804257,-122.3889299
060750607003000,060750607003,37.7808927,-122.3893852
060750615005011,060750615005,37.7810141,-122.39157
060750607001002,060750607001,37.781319,-122.3883389
060750615006012,060750615006,37.7815312,-122.3909155
060750615005014,060750615005,37.779729,-122.3932685
060750180001006,060750180001,37.7800952,-122.395843
060750615005010,060750615005,37.7803499,-122.3923761
060750180001005,060750180001,37.780492,-122.3953411
060750615005012,060750615005,37.7806615,-122.3939095
060750615005013,060750615005,37.7808966,-122.3943111
060750615005008,060750615005,37.7813093,-122.394821
060750615005007,060750615005,37.7815794,-122.3939521
060750615005009,060750615005,37.7816309,-122.395125
060750615005006,060750615005,37.7817044,-122.3929493
060750615005005,060750615005,37.782268,-122.3936087
060750615005015,060750615005,37.7822365,-122.3961128
060750615005003,060750615005,37.7824122,-122.3949994
060750615005004,060750615005,37.7825099,-122.3940135
060750615005002,060750615005,37.78286,-122.3951708
060750615005000,060750615005,37.7831224,-122.3958927
060750615005001,060750615005,37.7833462,-122.3948351
060750615004013,060750615004,37.7837025,-122.3936098
060750615002016,060750615002,37.7841688,-122.396079
060750615004008,060750615004,37.7842442,-122.3928501
060750615006009,060750615006,37.7821034,-122.3882243
060750615006011,060750615006,37.7821813,-122.3901312
060750615006010,060750615006,37.7826424,-122.3892966
060750615006006,060750615006,37.783209,-122.3917617
060750615006008,060750615006,37.7835341,-122.3881368
060750615006007,060750615006,37.783636,-122.3887995
060750615004006,060750615004,37.7849153,-122.3920098
060750615006005,060750615006,37.7846704,-122.3911867
060750615006004,060750615006,37.7850484,-122.3903611
060750615006003,060750615006,37.7853724,-122.3890741
060750615004012,060750615004,37.7845181,-122.3940049
060750615002017,060750615002,37.7847824,-122.3968537
060750615004005,060750615004,37.7866264,-122.3901867
060750615002013,060750615002,37.7853449,-122.3954022
060750615004007,060750615004,37.7853465,-122.3931118
060750615004014,060750615004,37.7859627,-122.3921594
060750615002014,060750615002,37.786761,-122.3949683
060750615002012,060750615002,37.7861731,-122.3964588
060750615002015,060750615002,37.7863002,-122.3941318
060750615002006,060750615002,37.7870301,-122.3953316
060750615004004,060750615004,37.7856507,-122.3907799
060750615006002,060750615006,37.7859235,-122.3879392
060750615004009,060750615004,37.7865869,-122.3911425
060750615004003,060750615004,37.7867915,-122.3894757
060750615004010,060750615004,37.7874021,-122.3902696
060750615004002,060750615004,37.787589,-122.3885167
060750615004000,060750615004,37.7876274,-122.3891174
060750615004001,060750615004,37.7879255,-122.3878763
060750615004011,060750615004,37.788123,-122.389433
060750615003011,060750615003,37.7884118,-122.3915206
060750615002003,060750615002,37.786984,-122.3964483
060750615003013,060750615003,37.7870318,-122.3932671
060750615002004,060750615002,37.787459,-122.3954622
060750615002002,060750615002,37.7875654,-122.3967052
060750615003012,060750615003,37.7877258,-122.3923886
060750615002005,060750615002,37.7879117,-122.394364
060750615002001,060750615002,37.7885258,-122.3951471
060750615002000,060750615002,37.7889609,-122.3939371
060750615001020,060750615001,37.7890982,-122.3958608
060750615003010,060750615003,37.7896493,-122.393067
060750615001033,060750615001,37.7862382,-122.4052059
060750615001032,060750615001,37.786203,-122.4040617
060750117002028,060750117002,37.7863768,-122.4056578
060750615001034,060750615001,37.7871856,-122.4040075
060750117002024,060750117002,37.7871867,-122.4057124
060750117002022,060750117002,37.7874611,-122.4043344
060750117002020,060750117002,37.7878991,-122.4058614
060750117002021,060750117002,37.7880963,-122.4043113
060750117002018,060750117002,37.7883639,-122.405952
060750117002017,060750117002,37.7885617,-122.4043978
060750615002011,060750615002,37.7854992,-122.3977282
060750615001048,060750615001,37.7860199,-122.4002293
060750615002008,060750615002,37.7860857,-122.3985385
060750615002007,060750615002,37.7866872,-122.3978185
060750615001046,060750615001,37.7867044,-122.3988796
060750615001047,060750615001,37.7871055,-122.3993787
060750615001042,060750615001,37.7875111,-122.3998818
060750615001045,060750615001,37.7878709,-122.3974161
060750615001038,060750615001,37.7879469,-122.4004217
060750615001044,060750615001,37.7882718,-122.397914
060750615001041,060750615001,37.7866368,-122.4009969
060750615001036,060750615001,37.7867657,-122.4019179
060750615001035,060750615001,37.7871461,-122.4024326
060750615001049,060750615001,37.7872748,-122.4010362
060750615001037,060750615001,37.7874926,-122.4013085
060750615001031,060750615001,37.7875431,-122.4029113
060750117002023,060750117002,37.7879022,-122.4033
060750615001029,060750615001,37.7879748,-122.4019382
060750117002016,060750117002,37.7880792,-122.4031254
060750615001030,060750615001,37.7881822,-122.4027473
060750125012000,060750125012,37.7849807,-122.4081803
060750176011000,060750176011,37.7851478,-122.4065896
060750117002029,060750117002,37.7852304,-122.4071186
060750123011006,060750123011,37.7859032,-122.4083855
060750117002027,060750117002,37.7860473,-122.4070761
060750117002025,060750117002,37.7869881,-122.4073124
060750117002026,060750117002,37.7879293,-122.4074984
060750117002010,060750117002,37.7888634,-122.4076805
060750117002009,060750117002,37.7897964,-122.4078719
060750119021001,060750119021,37.7906824,-122.4084229
060750615001043,060750615001,37.7882804,-122.3989097
060750615001026,060750615001,37.7889876,-122.3998673
060750615001027,060750615001,37.7889959,-122.3991333
060750615001028,060750615001,37.7891586,-122.3977986
060750615001025,060750615001,37.7896132,-122.3981261
060750615001024,060750615001,37.7898408,-122.3984256
060750615001016,060750615001,37.7898997,-122.3999642
060750615001018,060750615001,37.7901007,-122.3987545
060750615001017,060750615001,37.7901486,-122.400252
060750615001014,060750615001,37.7907233,-122.3978996
060750615001039,060750615001,37.7883535,-122.4009274
060750117002015,060750117002,37.7886242,-122.4029094
060750615001022,060750615001,37.7887529,-122.4014226
060750615001023,060750615001,37.7890011,-122.4017057
060750117002013,060750117002,37.789466,-122.4029208
060750117002014,060750117002,37.7897315,-122.4014302
060750117002004,060750117002,37.7903773,-122.4032825
060750117002003,060750117002,37.7904825,-122.4024568
060750117002002,060750117002,37.7906079,-122.4014672
060750117001025,060750117001,37.7913523,-122.4031231
060750117002019,060750117002,37.7888351,-122.4060502
060750117002012,060750117002,37.7892625,-122.4045293
060750117002011,060750117002,37.7893055,-122.4061223
060750117002008,060750117002,37.7899984,-122.4062759
060750117002006,060750117002,37.7900615,-122.4047768
060750117002005,060750117002,37.790272,-122.4041202
060750117002007,060750117002,37.7903793,-122.4051336
060750117001022,060750117001,37.7911094,-122.405038
060750117001023,060750117001,37.791207,-122.4042774
060750117001024,060750117001,37.791246,-122.4039476
060750117002001,060750117002,37.7908312,-122.4001457
060750117002000,060750117002,37.7910801,-122.3994255
060750615001015,060750615001,37.7913643,-122.3987057
060750117001030,060750117001,37.7918088,-122.3990861
060750117001028,060750117001,37.7917174,-122.4002529
060750615001013,060750615001,37.7920606,-122.3978214
060750117001031,060750117001,37.7922155,-122.3980993
060750117001029,060750117001,37.7926585,-122.4004453
060750117001014,060750117001,37.7928086,-122.3992731
060750117001015,060750117001,37.7929544,-122.3980921
060750119021000,060750119021,37.7907856,-122.4076046
060750117001021,060750117001,37.7909332,-122.406436
060750117001020,060750117001,37.7913475,-122.4073396
060750119022001,060750119022,37.7916159,-122.4086707
060750119022000,060750119022,37.7917197,-122.4078527
060750117001019,060750117001,37.7918746,-122.4066277
060750113002005,060750113002,37.7926611,-122.4080409
060750118001004,060750118001,37.7928144,-122.4068326
060750113002002,060750113002,37.7935669,-122.4082237
060750118001003,060750118001,37.7936601,-122.4075236
060750117001026,060750117001,37.7915085,-122.4016131
060750117001027,060750117001,37.7917331,-122.401945
060750117001008,060750117001,37.7922707,-122.4034937
060750117001009,060750117001,37.7924261,-122.4022624
060750117001010,060750117001,37.7925323,-122.401443
060750117001006,060750117001,37.7932484,-122.4033919
060750117001011,060750117001,37.793249,-122.401593
060750117001005,060750117001,37.7933651,-122.4024603
060750117001012,060750117001,37.7933768,-122.4005918
060750117001004,060750117001,37.7937123,-122.401691
060750253003004,060750253003,37.7420392,-122.4227436
060750215003004,060750215003,37.7426367,-122.4242718
060750215003005,060750215003,37.7426949,-122.4236935
060750253003001,060750253003,37.7431213,-122.4229725
060750215003001,060750215003,37.7434352,-122.4243478
060750215003000,060750215003,37.7435034,-122.4235777
060750215002008,060750215002,37.7442358,-122.4244232
060750215002007,060750215002,37.7443085,-122.4234677
060750253004010,060750253004,37.7447495,-122.4223894
060750215002005,060750215002,37.7450365,-122.424499
060750215003002,060750215003,37.7433654,-122.4255255
060750215004003,060750215004,37.7440312,-122.4278147
060750215002009,060750215002,37.7441656,-122.4256008
060750215004000,060750215004,37.7448311,-122.427891
060750215002004,060750215002,37.7449648,-122.4256772
060750215005005,060750215005,37.7456311,-122.4279655
060750215002003,060750215002,37.7457665,-122.42575
060750215005004,060750215005,37.7462295,-122.428023
060750215001006,060750215001,37.746565,-122.4258274
060750215005003,060750215005,37.7466296,-122.4280638
060750253004009,060750253004,37.7453629,-122.4215951
060750253004005,060750253004,37.7450759,-122.4208031
060750253004008,060750253004,37.7456663,-122.4191448
060750215002000,060750215002,37.7460857,-122.4220513
060750253004000,060750253004,37.7471912,-122.4195155
060750215001010,060750215001,37.7468339,-122.4219199
060750253004006,060750253004,37.7472093,-122.4208365
060750215001001,060750215001,37.7476048,-122.4218649
060750215001000,060750215001,37.7480449,-122.4218894
060750253004007,060750253004,37.7481026,-122.4208763
060750215002006,060750215002,37.7451133,-122.4233739
060750215002002,060750215002,37.7458366,-122.4245774
060750215002001,060750215002,37.7459095,-122.4233875
060750215001007,060750215001,37.7466378,-122.4246511
060750215001008,060750215001,37.7467066,-122.4234888
060750215001009,060750215001,37.7467677,-122.4223465
060750215001004,060750215001,37.7474309,-122.4247279
060750215001003,060750215001,37.7475055,-122.4235629
060750215001002,060750215001,37.7476,-122.422424
060750210004006,060750210004,37.7482317,-122.4248061
060750215005000,060750215005,37.74723,-122.4281195
060750215001005,060750215001,37.7473619,-122.4259039
060750214002006,060750214002,37.7480295,-122.4281955
060750214002009,060750214002,37.7481615,-122.4259805
060750214002003,060750214002,37.7488281,-122.4282721
060750214002004,060750214002,37.7489625,-122.4260585
060750214002002,060750214002,37.7496289,-122.4283514
060750214002001,060750214002,37.749763,-122.4261351
060750214001004,060750214001,37.7503968,-122.4289829
060750214001005,060750214001,37.7504632,-122.4278716
060750210004005,060750210004,37.7483081,-122.4236594
060750210004004,060750210004,37.7483847,-122.4225337
060750214002005,060750214002,37.7490339,-122.4248846
060750210003006,060750210003,37.7494756,-122.424303
060750210003007,060750210003,37.7495387,-122.4232235
060750210003008,060750210003,37.7495698,-122.4226488
060750214002000,060750214002,37.7498317,-122.4249609
060750214001007,060750214001,37.7506315,-122.4250372
060750210003005,060750210003,37.7510747,-122.4244596
060750210003004,060750210003,37.7511387,-122.4233786
060750253004001,060750253004,37.7481331,-122.4192463
060750210004003,060750210004,37.7484809,-122.4214012
060750209003004,060750209003,37.7485525,-122.4197596
060750210004002,060750210004,37.7496127,-122.4219824
060750210004001,060750210004,37.749664,-122.4211348
060750210004000,060750210004,37.749692,-122.4206695
060750209003003,060750209003,37.7497235,-122.420144
060750209003002,060750209003,37.749757,-122.4195905
060750209003001,060750209003,37.74979,-122.4190545
060750210003002,060750210003,37.7512111,-122.4221376
060750210003001,060750210003,37.7512617,-122.4212902
060750210003000,060750210003,37.7512903,-122.420825
060750209004004,060750209004,37.7513241,-122.4202977
060750209004005,060750209004,37.751354,-122.4197436
060750209004006,060750209004,37.7513883,-122.419209
060750210002006,060750210002,37.7524199,-122.4222244
060750210002000,060750210002,37.7528358,-122.421142
060750209004002,060750209004,37.7529369,-122.4201847
060750209004003,060750209004,37.7530041,-122.4190753
060750210002001,060750210002,37.7532233,-122.4222337
060750210003003,060750210003,37.7511741,-122.4228031
060750214001008,060750214001,37.7514329,-122.4251136
060750211002008,060750211002,37.7526322,-122.4252333
060750210002005,060750210002,37.7526606,-122.4248772
060750210002004,060750210002,37.752691,-122.4243277
060750210002003,060750210002,37.7527374,-122.4235266
060750210002002,060750210002,37.7527674,-122.4229515
060750210001007,060750210001,37.7540225,-122.4222627
060750211001007,060750211001,37.7542233,-122.4253837
060750210001006,060750210001,37.7542549,-122.4250282
060750210001005,060750210001,37.7542892,-122.4244791
060750210001004,060750210001,37.7543197,-122.423946
060750210001003,060750210001,37.7543522,-122.4234116
060750210001002,060750210001,37.7543709,-122.4231044
060750210001001,060750210001,37.7548256,-122.4222799
060750207003005,060750207003,37.7558546,-122.425181
060750207003004,060750207003,37.7558885,-122.4246332
060750207003003,060750207003,37.755919,-122.4241006
060750207003002,060750207003,37.7559521,-122.4235661
060750207003001,060750207003,37.7559715,-122.4232575
060750213001005,060750213001,37.7484294,-122.4349192
060750213001004,060750213001,37.7492288,-122.4349961
060750213001003,060750213001,37.7500286,-122.4350707
060750213001000,060750213001,37.7508284,-122.4351505
060750214003001,060750214003,37.750966,-122.432942
060750212002008,060750212002,37.7516271,-122.4352367
060750211003005,060750211003,37.7517649,-122.4330191
060750212002000,060750212002,37.7524257,-122.4353087
060750211003002,060750211003,37.7525585,-122.4330935
060750212001005,060750212001,37.7532164,-122.4353829
060750214001006,060750214001,37.7505627,-122.4262103
060750214001003,060750214001,37.7512,-122.4290625
060750214001002,060750214001,37.751267,-122.4279515
060750214001001,060750214001,37.7513335,-122.426844
060750214001000,060750214001,37.7514005,-122.4257354
060750211002006,060750211002,37.7519776,-122.429139
060750211002007,060750211002,37.7520439,-122.4280257
060750211002001,060750211002,37.7525321,-122.426957
060750211002000,060750211002,37.7525977,-122.4258559
060750211002004,060750211002,37.7527868,-122.4289253
060750211002003,060750211002,37.7528201,-122.4283878
060750211002002,060750211002,37.7528533,-122.4278317
060750211001004,060750211001,37.7540616,-122.4282158
060750211001005,060750211001,37.7541273,-122.4271078
060750211001006,060750211001,37.7541937,-122.4260068
060750211001003,060750211001,37.7552267,-122.4288877
060750211001001,060750211001,37.7557289,-122.4272621
060750211001000,060750211001,37.7557937,-122.4261586
060750211001008,060750211001,37.7558248,-122.4255336
060750211001002,060750211001,37.7560249,-122.4289645
060750211003003,060750211003,37.7526927,-122.4308782
060750211002005,060750211002,37.7527567,-122.4294802
060750211003000,060750211003,37.7534908,-122.4309538
060750211001009,060750211001,37.7539943,-122.429328
060750211004004,060750211004,37.7542922,-122.431031
060750211004003,060750211004,37.755092,-122.4311078
060750211004000,060750211004,37.7558913,-122.4311844
060750206002008,060750206002,37.7566403,-122.4320884
060750206002004,060750206002,37.7566856,-122.431018
060750206002005,060750206002,37.7568164,-122.4290983
060750211003001,060750211003,37.7533573,-122.4331705
060750212001004,060750212001,37.7540103,-122.4354557
060750211004005,060750211004,37.7541588,-122.4332468
060750211004002,060750211004,37.7549585,-122.4333237
060750212001001,060750212001,37.7552029,-122.4361272
060750212001000,060750212001,37.7552485,-122.4350354
060750211004001,060750211004,37.755758,-122.4334002
060750206003005,060750206003,37.7565567,-122.4334767
060750205003004,060750205003,37.7567937,-122.4362701
060750205003005,060750205003,37.7568682,-122.4351746
060750206002006,060750206002,37.7569599,-122.4268255
060750206002007,060750206002,37.7570313,-122.4256532
060750206002002,060750206002,37.7571727,-122.4298813
060750206002001,060750206002,37.7576457,-122.4290889
060750206002000,060750206002,37.7577576,-122.4269037
060750206002009,060750206002,37.7578289,-122.4257304
060750206001011,060750206001,37.7586267,-122.4258051
060750206001009,060750206001,37.7589573,-122.4270211
060750206001010,060750206001,37.7594283,-122.4258816
060750206001004,060750206001,37.7605571,-122.4271779
060750206002003,060750206002,37.7574768,-122.4313218
060750206003004,060750206003,37.7582561,-122.4314631
060750206001013,060750206001,37.7584225,-122.4291972
060750206003000,060750206003,37.7590895,-122.4314908
060750206001008,060750206001,37.7592238,-122.4292728
060750206004007,060750206004,37.7598903,-122.431568
060750206001007,060750206001,37.7600243,-122.4293495
060750206004005,060750206004,37.7606893,-122.431645
060750206001003,060750206001,37.7608233,-122.4294255
060750206004006,060750206004,37.7614878,-122.4317225
060750206003003,060750206003,37.7573522,-122.4335622
060750205002005,060750205002,37.7584547,-122.435329
060750206003002,060750206003,37.7585217,-122.434222
060750206003001,060750206003,37.7585885,-122.4331145
060750205002000,060750205002,37.7600574,-122.4354817
060750206004003,060750206004,37.7601208,-122.4343759
060750206004004,060750206004,37.7601891,-122.4332703
060750205001009,060750205001,37.7616213,-122.4356012
060750206004002,060750206004,37.7617293,-122.4345352
060750206004001,060750206004,37.7617866,-122.4334271
060750206001002,060750206001,37.7616526,-122.4295328
060750206004000,060750206004,37.7622865,-122.4317988
060750206001001,060750206001,37.7624541,-122.4295495
060750203003006,060750203003,37.7634476,-122.4326117
060750203002003,060750203002,37.7634962,-122.4319123
060750203002002,060750203002,37.7635385,-122.4312135
060750203002001,060750203002,37.763631,-122.4296961
060750203003005,060750203003,37.7650422,-122.4320531
060750203003004,060750203003,37.7647959,-122.4316115
060750169002004,060750169002,37.765396,-122.4324211
060750205001000,060750205001,37.7623876,-122.4357249
060750205001001,060750205001,37.7624114,-122.4359435
060750203003007,060750203003,37.7630754,-122.4337436
060750203003008,060750203003,37.7634032,-122.4341303
060750169002006,060750169002,37.7636735,-122.4345527
060750170002008,060750170002,37.7637111,-122.4362141
060750170002007,060750170002,37.764534,-122.4360732
060750169002005,060750169002,37.7645804,-122.4342447
060750170002006,060750170002,37.765361,-122.4361366
060750169002003,060750169002,37.765394,-122.4343255
060750210001000,060750210001,37.7544283,-122.4211813
060750209004001,060750209004,37.7545334,-122.4203345
060750209004000,060750209004,37.7546024,-122.419226
060750207003006,060750207003,37.7556346,-122.4220889
060750208004006,060750208004,37.756133,-122.4204879
060750208004003,060750208004,37.7562016,-122.4193798
060750207003000,060750207003,37.7564369,-122.4221675
060750207002010,060750207002,37.7572355,-122.4222438
060750208003004,060750208003,37.7577212,-122.4208082
060750208003005,060750208003,37.7577703,-122.4200941
060750207002009,060750207002,37.7570996,-122.4244984
060750207002006,060750207002,37.7575757,-122.4234107
060750207002005,060750207002,37.7578985,-122.4245759
060750207002007,060750207002,37.7580347,-122.4223202
060750207002004,060750207002,37.7586972,-122.4246514
060750207002002,060750207002,37.7591736,-122.4235653
060750207002001,060750207002,37.7591875,-122.423158
060750207002003,060750207002,37.7594997,-122.424729
060750207001007,060750207001,37.7607286,-122.4243547
060750207001008,060750207001,37.7607615,-122.4237206
060750208004002,060750208004,37.7578103,-122.419371
060750207002008,060750207002,37.758893,-122.4220364
060750208003003,060750208003,37.7593233,-122.4209659
060750208003002,060750208003,37.7593705,-122.4202461
060750208003001,060750208003,37.7594072,-122.4195185
060750207002000,060750207002,37.7596934,-122.4221159
060750207001011,060750207001,37.7608758,-122.421918
060750208002004,060750208002,37.7609242,-122.421119
060750208002003,060750208002,37.7609683,-122.420394
060750208002002,060750208002,37.7610123,-122.419667
060750208003000,060750208003,37.7594668,-122.4185854
060750208002005,060750208002,37.7595324,-122.4174952
060750228013003,060750228013,37.759599,-122.4164016
060750208002001,060750208002,37.7610685,-122.4187385
060750208002000,060750208002,37.7611345,-122.4176485
060750228011008,060750228011,37.761201,-122.4165531
060750208001001,060750208001,37.7626655,-122.4188924
060750208001000,060750208001,37.7627368,-122.4178023
060750228011007,060750228011,37.7628027,-122.4167042
060750228011006,060750228011,37.7628653,-122.4156148
060750206001005,060750206001,37.7606285,-122.4259984
060750207001006,060750207001,37.7606621,-122.4254315
060750206001006,060750206001,37.7618067,-122.4261125
060750206001000,060750206001,37.7621574,-122.4273295
060750206001012,060750206001,37.7625796,-122.4261856
060750203002005,060750203002,37.7633118,-122.4278523
060750203002006,060750203002,37.7634332,-122.4267689
060750203002007,060750203002,37.7635138,-122.4262741
060750203002000,060750203002,37.7641608,-122.4275717
060750203002004,060750203002,37.7642943,-122.4263484
060750207001009,060750207001,37.7608086,-122.423305
060750207001010,060750207001,37.760813,-122.4226318
060750207001004,060750207001,37.7618879,-122.4249638
060750207001005,060750207001,37.7620208,-122.4221936
060750207001002,060750207001,37.7623685,-122.4238809
060750207001001,060750207001,37.7623741,-122.4233961
060750207001003,060750207001,37.7626923,-122.4250364
060750207001000,060750207001,37.7627965,-122.4223941
060750202003008,060750202003,37.7636033,-122.4233434
060750202003004,060750202003,37.7639094,-122.4251527
060750208001004,060750208001,37.7621626,-122.4212384
060750208001005,060750208001,37.7622069,-122.4205141
060750208001006,060750208001,37.7622511,-122.4197863
060750208001003,060750208001,37.762815,-122.4205691
060750208001002,060750208001,37.7631742,-122.4206064
060750201004007,060750201004,37.7641274,-122.4214856
060750201004003,060750201004,37.7641682,-122.4208348
060750201004002,060750201004,37.7642119,-122.4200488
060750201004001,060750201004,37.7642695,-122.4191053
060750201004006,060750201004,37.7653344,-122.4216718
060750202003005,060750202003,37.7639678,-122.4240303
060750202003007,060750202003,37.7640796,-122.4222924
060750202003006,060750202003,37.7644133,-122.4234185
060750202003003,060750202003,37.765527,-122.4253039
060750202003002,060750202003,37.7655894,-122.42418
060750202003001,060750202003,37.7656239,-122.4236665
060750202003000,060750202003,37.7656924,-122.4225809
060750202002007,060750202002,37.7668649,-122.4231462
060750202002003,060750202002,37.7671764,-122.4248281
060750202002008,060750202002,37.7672042,-122.423214
060750203001010,060750203001,37.7651591,-122.4270719
060750203001011,060750203001,37.7652277,-122.4264377
060750203001007,060750203001,37.7653453,-122.428205
060750203001005,060750203001,37.7659658,-122.4271685
060750203001006,060750203001,37.7660135,-122.4265138
060750203001012,060750203001,37.7666751,-122.4265779
060750202002009,060750202002,37.7666922,-122.4258631
060750203001008,060750203001,37.7669379,-122.4283259
060750203001003,060750203001,37.7670285,-122.4272409
060750203001004,060750203001,37.7674544,-122.4266531
060750201004004,060750201004,37.7657719,-122.4212175
060750201002006,060750201002,37.7658008,-122.4207695
060750201002007,060750201002,37.765838,-122.4201535
060750201003003,060750201003,37.7658955,-122.419202
060750201004005,060750201004,37.7661464,-122.4217488
060750201002004,060750201002,37.7673699,-122.4216276
060750201002005,060750201002,37.7674363,-122.4205185
060750201003002,060750201003,37.7674972,-122.4195261
060750201002003,060750201002,37.7687374,-122.421835
060750201002002,060750201002,37.7692363,-122.4214052
060750204012000,060750204012,37.7576845,-122.4438196
060750204012003,060750204012,37.7578942,-122.4465312
060750204011012,060750204011,37.7580049,-122.4434898
060750204012002,060750204012,37.7579401,-122.445808
060750204011011,060750204011,37.758101,-122.4430774
060750204012001,060750204012,37.7581675,-122.4452577
060750204011015,060750204011,37.7582814,-122.4442132
060750301023011,060750301023,37.7586757,-122.4472127
060750204011010,060750204011,37.7587116,-122.4438819
060750204011004,060750204011,37.7590432,-122.4444034
060750205003002,060750205003,37.7564716,-122.4383965
060750205003003,060750205003,37.7567284,-122.4373486
060750204022002,060750204022,37.7574757,-122.4394935
060750205003001,060750205003,37.7582533,-122.4385676
060750205003000,060750205003,37.7583245,-122.4374991
060750205002004,060750205002,37.7583905,-122.4364226
060750205002003,060750205002,37.759862,-122.438722
060750205002002,060750205002,37.7599252,-122.4376517
060750205002001,060750205002,37.7599899,-122.4365752
060750205001006,060750205001,37.7611062,-122.4388225
060750204022000,060750204022,37.7585318,-122.4397688
060750204011009,060750204011,37.758607,-122.4428202
060750204013017,060750204013,37.759198,-122.4405578
060750204011008,060750204011,37.7592401,-122.4426207
060750204013015,060750204013,37.7593175,-122.441642
060750204013016,060750204013,37.759438,-122.4399551
060750204013014,060750204013,37.76004,-122.4423739
060750204013013,060750204013,37.7601469,-122.4404129
060750204013010,060750204013,37.7607149,-122.4420818
060750204013008,060750204013,37.760752,-122.4403618
060750305001009,060750305001,37.7578008,-122.4491138
060750301023012,060750301023,37.7583409,-122.4480472
060750305001000,060750305001,37.7584664,-122.4499817
060750301023010,060750301023,37.7585885,-122.4476015
060750301023009,060750301023,37.759197,-122.4500971
060750301023008,060750301023,37.7593925,-122.4480253
060750301023004,060750301023,37.7602629,-122.4494996
060750301023005,060750301023,37.7603359,-122.4478142
060750301023003,060750301023,37.7604554,-122.4509744
060750301023002,060750301023,37.7612055,-122.4497696
060750204011007,060750204011,37.7591763,-122.4433009
060750204011003,060750204011,37.7592062,-122.4448965
060750301023007,060750301023,37.7594622,-122.4470686
060750301023006,060750301023,37.7596734,-122.4466561
060750204011006,060750204011,37.7596676,-122.4438195
060750204011002,060750204011,37.7595962,-122.444928
060750204011005,060750204011,37.7600843,-122.4439614
060750204011000,060750204011,37.7603345,-122.445325
060750204013012,060750204013,37.7608166,-122.4433525
060750204011001,060750204011,37.7611756,-122.445958
060750204013009,060750204013,37.7608816,-122.4407283
060750204013011,060750204013,37.7610423,-122.4419344
060750204013007,060750204013,37.7609201,-122.439678
060750204013006,060750204013,37.7610864,-122.440396
060750204013004,060750204013,37.76134,-122.4424766
060750204013005,060750204013,37.7614551,-122.4405469
060750204013000,060750204013,37.7616758,-122.4397693
060750204013002,060750204013,37.7619067,-122.4414743
060750204013001,060750204013,37.7620786,-122.4399178
060750170003005,060750170003,37.7623871,-122.4417013
060750204013003,060750204013,37.7615615,-122.4438817
060750301023000,060750301023,37.7613497,-122.4471267
060750170003007,060750170003,37.7622083,-122.4450364
060750170003006,060750170003,37.7622604,-122.4441085
060750171012004,060750171012,37.7628598,-122.4458742
060750170003002,060750170003,37.7629033,-122.4442193
060750170003001,060750170003,37.7629216,-122.4447316
060750171012002,060750171012,37.7635865,-122.4450573
060750171012003,060750171012,37.7632963,-122.4455373
060750170002003,060750170002,37.763501,-122.4432008
060750301023001,060750301023,37.7612897,-122.4483717
060750171022006,060750171022,37.7618884,-122.4513287
060750171022005,060750171022,37.7620187,-122.4499201
060750171012007,060750171012,37.7621451,-122.4485322
060750171022003,060750171022,37.7625919,-122.4514855
060750171022004,060750171022,37.7627695,-122.4500838
060750171012006,060750171012,37.7629427,-122.448703
060750171022002,060750171022,37.7633427,-122.4516371
060750171012005,060750171012,37.7633834,-122.4476321
060750171022001,060750171022,37.7635215,-122.4502373
060750205001007,060750205001,37.7612481,-122.4377672
060750205001008,060750205001,37.7613781,-122.4366969
060750205001005,060750205001,37.7615822,-122.4388965
060750205001011,060750205001,37.7618013,-122.4378284
060750205001004,060750205001,37.761934,-122.4389525
060750205001010,060750205001,37.7619955,-122.436758
060750205001003,060750205001,37.7620754,-122.43788
060750205001002,060750205001,37.7621934,-122.4368631
060750170002009,060750170002,37.7628856,-122.4375322
060750170002004,060750170002,37.7648857,-122.4389333
060750170003000,060750170003,37.7644342,-122.4436042
060750171012001,060750171012,37.7646553,-122.4451488
060750171011004,060750171011,37.7652304,-122.4472235
060750171012000,060750171012,37.7652535,-122.4442957
060750171011003,060750171011,37.7656287,-122.4464893
060750171011005,060750171011,37.7661297,-122.4436251
060750171011002,060750171011,37.7662489,-122.4457344
060750171011001,060750171011,37.7664868,-122.4449439
060750171011000,060750171011,37.7670643,-122.4442539
060750171013004,060750171013,37.7680933,-122.4469687
060750202002010,060750202002,37.7674934,-122.4259487
060750203001009,060750203001,37.7676347,-122.4288291
060750169001008,060750169001,37.7683513,-122.4284863
060750203001001,060750203001,37.7682078,-122.4273889
060750203001000,060750203001,37.768441,-122.4277512
060750203001002,060750203001,37.7684681,-122.4267512
060750202002002,060750202002,37.768492,-122.4255869
060750169001000,060750169001,37.7691283,-122.4280045
060750202001015,060750202001,37.7693229,-122.4266274
060750202001011,060750202001,37.7693444,-122.4255756
060750177002035,060750177002,37.7677047,-122.4160831
060750201001024,060750201001,37.7686886,-122.4189884
060750177002036,060750177002,37.7688696,-122.4166925
060750177002030,060750177002,37.7690826,-122.4178067
060750201001025,060750201001,37.7693217,-122.4183927
060750177002031,060750177002,37.7694205,-122.4168484
060750201001023,060750201001,37.769584,-122.4193088
060750177002028,060750177002,37.7696268,-122.4168072
060750177002047,060750177002,37.7696877,-122.4167601
060750177002021,060750177002,37.7697179,-122.4166683
060750202002004,060750202002,37.7672069,-122.4243348
060750202002005,060750202002,37.7677553,-122.4232686
060750202002006,060750202002,37.7683821,-122.4233154
060750202002001,060750202002,37.7686056,-122.4244704
060750202002000,060750202002,37.7689524,-122.4233646
060750202001010,060750202001,37.7694115,-122.4245497
060750202001009,060750202001,37.7695083,-122.4234224
060750202001008,060750202001,37.7702714,-122.4246375
060750202001007,060750202001,37.770444,-122.4242286
060750202001005,060750202001,37.7706774,-122.4235626
060750201002000,060750201002,37.7690849,-122.4204641
060750201002001,060750201002,37.7696109,-122.4200418
060750201001015,060750201001,37.7700023,-122.4207084
060750201001016,060750201001,37.7701125,-122.4212318
060750201001017,060750201001,37.7701921,-122.4220521
060750201001014,060750201001,37.7703315,-122.4197711
060750201001012,060750201001,37.770929,-122.420934
060750201001011,060750201001,37.7710381,-122.4220573
060750201001013,060750201001,37.7716376,-122.4196763
060750201001009,060750201001,37.7721556,-122.4216944
060750177002024,060750177002,37.7698335,-122.4171968
060750177002022,060750177002,37.7699118,-122.4177296
060750201001022,060750201001,37.7699479,-122.4187172
060750201001020,060750201001,37.77007,-122.4186837
060750201001021,060750201001,37.770064,-122.4190649
060750177002023,060750177002,37.7701798,-122.4176756
060750201001019,060750201001,37.7705146,-122.4187338
060750177002016,060750177002,37.7705711,-122.4163857
060750177002015,060750177002,37.7712892,-122.4180517
060750168012005,060750168012,37.7699012,-122.4287427
060750168013004,060750168013,37.7700202,-122.4274696
060750202001013,060750202001,37.7701719,-122.4255801
060750202001012,060750202001,37.7700442,-122.4251794
060750168013005,060750168013,37.7703598,-122.426023
060750168013003,060750168013,37.771022,-122.4276974
060750168013000,060750168013,37.7716971,-122.4261467
060750168013002,060750168013,37.7717212,-122.4278393
060750168013001,060750168013,37.7721875,-122.427933
060750168022006,060750168022,37.7726414,-122.4280233
060750202001003,060750202001,37.7706414,-122.422914
060750202001004,060750202001,37.7712621,-122.4227148
060750202001006,060750202001,37.7712294,-122.4242352
060750168023004,060750168023,37.7714892,-122.4245898
060750202001002,060750202001,37.7718704,-122.423423
060750202001000,060750202001,37.7718977,-122.4228719
060750202001014,060750202001,37.772027,-122.422567
060750202001001,060750202001,37.7722353,-122.4229552
060750168021016,060750168021,37.7724267,-122.4235669
060750168023003,060750168023,37.7723692,-122.4245951
060750177002014,060750177002,37.7714725,-122.4176237
060750201001018,060750201001,37.7716081,-122.4187844
060750177002008,060750177002,37.772241,-122.415944
060750177002012,060750177002,37.7725767,-122.4175103
060750177002013,060750177002,37.7726128,-122.418477
060750177002009,060750177002,37.7729804,-122.4162242
060750177002010,060750177002,37.7733495,-122.4167644
060750177002002,060750177002,37.7735929,-122.4179822
060750177002011,060750177002,37.7737132,-122.417294
060750177002003,060750177002,37.7741013,-122.4189451
060750168021015,060750168021,37.772729,-122.422906
060750201001010,060750201001,37.7727682,-122.4222794
060750168023002,060750168023,37.7730715,-122.424737
060750168021011,060750168021,37.773195,-122.4237362
060750168021012,060750168021,37.7733045,-122.4229152
060750168023001,060750168023,37.7735375,-122.4248312
060750168021010,060750168021,37.77365,-122.4238524
060750168021009,060750168021,37.773769,-122.4230316
060750168023000,060750168023,37.7740039,-122.4249238
060750168021004,060750168021,37.7740977,-122.4239952
060750201001008,060750201001,37.7723217,-122.4203707
060750201001007,060750201001,37.7727549,-122.4209209
060750168021014,060750168021,37.7730592,-122.4221194
060750201001006,060750201001,37.7730814,-122.421339
060750201001002,060750201001,37.7730762,-122.4195695
060750168021013,060750168021,37.7734644,-122.4218404
060750201001005,060750201001,37.7735252,-122.4213178
060750201001003,060750201001,37.773606,-122.420409
060750168021007,060750168021,37.7739618,-122.4215831
060750201001001,060750201001,37.7741602,-122.419404
060750203003003,060750203003,37.7652101,-122.4303973
060750203003002,060750203003,37.7652854,-122.4292953
060750169001007,060750169001,37.766329,-122.4321847
060750203003001,060750203003,37.7665196,-122.4294836
060750203003000,060750203003,37.7667511,-122.4298919
060750169001006,060750169001,37.7670892,-122.4303358
060750169001005,060750169001,37.7671286,-122.4322615
060750169001003,060750169001,37.7684233,-122.4318275
060750169001002,060750169001,37.7684927,-122.4307188
060750169001001,060750169001,37.7685598,-122.4296058
060750170001005,060750170001,37.766189,-122.4368311
060750170001004,060750170001,37.7665626,-122.4388019
060750170001006,060750170001,37.766872,-122.4364522
060750170001007,060750170001,37.7669157,-122.4377454
060750170001003,060750170001,37.767585,-122.4387409
060750170001002,060750170001,37.7680943,-122.4378429
060750170001001,060750170001,37.7681437,-122.4369848
060750167003005,060750167003,37.7696471,-122.4382263
060750167003006,060750167003,37.769646,-122.4371843
060750167002003,060750167002,37.769495,-122.4363969
060750169002002,060750169002,37.7661947,-122.434402
060750169002001,060750169002,37.766995,-122.434478
060750170001000,060750170001,37.7681612,-122.4361309
060750169002000,060750169002,37.7682585,-122.4346014
060750169001004,060750169001,37.7683545,-122.4329354
060750167002004,060750167002,37.7694056,-122.4359886
060750167002005,060750167002,37.7694753,-122.4354603
060750167002000,060750167002,37.7699837,-122.4333481
060750167002001,060750167002,37.7701604,-122.4358093
060750167003000,060750167003,37.7709119,-122.4360918
060750168012006,060750168012,37.7697512,-122.4307985
060750168012004,060750168012,37.7698722,-122.4295819
060750168012002,060750168012,37.770372,-122.4309423
060750168012003,060750168012,37.7705806,-122.4292967
060750168012001,060750168012,37.7708371,-122.4310351
060750168012000,060750168012,37.771046,-122.4293905
060750168011005,060750168011,37.7713022,-122.4311298
060750167001004,060750167001,37.7713261,-122.4328195
060750168011003,060750168011,37.7717443,-122.4295293
060750168011004,060750168011,37.7717694,-122.4312198
060750167002002,060750167002,37.7700446,-122.4365004
060750167003003,060750167003,37.7705892,-122.4392124
060750167003002,060750167003,37.7706938,-122.437804
060750167003001,060750167003,37.7708047,-122.4369505
060750167004005,060750167004,37.7716268,-122.4379919
060750167004006,060750167004,37.7717318,-122.4371369
060750167004002,060750167004,37.7725595,-122.4381838
060750167004001,060750167004,37.7726677,-122.437329
060750167004000,060750167004,37.772778,-122.4364715
060750164002007,060750164002,37.7734886,-122.4383696
060750167001005,060750167001,37.7711175,-122.4344595
060750167004007,060750167004,37.7718451,-122.4362814
060750167001002,060750167001,37.7720512,-122.4346493
060750167001003,060750167001,37.7722585,-122.4330072
060750167001001,060750167001,37.7729833,-122.4348361
060750167001000,060750167001,37.7731887,-122.4331946
060750164001010,060750164001,37.7739121,-122.4350242
060750164001009,060750164001,37.7741187,-122.43338
060750164001006,060750164001,37.7748443,-122.4352098
060750164001005,060750164001,37.7750531,-122.4335637
060750168022004,060750168022,37.7730955,-122.4264317
060750168022003,060750168022,37.7731063,-122.4281248
060750168022005,060750168022,37.7737937,-122.4265761
060750168022001,060750168022,37.773818,-122.4282677
060750168022000,060750168022,37.7742603,-122.4266697
060750163002006,060750163002,37.7745193,-122.4284068
060750163002007,060750163002,37.7747239,-122.4267686
060750163002005,060750163002,37.7749836,-122.4284994
060750163002004,060750163002,37.7751897,-122.4268447
060750163002002,060750163002,37.7754481,-122.4285911
060750168011001,060750168011,37.7724679,-122.4313587
060750168011000,060750168011,37.7726781,-122.4297137
060750168011002,060750168011,37.7734008,-122.4315503
060750168022002,060750168022,37.7736106,-122.4299057
060750163003006,060750163003,37.7743329,-122.43174
060750163003007,060750163003,37.7745419,-122.4300953
060750163003005,060750163003,37.7752641,-122.431921
060750163003004,060750163003,37.775473,-122.4302825
060750163003002,060750163003,37.7761924,-122.4321127
060750163003003,060750163003,37.776401,-122.4304728
060750164001012,060750164001,37.7735908,-122.4375143
060750164001011,060750164001,37.7737075,-122.4366597
060750164002004,060750164002,37.7744168,-122.4385599
060750164001008,060750164001,37.7745307,-122.437706
060750164001007,060750164001,37.7746369,-122.4368486
060750164002003,060750164002,37.775349,-122.4387523
060750164001004,060750164001,37.775463,-122.4378976
060750164001003,060750164001,37.7755679,-122.4370372
060750164002000,060750164002,37.7762819,-122.438941
060750164001002,060750164001,37.776388,-122.4380828
060750163001008,060750163001,37.7767535,-122.4296513
060750163003001,060750163003,37.777125,-122.4323015
060750163003000,060750163003,37.7773349,-122.4306591
060750163001003,060750163001,37.7774468,-122.4297619
060750163001002,060750163001,37.7775161,-122.429266
060750161002005,060750161002,37.778061,-122.4324908
060750161002004,060750161002,37.7782419,-122.4311415
060750161002003,060750161002,37.7783205,-122.4303108
060750161002002,060750161002,37.7783946,-122.4299473
060750161002006,060750161002,37.7789932,-122.4326796
060750170003003,060750170003,37.7629413,-122.4429831
060750170002010,060750170002,37.7628769,-122.4398991
060750170003004,060750170003,37.7631004,-122.4410553
060750170002005,060750170002,37.7640379,-122.4412208
060750170002002,060750170002,37.7641358,-122.4425976
060750170002001,060750170002,37.7651161,-122.4429367
060750170002000,060750170002,37.7664158,-122.4407928
060750167003004,060750167003,37.7685646,-122.4413877
060750171013000,060750171013,37.7693786,-122.4429883
060750166002000,060750166002,37.769934,-122.4433105
060750171013005,060750171013,37.7679886,-122.447791
060750171023002,060750171023,37.7680556,-122.4510051
060750166003004,060750166003,37.7689861,-122.4511936
060750166002005,060750166002,37.7691273,-122.4500827
060750166002004,060750166002,37.7692636,-122.4490171
060750166002003,060750166002,37.7694362,-122.4476618
060750166003003,060750166003,37.7699498,-122.451137
060750166004003,060750166004,37.7701594,-122.4494926
060750166004004,060750166004,37.7703678,-122.4478519
060750166003000,060750166003,37.7708849,-122.4513249
060750171013003,060750171013,37.7681989,-122.4461451
060750171013002,060750171013,37.7683036,-122.4453263
060750171013001,060750171013,37.7685448,-122.4442302
060750166002002,060750166002,37.7696419,-122.4460456
060750166002001,060750166002,37.7698527,-122.4444039
060750166004005,060750166004,37.7705738,-122.4462335
060750166001003,060750166001,37.7707841,-122.4445913
060750166004000,060750166004,37.7715089,-122.4464226
060750166001002,060750166001,37.7717185,-122.444778
060759803001000,060759803001,37.7728562,-122.4433158
060750166001004,060750166001,37.7709983,-122.4429175
060750166001005,060750166001,37.7712088,-122.4412727
060750167004004,060750167004,37.771418,-122.4396277
060750166001001,060750166001,37.7719318,-122.443107
060750166001000,060750166001,37.7721418,-122.4414616
060750167004003,060750167004,37.7723509,-122.4398175
060750164002006,060750164002,37.7732793,-122.4400053
060750165001004,060750165001,37.7739963,-122.4418385
060750164002005,060750164002,37.7742067,-122.4401939
060750165001003,060750165001,37.7749318,-122.4420274
060750165002005,060750165002,37.7733632,-122.4467952
060750165002004,060750165002,37.7735727,-122.4451542
060750165001005,060750165001,37.7737859,-122.4434855
060750165002002,060750165002,37.7743015,-122.4469852
060750165002003,060750165002,37.7745105,-122.4453435
060750165001002,060750165001,37.7747224,-122.4436744
060750165002001,060750165002,37.7752348,-122.4471754
060750165002000,060750165002,37.775444,-122.445532
060750165001001,060750165001,37.7756562,-122.4438626
060750157002006,060750157002,37.7763798,-122.4457194
060750164002002,060750164002,37.7751409,-122.4403835
060750165001000,060750165001,37.7758655,-122.4422162
060750164002001,060750164002,37.7760743,-122.4405723
060750157002004,060750157002,37.7767995,-122.4424047
060750158022005,060750158022,37.77701,-122.4407586
060750157002003,060750157002,37.7777315,-122.4425927
060750158022006,060750158022,37.7779428,-122.4409465
060750157002000,060750157002,37.7786678,-122.4427821
060750158021004,060750158021,37.778875,-122.4411367
060750157001009,060750157001,37.7794193,-122.4428514
060750164001001,060750164001,37.7764997,-122.4372238
060750158022004,060750158022,37.7772167,-122.4391276
060750158022003,060750158022,37.7773243,-122.4382712
060750158022002,060750158022,37.7774339,-122.4374127
060750158021005,060750158021,37.7781508,-122.4393119
060750158021006,060750158021,37.7782642,-122.4384596
060750158021007,060750158021,37.7783682,-122.437601
060750158021003,060750158021,37.7790805,-122.4394977
060750158021002,060750158021,37.7791923,-122.4386459
060750158021001,060750158021,37.779248,-122.4382001
060750157002005,060750157002,37.7765911,-122.4440504
060750157002007,060750157002,37.7773138,-122.4459069
060750157002002,060750157002,37.7775245,-122.4442384
060750157001017,060750157001,37.7782539,-122.4460978
060750157002001,060750157002,37.7784627,-122.4444274
060750157001014,060750157001,37.7793901,-122.4471941
060750157001016,060750157001,37.7793363,-122.4452773
060750157001013,060750157001,37.7801597,-122.4465109
060750157001012,060750157001,37.7801704,-122.4449903
060750157001011,060750157001,37.7803545,-122.4440693
060750158012016,060750158012,37.7798673,-122.440773
060750158012017,060750158012,37.780012,-122.4396888
060750157001008,060750157001,37.7802749,-122.4415246
060750157001007,060750157001,37.7806323,-122.4423036
060750158012015,060750158012,37.780802,-122.4409656
060750158012014,060750158012,37.7809449,-122.4398782
060750157001006,060750157001,37.7817246,-122.4424538
060750158012007,060750158012,37.7817625,-122.4411671
060750158012008,060750158012,37.7818764,-122.4400637
060750157001001,060750157001,37.7823249,-122.4431341
060750157001015,060750157001,37.7806371,-122.4474433
060750157003013,060750157003,37.7812045,-122.4514872
060750157003004,060750157003,37.7813378,-122.4504618
060750157003003,060750157003,37.781466,-122.4494347
060750157003002,060750157003,37.7816296,-122.4482505
060750157001004,060750157001,37.7817065,-122.4475145
060750157003014,060750157003,37.7819217,-122.4516319
060750157003005,060750157003,37.7820531,-122.45061
060750157003001,060750157003,37.7822569,-122.4485456
060750157003000,060750157003,37.7823546,-122.4485633
060750201001004,060750201001,37.7741798,-122.4204781
060750168021008,060750168021,37.7742323,-122.4206009
060750168021006,060750168021,37.7744224,-122.4216318
060750201001000,060750201001,37.7747502,-122.4197576
060750168021000,060750168021,37.7749272,-122.420232
060750168021001,060750168021,37.7748923,-122.4217281
060750162002008,060750162002,37.7753597,-122.4218283
060750162002007,060750162002,37.7755602,-122.4202235
060750124022018,060750124022,37.7757582,-122.4193826
060750162002005,060750162002,37.7758228,-122.4219202
060750168021005,060750168021,37.7742284,-122.4231805
060750168021003,060750168021,37.7744711,-122.4250169
060750168021002,060750168021,37.7746813,-122.4233725
060750162002009,060750162002,37.7751547,-122.4234601
060750162003006,060750162003,37.7751686,-122.4251595
060750162002010,060750162002,37.7756162,-122.4235751
060750162003005,060750162003,37.7758668,-122.4253018
060750162002003,060750162002,37.776078,-122.4236585
060750162002002,060750162002,37.776545,-122.4237532
060750162001008,060750162001,37.7770117,-122.4238483
060750163002003,060750163002,37.7756565,-122.4269444
060750163002001,060750163002,37.7759155,-122.4286867
060750163002000,060750163002,37.7761255,-122.4270407
060750162003004,060750162003,37.7763353,-122.4253953
060750163001006,060750163001,37.7763816,-122.4287815
060750163001005,060750163001,37.776592,-122.4271359
060750162003003,060750162003,37.776802,-122.4254908
060750163001007,060750163001,37.7768491,-122.4288252
060750163001004,060750163001,37.777054,-122.42723
060750162003002,060750162003,37.7772652,-122.4255834
060750162002006,060750162002,37.7760284,-122.4203152
060750162002004,060750162002,37.7762879,-122.4220135
060750162002000,060750162002,37.7767253,-122.4204526
060750162002001,060750162002,37.7767541,-122.4221074
060750124022016,060750124022,37.7768335,-122.4195998
060750162001007,060750162001,37.7772211,-122.4222006
060750162001006,060750162001,37.7776582,-122.4206386
060750124022012,060750124022,37.777769,-122.4197878
060750162001000,060750162001,37.7790538,-122.4209256
060750124022019,060750124022,37.7791638,-122.420066
060750124022014,060750124022,37.7769327,-122.4187077
060750176014000,060750176014,37.7770138,-122.4168939
060750124022015,060750124022,37.7772326,-122.4172943
060750124021007,060750124021,37.7776716,-122.4162417
060750124022013,060750124022,37.7776391,-122.4188822
060750124022010,060750124022,37.7781037,-122.4173187
060750176013009,060750176013,37.7781034,-122.4155168
060750124022011,060750124022,37.7781298,-122.4189772
060750124021006,060750124021,37.7783722,-122.4158435
060750124021005,060750124021,37.7792232,-122.4158517
060750163001001,060750163001,37.7776308,-122.4284402
060750162003001,060750162003,37.7777309,-122.4256794
060750163001000,060750163001,37.7777531,-122.4272912
060750162003000,060750162003,37.7782002,-122.425773
060750161002001,060750161002,37.7785068,-122.4290181
060750161002000,060750161002,37.7786987,-122.4274462
060750161003007,060750161003,37.7796412,-122.4276307
060750161003000,060750161003,37.780566,-122.4278419
060750161001001,060750161001,37.7808644,-122.4254671
060750161004006,060750161004,37.7812882,-122.4280334
060750162001004,060750162001,37.7774766,-122.4239403
060750162001005,060750162001,37.777686,-122.4222979
060750162001003,060750162001,37.7781754,-122.4240824
060750162001002,060750162001,37.7783851,-122.4224369
060750161001003,060750161001,37.7790019,-122.4250918
060750162001001,060750162001,37.7793173,-122.4226232
060750161001002,060750161001,37.7799342,-122.4252785
060750160001014,060750160001,37.7802487,-122.4228145
060750160001013,060750160001,37.7809491,-122.4229575
060750160001012,060750160001,37.7814109,-122.4230533
060750124022008,060750124022,37.779274,-122.4192019
060750124022006,060750124022,37.7804168,-122.4194312
060750160001015,060750160001,37.7804545,-122.4211991
060750124022007,060750124022,37.7805572,-122.4203356
060750124022004,060750124022,37.7809047,-122.4195355
060750124022003,060750124022,37.7813681,-122.4196366
060750160001011,060750160001,37.7813872,-122.4213999
060750124022002,060750124022,37.7814964,-122.4205364
060750124022001,060750124022,37.7818399,-122.4197275
060750160001010,060750160001,37.7820844,-122.4215388
060750124022009,060750124022,37.7794793,-122.4175897
060750124021002,060750124021,37.7801502,-122.4160397
060750124022005,060750124022,37.7808538,-122.4178755
060750124021001,060750124021,37.7810818,-122.4162324
060750124022000,060750124022,37.7818074,-122.4180714
060750124011002,060750124011,37.7820157,-122.4164208
060750124023005,060750124023,37.7827398,-122.4182605
060750124011001,060750124011,37.7829469,-122.4166115
060750124023004,060750124023,37.7834393,-122.4184009
060750124011000,060750124011,37.7838777,-122.4167963
060750124023007,060750124023,37.7824252,-122.4207265
060750124023006,060750124023,37.7825357,-122.41987
060750160001008,060750160001,37.7825529,-122.4216318
060750160001007,060750160001,37.783018,-122.4217168
060750124023003,060750124023,37.7832341,-122.4200097
060750124023002,060750124023,37.7833549,-122.4209037
060750160001004,060750160001,37.7834857,-122.4218124
060750124023001,060750124023,37.7837008,-122.4201053
060750160001005,060750160001,37.7839499,-122.421907
060750122021012,060750122021,37.7841648,-122.4201965
060750164001000,060750164001,37.7763481,-122.4346734
060750158022001,060750158022,37.7776419,-122.4357807
060750158022000,060750158022,37.7778515,-122.4341355
060750158013005,060750158013,37.7785755,-122.4359687
060750158013004,060750158013,37.7787838,-122.4343239
060750158013002,060750158013,37.7795073,-122.4361552
060750158013003,060750158013,37.779716,-122.4345116
060750161004005,060750161004,37.7799255,-122.4328683
060750158013000,060750158013,37.7806484,-122.4346997
060750161004004,060750161004,37.7808573,-122.4330567
060750161003004,060750161003,37.7792024,-122.431037
060750161003005,060750161003,37.779319,-122.4301429
060750161003006,060750161003,37.7794316,-122.4292004
060750161003003,060750161003,37.7801361,-122.4312159
060750161003002,060750161003,37.7802479,-122.4303205
060750161003001,060750161003,37.7803658,-122.4294149
060750161004003,060750161004,37.7810667,-122.4314126
060750161004002,060750161004,37.7811829,-122.4305171
060750161004001,060750161004,37.7812794,-122.4296661
060750159002009,060750159002,37.7819931,-122.4315991
060750158021000,060750158021,37.7793505,-122.4373901
060750158012018,060750158012,37.7801245,-122.4388312
060750158012019,060750158012,37.7802326,-122.4379718
060750158013001,060750158013,37.7804388,-122.4363437
060750158012013,060750158012,37.7810567,-122.4390208
060750158012012,060750158012,37.7811611,-122.4381634
060750158011005,060750158011,37.7813345,-122.436814
060750158012009,060750158012,37.781987,-122.4392065
060750158012010,060750158012,37.7820407,-122.4387595
060750158012011,060750158012,37.7821416,-122.4379506
060750158011004,060750158011,37.7814351,-122.4359944
060750158011003,060750158011,37.7815802,-122.4348914
060750159002007,060750159002,37.7822556,-122.4333394
060750158011001,060750158011,37.7830879,-122.4357616
060750159002003,060750159002,37.7836511,-122.4336195
060750158011000,060750158011,37.7839198,-122.4362286
060750159002004,060750159002,37.7841487,-122.4337315
060750159002005,060750159002,37.7842558,-122.433722
060750155002009,060750155002,37.7843607,-122.4337675
060750155002004,060750155002,37.7843651,-122.4362987
060750159001006,060750159001,37.782105,-122.4307034
060750159002008,060750159002,37.7827276,-122.4317559
060750159001012,060750159001,37.7830316,-122.4308956
060750159001004,060750159001,37.783092,-122.4304871
060750159002006,060750159002,37.7832029,-122.4318357
060750159001003,060750159001,37.7833968,-122.4292663
060750159002002,060750159002,37.7838537,-122.431971
060750159001009,060750159001,37.7840092,-122.4310906
060750159002001,060750159002,37.784358,-122.4320479
060750159002000,060750159002,37.7844601,-122.4320954
060750158011002,060750158011,37.7822996,-122.4367253
060750158012002,060750158012,37.7828904,-122.4393939
060750158012001,060750158012,37.7830037,-122.438495
060750158012000,060750158012,37.7834987,-122.4386432
060750155003006,060750155003,37.7838115,-122.4395821
060750155003007,060750155003,37.7839892,-122.4387813
060750155003000,060750155003,37.784892,-122.4389248
060750155002003,060750155002,37.7850985,-122.4372871
060750153002001,060750153002,37.7858221,-122.4391112
060750153002000,060750153002,37.7860299,-122.4374759
060750155002008,060750155002,37.7845696,-122.4320905
060750159001005,060750159001,37.7846804,-122.4303022
060750155002007,060750155002,37.7849324,-122.4321916
060750155001006,060750155001,37.7850073,-122.4312914
060750155001004,060750155001,37.7852119,-122.4296419
060750155002000,060750155002,37.7857229,-122.4323565
060750155001003,060750155001,37.7858461,-122.43146
060750155001002,060750155001,37.7859404,-122.4306302
060750152003004,060750152003,37.7866164,-122.4328659
060750152003005,060750152003,37.7867173,-122.4320539
060750155002005,060750155002,37.7846721,-122.4342561
060750155002006,060750155002,37.7847773,-122.4334203
060750155002002,060750155002,37.785306,-122.4356433
060750155002001,060750155002,37.7855141,-122.4340005
060750153001008,060750153001,37.7862391,-122.4358318
060750152003007,060750152003,37.7864483,-122.4341889
060750152003006,060750152003,37.7871477,-122.4343298
060750153001004,060750153001,37.7871715,-122.4360205
060750152003001,060750152003,37.7876125,-122.434423
060750153001000,060750153001,37.7881148,-122.4362106
060750152002008,060750152002,37.7867488,-122.4316557
060750152002007,060750152002,37.7868798,-122.4308289
060750152002006,060750152002,37.7870773,-122.4292519
060750152003003,060750152003,37.7873582,-122.4326829
060750152002004,060750152002,37.7877998,-122.4310856
060750152003000,060750152003,37.7878225,-122.4327795
060750152002005,060750152002,37.7880093,-122.4294404
060750152002002,060750152002,37.7885849,-122.4325112
060750152002001,060750152002,37.7887415,-122.4312767
060750152002000,060750152002,37.7889509,-122.4296309
060750155001001,060750155001,37.7861413,-122.4290631
060750155001000,060750155001,37.786456,-122.4265956
060750152001006,060750152001,37.7872873,-122.4275981
060750152001005,060750152001,37.7874972,-122.4259537
060750152001004,060750152001,37.7881991,-122.4260992
060750152001002,060750152001,37.7882189,-122.4277904
060750152001003,060750152001,37.7886616,-122.4261945
060750152001001,060750152001,37.7891599,-122.4279842
060750152001000,060750152001,37.7893696,-122.4263398
060750131021006,060750131021,37.7901007,-122.4281764
060750157001010,060750157001,37.7805369,-122.4431741
060750157001005,060750157001,37.7813555,-122.4446171
060750157001002,060750157001,37.7818493,-122.4458638
060750157001003,060750157001,37.7823832,-122.4466111
060750154003001,060750154003,37.782514,-122.446189
060750157001000,060750157001,37.78263,-122.4444339
060750154002006,060750154002,37.7827288,-122.4444055
060750154002005,060750154002,37.7831417,-122.445246
060750154002004,060750154002,37.7833279,-122.4437168
060750154003000,060750154003,37.783841,-122.4467253
060750158012006,060750158012,37.7826304,-122.4417222
060750158012003,060750158012,37.7827375,-122.4402374
060750158012005,060750158012,37.7829966,-122.441944
060750158012004,060750158012,37.7831991,-122.4403431
060750155003004,060750155003,37.78353,-122.4420767
060750155003008,060750155003,37.7835054,-122.4403956
060750155003005,060750155003,37.7839781,-122.4404909
060750155003003,060750155003,37.784467,-122.4422648
060750155003002,060750155003,37.7846746,-122.4406322
060750155003001,060750155003,37.7847849,-122.4397791
060750154002002,060750154002,37.7840639,-122.445439
060750154002003,060750154002,37.7842565,-122.4439115
060750154002001,060750154002,37.7849928,-122.4456296
060750154002000,060750154002,37.7851881,-122.4441011
060750154001003,060750154001,37.7856111,-122.4469535
060750154001004,060750154001,37.7859255,-122.445815
060750154001005,060750154001,37.7861199,-122.4442894
060750154001001,060750154001,37.7868701,-122.4460033
060750154001000,060750154001,37.7870643,-122.4444809
060750133003000,060750133003,37.7878122,-122.4461891
060750153002008,060750153002,37.7853974,-122.4424539
060750153002003,060750153002,37.7856051,-122.44082
060750153002002,060750153002,37.7857278,-122.4399683
060750153002007,060750153002,37.7863295,-122.442643
060750153002004,060750153002,37.7865375,-122.441009
060750153001007,060750153001,37.7866466,-122.4401537
060750153002006,060750153002,37.7872735,-122.4428347
060750153002005,060750153002,37.7874812,-122.4412004
060750153001003,060750153001,37.7875905,-122.4403439
060750134002006,060750134002,37.7882136,-122.4430247
060750133003002,060750133003,37.7874074,-122.4493862
060750133003001,060750133003,37.7876187,-122.4477235
060750133002004,060750133002,37.7881005,-122.4512144
060750133002005,060750133002,37.7883116,-122.4495688
060750133002006,060750133002,37.7885231,-122.4479029
060750133002003,060750133002,37.7889775,-122.4513908
060750133002002,060750133002,37.7891872,-122.4497459
060750133002001,060750133002,37.7893988,-122.4480813
060750133001005,060750133001,37.7898535,-122.4515673
060750133001006,060750133001,37.790063,-122.4499222
060750153001006,060750153001,37.786755,-122.4392992
060750153001005,060750153001,37.7869627,-122.4376646
060750153001002,060750153001,37.7876983,-122.4394891
060750153001001,060750153001,37.7879059,-122.4378544
060750134001005,060750134001,37.7888298,-122.436355
060750134001004,060750134001,37.788849,-122.4380445
060750134001003,060750134001,37.7892962,-122.4364505
060750134001001,060750134001,37.7897506,-122.4382277
060750134001002,060750134001,37.7899614,-122.4365833
060750134001000,060750134001,37.7911727,-122.4376681
060750134002005,060750134002,37.7880047,-122.4446714
060750133002007,060750133002,37.7887175,-122.4463675
060750134002004,060750134002,37.7889094,-122.4448508
060750133002000,060750133002,37.7895951,-122.4465425
060750134003004,060750134003,37.7897875,-122.4450278
060750134003005,060750134003,37.7899968,-122.4433864
060750133001008,060750133001,37.7904699,-122.4467204
060750134003003,060750134003,37.7906635,-122.4452072
060750134003002,060750134003,37.7908732,-122.4435652
060750133001000,060750133001,37.7913508,-122.4468991
060750134002007,060750134002,37.7884221,-122.4413888
060750134002008,060750134002,37.788533,-122.4405317
060750134002009,060750134002,37.7886398,-122.4396768
060750134002003,060750134002,37.7891176,-122.4432087
060750134002002,060750134002,37.7893255,-122.441569
060750134002001,060750134002,37.7894344,-122.4407115
060750134002000,060750134002,37.7895416,-122.4398613
060750134003006,060750134003,37.7902075,-122.4417289
060750134003007,060750134003,37.7904204,-122.4400577
060750134003001,060750134003,37.7910857,-122.4419055
060750134003000,060750134003,37.7912998,-122.4402345
060750132003017,060750132003,37.7919644,-122.44208
060750132003018,060750132003,37.792177,-122.4404105
060750132003012,060750132003,37.7928674,-122.4422625
060750132003011,060750132003,37.7930798,-122.4405932
060750132003006,060750132003,37.793805,-122.4424521
060750132003007,060750132003,37.7939652,-122.4411945
060750132003008,060750132003,37.7940707,-122.4403605
060750132003002,060750132003,37.794747,-122.442643
060750132003001,060750132003,37.7949594,-122.4409735
060750132003015,060750132003,37.7915437,-122.4453879
060750132003016,060750132003,37.791753,-122.4437415
060750132003014,060750132003,37.7924463,-122.4455609
060750132003013,060750132003,37.7926562,-122.4439241
060750132003005,060750132003,37.7934923,-122.4449018
060750132003004,060750132003,37.7943305,-122.4458933
060750132003003,060750132003,37.7945355,-122.444304
060750128002004,060750128002,37.7952657,-122.4460579
060750128002005,060750128002,37.7954671,-122.4444921
060750128002003,060750128002,37.7961991,-122.4462231
060750156002003,060750156002,37.7758945,-122.4557043
060750156002001,060750156002,37.7765598,-122.4558761
060750157004005,060750157004,37.7766759,-122.4541001
060750156002000,060750156002,37.7772125,-122.455994
060750157003010,060750157003,37.7773987,-122.4528103
060750157003011,060750157003,37.7775144,-122.4518886
060750156003007,060750156003,37.7781624,-122.4557463
060750156001006,060750156001,37.7782695,-122.454887
060750156001007,060750156001,37.7783812,-122.4539981
060750156003003,060750156003,37.7792925,-122.4559781
060750157003012,060750157003,37.7776279,-122.4510006
060750157004003,060750157004,37.7777415,-122.4501129
060750157004002,060750157004,37.7778544,-122.4492251
060750157004001,060750157004,37.7779672,-122.4483406
060750157004000,060750157004,37.7780846,-122.4474217
060750157003008,060750157003,37.7784836,-122.4498604
060750157003006,060750157003,37.7791383,-122.4506462
060750157003007,060750157003,37.780033,-122.4485546
060750157003019,060750157003,37.7802303,-122.4514996
060750157003009,060750157003,37.7805891,-122.448179
060750451003008,060750451003,37.7782834,-122.4613992
060750451001005,060750451001,37.7783663,-122.4592209
060750451001004,060750451001,37.778332,-122.4603281
060750156003004,060750156003,37.7786522,-122.4573428
060750451003001,060750451003,37.7801465,-122.4615319
060750451001002,060750451001,37.7801922,-122.4604615
060750451001001,060750451001,37.7802451,-122.4593603
060750156003001,060750156003,37.7803848,-122.4574982
060750451003000,060750451003,37.781139,-122.4616009
060750451001003,060750451001,37.7811897,-122.4605263
060750156001005,060750156001,37.7794832,-122.4551492
060750156001004,060750156001,37.7795893,-122.4542422
060750156001002,060750156001,37.7806916,-122.4556372
060750156001001,060750156001,37.7808175,-122.4545686
060750157003017,060750157003,37.7809488,-122.4535175
060750157003015,060750157003,37.7810779,-122.4525134
060750156003000,060750156003,37.7813468,-122.4570156
060750156001003,060750156001,37.7814043,-122.4559112
060750156001008,060750156001,37.7814431,-122.4554091
060750156001000,060750156001,37.7815248,-122.4547259
060750452001002,060750452001,37.7799504,-122.4658178
060750452001001,060750452001,37.7799982,-122.4647448
060750451003004,060750451003,37.780048,-122.4636756
060750451003002,060750451003,37.7800974,-122.462605
060750452001003,060750452001,37.7809462,-122.4658842
060750452001000,060750452001,37.780992,-122.4648174
060750451003005,060750451003,37.7810465,-122.4637399
060750451003003,060750451003,37.7810932,-122.4626771
060750402001007,060750402001,37.7819388,-122.4659614
060750402001008,060750402001,37.7819852,-122.4648894
060750451001000,060750451001,37.781238,-122.4594491
060750156003002,060750156003,37.7812898,-122.4582892
060750401003002,060750401003,37.7821291,-122.4616742
060750401003001,060750401003,37.782182,-122.4606043
060750401003000,060750401003,37.7822301,-122.4595
060750154005004,060750154005,37.7825999,-122.4583924
060750154005005,060750154005,37.782657,-122.4572762
060750401002003,060750401002,37.7839984,-122.4618096
060750401002004,060750401002,37.7840459,-122.4607374
060750401002005,060750401002,37.7840971,-122.4596349
060750157003018,060750157003,37.7816596,-122.4536695
060750157003016,060750157003,37.7817898,-122.4526592
060750154005006,060750154005,37.7827052,-122.4561702
060750154005007,060750154005,37.7827408,-122.4550184
060750154003008,060750154003,37.7828748,-122.4539222
060750154003007,060750154003,37.7829856,-122.452888
060750154003006,060750154003,37.7830265,-122.4518406
060750154004002,060750154004,37.7848721,-122.4532785
060750154004003,060750154004,37.7849456,-122.452422
060750154005001,060750154005,37.7849951,-122.456334
060750401003004,060750401003,37.7820385,-122.4638193
060750401003003,060750401003,37.7820837,-122.4627471
060750402001006,060750402001,37.7838273,-122.4660908
060750402001005,060750402001,37.78387,-122.4650302
060750401003005,060750401003,37.7838934,-122.4639517
060750401004005,060750401004,37.7839468,-122.4628821
060750402001004,060750402001,37.7848797,-122.4649183
060750401004004,060750401004,37.7849457,-122.4640003
060750401004003,060750401004,37.7850421,-122.4629373
060750402001002,060750402001,37.7856884,-122.466233
060750154003004,060750154003,37.7831121,-122.4487102
060750154003005,060750154003,37.7832608,-122.4507985
060750154003003,060750154003,37.7835301,-122.4495281
060750154003002,060750154003,37.7838395,-122.4479397
060750154004004,060750154004,37.7850575,-122.4515512
060750154004005,060750154004,37.7851992,-122.4506775
060750154004006,060750154004,37.7853426,-122.4498172
060750154001002,060750154001,37.7861373,-122.4483236
060750154004000,060750154004,37.7862753,-122.4516878
060750133003003,060750133003,37.7871925,-122.4510307
060750154005003,060750154005,37.7848024,-122.4585476
060750154005002,060750154005,37.7848974,-122.4574363
060750401002002,060750401002,37.7851349,-122.4618711
060750401002001,060750401002,37.7852277,-122.460805
060750401002000,060750401002,37.7853228,-122.459708
060750401001002,060750401001,37.7860625,-122.4619624
060750401001003,060750401001,37.7861555,-122.4608936
060750401001005,060750401001,37.7862485,-122.4597995
060750133005005,060750133005,37.7863045,-122.4579978
060750133005002,060750133005,37.7872164,-122.4581287
060750477011004,060750477011,37.7790733,-122.4851982
060750477011002,060750477011,37.7791213,-122.4841263
060750477011001,060750477011,37.7791707,-122.4830558
060750478013012,060750478013,37.7798231,-122.4906463
060750478013000,060750478013,37.7798696,-122.4895504
060750477011011,060750477011,37.7799207,-122.488476
060750477011009,060750477011,37.7799686,-122.4874122
060750477011007,060750477011,37.7800145,-122.4863418
060750477011005,060750477011,37.7800649,-122.485266
060750477011003,060750477011,37.7801153,-122.4841925
060750479023007,060750479023,37.7794345,-122.4992071
060750479022005,060750479022,37.7794479,-122.5024756
060750479021006,060750479021,37.7794384,-122.508865
060750479022004,060750479022,37.7794707,-122.5035369
060750479022003,060750479022,37.779494,-122.5046026
060750479021005,060750479021,37.7794968,-122.5077995
060750479021004,060750479021,37.7794919,-122.505671
060750479021003,060750479021,37.7795128,-122.5067443
060750479021002,060750479021,37.7803032,-122.5087651
060750479023002,060750479023,37.7803569,-122.5014045
060750478023003,060750478023,37.7796244,-122.4949168
060750478023000,060750478023,37.7796718,-122.4938422
060750478013008,060750478013,37.7797242,-122.4927621
060750478013003,060750478013,37.7797726,-122.4917012
060750478021008,060750478021,37.7798301,-122.4981764
060750478021005,060750478021,37.7798543,-122.4970798
060750478021007,060750478021,37.780323,-122.4981858
060750478021006,060750478021,37.7803561,-122.4970909
060750478021002,060750478021,37.7805619,-122.4960572
060750478021001,060750478021,37.7806121,-122.494987
060750479023001,060750479023,37.7803726,-122.5003391
060750479022000,060750479022,37.7803818,-122.5024812
060750479023000,060750479023,37.7804196,-122.4992682
060750479022001,060750479022,37.7804045,-122.50356
060750479022002,060750479022,37.7804269,-122.5046349
060750479021000,060750479021,37.7804486,-122.5057094
060750479021001,060750479021,37.7803677,-122.5070167
060750479012008,060750479012,37.780591,-122.5109828
060759802001004,060759802001,37.7813878,-122.5081879
060750479012007,060750479012,37.7824907,-122.5098633
060750477011000,060750477011,37.7801648,-122.4831291
060750427002006,060750427002,37.7808181,-122.4907003
060750427002005,060750427002,37.7808627,-122.4896269
060750427002004,060750427002,37.7809159,-122.4885526
060750427002003,060750427002,37.7809625,-122.4874843
060750427002002,060750427002,37.7810112,-122.4864148
060750427002001,060750427002,37.781062,-122.4853422
060750427002000,060750427002,37.7811147,-122.4842702
060750426011002,060750426011,37.7811628,-122.4832005
060750427003003,060750427003,37.7826836,-122.4908325
060750478021000,060750478021,37.7806604,-122.493914
060750427003007,060750427003,37.7807178,-122.4928421
060750427003008,060750427003,37.7807686,-122.4917702
060750478021004,060750478021,37.7807657,-122.4976903
060750478021003,060750478021,37.7812098,-122.4977143
060750427003006,060750427003,37.7823106,-122.4928324
060750427003004,060750427003,37.782634,-122.4919052
060750427003005,060750427003,37.7832057,-122.4929716
060750428002009,060750428002,37.7839563,-122.4909149
060759802001002,060759802001,37.7843929,-122.4961392
060750427003002,060750427003,37.7827322,-122.4897605
060750427003001,060750427003,37.7827814,-122.4886873
060750427003000,060750427003,37.7828301,-122.4876184
060750427001003,060750427001,37.7828773,-122.4865512
060750427001004,060750427001,37.7829297,-122.4854799
060750427001005,060750427001,37.7829794,-122.4844065
060750426011001,060750426011,37.7830269,-122.4833361
060750428001009,060750428001,37.7843793,-122.4898848
060750428001010,060750428001,37.78442,-122.488802
060750428001006,060750428001,37.7846809,-122.4877438
060759802001003,060759802001,37.782309,-122.5054942
060759802001001,060759802001,37.7849816,-122.5019506
060750428002008,060750428002,37.7847328,-122.4930597
060750428002006,060750428002,37.7849609,-122.4919602
060750428002007,060750428002,37.7854165,-122.4917373
060750428002014,060750428002,37.7857482,-122.491194
060750427001002,060750427001,37.784741,-122.4866875
060750427001001,060750427001,37.7847892,-122.485618
060750427001000,060750427001,37.7848375,-122.4845437
060750426012004,060750426012,37.7848862,-122.4834732
060750428001007,060750428001,37.7856956,-122.4888628
060750428001008,060750428001,37.7857026,-122.489977
060750428003008,060750428003,37.7863082,-122.4830778
060750428001003,060750428001,37.7865911,-122.4876338
060750428001002,060750428001,37.7866057,-122.4868179
060750428001004,060750428001,37.7866003,-122.4881567
060750476001014,060750476001,37.7803599,-122.4788359
060750476001012,060750476001,37.7804075,-122.4777696
060750476001010,060750476001,37.7804567,-122.4766984
060750426011003,060750426011,37.7812015,-122.4821278
060750426011004,060750426011,37.7812531,-122.4810569
060750426011005,060750426011,37.7813055,-122.4799874
060750426011006,060750426011,37.7813517,-122.4789142
060750426021005,060750426021,37.7814015,-122.4778433
060750426021004,060750426021,37.7814498,-122.4767747
060750426021003,060750426021,37.7814978,-122.4757014
060750426021006,060750426021,37.7816403,-122.4723833
060750402002005,060750402002,37.7816567,-122.4720819
060750426023002,060750426023,37.7834137,-122.474741
060750426023001,060750426023,37.7834634,-122.4736149
060750426023000,060750426023,37.7834985,-122.4728193
060750426023006,060750426023,37.7835149,-122.47252
060750402003005,060750402003,37.7835265,-122.4722181
060750426022002,060750426022,37.7852765,-122.4748757
060750426022001,060750426022,37.7853295,-122.4737511
060750426022000,060750426022,37.7853876,-122.472948
060750402002003,060750402002,37.7817426,-122.470242
060750402002002,060750402002,37.7817924,-122.469169
060750402002001,060750402002,37.7818435,-122.4680987
060750402002000,060750402002,37.7818959,-122.467029
060750402003004,060750402003,37.7835622,-122.4714489
060750402003003,060750402003,37.7836123,-122.4703763
060750402003002,060750402003,37.783662,-122.4693056
060750402003001,060750402003,37.7837109,-122.4682344
060750402003000,060750402003,37.7837596,-122.4671625
060750402004006,060750402004,37.78548,-122.4705119
060750426011000,060750426011,37.7830683,-122.4822634
060750426012007,060750426012,37.7831186,-122.4811916
060750426012006,060750426012,37.7831687,-122.4801205
060750426012005,060750426012,37.783217,-122.4790474
060750426023005,060750426023,37.7832662,-122.4779767
060750426023004,060750426023,37.7833158,-122.4769066
060750426023003,060750426023,37.7833624,-122.4758378
060750426012003,060750426012,37.7849311,-122.4823987
060750426012002,060750426012,37.7849812,-122.4813262
060750426012001,060750426012,37.7850298,-122.4802555
060750426022006,060750426022,37.785375,-122.4726428
060750402004008,060750402004,37.7853732,-122.4723463
060750402004007,060750402004,37.7854299,-122.471583
060750428003003,060750428003,37.7865465,-122.4749464
060750428003002,060750428003,37.7866752,-122.4738273
060750428003001,060750428003,37.7867859,-122.4729445
060750428003000,060750428003,37.786777,-122.4725418
060750402004002,060750402004,37.786775,-122.4718199
060750601001176,060750601001,37.7874205,-122.4740111
060750601001166,060750601001,37.7883251,-122.4742251
060750402004005,060750402004,37.7855286,-122.4694419
060750402004004,060750402004,37.7855767,-122.4683692
060750402004003,060750402004,37.785624,-122.4672968
060750402004001,060750402004,37.7868535,-122.4705884
060750402004000,060750402004,37.7871732,-122.4681839
060750601001158,060750601001,37.7881958,-122.470705
060750601001159,060750601001,37.7889346,-122.4713646
060750601001163,060750601001,37.7913862,-122.4702265
060750601001156,060750601001,37.7919984,-122.4696029
060750601001175,060750601001,37.7940208,-122.4695466
060750601001187,060750601001,37.7883698,-122.4730762
060750601001164,060750601001,37.7886235,-122.4726613
060750601001162,060750601001,37.7889199,-122.4731591
060750601001160,060750601001,37.7892575,-122.4714729
060750601001165,060750601001,37.7899474,-122.4754773
060750601001161,060750601001,37.7919239,-122.4726857
060750601001177,060750601001,37.794424,-122.4741552
060750601001167,060750601001,37.7964032,-122.4736032
060750601001168,060750601001,37.7975262,-122.4725118
060750601001179,060750601001,37.7983952,-122.4714778
060750601001154,060750601001,37.7940049,-122.4690937
060750601001131,060750601001,37.7959231,-122.4669309
060750601001130,060750601001,37.7961619,-122.4682504
060750601001124,060750601001,37.7963691,-122.4695128
060750601001122,060750601001,37.7969619,-122.468787
060750601001125,060750601001,37.7976834,-122.4695047
060750601001123,060750601001,37.7977684,-122.4692451
060750601001147,060750601001,37.7992051,-122.4691199
060750601001126,060750601001,37.7990144,-122.4694778
060750601001128,060750601001,37.8000359,-122.468419
060750601001178,060750601001,37.79798,-122.4705388
060750601001169,060750601001,37.7985474,-122.4747565
060750601001172,060750601001,37.7988289,-122.4742578
060750601001170,060750601001,37.7989732,-122.4746675
060750601001171,060750601001,37.7993662,-122.4743867
060750601001044,060750601001,37.8000178,-122.4714993
060750601001173,060750601001,37.8000457,-122.4745809
060750601001043,060750601001,37.800865,-122.4733119
060750601001028,060750601001,37.8019834,-122.4745811
060750601001032,060750601001,37.8024439,-122.4722142
060750601001127,060750601001,37.8005923,-122.4694358
060750601001129,060750601001,37.8011042,-122.4680206
060750601001045,060750601001,37.8017448,-122.4717368
060750601001033,060750601001,37.8014304,-122.4700105
060750601001047,060750601001,37.80226,-122.4692131
060750601001091,060750601001,37.8024111,-122.4679874
060750601001046,060750601001,37.8028006,-122.4698566
060750601001049,060750601001,37.8029143,-122.4679644
060750601001048,060750601001,37.8031815,-122.4691732
060750601001051,060750601001,37.8033175,-122.467551
060750154005000,060750154005,37.7850906,-122.4552384
060750154004001,060750154004,37.7852901,-122.454127
060750133005004,060750133005,37.7865687,-122.4559616
060750133003005,060750133003,37.7867769,-122.4543218
060750133003004,060750133003,37.7869824,-122.4526754
060750133005003,060750133005,37.787473,-122.456147
060750133004010,060750133004,37.7876821,-122.454504
060750133004009,060750133004,37.7878901,-122.4528582
060750133005000,060750133005,37.7883487,-122.4563267
060750133004007,060750133004,37.7885583,-122.4546816
060750401001004,060750401001,37.7874523,-122.4602561
060750133005001,060750133005,37.7881001,-122.4582502
060750401001000,060750401001,37.7881884,-122.4619005
060750401001001,060750401001,37.7882252,-122.4608965
060750133004006,060750133004,37.7889827,-122.4583713
060750133004005,060750133004,37.7897879,-122.4574916
060750601001143,060750601001,37.7901819,-122.4591359
060750601001146,060750601001,37.7957667,-122.4610644
060750601001145,060750601001,37.7956053,-122.4607428
060750601001120,060750601001,37.797084,-122.4609469
060750402001003,060750402001,37.7857856,-122.4651693
060750401004001,060750401004,37.7858788,-122.4641011
060750401004002,060750401004,37.7859716,-122.4630324
060750402001001,060750402001,37.7874027,-122.4662393
060750402001000,060750402001,37.7875505,-122.4652818
060750401004000,060750401004,37.787682,-122.4642162
060750601001155,060750601001,37.7915394,-122.4651614
060750601001157,060750601001,37.7951225,-122.4653998
060750601001094,060750601001,37.7973356,-122.4644622
060750601001115,060750601001,37.7991087,-122.4638535
060750133004008,060750133004,37.788768,-122.4530352
060750133004004,060750133004,37.7892248,-122.4565034
060750133004003,060750133004,37.7894343,-122.4548584
060750133004002,060750133004,37.789644,-122.4532117
060750133004000,060750133004,37.7902779,-122.4547648
060750133004001,060750133004,37.7904066,-122.4533429
060750133001004,060750133001,37.7906731,-122.45171
060750601001132,060750601001,37.7935856,-122.4554
060750601001141,060750601001,37.7946856,-122.4547491
060750601001138,060750601001,37.7950068,-122.4543167
060750601001149,060750601001,37.7952341,-122.4481578
060750601001135,060750601001,37.7952217,-122.4499024
060750601001139,060750601001,37.7956428,-122.4500925
060750601001153,060750601001,37.7960835,-122.4495405
060750601001152,060750601001,37.7966827,-122.44982
060750601001151,060750601001,37.7971941,-122.4483284
060750601001150,060750601001,37.7971933,-122.4496155
060750601001070,060750601001,37.798366,-122.4505093
060750601001076,060750601001,37.7982163,-122.4508897
060750601001066,060750601001,37.7989882,-122.4482804
060750601001140,060750601001,37.7972969,-122.4585562
060750601001185,060750601001,37.7978366,-122.4571892
060750601001107,060750601001,37.7981225,-122.4581709
060750601001119,060750601001,37.7982401,-122.4604972
060750601001109,060750601001,37.7984659,-122.4588863
060750601001110,060750601001,37.7987396,-122.4596065
060750601001121,060750601001,37.7989091,-122.4606506
060750601001095,060750601001,37.7993036,-122.461827
060750601001111,060750601001,37.7993883,-122.4601435
060750601001108,060750601001,37.7994214,-122.4580387
060750601001133,060750601001,37.7966733,-122.4537218
060750601001181,060750601001,37.7969944,-122.4525443
060750601001180,060750601001,37.797519,-122.4551165
060750601001077,060750601001,37.7975035,-122.4515398
060750601001144,060750601001,37.7984644,-122.4555784
060750601001106,060750601001,37.7991443,-122.4569859
060750601001078,060750601001,37.7995153,-122.4542447
060750601001079,060750601001,37.7997369,-122.4557587
060750601001104,060750601001,37.8002947,-122.4567547
060750601001105,060750601001,37.8006484,-122.4557397
060750601001116,060750601001,37.7997451,-122.4645437
060750601001117,060750601001,37.7998972,-122.4636537
060750601001118,060750601001,37.8001237,-122.4652893
060750601001086,060750601001,37.8004646,-122.4655899
060750601001087,060750601001,37.8004802,-122.4663334
060750601001093,060750601001,37.8012788,-122.4626604
060750601001089,060750601001,37.8013365,-122.4663736
060750601001088,060750601001,37.8016087,-122.465264
060750601001182,060750601001,37.8020525,-122.4632097
060750601001090,060750601001,37.8019965,-122.4664068
060750601001096,060750601001,37.799697,-122.4617697
060750601001112,060750601001,37.7997144,-122.4606308
060750601001098,060750601001,37.80006,-122.4614522
060750601001113,060750601001,37.8002192,-122.4606995
060750601001102,060750601001,37.8005312,-122.4581194
060750601001097,060750601001,37.8005199,-122.4617616
060750601001114,060750601001,37.8007328,-122.4603464
060750601001101,060750601001,37.8008552,-122.4590142
060750601001100,060750601001,37.8010588,-122.4596917
060750601001099,060750601001,37.8010845,-122.4607354
060750601001068,060750601001,37.799582,-122.4502344
060750601001067,060750601001,37.7998463,-122.448693
060750601001069,060750601001,37.8004006,-122.4509663
060750127003008,060750127003,37.8004576,-122.4474892
060750127003005,060750127003,37.8005819,-122.4474178
060750601001071,060750601001,37.801259,-122.4502792
060750601001074,060750601001,37.8014853,-122.4511107
060750601001064,060750601001,37.8015542,-122.4501651
060750601001075,060750601001,37.8018023,-122.4509703
060750601001063,060750601001,37.8023198,-122.450407
060750428001001,060750428001,37.7866542,-122.4857486
060750428001000,060750428001,37.7867099,-122.4846712
060750428002004,060750428002,37.7870304,-122.4897093
060750428001005,060750428001,37.7869003,-122.4890982
060750428002013,060750428002,37.7879058,-122.4870337
060750428002012,060750428002,37.7879514,-122.4858488
060750428002003,060750428002,37.7880433,-122.4885865
060750428002010,060750428002,37.7881627,-122.4846092
060750428002002,060750428002,37.7884496,-122.4872253
060750428002001,060750428002,37.7881754,-122.4896926
060750426012000,060750426012,37.7850782,-122.4791825
060750426022005,060750426022,37.7851268,-122.4781115
060750426022004,060750426022,37.7851748,-122.4770413
060750426022003,060750426022,37.7852255,-122.4759716
060750428003005,060750428003,37.78645,-122.4771413
060750428003006,060750428003,37.7864398,-122.4787657
060750428003004,060750428003,37.7864717,-122.4760722
060750428003007,060750428003,37.7867668,-122.4818692
060750601001024,060750601001,37.7907004,-122.4818563
060750601001022,060750601001,37.7921542,-122.4780645
060750428002011,060750428002,37.7886394,-122.4857845
060750601001183,060750601001,37.7893098,-122.4833399
060750428002005,060750428002,37.7894126,-122.4848938
060750601001021,060750601001,37.7925291,-122.4798874
060750601001020,060750601001,37.7912073,-122.4783605
060750601001023,060750601001,37.7935081,-122.4793112
060750601001025,060750601001,37.7986383,-122.4768041
060750601001012,060750601001,37.7995446,-122.4781875
060750601001027,060750601001,37.79991,-122.4761253
060750601001026,060750601001,37.8001702,-122.4775006
060750601001011,060750601001,37.7991411,-122.4801038
060750601001013,060750601001,37.8016542,-122.476462
060750601001103,060750601001,37.8007748,-122.4570224
060750601001184,060750601001,37.8008637,-122.452377
060750601001080,060750601001,37.8017605,-122.4552714
060750601001072,060750601001,37.8019967,-122.4530797
060750601001084,060750601001,37.8022888,-122.4558784
060750601001073,060750601001,37.8028125,-122.4537718
060750601001085,060750601001,37.8030179,-122.4561239
060750601001065,060750601001,37.8033965,-122.4535583
060750601001057,060750601001,37.8035167,-122.45324
060750601001054,060750601001,37.8035093,-122.4549412
060750601001082,060750601001,37.8021079,-122.4578328
060750601001083,060750601001,37.8018948,-122.4634303
060750601001081,060750601001,37.8025673,-122.455697
060750601001052,060750601001,37.802929,-122.460966
060750601001056,060750601001,37.8035668,-122.4534129
060750601001055,060750601001,37.8037829,-122.4535627
060750601001003,060750601001,37.8040971,-122.453839
060750601001006,060750601001,37.8055636,-122.4521275
060750601001092,060750601001,37.8023631,-122.4662299
060750601001053,060750601001,37.8025206,-122.4661915
060750601001002,060750601001,37.8050675,-122.4554623
060750601001042,060750601001,37.8024005,-122.4733523
060750601001035,060750601001,37.8030818,-122.4715285
060750601001031,060750601001,37.8038568,-122.4725291
060750601001030,060750601001,37.8041262,-122.4753272
060750601001034,060750601001,37.8043384,-122.4741404
060750601001036,060750601001,37.8062063,-122.474401
060750601001038,060750601001,37.8038154,-122.4692903
060750601001029,060750601001,37.8052846,-122.4756814
060750601001040,060750601001,37.805622,-122.4723394
060750601001041,060750601001,37.8063727,-122.472069
060750601001050,060750601001,37.8035696,-122.468585
060750601001037,060750601001,37.803974,-122.4709527
060750601001039,060750601001,37.8052448,-122.4706286
060750601001008,060750601001,37.8054705,-122.4693026
060750601001014,060750601001,37.8028074,-122.475905
060750601001015,060750601001,37.803449,-122.4757241
060750601001010,060750601001,37.8071259,-122.4754253
060750601001186,060750601001,37.8067383,-122.4747528
060750601001019,060750601001,37.8067451,-122.4740965
060750601001018,060750601001,37.8073372,-122.4749081
060750601001007,060750601001,37.8080837,-122.4737347
060750161004000,060750161004,37.7817426,-122.4281784
060750161001000,060750161001,37.7817969,-122.4256559
060750159001010,060750159001,37.782185,-122.4282644
060750159001011,060750159001,37.7827297,-122.4258476
060750159001007,060750159001,37.7840449,-122.4282102
060750159001002,060750159001,37.7840258,-122.4258334
060750159001001,060750159001,37.7844938,-122.4271078
060750159001008,060750159001,37.784863,-122.4287626
060750159001000,060750159001,37.7851624,-122.4263659
060750155001005,060750155001,37.785621,-122.4264274
060750160001009,060750160001,37.7821088,-122.4231921
060750160001006,060750160001,37.782812,-122.4233304
060750160001003,060750160001,37.7832784,-122.423424
060750160001001,060750160001,37.783968,-122.4235729
060750160001002,060750160001,37.784749,-122.42406
060750151002009,060750151002,37.7850765,-122.4234941
060750151002005,060750151002,37.7857635,-122.423639
060750151002006,060750151002,37.785972,-122.4243022
060750151002003,060750151002,37.7860422,-122.422343
060750151002002,060750151002,37.7867335,-122.4224873
060750122021011,060750122021,37.7842874,-122.4210967
060750160001000,060750160001,37.784416,-122.4220012
060750122021010,060750122021,37.7846322,-122.4202911
060750151002008,060750151002,37.7848796,-122.4220912
060750122021007,060750122021,37.785096,-122.4203824
060750122021006,060750122021,37.785222,-122.421288
060750151002007,060750151002,37.7853479,-122.422194
060750122021005,060750122021,37.785564,-122.4204843
060750122021002,060750122021,37.7860273,-122.4205616
060750151002004,060750151002,37.7861507,-122.4214756
060750124023000,060750124023,37.7839027,-122.4184918
060750122021013,060750122021,37.7843689,-122.4185821
060750122012001,060750122012,37.7848071,-122.4169858
060750122021009,060750122021,37.7848344,-122.418678
060750122021008,060750122021,37.7853005,-122.4187703
060750122011002,060750122011,37.7857384,-122.4171744
060750122021004,060750122021,37.7857674,-122.4188661
060750122011003,060750122011,37.7859473,-122.4155327
060750122021003,060750122021,37.7862298,-122.4189602
060750122011001,060750122011,37.7866733,-122.4173619
060750122021001,060750122021,37.7864971,-122.4206559
060750122021000,060750122021,37.7866979,-122.419052
060750120002005,060750120002,37.7869549,-122.4207492
060750120002004,060750120002,37.787081,-122.4216637
060750120002006,060750120002,37.7871581,-122.4191468
060750120002003,060750120002,37.787422,-122.4208426
060750120002002,060750120002,37.7876225,-122.4192408
060750120001005,060750120001,37.78789,-122.4209378
060750120001004,060750120001,37.788019,-122.4218532
060750120001006,060750120001,37.7880945,-122.4193375
060750151002001,060750151002,37.7867668,-122.4241302
060750151002000,060750151002,37.7872031,-122.422579
060750151001009,060750151001,37.7874677,-122.4242728
060750151001008,060750151001,37.7876693,-122.4226737
060750151001006,060750151001,37.7879381,-122.4243669
060750151001007,060750151001,37.7881428,-122.4227693
060750151001005,060750151001,37.788408,-122.4244625
060750151001004,060750151001,37.7886108,-122.422864
060750151001002,060750151001,37.7888699,-122.4245563
060750151001003,060750151001,37.7890747,-122.4229581
060750120001003,060750120001,37.7883637,-122.4210337
060750120001002,060750120001,37.7885661,-122.4194324
060750111003005,060750111003,37.788832,-122.4211286
060750111003004,060750111003,37.788951,-122.4220418
060750111003006,060750111003,37.7890375,-122.4195285
060750111003003,060750111003,37.7892954,-122.4212227
060750111003002,060750111003,37.7894977,-122.419622
060750111002006,060750111002,37.7898855,-122.4222312
060750111002005,060750111002,37.790001,-122.4213657
060750111002004,060750111002,37.790204,-122.4197648
060750151001001,060750151001,37.7895775,-122.4246987
060750151001000,060750151001,37.7897808,-122.4231005
060750131021004,060750131021,37.7905167,-122.4248886
060750131021005,060750131021,37.7907189,-122.4232905
060750111001007,060750111001,37.7908347,-122.4224233
060750131012005,060750131012,37.7914192,-122.4250708
060750131012004,060750131012,37.7916218,-122.4234732
060750111001004,060750111001,37.7917318,-122.4226045
060750131012002,060750131012,37.7922992,-122.4252492
060750131012003,060750131012,37.7925019,-122.4236519
060750111002000,060750111002,37.7915583,-122.4166682
060750111001001,060750111001,37.792256,-122.4184928
060750111001000,060750111001,37.7924686,-122.4168477
060750110003001,060750110003,37.7931373,-122.4186681
060750110003000,060750110003,37.7933484,-122.4170253
060750112002004,060750112002,37.7935219,-122.415667
060750110002005,060750110002,37.7940178,-122.4188455
060750110002006,060750110002,37.79423,-122.4172028
060750108003005,060750108003,37.7944404,-122.4155604
060750110002001,060750110002,37.79491,-122.4190248
060750111001006,060750111001,37.7909386,-122.4215559
060750111001005,060750111001,37.7911414,-122.4199548
060750111001003,060750111001,37.7918415,-122.421738
060750111001002,060750111001,37.792044,-122.4201373
060750110003006,060750110003,37.7927222,-122.4219166
060750110003002,060750110003,37.7929252,-122.4203162
060750110003004,060750110003,37.7936028,-122.4220928
060750110003003,060750110003,37.7938058,-122.4204914
060750110002002,060750110002,37.7946906,-122.4206687
060750110001007,060750110001,37.7955669,-122.420858
060750152003002,060750152003,37.7883235,-122.4345665
060750152002003,060750152002,37.7884805,-122.433333
060750135002004,060750135002,37.7892672,-122.4347566
060750135002005,060750135002,37.7894757,-122.4331126
060750135002003,060750135002,37.7901698,-122.4349378
060750135002002,060750135002,37.7903781,-122.4332939
060750135001004,060750135001,37.791047,-122.4351145
060750135001005,060750135001,37.7912557,-122.4334714
060750135001003,060750135001,37.7919275,-122.435292
060750135001002,060750135001,37.792136,-122.433649
060750135002006,060750135002,37.7896838,-122.4314677
060750135002007,060750135002,37.7898921,-122.4298217
060750135002000,060750135002,37.790795,-122.4300029
060750135002001,060750135002,37.791026,-122.4317384
060750135001006,060750135001,37.7916735,-122.4301808
060750135001001,060750135001,37.7923446,-122.4320033
060750135001000,060750135001,37.7925527,-122.4303566
060750132001007,060750132001,37.793223,-122.4321782
060750132001006,060750132001,37.7934331,-122.4305352
060750132001004,060750132001,37.7941207,-122.4323611
060750131021003,060750131021,37.790309,-122.4265318
060750131021002,060750131021,37.7915461,-122.4276243
060750131021001,060750131021,37.7927617,-122.4287146
060750131021000,060750131021,37.7929708,-122.4270696
060750131012001,060750131012,37.7931796,-122.4254258
060750131022005,060750131022,37.7936424,-122.4288927
060750131022004,060750131022,37.7938522,-122.4272475
060750131011005,060750131011,37.794062,-122.4256038
060750131022002,060750131022,37.7945413,-122.4290739
060750131022003,060750131022,37.7947513,-122.4274292
060750132002006,060750132002,37.7928048,-122.4354691
060750132001008,060750132001,37.7930147,-122.4338235
060750132002003,060750132002,37.793702,-122.4356506
060750132001003,060750132001,37.7939111,-122.4340042
060750132002000,060750132002,37.7946415,-122.4358398
060750132001002,060750132001,37.7948503,-122.4341934
060750130004005,060750130004,37.7955872,-122.4360316
060750130004004,060750130004,37.7957965,-122.4343855
060750130004002,060750130004,37.7965188,-122.4362199
060750130004003,060750130004,37.796728,-122.4345742
060750132001005,060750132001,37.7943308,-122.4307189
060750132001001,060750132001,37.7950592,-122.4325513
060750132001000,060750132001,37.7952692,-122.4309085
060750131022001,060750131022,37.7954792,-122.4292637
060750130003005,060750130003,37.7960053,-122.4327429
060750130003004,060750130003,37.7962138,-122.4310998
060750130002005,060750130002,37.7964228,-122.4294541
060750130003003,060750130003,37.7971451,-122.4312873
060750130002002,060750130002,37.797354,-122.4296422
060750130003000,060750130003,37.7980775,-122.4314758
060750130003002,060750130003,37.7969368,-122.4329311
060750130004000,060750130004,37.7976595,-122.4347627
060750130003001,060750130003,37.7978685,-122.43312
060750129023013,060750129023,37.7983585,-122.434904
060750129023014,060750129023,37.7985675,-122.4332615
060750129023012,060750129023,37.798824,-122.434998
060750129023011,060750129023,37.799033,-122.4333555
060750129023009,060750129023,37.79929,-122.4350925
060750129023010,060750129023,37.799499,-122.4334498
060750129023006,060750129023,37.7997067,-122.4351773
060750128001015,060750128001,37.7972408,-122.4380529
060750130004001,060750130004,37.79745,-122.436408
060750128001012,060750128001,37.7981492,-122.4365493
060750128001009,060750128001,37.7981723,-122.4382408
060750128001010,060750128001,37.7986148,-122.4366427
060750128001011,060750128001,37.7990805,-122.4367375
060750128001005,060750128001,37.7990548,-122.4384198
060750128001006,060750128001,37.7994976,-122.4368225
060750128001013,060750128001,37.7995295,-122.4385166
060750128001007,060750128001,37.7997385,-122.4368705
060750130002001,060750130002,37.7982868,-122.4298304
060750129021004,060750129021,37.799009,-122.431664
060750129021003,060750129021,37.7992182,-122.4300187
060750129021005,060750129021,37.7998908,-122.431842
060750129022006,060750129022,37.8000997,-122.4301969
060750129021006,060750129021,37.8003646,-122.4319375
060750129022005,060750129022,37.8005735,-122.430293
060750129022004,060750129022,37.8006502,-122.4319947
060750129022002,060750129022,37.8010902,-122.4303969
060750129022003,060750129022,37.8011095,-122.4320887
060750129023007,060750129023,37.7999155,-122.4335341
060750129023005,060750129023,37.7999474,-122.4352247
060750129023008,060750129023,37.800156,-122.4335825
060750129023003,060750129023,37.8004407,-122.4336394
060750129023004,060750129023,37.800464,-122.435331
060750129023002,060750129023,37.8008994,-122.4337336
060750129023000,060750129023,37.802046,-122.4339467
060750126022011,060750126022,37.8032308,-122.4358914
060750126022012,060750126022,37.8034402,-122.4342486
060750126022009,060750126022,37.8041835,-122.4360832
060750129022001,060750129022,37.8020144,-122.430583
060750129022000,060750129022,37.8029369,-122.4307627
060750126022013,060750126022,37.8036506,-122.4326013
060750126022007,060750126022,37.8046269,-122.4327994
060750133001007,060750133001,37.7902751,-122.4482583
060750133001002,060750133001,37.7909279,-122.4500849
060750133001001,060750133001,37.7911555,-122.4484342
060750133001003,060750133001,37.7912686,-122.4509491
060750601001174,060750601001,37.7921703,-122.4482887
060750601001142,060750601001,37.7934218,-122.4504191
060750601001134,060750601001,37.793455,-122.4505845
060750601001137,060750601001,37.7945113,-122.4515339
060750601001136,060750601001,37.7945134,-122.4510138
060750601001148,060750601001,37.7947243,-122.4474915
060750132003019,060750132003,37.7923866,-122.4387566
060750132002005,060750132002,37.7925952,-122.4371131
060750132003010,060750132003,37.7932869,-122.4389378
060750132002004,060750132002,37.793493,-122.4372951
060750132003009,060750132003,37.7942259,-122.439126
060750132002001,060750132002,37.7944328,-122.4374845
060750132003000,060750132003,37.7951697,-122.4393181
060750132002002,060750132002,37.7953782,-122.4376761
060750128001017,060750128001,37.7961013,-122.4395064
060750128001016,060750128001,37.7963098,-122.4378644
060750128002006,060750128002,37.7956785,-122.4428315
060750128002007,060750128002,37.795891,-122.441162
060750128002001,060750128002,37.7966087,-122.4430201
060750128002000,060750128002,37.7968213,-122.4413501
060750128001014,060750128001,37.797032,-122.4396947
060750128003001,060750128003,37.7975402,-122.4432086
060750128003000,060750128003,37.7977528,-122.4415389
060750128001008,060750128001,37.7979635,-122.439883
060750128004007,060750128004,37.7986395,-122.4417179
060750128001004,060750128001,37.7988459,-122.4400617
060750128002002,060750128002,37.7963977,-122.4446796
060750128003008,060750128003,37.7971333,-122.4463886
060750128003004,060750128003,37.7973292,-122.444868
060750128003007,060750128003,37.7980699,-122.4465548
060750128003005,060750128003,37.7982546,-122.4450662
060750128003002,060750128003,37.7984272,-122.4433888
060750128003006,060750128003,37.7987948,-122.4445714
060750128003003,060750128003,37.7988968,-122.4434856
060750128004005,060750128004,37.7990048,-122.4467306
060750128004004,060750128004,37.7990099,-122.4456789
060750128004003,060750128004,37.7991835,-122.4453963
060750128004002,060750128004,37.799338,-122.4449314
060750128004001,060750128004,37.7994082,-122.4435869
060750127003007,060750127003,37.7998351,-122.4470176
060750127003006,060750127003,37.7999882,-122.4465527
060750127003002,060750127003,37.8001363,-122.4454169
060750127003003,060750127003,37.8002341,-122.4465416
060750127003001,060750127003,37.8003367,-122.4437754
060750127002003,060750127002,37.8010561,-122.4456188
060750127003004,060750127003,37.8011032,-122.4470618
060750128004006,060750128004,37.7991073,-122.4418193
060750128001003,060750128001,37.7993212,-122.4401565
060750128004000,060750128004,37.7996196,-122.4419171
060750128001002,060750128001,37.7998373,-122.4402618
060750127003000,060750127003,37.8005506,-122.4421056
060750126011012,060750126011,37.8007227,-122.4408366
060750126011011,060750126011,37.8008844,-122.4399904
060750127002005,060750127002,37.8014802,-122.442297
060750126011005,060750126011,37.8018818,-122.4410804
060750126011006,060750126011,37.8020385,-122.4402424
060750128001001,060750128001,37.8000455,-122.4386182
060750128001000,060750128001,37.800254,-122.436975
060750126011010,060750126011,37.8009336,-122.4383664
060750129023001,060750129023,37.8017222,-122.4364835
060750126011008,060750126011,37.8017084,-122.4385314
060750126011009,060750126011,37.8018572,-122.4370971
060750126011007,060750126011,37.8023424,-122.4391262
060750126022014,060750126022,37.8031233,-122.4367926
060750126011001,060750126011,37.803282,-122.4384969
060750126011002,060750126011,37.8033567,-122.4396018
060750601001062,060750601001,37.80333,-122.4508599
060750601001061,060750601001,37.8031247,-122.4497404
060750127001017,060750127001,37.8028832,-122.4482592
060750601001058,060750601001,37.8040874,-122.4503471
060750601001060,060750601001,37.8043431,-122.4512619
060750601001009,060750601001,37.8040255,-122.4517945
060750601001059,060750601001,37.8045535,-122.4497736
060750127001010,060750127001,37.8045708,-122.44768
060750127001009,060750127001,37.8049793,-122.4481685
060750127001008,060750127001,37.8049845,-122.4478933
060750127002004,060750127002,37.801267,-122.4439638
060750127002002,060750127002,37.8019898,-122.4458079
060750127002001,060750127002,37.8021999,-122.4441529
060750127001018,060750127001,37.802923,-122.4459962
060750127001019,060750127001,37.8031335,-122.4443422
060750127001016,060750127001,37.803855,-122.4461842
060750127001015,060750127001,37.8040655,-122.444531
060750127001011,060750127001,37.8047792,-122.4463701
060750127001012,060750127001,37.8049898,-122.4447181
060750127001021,060750127001,37.8052626,-122.446481
060750127002000,060750127002,37.8024115,-122.4424875
060750126011004,060750126011,37.8031825,-122.4413433
060750126011003,060750126011,37.8032911,-122.4404878
060750127001020,060750127001,37.8033454,-122.4426776
060750126021017,060750126021,37.8042065,-122.4415501
060750127001014,060750127001,37.8042777,-122.4428652
060750126021018,060750126021,37.8042867,-122.4404452
060750126021020,060750126021,37.8047846,-122.4408002
060750126021016,060750126021,37.8050331,-122.4416821
060750127001013,060750127001,37.805206,-122.4430463
060750110003007,060750110003,37.7926125,-122.422783
060750131012000,060750131012,37.7933821,-122.4238288
060750110003005,060750110003,37.7934921,-122.4229602
060750131011004,060750131011,37.7942654,-122.424006
060750110002004,060750110002,37.794376,-122.423138
060750110002003,060750110002,37.7944866,-122.42227
060750131011003,060750131011,37.7951664,-122.4241875
060750110001010,060750110001,37.7952722,-122.423319
060750110001009,060750110001,37.7953876,-122.4224529
060750131011000,060750131011,37.7961026,-122.4243768
060750110001005,060750110001,37.7957777,-122.4195317
060750110001008,060750110001,37.7960368,-122.4209314
060750110001006,060750110001,37.7962547,-122.4193241
060750109002003,060750109002,37.7965361,-122.4210349
060750109002004,060750109002,37.796771,-122.4193959
060750109002002,060750109002,37.7974669,-122.4212319
060750109002001,060750109002,37.7976922,-122.4195906
060750109003004,060750109003,37.7983978,-122.4214186
060750109001006,060750109001,37.7984124,-122.4202637
060750109001005,060750109001,37.7984303,-122.4194228
060750131011002,060750131011,37.7949621,-122.4257855
060750131022000,060750131022,37.7956888,-122.4276188
060750131011001,060750131011,37.7958989,-122.4259751
060750130002004,060750130002,37.7966317,-122.4278091
060750130001005,060750130001,37.7968402,-122.4261651
060750130002003,060750130002,37.7975631,-122.4279967
060750130001002,060750130001,37.7977718,-122.4263529
060750130002000,060750130002,37.7984962,-122.4281856
060750130001001,060750130001,37.7987055,-122.4265415
060750129021002,060750129021,37.7994275,-122.4283735
060750109003009,060750109003,37.7962171,-122.4235103
060750109003008,060750109003,37.7963237,-122.4226412
060750130001004,060750130001,37.7970427,-122.4245674
060750109003007,060750109003,37.7971525,-122.423699
060750109003006,060750109003,37.7972641,-122.422831
060750130001003,060750130001,37.797974,-122.4247555
060750109003005,060750109003,37.7980845,-122.4238875
060750109003003,060750109003,37.7981949,-122.4230188
060750130001000,060750130001,37.7989083,-122.4249439
060750109003002,060750109003,37.7990181,-122.4240762
060750108002007,060750108002,37.7966514,-122.4159963
060750109002005,060750109002,37.7969703,-122.4177571
060750108001004,060750108001,37.7969409,-122.4160638
060750108001003,060750108001,37.7974131,-122.4161612
060750109002000,060750109002,37.7979029,-122.4179451
060750108001002,060750108001,37.7981107,-122.416301
060750103003005,060750103003,37.7988113,-122.4164421
060750109001004,060750109001,37.798837,-122.4181319
060750103003006,060750103003,37.7992797,-122.4165373
060750109001000,060750109001,37.7997706,-122.4183145
060750109003001,060750109003,37.7991292,-122.4232078
060750129021000,060750129021,37.7998396,-122.4251321
060750102002010,060750102002,37.7999507,-122.4242649
060750102002009,060750102002,37.8000603,-122.4233958
060750129011006,060750129011,37.8007194,-122.4253111
060750102002008,060750102002,37.8008602,-122.4244488
060750102002007,060750102002,37.8009912,-122.4235835
060750129011007,060750129011,37.8011965,-122.4253833
060750102002006,060750102002,37.8018023,-122.4246368
060750102002005,060750102002,37.8019232,-122.4237726
060750109001002,060750109001,37.798881,-122.4203571
060750109001003,060750109001,37.7988975,-122.4195189
060750109001007,060750109001,37.799275,-122.4195948
060750109003000,060750109003,37.799332,-122.4216084
060750109001001,060750109001,37.7996297,-122.4200522
060750102002002,060750102002,37.8002639,-122.4217959
060750102002001,060750102002,37.8004935,-122.4201539
060750102002003,060750102002,37.8011929,-122.4219852
060750102001019,060750102001,37.8014264,-122.4203426
060750102002004,060750102002,37.802125,-122.4221746
060750129021001,060750129021,37.7996365,-122.4267293
060750129011004,060750129011,37.8003088,-122.428552
060750129011005,060750129011,37.8005175,-122.4269072
060750129011003,060750129011,37.8007824,-122.4286475
060750129011008,060750129011,37.8009914,-122.4270012
060750129011002,060750129011,37.8012991,-122.428752
060750129011001,060750129011,37.8015081,-122.4271068
060750129011000,060750129011,37.8017111,-122.4255089
060750129012003,060750129012,37.8022227,-122.4289386
060750129012004,060750129012,37.8024309,-122.4272938
060750103003007,060750103003,37.7999805,-122.4166694
060750102002000,060750102002,37.8007002,-122.4185107
060750103002003,060750103002,37.8009102,-122.4168649
060750102001020,060750102001,37.8016321,-122.4187014
060750103001013,060750103001,37.8018389,-122.4170553
060750102001017,060750102001,37.8025623,-122.418881
060750103001006,060750103001,37.8027737,-122.4172375
060750103001007,060750103001,37.8029797,-122.4156003
060750103001009,060750103001,37.8036469,-122.4158574
060750103001003,060750103001,37.8037058,-122.4174156
060750102001018,060750102001,37.8023534,-122.4205302
060750102001015,060750102001,37.8033502,-122.4207491
060750102001016,060750102001,37.8035039,-122.419088
060750102001013,060750102001,37.8044253,-122.4192301
060750102001014,060750102001,37.8043991,-122.4209429
060750102001011,060750102001,37.805143,-122.4210927
060750102001012,060750102001,37.8053605,-122.4194487
060750102001010,060750102001,37.8060776,-122.4212831
060750102001008,060750102001,37.8062409,-122.4197258
060750102001009,060750102001,37.806628,-122.419089
060750126011000,060750126011,37.803728,-122.4377256
060750126022010,060750126022,37.803981,-122.4369685
060750126021019,060750126021,37.8046943,-122.439376
060750126021014,060750126021,37.8049177,-122.4371594
060750126021015,060750126021,37.8051163,-122.4362754
060750126021012,060750126021,37.8050469,-122.4376796
060750126021011,060750126021,37.8053612,-122.4392732
060750126021007,060750126021,37.8058683,-122.4385107
060750126021013,060750126021,37.8058613,-122.4373504
060750126021006,060750126021,37.8059867,-122.4365176
060750126021010,060750126021,37.8055577,-122.4409909
060750127001004,060750127001,37.8056907,-122.4431218
060750126021009,060750126021,37.8059402,-122.4410685
060750127001005,060750127001,37.8062945,-122.4422117
060750601001005,060750601001,37.8057135,-122.4511874
060750127001007,060750127001,37.8057189,-122.4479751
060750601001004,060750601001,37.8058701,-122.450046
060750127001001,060750127001,37.8069403,-122.4477145
060750127001003,060750127001,37.8054727,-122.4448162
060750127001006,060750127001,37.8069699,-122.4464719
060750127001002,060750127001,37.8054606,-122.4455955
060750129012005,060750129012,37.8026332,-122.4256942
060750129012002,060750129012,37.8031548,-122.4291274
060750129012001,060750129012,37.8033631,-122.4274825
060750129012000,060750129012,37.803566,-122.4258827
060750126022015,060750126022,37.8043194,-122.4276871
060750126022003,060750126022,37.8042105,-122.428402
060750126022002,060750126022,37.8046436,-122.4265172
060750126022016,060750126022,37.8047913,-122.4262798
060750126022004,060750126022,37.804869,-122.4270922
060750126022006,060750126022,37.8049931,-122.4261596
060750126021008,060750126021,37.8062421,-122.4387112
060750126021003,060750126021,37.806474,-122.4370075
060750126021002,060750126021,37.8065964,-122.439024
060750126021001,060750126021,37.806476,-122.4356807
060750126022005,060750126022,37.8052322,-122.4276841
060750126022001,060750126022,37.8063886,-122.4277173
060750126022000,060750126022,37.8060882,-122.4292278
060750102001003,060750102001,37.8106454,-122.4245951
060750126022008,060750126022,37.8043991,-122.4344361
060750126021005,060750126021,37.805275,-122.4349374
060750126021004,060750126021,37.805583,-122.4347027
060750102003009,060750102003,37.8027452,-122.4248256
060750102003008,060750102003,37.8028532,-122.4239575
060750102003007,060750102003,37.8030475,-122.4223579
060750102003006,060750102003,37.8036758,-122.4250142
060750102003005,060750102003,37.8037858,-122.4241465
060750102003004,060750102003,37.8039921,-122.4225651
060750102003010,060750102003,37.804612,-122.425204
060750102003002,060750102003,37.8047224,-122.4243363
060750102003003,060750102003,37.8049258,-122.4227357
060750102003000,060750102003,37.8058607,-122.4229252
060750101001023,060750101001,37.8067083,-122.4163464
060750101001007,060750101001,37.8074377,-122.4181751
060750101001006,060750101001,37.8076439,-122.4165315
060750101001005,060750101001,37.8083548,-122.4185635
060750102003001,060750102003,37.805844,-122.4247841
060750102001005,060750102001,37.8068821,-122.4220812
060750102001004,060750102001,37.8066715,-122.4250569
060750102001006,060750102001,37.8072289,-122.4198232
060750102001007,060750102001,37.8080609,-122.4200507
060750102001001,060750102001,37.8082415,-122.4213054
060750176015002,060750176015,37.7827786,-122.4095971
060750125011000,060750125011,37.7829287,-122.410051
060750176015003,060750176015,37.7832431,-122.408935
060750125022000,060750125022,37.7835728,-122.4116811
060750125012003,060750125012,37.7837774,-122.4100269
060750125021000,060750125021,37.7845036,-122.4118669
060750125012002,060750125012,37.7847117,-122.4102247
060750125012001,060750125012,37.7848695,-122.4089921
060750123011004,060750123011,37.7856393,-122.4104119
060750123011002,060750123011,37.7857823,-122.4092041
060750123021001,060750123021,37.7861553,-122.4138884
060750123022004,060750123022,37.786312,-122.4126546
060750123021000,060750123021,37.7870917,-122.4140788
060750123022003,060750123022,37.787249,-122.4128465
060750121001006,060750121001,37.78785,-122.4130746
060750121001005,060750121001,37.7879139,-122.4125704
060750121001004,060750121001,37.7879797,-122.4120509
060750121001002,060750121001,37.7880261,-122.4142689
060750121001003,060750121001,37.7883833,-122.412649
060750121001001,060750121001,37.7889588,-122.4144567
060750123022005,060750123022,37.7864162,-122.4118324
060750123011003,060750123011,37.7864529,-122.4095522
060750123011001,060750123011,37.786572,-122.4105994
060750123011000,060750123011,37.7868179,-122.4088858
060750123022002,060750123022,37.7873539,-122.4120224
060750123022001,060750123022,37.7875107,-122.4107876
060750123022000,060750123022,37.787721,-122.4091406
060750121002002,060750121002,37.7884446,-122.4109706
060750121002003,060750121002,37.7886539,-122.4093239
060750121002001,060750121002,37.7893787,-122.4111588
060750122011000,060750122011,37.7868823,-122.4157227
060750120002001,060750120002,37.7876074,-122.4175502
060750120002000,060750120002,37.7878161,-122.4159114
060750120001001,060750120001,37.7885408,-122.4177429
060750120001000,060750120001,37.7887491,-122.4161003
060750111003001,060750111003,37.789474,-122.417928
060750111003000,060750111003,37.7896822,-122.4162884
060750111002002,060750111002,37.7904085,-122.418123
060750111002003,060750111002,37.7906198,-122.4164727
060750111002001,060750111002,37.7913477,-122.4183028
060750121001000,060750121001,37.7891686,-122.4128075
060750119012001,060750119012,37.7898916,-122.4146438
060750119012000,060750119012,37.7901012,-122.4129965
060750119011001,060750119011,37.7908348,-122.4148328
060750119011000,060750119011,37.7910446,-122.4131873
060750112003005,060750112003,37.7917745,-122.4150216
060750112003004,060750112003,37.7919843,-122.413378
060750112003003,060750112003,37.7921376,-122.4121807
060750112002005,060750112002,37.7926677,-122.4135163
060750112002003,060750112002,37.7926783,-122.4152032
060750121002000,060750121002,37.7895882,-122.4095141
060750119021003,060750119021,37.790311,-122.41135
060750119021002,060750119021,37.7905202,-122.4097048
060750119022003,060750119022,37.7912539,-122.411542
060750119022002,060750119022,37.791462,-122.409897
060750112003002,060750112003,37.7922416,-122.4113591
060750112003001,060750112003,37.7924029,-122.410089
060750113002004,060750113002,37.7925576,-122.4088575
060750112002000,060750112002,37.7931436,-122.411558
060750112003000,060750112003,37.7933063,-122.4102762
060750112002001,060750112002,37.7930385,-122.4123794
060750112002002,060750112002,37.7931077,-122.4136046
060750112001005,060750112001,37.7936274,-122.4148444
060750112001004,060750112001,37.7937713,-122.413739
060750112001003,060750112001,37.793981,-122.4120989
060750108003003,060750108003,37.7946542,-122.4139183
060750108003004,060750108003,37.7948638,-122.4122756
060750108003002,060750108003,37.7955366,-122.4140968
060750108003001,060750108003,37.7956959,-122.4128488
060750108002010,060750108002,37.7961997,-122.4142303
060750113002003,060750113002,37.793464,-122.4090445
060750112001002,060750112001,37.7941368,-122.4108611
060750112001001,060750112001,37.7942205,-122.4102169
060750112001000,060750112001,37.7942695,-122.4098088
060750113001004,060750113001,37.7950717,-122.410632
060750113001005,060750113001,37.7952113,-122.4095322
060750113001006,060750113001,37.7952643,-122.4091213
060750113001003,060750113001,37.7957335,-122.4107648
060750108003000,060750108003,37.7957986,-122.412025
060750113001001,060750113001,37.7961073,-122.4095754
060750118001002,060750118001,37.7937201,-122.4069807
060750118001001,060750118001,37.7937895,-122.4064748
060750113002001,060750113002,37.7943978,-122.408812
060750611002008,060750611002,37.794537,-122.4076899
060750611002007,060750611002,37.794609,-122.4071506
060750611002006,060750611002,37.794672,-122.406651
060750113002000,060750113002,37.7953317,-122.4085769
060750611002003,060750611002,37.7954347,-122.407758
060750611002002,060750611002,37.7955339,-122.4069565
060750113001000,060750113001,37.7962114,-122.4087526
060750110002000,060750110002,37.7951196,-122.4173835
060750108002011,060750108002,37.7953279,-122.4157399
060750110001011,060750110001,37.7956941,-122.4174973
060750110001004,060750110001,37.7957762,-122.418773
060750108002009,060750108002,37.7959935,-122.4158732
060750110001003,060750110001,37.7960684,-122.4175476
060750110001002,060750110001,37.7963187,-122.4177734
060750108002008,060750108002,37.7964066,-122.415958
060750110001001,060750110001,37.7964349,-122.4178079
060750110001000,060750110001,37.7965275,-122.4170048
060750117001018,060750117001,37.7919915,-122.4056977
060750117001017,060750117001,37.7920876,-122.4049378
060750118001005,060750118001,37.7930087,-122.4052748
060750117001007,060750117001,37.7931427,-122.4042188
060750118001006,060750118001,37.7936995,-122.4054169
060750611001024,060750611001,37.7938957,-122.4038383
060750118001000,060750118001,37.7941426,-122.4055081
060750611001016,060750611001,37.7943396,-122.4039175
060750611002005,060750611002,37.7947426,-122.4060722
060750611001015,060750611001,37.7947609,-122.4040102
060750117001003,060750117001,37.7938396,-122.4006874
060750611001023,060750611001,37.7940474,-122.4026068
060750611001022,060750611001,37.7941532,-122.4017858
060750611001021,060750611001,37.7942808,-122.4007765
060750611001017,060750611001,37.7944916,-122.4027051
060750611001018,060750611001,37.7945881,-122.4018904
060750611001019,060750611001,37.7947052,-122.4008621
060750611001020,060750611001,37.7951428,-122.4009537
060750611001013,060750611001,37.7951953,-122.4024022
060750611001012,060750611001,37.795588,-122.4010368
060750117001013,060750117001,37.7935265,-122.3994198
060750117001001,060750117001,37.7938965,-122.3982889
060750117001002,060750117001,37.793989,-122.3995143
060750117001000,060750117001,37.7940482,-122.3970949
060750105002020,060750105002,37.7946486,-122.3996491
060750105002014,060750105002,37.7947985,-122.3984724
060750105002015,060750105002,37.7949498,-122.3972822
060750105002013,060750105002,37.7955964,-122.3992336
060750105002011,060750105002,37.7958275,-122.397463
060750105002012,060750105002,37.7964768,-122.3991074
060750611002004,060750611002,37.7948386,-122.4053176
060750611001014,060750611001,37.7951959,-122.4040924
060750611002001,060750611002,37.7956105,-122.4063492
060750611002000,060750611002,37.7957035,-122.4055919
060750611001004,060750611001,37.7957905,-122.4044153
060750611001005,060750611001,37.7960843,-122.403741
060750611001003,060750611001,37.796474,-122.4049477
060750611003000,060750611003,37.7965685,-122.4058444
060750611001002,060750611001,37.7968167,-122.4043105
060750107003002,060750107003,37.7972242,-122.406358
060750611001006,060750611001,37.79601,-122.4031183
060750611001009,060750611001,37.7961083,-122.4022958
060750611001010,060750611001,37.796208,-122.4014831
060750611001011,060750611001,37.7962844,-122.4008925
060750611001007,060750611001,37.7966123,-122.4029778
060750611001008,060750611001,37.7967161,-122.4021565
060750611001001,060750611001,37.797087,-122.4027926
060750611001000,060750611001,37.7971408,-122.40136
060750106002007,060750106002,37.7978103,-122.4033754
060750106002008,060750106002,37.7979136,-122.4025582
060750105002008,060750105002,37.7968107,-122.3976123
060750105002009,060750105002,37.7970802,-122.397741
060750105001026,060750105001,37.7972913,-122.4001839
060750105002006,060750105002,37.7974629,-122.3990066
060750105001025,060750105001,37.7981925,-122.4003688
060750105002005,060750105002,37.7983589,-122.3992013
060750105002004,060750105002,37.7985315,-122.3979315
060750105001021,060750105001,37.7992803,-122.39938
060750105001020,060750105001,37.7993672,-122.3984074
060750105001002,060750105001,37.8000605,-122.3983903
060750106002005,060750106002,37.7976115,-122.405829
060750106002006,060750106002,37.7976557,-122.4045888
060750106002004,060750106002,37.7983049,-122.4059112
060750106002002,060750106002,37.7985958,-122.4047534
060750106002003,060750106002,37.7987795,-122.4060095
060750106001007,060750106001,37.7993217,-122.4058833
060750104004003,060750104004,37.7995366,-122.404943
060750106001005,060750106001,37.8003433,-122.4061212
060750104004002,060750104004,37.8004177,-122.4055373
060750104004001,060750104004,37.8005192,-122.4047402
060750105001024,060750105001,37.7980422,-122.4015459
060750106002001,060750106002,37.7987246,-122.4037825
060750106002000,060750106002,37.798823,-122.4029642
060750105001023,060750105001,37.7989812,-122.4017355
060750105001022,060750105001,37.79913,-122.4005573
060750104004004,060750104004,37.7997402,-122.4033305
060750105001017,060750105001,37.79992,-122.4019229
060750105001018,060750105001,37.8000697,-122.4007463
060750104004000,060750104004,37.8006728,-122.4035159
060750105001027,060750105001,37.8007633,-122.4008853
060750105001016,060750105001,37.8008111,-122.402403
060750105001015,060750105001,37.8008835,-122.401815
060750105001014,060750105001,37.8012231,-122.4009798
060750104003014,060750104003,37.801375,-122.4036541
060750105001011,060750105001,37.8017757,-122.402293
060750104003007,060750104003,37.801836,-122.4037466
060750105001012,060750105001,37.8019089,-122.4010074
060750105001003,060750105001,37.8024244,-122.4005006
060750105001010,060750105001,37.8027039,-122.4024774
060750105001009,060750105001,37.8029589,-122.4015452
060750105001019,060750105001,37.8002098,-122.3994551
060750105001013,060750105001,37.8010894,-122.399932
060750105001001,060750105001,37.8026841,-122.3990586
060750113001002,060750113001,37.796174,-122.4108545
060750107003009,060750107003,37.7967012,-122.4113824
060750107003006,060750107003,37.7968362,-122.410556
060750107003004,060750107003,37.7970336,-122.4092288
060750107003005,060750107003,37.7972058,-122.4099686
060750107003007,060750107003,37.7971766,-122.4110787
060750107003008,060750107003,37.7972719,-122.4112015
060750107002003,060750107002,37.797808,-122.4111798
060750107004002,060750107004,37.7979321,-122.4100722
060750107004001,060750107004,37.7980335,-122.4092492
060750108002005,060750108002,37.7965291,-122.4131639
060750108002004,060750108002,37.7966104,-122.4143144
060750108002006,060750108002,37.7966307,-122.4123401
060750108002003,060750108002,37.7968558,-122.414354
060750108002002,060750108002,37.7970201,-122.4132591
060750108002001,060750108002,37.7970938,-122.4126696
060750108002000,060750108002,37.7971524,-122.4121552
060750108001005,060750108001,37.7976135,-122.412825
060750108001001,060750108001,37.7978455,-122.4145624
060750108001000,060750108001,37.7985272,-122.4130137
060750611003002,060750611003,37.7963636,-122.4075415
060750611003001,060750611003,37.7964835,-122.4065894
060750107003003,060750107003,37.7972638,-122.4077244
060750107003001,060750107003,37.7976596,-122.406699
060750107003000,060750107003,37.7979463,-122.4069223
060750107004000,060750107004,37.7981476,-122.4079935
060750106003010,060750106003,37.7982364,-122.4066638
060750106003008,060750106003,37.7985416,-122.4073858
060750106003009,060750106003,37.7986818,-122.4067902
060750107002000,060750107002,37.7989194,-122.4085637
060750107002002,060750107002,37.798734,-122.4113699
060750107002001,060750107002,37.7989331,-122.4097315
060750107001007,060750107001,37.7996174,-122.4119547
060750107001006,060750107001,37.7997205,-122.4111356
060750107001005,060750107001,37.7997719,-122.4101232
060750106003011,060750106003,37.8000833,-122.4094703
060750107001004,060750107001,37.8004623,-122.410665
060750107001003,060750107001,37.8005834,-122.4117727
060750106003002,060750106003,37.8008532,-122.4100267
060750106003001,060750106003,37.8009574,-122.4088669
060750106003007,060750106003,37.7992274,-122.4079166
060750106001006,060750106001,37.7993409,-122.4066476
060750106003004,060750106003,37.8000188,-122.4086833
060750106003005,060750106003,37.8001006,-122.4080309
060750106003006,060750106003,37.8001541,-122.4076444
060750106001003,060750106001,37.8002205,-122.407098
060750106001004,060750106001,37.8002945,-122.40651
060750106003000,060750106003,37.8010574,-122.4080661
060750106001002,060750106001,37.8011549,-122.4072855
060750106001001,060750106001,37.8012351,-122.4066636
060750103003004,060750103003,37.7990217,-122.4147974
060750103003000,060750103003,37.7994601,-122.4132014
060750103003001,060750103003,37.7994895,-122.4148971
060750103003002,060750103003,37.8001234,-122.4151322
060750103002005,060750103002,37.8003944,-122.4133891
060750103003003,060750103003,37.8004937,-122.4145444
060750103002004,060750103002,37.8010944,-122.4135294
060750103002001,060750103002,37.8010035,-122.4150622
060750103002002,060750103002,37.8013224,-122.4154944
060750107001001,060750107001,37.8014446,-122.4125792
060750103002000,060750103002,37.8015592,-122.4136235
060750107001000,060750107001,37.8020027,-122.412766
060750103001012,060750103001,37.8020507,-122.4154073
060750103001011,060750103001,37.8022065,-122.4141761
060750103001010,060750103001,37.8021994,-122.4134079
060750104001003,060750104001,37.8024774,-122.4120999
060750104001002,060750104001,37.802585,-122.4132204
060750103001008,060750103001,37.8029687,-122.4144257
060750104001001,060750104001,37.8032786,-122.4137591
060750104001000,060750104001,37.8033964,-122.4123074
060750106003003,060750106003,37.8010427,-122.4111163
060750107001002,060750107001,37.8013475,-122.4120611
060750104001004,060750104001,37.8017086,-122.4118503
060750104001005,060750104001,37.801615,-122.4113075
060750104002004,060750104002,37.8017358,-122.4102879
060750104002002,060750104002,37.8026686,-122.4104752
060750104002003,060750104002,37.8028689,-122.4088538
060750104002001,060750104002,37.8036008,-122.4106638
060750104002000,060750104002,37.8038011,-122.4090405
060750101002015,060750101002,37.8044384,-122.4096776
060750104002006,060750104002,37.8016923,-122.4085738
060750104002005,060750104002,37.8019835,-122.408741
060750104003012,060750104003,37.8021239,-122.4070582
060750104002007,060750104002,37.8023423,-122.4080803
060750104003009,060750104003,37.8029592,-122.4065614
060750104003011,060750104003,37.8029977,-122.4077888
060750104003010,060750104003,37.8031227,-122.407071
060750104003004,060750104003,37.8034803,-122.4064266
060750104003002,060750104003,37.8039836,-122.407471
060750101002002,060750101002,37.805423,-122.4079305
060750103001004,060750103001,37.8040762,-122.4161753
060750103001005,060750103001,37.8045067,-122.4165217
060750103001001,060750103001,37.8046235,-122.4176358
060750101002007,060750101002,37.8048965,-122.4158875
060750103001002,060750103001,37.8050897,-122.4169773
060750103001000,060750103001,37.8054341,-122.418148
060750101001027,060750101001,37.8057102,-122.4174589
060750101001022,060750101001,37.8057781,-122.4161599
060750101001026,060750101001,37.80605,-122.418627
060750101001024,060750101001,37.806519,-122.4179687
060750106001000,060750106001,37.8012841,-122.4062753
060750104003013,060750104003,37.8014028,-122.405321
060750104003008,060750104003,37.8023009,-122.4058763
060750104003005,060750104003,37.8024076,-122.4051026
060750104003006,060750104003,37.8025317,-122.4038863
060750104003003,060750104003,37.8032439,-122.4056559
060750105001007,060750105001,37.8034656,-122.4040733
060750104003001,060750104003,37.8041316,-122.4062552
060750104003000,060750104003,37.8042325,-122.4054642
060750105001006,060750105001,37.8044345,-122.404235
060750105001008,060750105001,37.8036136,-122.4026636
060750105001005,060750105001,37.8043851,-122.40298
060750105001004,060750105001,37.8046378,-122.4027039
060750101001025,060750101001,37.8051793,-122.4033813
060750101002016,060750101002,37.805162,-122.4060274
060750101002000,060750101002,37.8055122,-122.4048101
060750101002019,060750101002,37.8059282,-122.4045527
060750101002001,060750101002,37.8060276,-122.4063478
060750101001018,060750101001,37.8067691,-122.4067651
060750101001002,060750101001,37.8069845,-122.4064576
060750101001016,060750101001,37.8075536,-122.4084469
060750101001003,060750101001,37.8077583,-122.4081486
060750615003015,060750615003,37.7888094,-122.3887102
060750615003014,060750615003,37.789094,-122.3882107
060750615003008,060750615003,37.7891027,-122.3906438
060750615003006,060750615003,37.7897909,-122.3897748
060750615003003,060750615003,37.7901973,-122.3892442
060750615003001,060750615003,37.7900168,-122.3873469
060750615003005,060750615003,37.7911469,-122.3913018
060750615003000,060750615003,37.7923889,-122.3879014
060750615003004,060750615003,37.7916152,-122.3906177
060750615001021,060750615001,37.7897117,-122.39663
060750615001019,060750615001,37.7901939,-122.3954829
060750615003009,060750615003,37.7903403,-122.3921899
060750615001009,060750615001,37.790884,-122.3946099
060750615001012,060750615001,37.7914184,-122.3970181
060750615001008,060750615001,37.7915753,-122.3937328
060750615001010,060750615001,37.7921095,-122.3961414
060750615001004,060750615001,37.7922708,-122.3928529
060750615001011,060750615001,37.7927519,-122.3969428
060750615001007,060750615001,37.7928034,-122.3952741
060750615001003,060750615001,37.7928532,-122.3921557
060750615001002,060750615001,37.7931006,-122.391761
060750615001001,060750615001,37.7933149,-122.3916676
060750117001016,060750117001,37.7931941,-122.3970173
060750615001005,060750615001,37.7934926,-122.3943828
060750105002019,060750105002,37.7935874,-122.396138
060750105002021,060750105002,37.7937788,-122.393231
060750615001006,060750615001,37.7938695,-122.395523
060750105002018,060750105002,37.7943663,-122.3951319
060750105002016,060750105002,37.7951557,-122.3956618
060750105002002,060750105002,37.7952412,-122.3941215
060750105002017,060750105002,37.7957896,-122.395859
060750105002010,060750105002,37.7962622,-122.396094
060750615006001,060750615006,37.7865623,-122.3864521
060750179021007,060750179021,37.8070121,-122.362245
060750179021006,060750179021,37.8082345,-122.3668358
060750179021058,060750179021,37.8084204,-122.3636364
060750179021011,060750179021,37.809138,-122.3674153
060750179021079,060750179021,37.8091997,-122.3677804
060750179021020,060750179021,37.8093488,-122.3693433
060750179021059,060750179021,37.8093223,-122.3644203
060750179021062,060750179021,37.8094175,-122.3662611
060750105002001,060750105002,37.797027,-122.394433
060750105002007,060750105002,37.7973589,-122.3970914
060750105002003,060750105002,37.7979395,-122.3965189
060750179021061,060750179021,37.8094715,-122.3658055
060750179021063,060750179021,37.8101057,-122.3680743
060750179021021,060750179021,37.8109783,-122.3695305
060750179021060,060750179021,37.8105139,-122.3641813
060750179021056,060750179021,37.8109275,-122.3630623
060750179021057,060750179021,37.8111576,-122.3626026
060750179021022,060750179021,37.8115408,-122.3707321
060750179021031,060750179021,37.81142,-122.365514
060750179021000,060750179021,37.8505976,-122.4013963
060750179021054,060750179021,37.811844,-122.3632517
060750179021008,060750179021,37.8120892,-122.3612278
060750179021055,060750179021,37.8124952,-122.3649691
060750179021016,060750179021,37.8128925,-122.3652223
060750179021023,060750179021,37.8134037,-122.3610956
060750179021038,060750179021,37.813423,-122.3625855
060750179021040,060750179021,37.8184051,-122.3718598
060750179021030,060750179021,37.8194106,-122.3696281
060750179021012,060750179021,37.8195699,-122.3711363
060750179021001,060750179021,37.829365,-122.3715811
060750179021036,060750179021,37.8201702,-122.3679191
060750179021052,060750179021,37.820866,-122.3695279
060750179021018,060750179021,37.8211807,-122.373358
060750179021014,060750179021,37.8211019,-122.365876
060750179021045,060750179021,37.8219161,-122.370224
060750179021039,060750179021,37.8220433,-122.3643763
060750179021051,060750179021,37.8222189,-122.3666634
060750179021028,060750179021,37.8231268,-122.3648146
060750179021041,060750179021,37.8234733,-122.3708462
060750179021046,060750179021,37.8234832,-122.3674891
060750179021013,060750179021,37.8240575,-122.3654894
060750179021010,060750179021,37.8246898,-122.3746059
060750179021048,060750179021,37.8246813,-122.3689787
060750179021047,060750179021,37.8247122,-122.3675015
060750179021037,060750179021,37.8247675,-122.3766998
060750179021044,060750179021,37.8251474,-122.3727715
060750179021024,060750179021,37.8250763,-122.365786
060750179021033,060750179021,37.8255224,-122.3680948
060750179021053,060750179021,37.8256168,-122.3762957
060750179021015,060750179021,37.8256667,-122.3779186
060750179021050,060750179021,37.8256366,-122.3767125
060750101002017,060750101002,37.8039777,-122.414118
060750101002008,060750101002,37.8041265,-122.4153267
060750101002010,060750101002,37.8043273,-122.4124969
060750101002009,060750101002,37.8044442,-122.4142086
060750101002018,060750101002,37.805023,-122.4126429
060750101002006,060750101002,37.8050506,-122.4143322
060750101002005,060750101002,37.8054888,-122.4127324
060750101001021,060750101001,37.8059839,-122.4145147
060750101001020,060750101001,37.8061885,-122.4128709
060750101001012,060750101001,37.8069139,-122.4147031
060750101002011,060750101002,37.8045315,-122.410852
060750101002014,060750101002,37.8045392,-122.4088763
060750101002012,060750101002,37.8049032,-122.4097843
060750101002013,060750101002,37.8050046,-122.4089834
060750101002004,060750101002,37.8054621,-122.4110377
060750101002003,060750101002,37.8056156,-122.4098055
060750101001019,060750101001,37.8063937,-122.4112248
060750101001017,060750101001,37.8066956,-122.4088191
060750101001014,060750101001,37.8073258,-122.411414
060750101001015,060750101001,37.80753,-122.4097872
060750101001013,060750101001,37.8071216,-122.4130577
060750101001011,060750101001,37.8078484,-122.4148892
060750101001010,060750101001,37.8080544,-122.4132485
060750101001004,060750101001,37.8086451,-122.4145147
060750101001009,060750101001,37.8081094,-122.4113482
060750101001001,060750101001,37.8085222,-122.4095588
060750101001008,060750101001,37.8083348,-122.4106548
060750179021042,060750179021,37.8257177,-122.3714599
060750179021049,060750179021,37.8263326,-122.3700572
060750179021017,060750179021,37.8265346,-122.3753788
060750179021029,060750179021,37.8268222,-122.3689071
060750179021043,060750179021,37.827252,-122.3724692
060750179021032,060750179021,37.8278763,-122.3710714
060750179021034,060750179021,37.8282134,-122.3751099
060750179021019,060750179021,37.8283473,-122.3698805
060750179021025,060750179021,37.8289657,-122.3719945
060750179021035,060750179021,37.8295259,-122.3742328
060750179021026,060750179021,37.8301335,-122.3760291
060750179021027,060750179021,37.830687,-122.3735984
