060750612002007,060750612002004,060750230012005,060750232001007,060750232001012,060750257022007,060750230013000,060750230011004,060750230011024,060750230012002,060750233001004,060750230011029,060750612001026,060750230011030,060750232001014,060750233001003,060750230013001,060750230013009,060750230013006,060750230013004,060750230031012,060750233001002,060750233001024,060750612002010,060750612002017,060750612002002,060750612002011,060750612002014,060750230032001,060750230032008,060750230032007,060750230032002,060750233001001,060750230031016,060750230032009,060750230011031,060750230031007,060750612001028,060750612002012,060750230011020,060759809001103,060750234001011,060750230013007,060750230031008,060750230032006,060750233001000,060750232003003,060750612002013,060750232003000,060750257021011,060759809001081,060750230032004,060750230032005,060750230031009,060750230013008,060750230031013,060750230011027,060750230011026,060750230011003,060750233001007,060750230013003,060750233001010,060750233001008,060750230031002,060750230031010,060750233001026,060750230031003,060750234001019,060750612001017,060750230011044,060750233001006,060750230011040,060750230011041,060759809001095,060750230011023,060750230031001,060750230013002,060750230032003,060750230011021,060759809001094,060750233001005,060750230031000,060759809001102,060750230011042,060759809001105,060759809001106,060750230012001,060750230031006,060759809001104,060750612002008,060759809001107,060750230031005,060750257022008,060750257022001,060750257022024,060750230013005,060750230031015,060750233001025,060750612002006,060750230011046,060750230012007,060759809001096,060759809001108,060750230012000,060750230012004,060750612002003,060750612002005,060750612002009,060750234001017,060750234001004,060750612002000,060750612002001,060750230032000,060750612002016,060750230011038,060750232003005,060750232001001,060750230012006,060750230011022,060750230011043,060759809001109,060750257021000,060750257022003,060750230012008,060750230031014,060750233001009,060750230011028,060750257021012,060750230011039,060750257022000,060759809001080,060750230012003,060750230031004,060750612002015,060750230031011,060750612001015
060750258002000,060750610001013,060750233001019,060750257012036,060750258002020,060750258002001,060750264022027,060750257022011,060750264022029,060750259003004,060750233001017,060750257021002,060750258001002,060750258002029,060750264022006,060750258002027,060750259002012,060750259002002,060750257012039,060750257012040,060750257022019,060750257022012,060750257022018,060750257021004,060750258001001,060750259003001,060750233001015,060750257012045,060750257012038,060750257022017,060750257023000,060750258001003,060750257022010,060750257021007,060750258001005,060750258002028,060750258002031,060750233001020,060750257012046,060750257023002,060750257012041,060750257013000,060750257023009,060750257022006,060750257022021,060750257021003,060750257021009,060750257012047,060750257012043,060750257013003,060750257013010,060750257022015,060750257013012,060750257022014,060750257023001,060750257022023,060750259002006,060750259002011,060750259002007,060750259002013,060750257021010,060750257021013,060750259003007,060750233001021,060750233001027,060750258002019,060750257021006,060750258001004,060750259003002,060750233001012,060750233001014,060750259002008,060750257012026,060750264022003,060750264022004,060750257012031,060750257012032,060750257012029,060750257021005,060750257022020,060750258001000,060750257021008,060750258001006,060750233001011,060750233001022,060750233001018,060750233001023,060750264022002,060750233001029,060750259002005,060750259001007,060750257023007,060750259002003,060750257023006,060750257023010,060750259002009,060750258002033,060750264022000,060750258002010,060750258002034,060750257012048,060750264022007,060750258002021,060750258002018,060750259001001,060750259003005,060750259003000,060750264022010,060750257022013,060750258001007,060750258002030,060750233001013,060750264022028,060750264022008,060750233001030,060750257021014,060750234001025,060750258002008,060750258002017,060750258002005,060750233001016,060750258002009,060750258002011,060750264022001,060750233001028,060750258002022,060750258002016,060750258002002,060750264022011,060750258002014,060750259003003,060750259003008,060750234001023,060750258002023,060750259002000,060750234001021,060750257022009,060750257012033,060750258002012,060750257012050,060750257012024,060750257012044,060750257013002,060750258002003,060750264022005,060750257022004,060750257012034,060750257012025,060750259001006,060750257012042,060750257013001,060750257013011,060750259001000,060750257023005,060750257023008,060750259001008,060750257023011,060750259002004,060750258002013,060750257012037,060750257023003,060750259002001,060750257022016,060750257023004,060750257022022,060750259002010,060750257012030,060750257022005,060750257021001,060750257022002,060750258002015,060750258002004,060759805011011,060750258002007,060750257012035,060750258002032,060750258002006
060750610001015,060750234002016,060750610001026,060750610001029,060750234001020,060750234001022,060750234001024,060750234001014,060750610001028,060750234001027,060750610001025,060750610002000,060750234001002,060750234001010,060750234001018,060750234002015,060750610001004,060750610001024,060750610001012,060750234001008,060750234002006,060750610001002,060750234001007,060750234002005,060750234002001,060750234001029,060750234001012,060750234001013,060750234001015,060750234001016,060750234001028,060750610001011,060750234002008,060750610001019,060750234002009,060750234002003,060750610001001,060750610001008,060750234002018,060750610001020,060750234002011,060750610001022,060750234002000,060750234002017,060750610001030,060750610001018,060750234001026,060750234002014,060750234001003,060750610001009,060750610001027,060750610002001,060750610001017,060750234002007,060750610001010,060750610001023,060750234001009,060750234002004,060750234002012,060750610001014,060750234002013,060750610001006,060750234002010,060750610001007,060750610001000,060750234002002,060750610001005,060750610001016
060750610002003,060750264012004,060750264032002,060750610002027,060750264021002,060750264011000,060750259003006,060750610002014,060750610002008,060750610002005,060750264023010,060750610002018,060750264012007,060750264012001,060750264012003,060750264023002,060750264032007,060750264011002,060750258002024,060750264023006,060750264011003,060750264011004,060750264011006,060750264023007,060750264011001,060750264021003,060750264032005,060750610002011,060750610002009,060750610002016,060750264022016,060750264032000,060750264023003,060750264023000,060750264012002,060750264012008,060750264022009,060750264022020,060750264022013,060750610002024,060750610002007,060750610002006,060750610002022,060750610002004,060750264023001,060750264023008,060750264011007,060750264012006,060750264032003,060750264021000,060750610002023,060750610002019,060750264032001,060750264022030,060750610002002,060750610002015,060750258002026,060750264021001,060750264023009,060750264022014,060750264022025,060750610002010,060750264021005,060750264022022,060750264022024,060750264022018,060750264032004,060750610002012,060750264022012,060759805011012,060750264022023,060750264022026,060759805011013,060750264021004,060750264022021,060750264022015,060750264022017,060750264022019,060750610002020,060750610002021,060750264032006,060750610002017,060750264011005,060750264023005,060759805011010,060750264012000,060750258002025,060750610002013,060750264023004
060750260021000,060750256003001,060750260022003,060750257011008,060750260021008,060750260011011,060750260022000,060750256004010,060750256003005,060750260022011,060750256004003,060750256002007,060750257013005,060750257013008,060750256002000,060750256001015,060750260022007,060750256004000,060750256004012,060750257011009,060750256003003,060750257011004,060750256001003,060750259001005,060750257011002,060750256004009,060750260011009,060750260022008,060750256001011,060750256001016,060759805011000,060750260022005,060750256002010,060750259001010,060750257013009,060750257011001,060750256001012,060750256003008,060750257013006,060750259001004,060750259001013,060750256001007,060750256002008,060750257011006,060750257013007,060750259001014,060750256001002,060759805011004,060750256004007,060750259001012,060750260022001,060750260022004,060750260021003,060750256002003,060750257011003,060759805011001,060750256001014,060750256001009,060750260011010,060750260021001,060750256001010,060750256002004,060750260021006,060750257011000,060750256003007,060759805011003,060750256004005,060750256004006,060759805011002,060750256004002,060750260022009,060750256001001,060750256003000,060750256001006,060750256002005,060750256002006,060750256002002,060750257011005,060750257011007,060750256002001,060750259001002,060750259001009,060750259001011,060750257013004,060750256001013,060750256001005,060750260022006,060750260022002,060750260022010,060750260021005,060750256003002,060750256004011,060750256003004,060750256001008,060750256002009,060750259001003,060750256001000,060750256003006,060750256004004,060750256001004,060750260021002,060750260021004,060750256004008,060750256004001,060750260021007
060750264042000,060750610002026,060750605023001,060750605023005,060750264032008,060750264011008,060750264012005,060750264032009,060750264031004,060750264031003,060750264042001,060750264042002,060750264011009,060750264031005,060750264031001,060750264042004,060750264041004,060750264041003,060750264011010,060750264042005,060750605021000,060750605023003,060750264042008,060750264042003,060750605022000,060750264031000,060750264031002,060750264041001,060750605023000,060750264041005,060750264041000,060750264012009,060750264031008,060750264032011,060750605021001,060750264042006,060750264031006,060750264032010,060750264031009,060750610002025,060750263023004,060759805011006,060759805011009,060750605023004,060750605023002,060750264031007,060759805011005,060750605022001,060750264041002,060750264042007,060750264011011
060759809001016,060750614002015,060759809001036,060759809001115,060759809001128,060759809001079,060759809001077,060759809001126,060759809001099,060750230011008,060750230011000,060750257012014,060750230011019,060750614001009,060759809001014,060759809001032,060750226002024,060750614003007,060759809001067,060759809001078,060759809001097,060750614001003,060759809001013,060750614001008,060750614002017,060750251003040,060759809001028,060759809001042,060759809001017,060750614002016,060750614002012,060759809001008,060759809001046,060759809001127,060750251003016,060750614001000,060750227042007,060759809001020,060759809001056,060750614001019,060750614001014,060759809001019,060750614002011,060750230011011,060750257012015,060759809001012,060750226002016,060750226002018,060759809001124,060759809001123,060750614001010,060750227042014,060759809001029,060759809001030,060759809001031,060759809001057,060750614001024,060750614001016,060759809001018,060759809001052,060750251003027,060750230011002,060759809001122,060759809001130,060759809001129,060759809001125,060750614001026,060759809001065,060750230011010,060759809001051,060759809001113,060759809001111,060759809001050,060750251003018,060750614001027,060750230011013,060750612001007,060750251003019,060750251003014,060759809001022,060750251003023,060750614001020,060759809001061,060750257012007,060750257012006,060750251003029,060750230011017,060750230011045,060750230011035,060750230011018,060750251003047,060750251003043,060750614002013,060750251003046,060750251003039,060750230011012,060750230011025,060759809001076,060759809001021,060750614002005,060750230011032,060759809001044,060750614001011,060750227042019,060750614001012,060750251003017,060750614002009,060759809001025,060759809001088,060759809001091,060759809001086,060759809001114,060759809001082,060759809001049,060750251003028,060759809001101,060750251003026,060750230011007,060750251003045,060750230011036,060750230011005,060759809001074,060750614002008,060759809001110,060750251003005,060750612001013,060750230011006,060759809001069,060759809001071,060750251003044,060750230011001,060759809001093,060750614002010,060759809001026,060759809001011,060750614003006,060750227042011,060759809001010,060750257012001,060750227042012,060750227042013,060750614002014,060759809001007,060750227042010,060750226002022,060759809001137,060759809001043,060750230011014,060750226002010,060750226002009,060750226002021,060750226002023,060750226002025,060759809001045,060750226002020,060759809001009,060759809001038,060750227042016,060750614002004,060759809001033,060750251003024,060750230011033,060759809001092,060750614003000,060759809001116,060759809001048,060750257012000,060750614003002,060759809001064,060750614003009,060750614003008,060759809001024,060759809001100,060759809001085,060759809001087,060750251003041,060759809001041,060750614001018,060759809001023,060759809001054,060759809001059,060750257012005,060759809001068,060750614001007,060750614001023,060750614001006,060750251003000,060759809001055,060750251003042,060750251003025,060750230011037,060750230011016,060750226002008,060759809001053,060759809001063,060759809001083,060759809001066,060759809001090,060750257012003,060750257012002,060750614003004,060750227042018,060750614001013,060750614003001,060750614001002,060759809001015,060759809001058,060750257012008,060759809001072,060750227042015,060750614002006,060750251003006,060759809001112,060750230011034,060750614003003,060750614001004,060750614002007,060750226002017,060750614003005,060750251003015,060750614001015,060750614001001,060750614001005,060750614001017,060759809001084,060759809001089,060759809001062,060750230011009,060759809001073,060759809001047,060759809001075,060750614002018,060759809001131,060759809001070,060759809001098,060759809001060,060750614001028,060750230011015,060750612001002,060750612001003,060750227042009,060750227042017,060759809001027,060759809001037,060750612001010
060750232003002,060750231022006,060750231021012,060750231021008,060759806001054,060750231032018,060750234001001,060750232002008,060750231022002,060750231021003,060750612001027,060750612001011,060750612001014,060750612001008,060750231021007,060750231022001,060750231021004,060750612001029,060750612001006,060750612001025,060750231022000,060750232003001,060750612001023,060750612001016,060750612001018,060750231021006,060750231022007,060750612001024,060750231021001,060750232001006,060750232003004,060750612001012,060750232001003,060750232001011,060750234001005,060750232001009,060750232001010,060750232002002,060750232001004,060750232002005,060750232002007,060750232002016,060750232001000,060750232001015,060750232002004,060750232002003,060759806001047,060750232002015,060750232003011,060759806001024,060750232002019,060759806001064,060759806001065,060759806001050,060759806001051,060750232003010,060750234001006,060750232002017,060750231032017,060750232002013,060750232001018,060759806001049,060750232002010,060750231032007,060759806001044,060759806001039,060759806001042,060759806001045,060750232001017,060750232003006,060750232003008,060750232003009,060750234001000,060750232001005,060750232001008,060759806001057,060750232002018,060759806001023,060759806001048,060750612001021,060750232002009,060750232002012,060750231021005,060759806001053,060759806001056,060759806001041,060750232003007,060750232001013,060750232001016,060750232002000,060750232002006,060750232002001,060759806001025,060750231021009,060750231021013,060750612001009,060750612001005,060750612001020,060750612001022,060750612001019,060750232002011,060750232002020,060759806001058,060759806001055,060759806001052,060759806001043,060750231022005,060750232001002,060750231021002,060750232002014,060750231022004,060759806001040,060750231021010,060750231021011,060750231022003
060750251002012,060750215001009,060750252002004,060750252002007,060750251002009,060750251002005,060750251002007,060750253001006,060750253001005,060750251001018,060750251002008,060750253001002,060750253003000,060750252002005,060750252002006,060750251001000,060750251003012,060750252001000,060750257012020,060750253004010,060750252001003,060750252001011,060750254023019,060750254022000,060750254022005,060750254023017,060750254021000,060750254022002,060750254021005,060750254022008,060750254022009,060750254022004,060750254023002,060750251002004,060750251001014,060750251002006,060750253004004,060750253004009,060750251003010,060750251001011,060750251003022,060750254023008,060750252004001,060750252002001,060750251003036,060750254023015,060750257012018,060750257012017,060750257012016,060750254032004,060750251003007,060750254023012,060750254023020,060750257012028,060750252001008,060750254023006,060750252002010,060750253004005,060750215001001,060750254023013,060750254023009,060750251001003,060750251003011,060750251001005,060750251001026,060750257012023,060750257012012,060750251003013,060750254023011,060750257012011,060750254023007,060750257012021,060750253003006,060750252001009,060750252004002,060750257012022,060750251003004,060750251003008,060750257012049,060750251001024,060750254032002,060750251001009,060750252001006,060750253004003,060750251003001,060750252001004,060750254023001,060750251002000,060750251002011,060750252001005,060750251001021,060750251001006,060750253001008,060750252001001,060750252002003,060750253003004,060750254032017,060750252002008,060750254021006,060750254022003,060750252002011,060750254022007,060750251002003,060750251001008,060750251001013,060750253001003,060750253001001,060750252003019,060750252001002,060750251001017,060750254023003,060750254023005,060750254022011,060750251003035,060750253004002,060750252001010,060750252001007,060750253004001,060750257012010,060750257012019,060750253003005,060750254023014,060750253003001,060750215001002,060750254032001,060750251003034,060750254022006,060750254032000,060750251001025,060750253001004,060750251003038,060750251001012,060750251003021,060750252002002,060750251003032,060750254023018,060750253004008,060750251001002,060750257012009,060750251003037,060750251001001,060750254023004,060750254023016,060750254022010,060750251001019,060750251001016,060750251001023,060750251002002,060750251003033,060750254023000,060750252002000,060750253001000,060750252004000,060750251001015,060750257012013,060750251003020,060750253004000,060750253004006,060750215002000,060750253001007,060750252002009,060750254021013,060750215001010,060750254023021,060750254022001,060750257012004,060750251001004,060750254032003,060750251002001,060750251003031,060750251003002,060750254023010,060750251003003,060750252003018,060750251001010,060750251001022,060750251001020,060750257012027,060750251003009,060750251001007,060750251003030
060750226001019,060750226001030,060750615005010,060750607001024,060750607003003,060750226001005,060750226001006,060750226001014,060750615004008,060750615006006,060750176013009,060750176011002,060750615004000,060750615001044,060750615001007,060750615001008,060750615001004,060750615001047,060750615002004,060750615002014,060750615001001,060750176015004,060750176015005,060750176012004,060750178021000,060750178021010,060750178021012,060750180002035,060750177001018,060750178021013,060750178022012,060750607001012,060750226001010,060750176014002,060750178021019,060750180002032,060750615002017,060750226001024,060750226001004,060750226001020,060750226001021,060750180002037,060750177002022,060750177001005,060750177001024,060750607001067,060750607001050,060750180002023,060750615005004,060750615005005,060750615005007,060750607003001,060750607003000,060750180001013,060750226001013,060750176013000,060750180001017,060750180001003,060750615005015,060750615003005,060750615004004,060750615003006,060750607002024,060750177002023,060750226001009,060750227022001,060750177001057,060750176014001,060750177002014,060750176013007,060750607001060,060750226002004,060750226002019,060750226002015,060750177001019,060750227041024,060750226002003,060750607001052,060750607001032,060750607001057,060750607003002,060750176011000,060750607003004,060750615001013,060750227042006,060750180001010,060750615005013,060750607001040,060750607001028,060750177001021,060750177001058,060750607002016,060750607002022,060750227042002,060750178012001,060750180001023,060750180001028,060750180001027,060750178022007,060750176011003,060750607001062,060750607001029,060750615001034,060750615001030,060750615001023,060750607001011,060750178022009,060750178022011,060750178021015,060750180002031,060750177002005,060750180002041,060750177002009,060750177002008,060750178022005,060750176011007,060750178021011,060750177002046,060750177002018,060750178022001,060750177002012,060750178022006,060750177002007,060750615005014,060750607001056,060750178022004,060750615002010,060750615002009,060750607001014,060750226001017,060750226001029,060750226002000,060750226002027,060750607002001,060750607002020,060750607002021,060750607001072,060750614002000,060750226001028,060750226002005,060750226002002,060750226002001,060750226002014,060750615006011,060750180002009,060750180002033,060750180002013,060750615001019,060750180002019,060750607001030,060750615001024,060750615005001,060750607001047,060750176015000,060750615006002,060750227021010,060750177001013,060750607001034,060750226001007,060750177002011,060750176013006,060750176013003,060750176013001,060750176015006,060750178021008,060750178021017,060750178021022,060750177001017,060750226002028,060750178021018,060750178021004,060750180001022,060750180002002,060750180002003,060750177002002,060750201001019,060750180001021,060750227041020,060750180002007,060750177001036,060750226002007,060750178021001,060750180001024,060750180001019,060750607002000,060750176011010,060750178011002,060750178011003,060750178012006,060750180002014,060750180001031,060750180001018,060750180001004,060750180001014,060750176011008,060750176012005,060750176015007,060750176012006,060750176013004,060750178021016,060750180001020,060750178021021,060750178022000,060750607002002,060750180002040,060750180002042,060750227041006,060750177001022,060750176014000,060750177002015,060750180001000,060750180001030,060750180001016,060750180001007,060750180002017,060750607001002,060750177002010,060750178021007,060750180002001,060750178021014,060750180002015,060750178021009,060750177001023,060750226001023,060750227021004,060750227042000,060750227022004,060750615003015,060750615001003,060750180001012,060750607001015,060750615004012,060750177001000,060750607002004,060750607002012,060750607002014,060750607002011,060750607002023,060750227041003,060750227041013,060750607001053,060750607001063,060750607001073,060750176011001,060750177002006,060750177002017,060750180002036,060750607001061,060750178012002,060750180001005,060750607001006,060750607002007,060750607002017,060750227041018,060750227041011,060750227041014,060750615005003,060750607001036,060750177001020,060750227041008,060750227041002,060750177001056,060750177001003,060750178021002,060750178011001,060750180002011,060750180001002,060750615002003,060750176011009,060750178021003,060750178021005,060750180002012,060750180001025,060750180002005,060750178012005,060750178012000,060750607001058,060750176014008,060750615004007,060750615005011,060750615005006,060750615006009,060750607001004,060750226001015,060750226001016,060750607001027,060750615001009,060750615001029,060750615001017,060750227041016,060750227041001,060750607001045,060750607002010,060750180001009,060750201001018,060750176011005,060750178012003,060750180002021,060750180001032,060750177001025,060750177001055,060750607002008,060750227041005,060750607002009,060750607001033,060750227021011,060750607001001,060750607001018,060750201001020,060750226001027,060750177001012,060750227021005,060750227022005,060750227022008,060750614002003,060750227022002,060750615001022,060750615001048,060750177001016,060750177001004,060750177001009,060750227041019,060750178012004,060750180002020,060750180002028,060750180002004,060750180001015,060750176012007,060750227022000,060750227022003,060750615001035,060750176011006,060750176011004,060750176014011,060750607001021,060750615002005,060750227021007,060750615001012,060750615005002,060750180001006,060750180001011,060750180001033,060750615005009,060750615005012,060750607001020,060750607002005,060750607001042,060750607002015,060750227041009,060750227041010,060750227041000,060750227042004,060750227042003,060750227042001,060750607001049,060750607001069,060750607001064,060750607001071,060750180001008,060750607002003,060750607002018,060750227041004,060750227041012,060750227041015,060750607001048,060750226001025,060750227041021,060750177001059,060750607002006,060750607001051,060750180002043,060750607001035,060750615001028,060750615001042,060750178011000,060750615003011,060750615006003,060750176014009,060750180002016,060750607001022,060750615004009,060750607001070,060750226001008,060750227021003,060750227022007,060750615003001,060750177001014,060750607001059,060750607001026,060750226002006,060750226001022,060750226001002,060750226001026,060750226002011,060750226002013,060750615001046,060750615002007,060750615001021,060750227022012,060750615001037,060750615001014,060750180002006,060750607001043,060750615001043,060750615001025,060750615002011,060750615002018,060750615002012,060750615001020,060750615002001,060750615003004,060750615003003,060750615004003,060750227021008,060750615001039,060750615001036,060750176013005,060750227021002,060750227021009,060750227021001,060750176012001,060750178021006,060750180002034,060750180002030,060750227022009,060750607001019,060750607001013,060750180002025,060750227022006,060750614002002,060750227022011,060750226002026,060750615001041,060750615001040,060750607001025,060750607001055,060750615003010,060750615004013,060750615005008,060750607001010,060750607002013,060750607002019,060750178022003,060750176015010,060750615001050,060750607001017,060750615001027,060750615001049,060750615001045,060750176014006,060750177002001,060750607001039,060750180002038,060750607001008,060750615004010,060750607001003,060750177001007,060750176014007,060750178022008,060750180002018,060750615005000,060750607001007,060750227041017,060750227042005,060750607001068,060750615001002,060750615003008,060750615006008,060750177002013,060750607001023,060750607001009,060750180002022,060750615001005,060750105002021,060750615001018,060750615002006,060750615003007,060750615004006,060750615006005,060750615001010,060750615003009,060750615002000,060750615002013,060750615004014,060750177001008,060750615003012,060750615002015,060750607001054,060750607001066,060750615001015,060750227042008,060750615001026,060750177001010,060750615003014,060750615004002,060750615006001,060750615001032,060750615001031,060750615001038,060750615004005,060750615001016,060750615002016,060750615002002,060750615004001,060750615003013,060750615004011,060750176013010,060750176015001,060750176012002,060750176013002,060750176015008,060750178021020,060750177002016,060750180002008,060750176012000,060750180002010,060750607001044,060750607001046,060750607001005,060750180002029,060750180002039,060750607001041,060750180002024,060750615006010,060750227021006,060750227021000,060750227022010,060750615006007,060750615006012,060750177001006,060750177001001,060750227041007,060750227041023,060750226001011,060750226001018,060750226002012,060750177001011,060750201001014,060750607001031,060750176015003,060750614002001,060750615002008,060750177001002,060750180001029,060750180002000,060750180002026,060750180001026,060750180001001,060750607003005,060750615006004,060750226001012,060750607001065,060750176014010,060750607001038,060750607001037,060750176013008,060750176014004,060750176014005,060750178022002,060750178022010,060750176012003,060750180002027,060750227041022,060750226001003
060750231032003,060750179021075,060759806001004,060750231032016,060750231032001,060759809001135,060750231031006,060759806001002,060750231032008,060759806001028,060759806001031,060750231031007,060759806001011,060759809001005,060759809001003,060750231031004,060750231031001,060759806001006,060750179021065,060759809001035,060759809001139,060750231032006,060750612001004,060759806001036,060759806001001,060759809001119,060750231021014,060759809001138,060759806001017,060759806001003,060759806001012,060759806001030,060750179021004,060759806001019,060759806001034,060759806001037,060759806001038,060759806001014,060759806001021,060759806001033,060759809001133,060750612001001,060750179021064,060759806001016,060759806001020,060759806001026,060759806001035,060750231031005,060750179021069,060759809001040,060759809001004,060759806001062,060759806001018,060759806001013,060750231032002,060750179021067,060759806001010,060759806001029,060759806001032,060759806001015,060750231032005,060750231032012,060759806001008,060759809001132,060759809001039,060759809001006,060750231032004,060750231032000,060759806001009,060750179021074,060750231032013,060750231032014,060750179021076,060750612001000,060759809001118,060759809001140,060759809001002,060750231032015,060759806001063,060759806001005,060759806001027,060750179021077,060759809001134,060750231031003,060750231032009,060750179021073,060750179021068,060750231031002,060750179021070,060750231021000,060759809001034,060759809001117,060750231032010,060750231032011,060759806001022,060750231031008,060759809001121,060750179021072,060750231031000,060750179021066,060759806001007,060750179021078,060750179021071,060759809001001,060759809001136,060759809001120
060750254032013,060750254031017,060750252004006,060750252003017,060750254012005,060750254012008,060750254032009,060750254021007,060750252003010,060750252003013,060750252003000,060750251002013,060750253003008,060750253002002,060750253002006,060750254013001,060750253002003,060750254011001,060750254031004,060750254011004,060750254032007,060750254032005,060750254013005,060750254031016,060750253002009,060750253002005,060750254013000,060750254031006,060750254032010,060750254031019,060750252004007,060750252003005,060750254021009,060750254032011,060750254032015,060750254021011,060750252003009,060750253003002,060750253002004,060750254013004,060750254013006,060750254031008,060750254032006,060750254012007,060750254012002,060750254032008,060750254031005,060750254011003,060750253002001,060750254011006,060750254031000,060750253002007,060750254012009,060750254031021,060750254032014,060750253003003,060750253003007,060750253003009,060750253002000,060750254011005,060750252003001,060750254011002,060750254031014,060750254011000,060750252003008,060750252004003,060750252004008,060750252003002,060750252004005,060750254032016,060750254021002,060750252003012,060750252004009,060750254012003,060750252004012,060750252003004,060750254012006,060750254021003,060750252003011,060750254031007,060750254031015,060750254031009,060750254031018,060750254031020,060750254032018,060750253002008,060750252003006,060750254012000,060750254021010,060750254021012,060750254032012,060750254012001,060750252004010,060750252003015,060750254021001,060750252003007,060750254021004,060750252003003,060750252004004,060750252004011,060750252003016,060750254012004,060750254021008,060750252003014,060750251002010
060750213002002,060750213002000,060750212001003,060750216001005,060750216001012,060750215002002,060750215001007,060750212003006,060750212003004,060750215002009,060750217003004,060750216001006,060750215002003,060750215002004,060750210004006,060750211003003,060750211002002,060750211003004,060750214002007,060750214001004,060750212002003,060750211003002,060750216001008,060750216001009,060750216002014,060750212002006,060750212002001,060750213001005,060750213001004,060750214003005,060750216001003,060750214003006,060750216002015,060750204021014,060750211002008,060750210004001,060750209003002,060750209003003,060750215005001,060750214002000,060750214002006,060750214002004,060750213002003,060750212002000,060750213002008,060750213001003,060750213001006,060750216001010,060750212002007,060750213002009,060750212002008,060750214002008,060750210002004,060750210004003,060750209003005,060750215004002,060750214003000,060750214003003,060750214003007,060750211002007,060750214002003,060750215001004,060750216001007,060750215005003,060750210003006,060750215001006,060750210003003,060750209003004,060750215004001,060750210004004,060750210003007,060750211002003,060750214003004,060750215005002,060750210003005,060750210004000,060750210003004,060750213002005,060750215002008,060750215001000,060750214002002,060750215005000,060750215001005,060750213002004,060750213002011,060750215002007,060750212003007,060750212003003,060750204022018,060750212002004,060750217001001,060750214001006,060750214001000,060750210002003,060750212002009,060750213002007,060750213001001,060750212002002,060750213001002,060750216001002,060750211003005,060750213002001,060750213001000,060750214003002,060750216001000,060750216002000,060750216001001,060750216001004,060750216001011,060750213002010,060750214003001,060750209003001,060750215002005,060750253004007,060750214002001,060750211002005,060750211002004,060750215002006,060750214001003,060750214001002,060750214001001,060750214001008,060750214002005,060750215001008,060750215001003,060750216002001,060750210002005,060750210003008,060750215005006,060750215004000,060750215004003,060750211002001,060750211002006,060750214001005,060750214001007,060750214002009,060750210004005,060750210004002,060750215005004,060750215005005,060750212003005,060750209003000,060750211002000,060750215002001
060750177001015,060750177002037,060750177002034,060750177002042,060750177002041,060750208002001,060750208004001,060750228013002,060750228013005,060750228011010,060750177002045,060750201001021,060750177001030,060750177002033,060750177001034,060750177001040,060750177002032,060750228021007,060750228021001,060750177001027,060750228011015,060750228021003,060750177002040,060750228011006,060750208002005,060750201003001,060750208002000,060750228013000,060750201003000,060750177002038,060750177001031,060750177002043,060750228011008,060750228011005,060750177002024,060750201001025,060750177001045,060750177001048,060750177001052,060750177001051,060750228013007,060750228011016,060750228021005,060750228012000,060750177002029,060750177001033,060750177001049,060750177001038,060750228011013,060750228011019,060750177001043,060750177001039,060750177001028,060750228011012,060750177001053,060750228012001,060750201003004,060750228013003,060750228013004,060750228013006,060750177002030,060750177002027,060750201004001,060750208001001,060750177002036,060750177002035,060750177001041,060750177001047,060750177001042,060750177001032,060750177002044,060750228011003,060750228011002,060750228011020,060750228012004,060750228011018,060750228011014,060750228012002,060750228012003,060750208004004,060750201003002,060750177002039,060750228011007,060750177002020,060750177001054,060750177001026,060750177001029,060750177001050,060750228012005,060750228021008,060750228021000,060750228021006,060750228011017,060750177001061,060750177002031,060750228022003,060750228031002,060750228011011,060750228011001,060750228021002,060750201003003,060750228031000,060750177001060,060750177002004,060750228031003,060750177002021,060750177002025,060750177001035,060750201004000,060750228013001,060750228011004,060750228013008,060750201001022,060750228031001,060750228032004,060750177002019,060750201001024,060750208004000,060750208003000,060750177002028,060750201003005,060750177002026,060750208001000,060750228011009,060750208004005,060750177002047,060750228021009,060750228021004,060750201001023,060750177001044,060750177001046,060750177001037,060750228011000
060750203002003,060750202003002,060750203002007,060750201002002,060750201004006,060750202003008,060750208001003,060750208002003,060750203002002,060750203002004,060750202001009,060750202002000,060750201002003,060750202003005,060750201004005,060750207001002,060750208001006,060750202001004,060750203002006,060750202003003,060750202001012,060750201001002,060750203003008,060750207001004,060750206001012,060750203001005,060750203001001,060750203002000,060750202001000,060750201001012,060750203003006,060750206004001,060750206004006,060750202002010,060750202002008,060750203003003,060750202002007,060750201001010,060750207001003,060750201001001,060750203003000,060750202003001,060750202001001,060750206004000,060750202003000,060750202001008,060750203001003,060750201001016,060750202003004,060750203001010,060750201001005,060750177002003,060750202001007,060750202002005,060750202003006,060750201001011,060750201004002,060750203001007,060750202002001,060750202001014,060750202001003,060750201002005,060750207001005,060750203002001,060750203002005,060750202001002,060750201001017,060750201001013,060750203003007,060750203001004,060750202001013,060750202002003,060750205001000,060750201002000,060750201001015,060750202003007,060750201001009,060750202002002,060750201001003,060750201001007,060750203003002,060750206004002,060750205001009,060750202002006,060750201001008,060750203001008,060750203003001,060750207001000,060750202001010,060750202002009,060750206001001,060750201002004,060750201002006,060750208001005,060750201004007,060750201001006,060750203001002,060750203001012,060750203001006,060750206001006,060750203001011,060750202001005,060750201002001,060750201004003,060750208001002,060750208001004,060750208002002,060750203003004,060750201001004,060750206001000,060750202001011,060750206001002,060750202002004,060750201004004,060750201002007,060750207001001,060750208002004
060750124023002,060750122021006,060750124022005,060750124012000,060750124022007,060750124023003,060750122021009,060750124022016,060750176014003,060750122021005,060750124022017,060750124011002,060750124022011,060750124012001,060750124012002,060750124021001,060750122021010,060750122012001,060750124021004,060750124022014,060750124023000,060750124023004,060750125011003,060750122021012,060750122021008,060750177002000,060750124022013,060750124021006,060750125011006,060750122011002,060750125011007,060750122011003,060750122021004,060750122012000,060750125022001,060750124022008,060750122021013,060750124011000,060750124021000,060750124023007,060750124021002,060750124021005,060750124023005,060750124022000,060750124011001,060750124022009,060750124022010,060750124023001,060750124022001,060750124022003,060750124022006,060750124023006,060750124022004,060750125011002,060750124021007,060750124021003,060750124022015,060750122021007
060750125012003,060750120002004,060750123011005,060750615001033,060750125021001,060750119011001,060750123011002,060750119012001,060750176015002,060750119012000,060750120001003,060750111002004,060750111003002,060750120002003,060750111002002,060750120001000,060750111003000,060750122021000,060750122011001,060750121001002,060750123021000,060750120001001,060750120002005,060750122021002,060750111002005,060750122021001,060750123021001,060750176015009,060750119022003,060750123011004,060750123011000,060750117002027,060750122021003,060750125011001,060750123011003,060750121001003,060750121001006,060750121002002,060750121001005,060750117002029,060750121001004,060750125012002,060750111002003,060750119011000,060750120002006,060750123012000,060750125012004,060750111003003,060750120001002,060750121002001,060750125021000,060750123011001,060750123011006,060750125012000,060750123022005,060750123022004,060750123022001,060750120002001,060750120002000,060750121001000,060750125022000,060750125012001,060750117002025,060750120002002,060750121001001,060750122011000,060750119021003,060750117002024,060750117002028,060750123022003,060750111003001,060750125011000,060750123022002,060750125012005,060750125011005,060750117002022,060750125011004,060750111003005,060750120001005,060750111003006,060750120001006
060750117002001,060750105002013,060750615001006,060750179021033,060750117001016,060750105002019,060750179021047,060750105002002,060750105001020,060750179021046,060750105002012,060750615001011,060750105002008,060750179021001,060750179021052,060750117001027,060750179021048,060750179021041,060750179021028,060750106003008,060750106003010,060750106001007,060750106001004,060750179021045,060750117002015,060750106003007,060750179021049,060750106003009,060750105002004,060750179021032,060750104004002,060750106002006,060750105001014,060750106002008,060750105001018,060750611001004,060750105001015,060750106002000,060750611001014,060750611001002,060750105001023,060750105001022,060750104004003,060750105001027,060750106002007,060750611001001,060750179021019,060750105001016,060750105001013,060750179021051,060750117001028,060750104004004,060750106002001,060750105001017,060750179021042,060750105002006,060750105002003,060750611001003,060750117001006,060750117001024,060750117001009,060750117001025,060750117001003,060750179021039,060750117002016,060750179021025,060750106002002,060750105001024,060750105001002,060750611001008,060750117001005,060750117001029,060750117001013,060750117001031,060750179021026,060750105001025,060750611001000,060750117001007,060750611001013,060750611001023,060750117001004,060750611001021,060750117002003,060750117002013,060750117001002,060750117001015,060750104004001,060750105001001,060750106002005,060750106002003,060750106002004,060750179021044,060750179021029,060750179021024,060750105002005,060750611001005,060750611001016,060750611001012,060750611001020,060750105002018,060750117001000,060750611001018,060750117001026,060750117002002,060750117002000,060750105002014,060750611001024,060750611001006,060750611001010,060750611001011,060750117001012,060750117002014,060750105002020,060750117001030,060750611001017,060750117001011,060750117002004,060750106001005,060750104004000,060750105001026,060750611001009,060750611001019,060750611001022,060750117001010,060750105002009,060750105002011,060750117001014,060750179021036,060750179021014,060750117002023,060750105002015,060750117001001,060750179021034,060750179021027,060750179021013,060750179021035,060750105002016,060750105001019,060750179021043,060750105001021,060750105002001,060750611001007,060750611001015,060750117001008,060750105002010,060750105002017,060750106001006,060750105002007
060750263023018,060750263023008,060750263012018,060750263013010,060750263032003,060750263021011,060750263022009,060750263023020,060750263013003,060750263023007,060750263012011,060750263013000,060750263023014,060750605023006,060750263032009,060750263032006,060750263032019,060750605023010,060750263022013,060750605023007,060750263023019,060750263023017,060750263032015,060750263013004,060750263021002,060750263021006,060750263012008,060750263023006,060750263023021,060750263013002,060750263012004,060750263021003,060750263012005,060750263031000,060750263012014,060750263013006,060750263012001,060750263013008,060750263021001,060750263012007,060750263012012,060750263013009,060750263013007,060750263021012,060750263021004,060750263032014,060750263022011,060750263012003,060750263031006,060750263032007,060750263013001,060750263032000,060750263012006,060750263021007,060750263031001,060750263032012,060750605023009,060750263022008,060750263022010,060750263023015,060750263012000,060750263032013,060750263021005,060750263022005,060750263032016,060750263022001,060750263022003,060750263023005,060750263031005,060750263023009,060750263012002,060750605023008,060750263032017,060750263032008,060750263012009,060750263022002,060750263022007,060750263032004,060750263032010,060750263012016,060750263013005,060750263032001,060750263032002,060750263021010,060750263022012,060750263023013,060750263023022,060750263023011,060750263023012,060750263023016,060750263012010,060750263012013,060750263012015,060750263021009,060750263021008,060750263022004,060750263012017,060750263032005,060750263022006,060750263022000,060750263023010,060750263032011
060750260031009,060750260031005,060750260032009,060750263023001,060750260031004,060750260032008,060750260012002,060750260012004,060750260041018,060750260042000,060750260032000,060750260042006,060750260032012,060750260031001,060750260031002,060750260031003,060750263023002,060750260031010,060750260031008,060750260031007,060750260031006,060750260032002,060750260032007,060759805011007,060750263023003,060750260012003,060750260012008,060750260041005,060750260012007,060750260042003,060750263021000,060750260012009,060750260041004,060750260041007,060750260042005,060750260042002,060750260012006,060750260032013,060750263011001,060750260042009,060750263011000,060750260031000,060750260041006,060750260042007,060750260042008,060750260032003,060750260032005,060750263011002,060750263023000,060750260032006,060750260031011,060750260032001,060750260041017,060750263011006,060750263011005,060750263011004,060750260042004,060750263011003,060750260042010,060759805011008,060750260032011,060750260032010,060750260032004,060750260012005,060750260042001,060750260042011,060750260011012
060750352012001,060759803001028,060750352021010,060750352022003,060750352021004,060750352021000,060750351003006,060750351003000,060750352013004,060750352015000,060750351005004,060750352012002,060750351002001,060750351003001,060750352013001,060750351005006,060750351006004,060750351006000,060750351001004,060750351001001,060750351001008,060750352021007,060750351005000,060750352021012,060750352021011,060750352021008,060750352023002,060750352022001,060750351002005,060750351001010,060750351001014,060750352014002,060750327007006,060750351001012,060750352023005,060750351001013,060750352014001,060750351001007,060750351004004,060750351006003,060750352022006,060750351001009,060750352021005,060750352021009,060750351001003,060750352021003,060750351001005,060750351004001,060750352013005,060750352015002,060750352015001,060750351006006,060750351004006,060750351002000,060750352015005,060750352013002,060750351005003,060750352012003,060750352021006,060750352023006,060750352022002,060750352014003,060750352021002,060750351001011,060750352023003,060759803001029,060750352023000,060750351002006,060750351004005,060750351002002,060750351004003,060750351003002,060750352022005,060750352022004,060750352023001,060750352014000,060750351002004,060750352014005,060750352023004,060750351004002,060750351006005,060750351005002,060750351003005,060750351001002,060750351003003,060750351001000,060750352015004,060750352014004,060750352022000,060750351004000,060750351003004,060750351002003,060750352013003,060750352013000,060750351005005,060750351005001,060750351006002,060750352015003,060750351006001,060759803001061,060750351001006,060750327007011,060750352021001,060750327006009,060750327006008
060750326011010,060750327006000,060750329011001,060750326011014,060750329011009,060750326021000,060750329023009,060750327007007,060750327003005,060750327003002,060750327002001,060750327007010,060750327002005,060750327006002,060750327004005,060750329022007,060750329021005,060750327006006,060750329021008,060750327005004,060750327005003,060750327004000,060750329022004,060750329023008,060750329012006,060750329011003,060750329013005,060750327005000,060750326021011,060750329013007,060750329021001,060750329022002,060750328021004,060750329013003,060750326021005,060750329021003,060750329012008,060750329023005,060750329021002,060750329023000,060750329011002,060750327006005,060750327006004,060750327001010,060750327003004,060750327003003,060750327002002,060750327001002,060750327002000,060750329021007,060750329022008,060750327004002,060750329023007,060750329012007,060750329013008,060750329021000,060750329022000,060750328023007,060750328021003,060750327007009,060750327002003,060750327001004,060750327001001,060750326021002,060750329012005,060750329013006,060750329012003,060750329013004,060750329023002,060750328023004,060750327001011,060750327007005,060750328023003,060750327003000,060750326021009,060750329021004,060750329023006,060750326023005,060750328021002,060750326021003,060750327001000,060750329022003,060750327005002,060750329023001,060750326021010,060750329011000,060750329013009,060750327007003,060750326011004,060750327001005,060750327007014,060750328023002,060759803001030,060750327007000,060750327007004,060759803001035,060750327001007,060750329022009,060750327001009,060759803001063,060759803001062,060750327007002,060750327007008,060750327006001,060750327001008,060750327001006,060750327002004,060750327004004,060759803001033,060750327004001,060750326021006,060750329022005,060750329011008,060750329011005,060750329011004,060750327005005,060750326011012,060750327001003,060750329012004,060750327005001,060750329022001,060750326023006,060750329021006,060759803001014,060750327007001,060750327006003,060759803001065,060759803001032,060759803001034,060759803001013,060759803001064,060750327007012,060750327007013,060750327004003,060750327006007,060750327003001,060750329022006,060750329011007,060750329011006,060750329023004,060750329023003,060750328023005,060750328023006,060750329021009
060750478021000,060750478013007,060750478011002,060750479021008,060750479022001,060750479015004,060750479012014,060750479023008,060750479014000,060750478022002,060750479012005,060750479022009,060750479023006,060750478023009,060750479012004,060750478012000,060750478011004,060750478021008,060759802001004,060750478023003,060750479022010,060750479012008,060750478021001,060750478012001,060750478023002,060750478023001,060750478013002,060750478011003,060750478023005,060750478013004,060759803001016,060759802001002,060750479012010,060750479022000,060750479022005,060750479015001,060750479013004,060750479021002,060759803001020,060750479022006,060750479023007,060759803001021,060750479012006,060750478023007,060750478021005,060750478023000,060759803001027,060750479022012,060750479022011,060750479012015,060750479012002,060750479012011,060750479012012,060750479014005,060750479011000,060759803001019,060750479021005,060750479021004,060759802001001,060750479012007,060750479013005,060750479011004,060750479014002,060750478023004,060750479022002,060750479022007,060750479014006,060750479013007,060750479014004,060750478021006,060750478022003,060750478022004,060750478022000,060759803001026,060750352012000,060750352021013,060759803001072,060750479012016,060750479012009,060750479021000,060750479022003,060750479013000,060750479023005,060750478013009,060750479021007,060750479021003,060750479022004,060750479015002,060750479015000,060750479023001,060750479011002,060750479023000,060750478021003,060750478021004,060750478021007,060750479011003,060750479014003,060750479011005,060759803001015,060759802001003,060759803001025,060750479023004,060750478023006,060759803001017,060750479014001,060750478022005,060750479013001,060750479013002,060759803001024,060750479015003,060750479013006,060750479023002,060750478012003,060759803001018,060750479021006,060759803001022,060750479021001,060750479021009,060750479022008,060750479015007,060750479015005,060750479015006,060750479012013,060750479013003,060750479023003,060750479011001,060750478023008,060750478023010,060750478022001,060750478012002,060750478013011,060750478011001,060750478021002,060750478012004,060750478012005,060750478011005,060750478013010,060759803001031,060750479012003
060750354001002,060750354001010,060750354002007,060750351007002,060750351007008,060750353001009,060750353001008,060750353001005,060750354002001,060750353006000,060750353006003,060750353001001,060750353001000,060750353001004,060750353001003,060750353001002,060750352012006,060750354001001,060750353006004,060750353001007,060750352011004,060750352011002,060750352012009,060750354002003,060750354002004,060750351007006,060750351007005,060750351007007,060750353001010,060750353001006,060750352011003,060750354001000,060750354002000,060750351007003,060750352012010,060750353006005,060750352011001,060750352012005,060750354002002,060750352011000,060750354002005,060750351007000,060750354001004,060750352012008,060750353006001,060750354002006,060750351007001,060750352011005,060750354001009,060750352012007,060750351007004,060750353006002
060750330006009,060750353004000,060750353002004,060750353005006,060750353003006,060750353003007,060750604001008,060750354004002,060750604001007,060750353006006,060750353002001,060750353004001,060750331003014,060750330004019,060750354005011,060750604001037,060750353005000,060750353005003,060750604001011,060750604001015,060750354001012,060750354001011,060750354003002,060750354004000,060750354005008,060750354005009,060750353002000,060750353002007,060750353003001,060750353003000,060750331003005,060750353003009,060750353005002,060750354005000,060750353005004,060750353004004,060750353003002,060750331003001,060750604001019,060750331004028,060750353003003,060750353004005,060750353004006,060750331003017,060750353002009,060750353003008,060750331003006,060750604001033,060750604001020,060750331003016,060750354003005,060750331003007,060750354001003,060750354001007,060750353004007,060750604001014,060750604001029,060750604001002,060750604001003,060750331003015,060750604001004,060750331003010,060750604001036,060750604001012,060750354001005,060750354004003,060750354005005,060750354005001,060750354004007,060750604001006,060750604001001,060750354003000,060750354004004,060750354005006,060750354005003,060750331003012,060750353002003,060750353005005,060750604001032,060750331003013,060750604001018,060750331003009,060750354003004,060750354003006,060750604001013,060750354004005,060750353005001,060750331004029,060750331004032,060750353002006,060750353004003,060750604001005,060750604001021,060750331003003,060750353003004,060750353003005,060750353004002,060750354004008,060750354005002,060750354004006,060750353002008,060750604001016,060750354003001,060750354003007,060750354005007,060750354001006,060750604001010,060750604001009,060750604001039,060750331003004,060750353002002,060750353002005,060750354005010,060750354002008,060750354003003,060750354004001,060750354005004,060750353006007,060750331003002,060750604001000
060750329014001,060750330006000,060750330003006,060750328011004,060750328011006,060750329012001,060750329014008,060750329014005,060750330002005,060750331004002,060750330004014,060750330004004,060750331004000,060750308004010,060750304004006,060750329013001,060750331001007,060750331001000,060750308004011,060750330006006,060750330006005,060750330004018,060750330004011,060750308005014,060750330004002,060750329014006,060750330005005,060750330006007,060750330004012,060750330004010,060750330004007,060750329012000,060750329013000,060750330005008,060750353004008,060750330001007,060750331001004,060750330004003,060750330004020,060750330004021,060750329013002,060750328013003,060750330005007,060750330005006,060750330004016,060750330004015,060750330005004,060750329014002,060750329014000,060750330004005,060750328011003,060750328011005,060750328012004,060750330002007,060750330006003,060750330006002,060750328012007,060750330002008,060750330003010,060750329012002,060750328013004,060750328013005,060750330004009,060750331002000,060750330003009,060750330001008,060750330004008,060750329014003,060750330003001,060750330005001,060750328012006,060750330003007,060750328012002,060750330001006,060750330002000,060750328013006,060750330006008,060750330004017,060750330002001,060750330001000,060750328013001,060750328013008,060750328011007,060750330005002,060750330005000,060750330006001,060750330001005,060750328013000,060750330002006,060750329014009,060750330003000,060750308005009,060750328012000,060750331004007,060750330004013,060750330005009,060750331004015,060750330001003,060750330004001,060750330002004,060750330002003,060750330003002,060750330005003,060750330004006,060750328013007,060750328011008,060750330003004,060750328012005,060750328012003,060750328012001,060750330001004,060750330003005,060750330001002,060750330002002,060750330003003,060750330001001,060750330004000,060750328013002,060750329014007,060750329014004,060750330004022,060750330003008,060750330006004
060750261002007,060750262003003,060750262005014,060750262005011,060750263032018,060750263031011,060750262003004,060750262004001,060750262004008,060750261002023,060750262001013,060750261004018,060750261003009,060750261003017,060750261003016,060750262001001,060750263031007,060750261002015,060750262004004,060750262004016,060750262005003,060750262005017,060750262003001,060750261004019,060750262005016,060750261003014,060750262004014,060750262005009,060750262004000,060750262005005,060750262004002,060750262005019,060750262004015,060750262004009,060750263031003,060750262001000,060750262004007,060750261004011,060750262002002,060750262002000,060750262003002,060750262003012,060750263031010,060750262004012,060750261002026,060750261003002,060750261002009,060750262003008,060750262003011,060750262005007,060750262005015,060750262005020,060750262004006,060750262004003,060750262004013,060750261003013,060750262002004,060750262001002,060750262005002,060750262005000,060750261003012,060750261003007,060750261003011,060750262002003,060750262001011,060750262002010,060750262001007,060750263031002,060750261002008,060750262002006,060750262005008,060750261004017,060750261004016,060750262003006,060750262003010,060750263031013,060750261002018,060750261002004,060750262001012,060750261002006,060750262001005,060750262003009,060750262004010,060750261003001,060750261002019,060750261002022,060750261002016,060750262005004,060750262005010,060750262004011,060750262005006,060750262005013,060750262003013,060750262001014,060750262003005,060750261003015,060750261002010,060750261003008,060750262002001,060750262001010,060750263031009,060750261003010,060750261002012,060750263031008,060750262001009,060750262002007,060750262004005,060750261002005,060750263031012,060750261003006,060750261003003,060750261003005,060750262002005,060750262002008,060750262005012,060750262003007,060750261002017,060750261002013,060750262003000,060750261002014,060750262005018,060750261002024,060750261002025,060750263031004,060750262005001,060750262001003,060750262001004,060750262001006,060750261002011,060750262002009,060750262001008
060750261001004,060750261002021,060750261002002,060750261002020,060750260041016,060750263011008,060750255006002,060750260011000,060750255006008,060750255006025,060750261004012,060750261004022,060750261004004,060750261002001,060750260011008,060750255006006,060750261004009,060750261004010,060750255006024,060750255006026,060750255005003,060750261004013,060750255006014,060750255003004,060750255006005,060750261004014,060750261004015,060750261004021,060750255006019,060750255004000,060750255004006,060750255006016,060750261004006,060750260041015,060750260041001,060750261003004,060750261004007,060750255003007,060750260041002,060750255006013,060750255005001,060750255006027,060750255006018,060750255003009,060750261004023,060750261004020,060750255006023,060750255006020,060750260041014,060750255006028,060750260041010,060750261001009,060750261004001,060750255005010,060750255005004,060750255004004,060750255004008,060750261001001,060750260041000,060750260012010,060750261002000,060750260041013,060750255005000,060750255006030,060750261004002,060750255005009,060750255006032,060750261001007,060750255003006,060750261002003,060750261003000,060750255005005,060750261001006,060750260041003,060750255006017,060750261004005,060750261004000,060750261001005,060750255006010,060750260011003,060750255004005,060750255006011,060750260012000,060750255006022,060750255006021,060750255004002,060750261001010,060750255006029,060750255005008,060750261004003,060750255006031,060750261004008,060750255003002,060750255003003,060750260011004,060750255003005,060750255004003,060750255006012,060750255006015,060750260041012,060750261001003,060750261004024,060750260041011,060750255006003,060750255006007,060750261001011,060750263011007,060750260041009,060750255006004,060750260011005,060750260012001,060750260011006,060750260041008,060750260012011,060750261001000,060750260011002,060750260011007,060750260011001,060750255005007,060750255005002,060750255005006,060750261001008,060750255004001,060750255004007,060750261001002,060750261001012
060750326012000,060750326013000,060750326023003,060750328022002,060750328021007,060750328011002,060750328011001,060750302023003,060750326011006,060750302011009,060750326022005,060750326012007,060750326013004,060750302021007,060750302021005,060750302023006,060750302023004,060750302011010,060750302013010,060750302012004,060750302011006,060750302012003,060750302021009,060750326022007,060750326011005,060750326011002,060750302011001,060750302011004,060750302012001,060750303011007,060750302023007,060750326013006,060750326012005,060750326021004,060750326013005,060750326011003,060750326022003,060750302013002,060750328022006,060750328022005,060750326011009,060750326011007,060750326022006,060750326013002,060750326022001,060750303011006,060750302021008,060750326011013,060750328021005,060750326023000,060750326023004,060750328023001,060750328021000,060750326023002,060750328022000,060750326022002,060750326011008,060750302013000,060750303011004,060750326012006,060750326011011,060750328023000,060750302013011,060750328021001,060750328022003,060750328022007,060750303021012,060750328022001,060750328022008,060750328021008,060750303011008,060750303011011,060750303011010,060750302021004,060750302023005,060750326012004,060750326013003,060750302012005,060750326022000,060750302011008,060750302013006,060750302013004,060750302013009,060750302011011,060750302011000,060750302021010,060750302013003,060750302011003,060750302023009,060750302013005,060750326023001,060750328021006,060750328022004,060750328011000,060750326011000,060750326011001,060750302013007,060750302011007,060750302011005,060750302022005,060750302023008,060750302021003,060750302022002,060750326021001,060750326021007,060750326021008,060750326012003,060750326012002,060750326012001,060750326013001,060750302011002,060750303011005,060750326022004,060750326013007,060750302013008,060750302021006,060750302022004,060750302022003,060750302012000,060750302013001,060750302012002,060750302023002
060750477021004,060750477021003,060750477023002,060750477022003,060750476001005,060750476002004,060750476002003,060750476003004,060750476003001,060750476004002,060750476001013,060750477022000,060750476003006,060750476004005,060759803001011,060750476002000,060750476001010,060750476001012,060750477012001,060750477012004,060750477023000,060750477022005,060750476002001,060750476004001,060750477012007,060750476001007,060750476004004,060750476004003,060750476004007,060750478013006,060750477013004,060750477011004,060750477021002,060750477012006,060750477012005,060750476002005,060750476001009,060750477022002,060750477022001,060750477022004,060750476004006,060759803001012,060750478013005,060750477011010,060750477013000,060750477011009,060750477011005,060750477012002,060750476001011,060750476001003,060750476003007,060750477011003,060750477011000,060750476001001,060750477011007,060750476004000,060750478013001,060750477011002,060750476002006,060750476003002,060750476003005,060750476002002,060750476003003,060750477011008,060750477011006,060750478011000,060750477013005,060750477013003,060750477013002,060750477021005,060750477023005,060750477023004,060750477013001,060750477021001,060750477011001,060750476003000,060750477023003,060750477023001,060750477021000
060750601001031,060750601001178,060750601001020,060750426021003,060750428002007,060750601001022,060750476001000,060750476001006,060750601001162,060750427002005,060750427002000,060750477012000,060750601001187,060750428002013,060750478013003,060750426011003,060750426011006,060750426021004,060750427002006,060750427002004,060750426011005,060750426021005,060750426021001,060750476001008,060750426023000,060750601001012,060750601001036,060750428002004,060750477012008,060750601001176,060750601001169,060750601001029,060750601001160,060750601001044,060750601001163,060750601001161,060750601001166,060750428002003,060750601001024,060750428002011,060750601001021,060750428003006,060750426022004,060750426022002,060750426023002,060750428003002,060750601001183,060750428002006,060750428001008,060750428002010,060750428001001,060750427003000,060750601001026,060750428001006,060750427001000,060750601001013,060750426012002,060750426012001,060750601001177,060750426023001,060750601001010,060750428001009,060750428001003,060750427001001,060750601001025,060750601001014,060750601001172,060750426022006,060750476001014,060750478013000,060750477011011,060750476001004,060750426021000,060750601001173,060750601001170,060750601001032,060750601001033,060750426011001,060750426011000,060750428003003,060750428003001,060750601001035,060750428001002,060750601001023,060750601001030,060750426022003,060750428003004,060750426023003,060750426022001,060750427003006,060750428001005,060750428001010,060750428002002,060750428002005,060750428003008,060750601001028,060750426022000,060750601001165,060750428001004,060750428002008,060750428001000,060750427001003,060750427001004,060750601001015,060750601001034,060750601001027,060750426012006,060750426023005,060750426023006,060750601001011,060750601001171,060750601001045,060750428003007,060750426012003,060750428003005,060750426012005,060750601001167,060750426023004,060750428002001,060750427003004,060750427003003,060750427003002,060750427002003,060750601001179,060750428002014,060750428001007,060750427002001,060750601001042,060750427003005,060750428002012,060750427001002,060750427001005,060750601001046,060750601001125,060750601001043,060750426012004,060750426012007,060750426012000,060750426022005,060750426021002,060750426021006,060750427002002,060750426011002,060750478013008,060750478013012,060750477012003,060750428003000,060750601001164,060750601001168,060750601001126,060750427003007,060750427003008,060750428002009,060750427003001,060750426011004
060750302021002,060759803001037,060759803001038,060759803001059,060759803001058,060759803001045,060759803001070,060759803001040,060759803001056,060750302021000,060750301013001,060750301011000,060750301021002,060750166004002,060750171023005,060750171021000,060750171013005,060750171022004,060750171021006,060750171022000,060750301023001,060750301023000,060759803001047,060750166003005,060750166004004,060759803001053,060750171021005,060750171012006,060759803001049,060750301021000,060759803001004,060759803001050,060750301012003,060750301012004,060750301013000,060759803001069,060750301012007,060750301011003,060750301011004,060750166003003,060759803001067,060750171023006,060750171021004,060750166003004,060750166002005,060750171021001,060750171022005,060750301023003,060759803001073,060759803001071,060750171023003,060750301011005,060750171023001,060759803001066,060759803001048,060759803001003,060759803001054,060759803001039,060759803001057,060759803001055,060750301013003,060759803001001,060759803001009,060750171011004,060750171011003,060750171022001,060750171022006,060750301023002,060750166003001,060750171021003,060750171022002,060750171022003,060750171023002,060750171012005,060759803001060,060759803001007,060759803001043,060750302022001,060750301013002,060750301014001,060750301012005,060759803001041,060750301011002,060750301021001,060759803001005,060750302021001,060750301013007,060750301012006,060750301011001,060759803001068,060750301014002,060750301012000,060759803001010,060759803001052,060759803001008,060759803001002,060750166003000,060750166002004,060759803001044,060750301023004,060759803001046,060759803001051,060750302022000,060750301013006,060750166003002,060750171023004,060750166004003,060750166002003,060750171023000,060750171021002,060750166004001,060750171013004,060750171012007,060750301023005,060759803001036,060750301013005,060750301014000,060759803001006,060759803001042,060750301012001,060750301012002,060750301013004
060750309007019,060750310003008,060750310003016,060750309002003,060750309003014,060750309003022,060750313011003,060750309003021,060750309003007,060750309003010,060750309003006,060750312013003,060750309003015,060750309002017,060750313011004,060750309003018,060750309003011,060750313011000,060750309005016,060750309005009,060750309002005,060750309002012,060750309002016,060750309003016,060750310003015,060750309004008,060750310002011,060750309003002,060750309002010,060750309002020,060750309002015,060750309003004,060750309003000,060750309006008,060750309006004,060750309004027,060750309004003,060750309005010,060750310003009,060750310003006,060750312013001,060750312013004,060750310003020,060750310002027,060750312014001,060750312014000,060750309004001,060750309006006,060750309005007,060750309006002,060750310002001,060750309005020,060750309005021,060750309004011,060750309002006,060750309004019,060750309004028,060750309007003,060750309007011,060750310002021,060750313011007,060750310003004,060750309005012,060750312012007,060750313013002,060750312013002,060750313013004,060750309005015,060750309004002,060750310003018,060750309004013,060750309002018,060750313011001,060750309004005,060750309003003,060750309004015,060750312013008,060750309003008,060750310003013,060750310002025,060750313013000,060750313013001,060750310001014,060750310003010,060750310003012,060750313013003,060750310003017,060750309002013,060750309003023,060750309003019,060750309002004,060750310002017,060750309002001,060750309004012,060750309002007,060750309003020,060750309003013,060750313011002,060750309002019,060750309006011,060750310002009,060750313012007,060750309004000,060750309002008,060750310002000,060750310002008,060750310003011,060750310003014,060750309003024,060750312012009,060750309006018,060750309005008,060750309006012,060750313011006,060750309004026,060750309006001,060750309006007,060750332011012,060750309005018,060750309005019,060750309006017,060750312013000,060750311003012,060750309007002,060750309004006,060750309006015,060750309006013,060750310003000,060750310003019,060750312013005,060750309002009,060750309002011,060750309004017,060750309002014,060750310002007,060750310002018,060750312014002,060750312012010,060750309004010,060750309007000,060750309007010,060750309004024,060750310002003,060750310002016,060750309006003,060750310002020,060750310002022,060750310002024,060750309006005,060750310003001,060750310002002,060750310003007,060750309003012,060750312013006,060750309004025,060750312013007,060750309006010,060750309006016,060750309004022,060750309007012,060750309004009,060750310002019,060750312012011,060750309004007,060750309007001,060750309007015,060750309007009,060750309007014,060750309007007,060750309007013,060750309007004,060750309006014,060750310002010,060750310002005,060750310002015,060750310002014,060750311004010,060750309007018,060750309007008,060750309007005,060750309004021,060750309004020,060750313011005,060750309003001,060750309004018,060750312012008,060750309003005,060750309007006,060750310002030,060750310002026,060750310003002,060750309004016,060750309007020,060750309004004,060750310002023,060750309007016,060750310002029,060750310002028,060750309004023,060750309003009,060750309005011,060750309003017,060750309004014
060750216002003,060750217001000,060750307002003,060750217001014,060750216002009,060750308002001,060750309001007,060750307003018,060750216002007,060750307001005,060750310003005,060750217002012,060750309001015,060750309005004,060750308003016,060750309005017,060750310001007,060750216002006,060750307003006,060750217001009,060750216002008,060750217001013,060750216002012,060750217001003,060750309002000,060750309001014,060750309001006,060750307001002,060750216002004,060750310001013,060750309005014,060750308002006,060750310002006,060750308003009,060750309001016,060750310001005,060750216002011,060750308003011,060750309005005,060750309005001,060750306002011,060750309001009,060750307001029,060750309005013,060750309001002,060750310002004,060750307001010,060750308003015,060750308002007,060750308003008,060750308003012,060750308003017,060750309001013,060750309001004,060750310003003,060750309002002,060750309001003,060750308002002,060750217001005,060750307001014,060750307001026,060750310001004,060750308002012,060750309001012,060750307003011,060750306002017,060750308002009,060750306002009,060750306002003,060750307003012,060750309005003,060750309005002,060750308002005,060750310001015,060750308003006,060750308003013,060750308003010,060750309005000,060750307003010,060750307001022,060750307001017,060750307001020,060750306002006,060750306002002,060750307001006,060750307001003,060750307001012,060750310001001,060750307003016,060750307003003,060750307001018,060750307001019,060750307003004,060750309001000,060750309001011,060750307003013,060750306002007,060750307003000,060750307001021,060750309001017,060750309005006,060750309001008,060750308002004,060750307001015,060750307001013,060750307003015,060750306002005,060750308003014,060750309001005,060750309001001,060750310001009,060750308002010,060750306002012,060750307001004,060750306002004,060750307003009,060750307003002,060750307002012,060750307001025,060750309001010,060750308002011,060750310001002,060750310001006,060750307001023,060750307001027,060750310001008,060750310001012,060750307001001,060750310001000,060750307003001,060750307002013,060750310001011,060750217001012,060750216002010,060750216002013,060750307002002,060750307001007,060750217001008,060750307001008,060750216002005,060750217001010,060750306002001,060750217001011,060750217002008,060750217001002,060750216002002,060750307002001,060750310001003,060750310001010,060750307001016,060750307003017,060750307001024,060750308002008,060750307001000,060750217002011,060750217001007,060750307001009,060750307001011,060750307001028,060750217001004,060750217003011,060750307002000,060750306002018,060750307003014,060750308003018
060750304001006,060750304003005,060750304002007,060750306001006,060750308004003,060750304001018,060750304001017,060750308001003,060750304005005,060750306001002,060750306001010,060750308001001,060750308001005,060750308001000,060750308001007,060750308001008,060750306003003,060750306001008,060750309006000,060750306003015,060750308001015,060750308002000,060750308003001,060750306002000,060750306003008,060750304004000,060750308004013,060750308004014,060750308004008,060750304002012,060750304003012,060750304002004,060750308001014,060750306003012,060750304003010,060750306002008,060750304003011,060750303022001,060750304003000,060750304002000,060750304002002,060750304001009,060750308003019,060750308003004,060750304005006,060750304001004,060750304002005,060750303022012,060750304001002,060750308004006,060750308004001,060750308001009,060750304002010,060750306003002,060750304002009,060750304003007,060750304001010,060750306001007,060750308004007,060750308001006,060750306002016,060750306001009,060750308003007,060750308001017,060750306001001,060750306002010,060750308004009,060750308005003,060750304001008,060750308002003,060750306002014,060750304004005,060750306001004,060750308001011,060750304003002,060750304001001,060750304001020,060750304001014,060750308004002,060750308003002,060750308003005,060750308001013,060750304001021,060750308005002,060750308005001,060750308005000,060750304001019,060750308001010,060750308001002,060750306003007,060750308001012,060750306003006,060750306003009,060750306003000,060750306001000,060750304001016,060750306003016,060750304001007,060750304002001,060750306001019,060750306003013,060750306003001,060750304002013,060750304002003,060750304004003,060750308005005,060750308005012,060750303022000,060750304003004,060750306003005,060750304001022,060750308001004,060750304005002,060750308005006,060750304005001,060750308004005,060750308005010,060750304005003,060750304003009,060750304003008,060750304004001,060750306001005,060750304003006,060750304004002,060750306001003,060750308005004,060750308005008,060750306001013,060750308004012,060750308003000,060750306002015,060750304001012,060750308001016,060750304005000,060750308005007,060750308005013,060750308004015,060750308004004,060750304004004,060750306003004,060750306001017,060750306001014,060750306003014,060750308003003,060750304005004,060750308005011,060750304002008,060750306002013,060750304003001,060750304001003,060750304003003,060750306001012,060750304002006,060750304001011,060750304001015,060750304002011,060750308004000,060750306003010,060750306003011
060750303023000,060750303023008,060750204022017,060750204011015,060750204022010,060750204022008,060750204022009,060750305001001,060750303023006,060750303014008,060750303023013,060750303023014,060750303014016,060750301022004,060750301022007,060750301021014,060750301021008,060750204012006,060750204021007,060750301023013,060750305001003,060750305002003,060750204012005,060750303014004,060750301022010,060750301023010,060750204021003,060750204012001,060750303022011,060750303014012,060750303014015,060750305001005,060750301023006,060750301021005,060750303012007,060750306001018,060750303013004,060750301021011,060750303011002,060750303021003,060750303021000,060750303014007,060750303014009,060750304001000,060750303012000,060750301014004,060750303013003,060750303013007,060750303013009,060750303022009,060750301022014,060750305001010,060750306001015,060750303013000,060750303022006,060750301022011,060750305003001,060750303022003,060750303013006,060750303013008,060750301022013,060750301022008,060750301023011,060750204011000,060750204021001,060750204011003,060750301023009,060750212002005,060750305001011,060750204021011,060750306001016,060750303021009,060750303023005,060750303023009,060750303013005,060750305001006,060750301023007,060750204022012,060750304001013,060750217001006,060750303011003,060750303022002,060750303022007,060750301021004,060750301022012,060750305001004,060750301022005,060750303021011,060750303014003,060750303023017,060750301022003,060750305001008,060750303014002,060750303014005,060750303014011,060750303014010,060750303023004,060750303023003,060750303014014,060750303023015,060750306001011,060750304001005,060750303013001,060750303022008,060750303013011,060750204012000,060750204022014,060750204012007,060750301021009,060750303022010,060750305001000,060750305002002,060750305003002,060750305002000,060750204012003,060750305002005,060750305002006,060750305002001,060750204021006,060750303021010,060750303011013,060750303021013,060750303023007,060750303021002,060750303014001,060750204012004,060750204022015,060750301022009,060750303011012,060750303023012,060750303021006,060750301022001,060750301022000,060750303011009,060750303021007,060750303021008,060750303023011,060750305003000,060750305001009,060750301023012,060750204021000,060750204021015,060750204021013,060750204021004,060750303014013,060750204011012,060750204021009,060750204021002,060750303022005,060750301022006,060750204022011,060750204021008,060750303023016,060750301023008,060750303021005,060750303021001,060750303014006,060750303023001,060750303012004,060750303012010,060750303023002,060750303023010,060750305003003,060750305002004,060750305002007,060750301021003,060750306001020,060750301021013,060750303012003,060750303012008,060750303011000,060750303012001,060750204021012,060750303011001,060750301022002,060750305001007,060750204012009,060750204022013,060750305001002,060750303013010,060750204021005,060750204022016,060750303021014,060750303021004,060750303014000,060750303022004,060750303013002,060750204012002,060750213002006,060750301021012,060750301021006,060750302023000,060750303012002,060750301021007,060750303012009,060750204012008,060750204021010,060750303012005,060750302023001,060750303012006,060750301014003,060750301021010
060750205003004,060750211004001,060750211004002,060750206002001,060750208004006,060750204011011,060750212003001,060750206003000,060750206001011,060750204011009,060750204011010,060750204022003,060750207001007,060750206002007,060750207003003,060750206003003,060750211001002,060750204011013,060750207002004,060750210001003,060750206002002,060750206002006,060750206001010,060750207002009,060750204011004,060750204013015,060750205001008,060750209004001,060750207002010,060750210001006,060750206002005,060750212001000,060750206003005,060750211003001,060750211004003,060750212001001,060750212001005,060750211004005,060750211004004,060750211003000,060750206002009,060750206002008,060750206002004,060750204022001,060750207003005,060750210001005,060750210001002,060750207003006,060750208004002,060750207002005,060750207002001,060750205001010,060750211001000,060750206001009,060750211001009,060750207003001,060750210001007,060750207001009,060750207002008,060750207002002,060750204011007,060750204013014,060750206001007,060750204013008,060750205003001,060750205002005,060750206004004,060750206001005,060750206001004,060750207002003,060750204013011,060750204022002,060750205003002,060750204022005,060750212001004,060750205003003,060750212001002,060750204011006,060750205002000,060750206001013,060750205003005,060750206002003,060750206003004,060750211004000,060750205002004,060750206003001,060750204013010,060750204011008,060750207002000,060750206004005,060750204013013,060750205002002,060750207001010,060750211001007,060750208004003,060750204013009,060750205002003,060750205001006,060750205001007,060750205002001,060750205003000,060750211001008,060750211001003,060750211001001,060750211001004,060750207003004,060750210001001,060750207002007,060750210001000,060750211001005,060750207002006,060750210001004,060750207003000,060750209004000,060750204022000,060750204013017,060750204022007,060750206001003,060750207001008,060750207001011,060750208003003,060750204013007,060750204013016,060750206004003,060750206003002,060750206002000,060750207003002,060750206004007,060750206001008,060750207001006,060750208003002,060750208003005,060750204011014,060750204022004,060750204022006,060750211001006,060750208003004,060750208003001,060750212003002,060750212003000
060750209004003,060750210002006,060750229012007,060750210002002,060750210003000,060750210002001,060750209004004,060750209001001,060750229013001,060750229012002,060750210003002,060750229012009,060750209001000,060750209001007,060750209001006,060750228031007,060750209002005,060750229013003,060750229022003,060750209001003,060750228031006,060750209001005,060750209002003,060750209002004,060750229012004,060750229012008,060750228033004,060750229021003,060750229022002,060750229012010,060750229011005,060750209002002,060750209002001,060750229012001,060750228031004,060750228031005,060750229011003,060750229011004,060750209001004,060750229011000,060750209004002,060750209001002,060750229011001,060750209002000,060750229013004,060750229021002,060750210002000,060750210003001,060750209004005,060750209004006,060750209004007,060750229011002,060750229012003,060750229013002,060750229013000,060750229013005,060750229012000,060750229012005,060750229012006
060750452001005,060750476001002,060750452003002,060750452004002,060750452003000,060750452004000,060750452004003,060750451003006,060750451002004,060750452001000,060750451003004,060750452002000,060750451003002,060750452005010,060750452005008,060750476002007,060750452003001,060750452005004,060750452004001,060750452005002,060750452005001,060750452001002,060750452003004,060750452004005,060750452002004,060750452001004,060750452003005,060750451003008,060750451002001,060750451002002,060750452001001,060750452004004,060750451003001,060750451002000,060750451002003,060750452003003,060750452005006,060750452005011,060750452002003,060750452002001,060750451002005,060750452001007,060750452001006,060750452003006,060750452002002,060750452002005,060750451003007
060750601001086,060750601001146,060750601001093,060750601001157,060750601001120,060750402003001,060750402002002,060750133004006,060750601001082,060750601001103,060750601001180,060750601001074,060750601001175,060750601001052,060750601001053,060750601001102,060750402002003,060750601001097,060750601001159,060750601001139,060750601001137,060750133001005,060750133003005,060750452005005,060750452005007,060750402004001,060750601001113,060750601001070,060750601001092,060750601001145,060750601001112,060750133005005,060750601001006,060750601001144,060750601001077,060750601001065,060750402004002,060750601001119,060750601001158,060750601001039,060750601001118,060750601001115,060750601001116,060750601001117,060750601001061,060750601001184,060750601001066,060750133004003,060750401001002,060750133005001,060750401001001,060750601001063,060750601001055,060750601001069,060750601001148,060750601001154,060750402002005,060750133001006,060750133002002,060750133002006,060750402002004,060750133004008,060750133004009,060750601001040,060750601001007,060750601001143,060750601001041,060750601001062,060750601001130,060750601001049,060750601001156,060750601001064,060750601001151,060750401001000,060750601001136,060750601001155,060750601001051,060750601001182,060750601001090,060750601001008,060750601001101,060750601001140,060750601001108,060750601001149,060750601001142,060750133001007,060750133002007,060750601001094,060750601001084,060750601001122,060750601001004,060750601001075,060750601001037,060750601001186,060750601001123,060750601001128,060750402004008,060750401004002,060750601001009,060750601001076,060750601001133,060750452005009,060750601001132,060750601001047,060750402004005,060750402001002,060750601001050,060750601001099,060750402004004,060750402004000,060750601001124,060750601001019,060750601001138,060750601001141,060750133004000,060750133005004,060750133003004,060750452005003,060750601001114,060750601001048,060750402004006,060750401001004,060750401001003,060750133005002,060750402001001,060750402004007,060750402003005,060750601001038,060750402003004,060750601001091,060750601001002,060750601001087,060750601001081,060750601001100,060750402003002,060750601001185,060750601001072,060750601001104,060750601001105,060750601001058,060750601001181,060750133004007,060750601001085,060750601001073,060750601001153,060750601001129,060750601001121,060750402004003,060750402001000,060750601001107,060750601001078,060750402002001,060750601001152,060750133003001,060750601001147,060750601001057,060750601001056,060750601001095,060750133004004,060750133005000,060750133004010,060750133004002,060750133001004,060750133004005,060750401001005,060750601001003,060750601001060,060750601001071,060750601001005,060750601001059,060750601001150,060750601001096,060750133001001,060750133001000,060750133002005,060750601001018,060750601001127,060750402003003,060750601001088,060750601001111,060750601001110,060750601001109,060750601001134,060750133001002,060750133001008,060750133003003,060750601001106,060750601001079,060750601001054,060750133005003,060750133004001,060750133002003,060750402001003,060750401004001,060750401004000,060750601001089,060750452005000,060750601001080,060750601001083,060750601001135,060750601001067,060750601001068,060750133003000,060750601001174,060750133002004,060750133002001,060750133003002,060750133002000,060750601001131,060750133001003,060750601001098
060750451001000,060750154003006,060750401003004,060750402001006,060750402001007,060750401004005,060750401003001,060750157003005,060750402001004,060750452001003,060750154003001,060750451003005,060750401003000,060750401004003,060750154005002,060750154005001,060750154004001,060750154005005,060750154003008,060750157003016,060750451001003,060750154004006,060750157003014,060750157003018,060750452001008,060750451003003,060750156003002,060750451003000,060750402002000,060750402001008,060750154005000,060750401002001,060750401002005,060750154005003,060750402003000,060750402001005,060750154004004,060750154001003,060750154003000,060750154005004,060750401002003,060750401004004,060750401002002,060750401003005,060750401002000,060750401002004,060750157003000,060750154003007,060750154004002,060750401003003,060750154005006,060750154005007,060750154003003,060750154001002,060750154003002,060750154004005,060750154003004,060750154004000,060750154003005,060750154004003,060750401003002
060750157001000,060750164001008,060750156003004,060750451001008,060750451001009,060750156001000,060750158012006,060750157004006,060750165004000,060750165004002,060750157001016,060750157004005,060750165004001,060750157003008,060750157002007,060750165002004,060750158012004,060750157001004,060750158012002,060750156001008,060750157003002,060750451001001,060750156001005,060750156003007,060750156001004,060750156002003,060750157003010,060750165004004,060750157004001,060750157004003,060750157002006,060750156002000,060750157003003,060750157003012,060750165003001,060750157004004,060750165004003,060750157001015,060750158012007,060750158012015,060750158022006,060750157002004,060750165001004,060750164002002,060750164002000,060750157003009,060750157004000,060750157004002,060750165003000,060750165002005,060750164001004,060750157001014,060750158012003,060750157001008,060750158012016,060750157001007,060750158012008,060750158021004,060750157002003,060750165001000,060750165001003,060750157001005,060750158012005,060759803001000,060750158022005,060750157001002,060750157001013,060750165003005,060750165003003,060750165002001,060750156001003,060750157001001,060750157001009,060750158021003,060750157002005,060750165001005,060750164002003,060750164002005,060750157001006,060750157001010,060750158012017,060750158021005,060750165001001,060750164002001,060750164002007,060750165002002,060750156003000,060750157003001,060750158012009,060750158012014,060750157002002,060750164002006,060750156001002,060750156001006,060750157003017,060750156003006,060750451001007,060750156003003,060750156001007,060750451001005,060750156001001,060750157003015,060750157003019,060750156002005,060750156002006,060750156002004,060750157003007,060750157001017,060750157003011,060750165003004,060750165002000,060750156002001,060750157001012,060750157001011,060750157002000,060750157002001,060750165001002,060750157003006,060750157003004,060750165003002,060750165002003,060750158022004,060750164002004,060750157001003,060750451001004,060750451001006,060750156002002,060750156003005,060750451001002,060750156003001,060750157003013
060750168021008,060750202001006,060750164001002,060750162003000,060750163002003,060750161002003,060750168011001,060750168011000,060750162001008,060750168012000,060750168013005,060750161002004,060750124022012,060750163001003,060750158022003,060750168021005,060750162002007,060750201001000,060750163001008,060750163001005,060750168013001,060750163002007,060750162003003,060750162001004,060750164001007,060750163003002,060750168021003,060750168021004,060750168021009,060750162002004,060750168021001,060750168012006,060750168012004,060750168012005,060750168022006,060750158022002,060750164001010,060750164001009,060750164001011,060750164001006,060750158022000,060750164001000,060750168022002,060750158022001,060750163002004,060750168022000,060750168013000,060750168013003,060750162003005,060750162002002,060750164001001,060750168021015,060750163003004,060750163003006,060750168011004,060750164001003,060750168023002,060750168021011,060750162001005,060750162001007,060750162001006,060750162002006,060750164001005,060750163002001,060750162002008,060750163001004,060750162003001,060750163002006,060750168022001,060750162001002,060750162002003,060750162002010,060750168023000,060750168023001,060750168021010,060750168012001,060750168013002,060750168011002,060750163003000,060750163003003,060750163001007,060750163001006,060750168021007,060750168021016,060750168021000,060750168021013,060750168021006,060750163001002,060750168011003,060750124022018,060750163001000,060750162001003,060750162003002,060750168023003,060750168021002,060750162002009,060750162002001,060750162002005,060750168021014,060750168011005,060750168012003,060750163002005,060750163002000,060750162002000,060750168013004,060750168022003,060750168022005,060750168022004,060750162003004,060750162003006,060750168023004,060750168021012,060750168012002,060750164001012,060750161002005,060750163003001,060750163003005,060750163003007,060750163001001,060750163002002
060750204011005,060750167002002,060750203003005,060750170002002,060750170003002,060750204013006,060750167002004,060750203001000,060750167003004,060750170002008,060750204013001,060750170002006,060750169002004,060750166004005,060750166002002,060750171011002,060750171012002,060750170002010,060750169001008,060750171012001,060750170003001,060750166004000,060750170002003,060750205001011,060750205001005,060750167004004,060750167001001,060750167001000,060750167001003,060750166002001,060750167004001,060750204013003,060750166001001,060750171012003,060750204011002,060750166001002,060750170002009,060750204013002,060750167002003,060750169002000,060750169001004,060750203001009,060750202001015,060750170003007,060750171013000,060750171012000,060750167003003,060750167004000,060750171011001,060750166001005,060750167004007,060750166001003,060750166001004,060750166002000,060750170003003,060750170003004,060750204013000,060750167003000,060750169002003,060750205001001,060750167004003,060750166001000,060750171013001,060750171013003,060750170003006,060750167004005,060750170002001,060750204013004,060750170002005,060750170001005,060750169001003,060750169001007,060750205001002,060750167004002,060750171011005,060750169001000,060750171012004,060750167001002,060750170003005,060750167002001,060750167001004,060750169002002,060750205001004,060750167003002,060750170001002,060750170001001,060750170001003,060750170001007,060750167001005,060750169001005,060750170002007,060750205001003,060750167002005,060750204013005,060750170001000,060750167002000,060750167003001,060750169001002,060750170002004,060750169001001,060750169001006,060750204011001,060750204013012,060750167003006,060750170001004,060750169002001,060750169002006,060750169002005,060750170003000,060750167004006,060750171013002,060750171011000,060750170002000,060750167003005,060750170001006
060750159002004,060750159002001,060750158011000,060750159001006,060750158021006,060750159001003,060750124022019,060750161002002,060750159002009,060750161003003,060750159001009,060750161003002,060750122021011,060750159001000,060750159001007,060750151002009,060750160001007,060750158021007,060750158013002,060750124022002,060750161004002,060750158021002,060750158012018,060750161003005,060750151002007,060750158013001,060750161004001,060750158011004,060750158011003,060750158013004,060750158012012,060750158012011,060750159002002,060750158013000,060750160001008,060750160001009,060750158021000,060750159002007,060750161002001,060750158012010,060750158021001,060750158013005,060750161004004,060750158011002,060750158012019,060750160001006,060750162001001,060750160001015,060750161004000,060750158012001,060750159002003,060750161004005,060750161002006,060750158012013,060750159002005,060750159001012,060750161003001,060750159001011,060750161001001,060750160001011,060750159001004,060750161003006,060750161002000,060750161004003,060750161003004,060750160001001,060750159001001,060750160001012,060750159002008,060750159001010,060750162001000,060750160001003,060750160001004,060750160001010,060750160001013,060750160001014,060750160001005,060750160001000,060750159002006,060750161004006,060750161001000,060750161003000,060750161003007,060750158011005,060750158011001,060750158013003,060750161001002,060750161001003,060750151002008,060750160001002,060750159001002
060750132003018,060750132003000,060750134003005,060750153002006,060750153002004,060750153002001,060750155003007,060750127003006,060750127001003,060750127001004,060750127002001,060750127002005,060750127003000,060750128004000,060750127001011,060750127003007,060750155002002,060750154002003,060750153002000,060750128002007,060750132003009,060750134003001,060750132003008,060750134003000,060750134001000,060750153002008,060750153002005,060750134003007,060750155003002,060750132003006,060750132003017,060750128002001,060750153001003,060750134003006,060750154001000,060750154002000,060750134002009,060750132002005,060750155002004,060750127001009,060750127001021,060750134001004,060750134001005,060750132003014,060750128002002,060750128002005,060750132003013,060750127002003,060750128004004,060750128003007,060750154002005,060750127001016,060750128003008,060750132003016,060750134003002,060750132003015,060750154001001,060750128001008,060750128002000,060750155003001,060750154002004,060750128002006,060750132003005,060750154002001,060750127001015,060750127001014,060750127001019,060750134002008,060750153002002,060750128004007,060750128003001,060750128001004,060750128003000,060750155003006,060750158012000,060750128003006,060750128004006,060750127001008,060750128002004,060750134003003,060750155003004,060750127001013,060750127003003,060750127003002,060750128003005,060750134002003,060750153001002,060750132003001,060750132003010,060750134002006,060750154001005,060750153002007,060750155003003,060750134002000,060750153001006,060750155003000,060750132002001,060750132002004,060750134001001,060750153001005,060750128001017,060750132003019,060750134002002,060750132002002,060750134001003,060750153001000,060750155002003,060750153001004,060750155003005,060750155003008,060750134002001,060750153001007,060750132003002,060750132003012,060750127001007,060750128004002,060750127001001,060750127001006,060750127003008,060750127002002,060750128004005,060750128003004,060750127001012,060750127003005,060750128003003,060750127003004,060750127002000,060750128001014,060750154002006,060750127002004,060750127003001,060750128001009,060750127001010,060750127001017,060750127001002,060750128002003,060750127001018,060750132003007,060750132003011,060750134002007,060750153002003,060750128001016,060750153001001,060750134001002,060750153001008,060750134002004,060750134002005,060750127001020,060750128004001,060750128001005,060750128001015,060750132003003,060750128003002,060750132003004,060750134003004,060750154001004,060750154002002,060750128004003
060750155002005,060750130003005,060750102003010,060750102002008,060750126022003,060750111002006,060750128001013,060750126021002,060750126021013,060750129023005,060750129021006,060750126011003,060750126022012,060750126022011,060750128001010,060750179021063,060750179021038,060750179021057,060750179021017,060750179021021,060750131021006,060750179021012,060750152001001,060750152001003,060750129023003,060750129023007,060750129023011,060750129021001,060750130001002,060750135002000,060750131022004,060750152002002,060750135002007,060750155001002,060750131011005,060750155002009,060750126022000,060750129012002,060750129021005,060750129022006,060750130002002,060750132002003,060750130004003,060750152003001,060750155002008,060750129022000,060750129022001,060750129022004,060750151002003,060750132002000,060750132002006,060750155002007,060750151001000,060750179021031,060750129023014,060750130002000,060750132001006,060750135001001,060750135001006,060750152002005,060750152002006,060750131021003,060750159002000,060750155001003,060750130004004,060750135002002,060750152003000,060750152003006,060750155002001,060750126022001,060750129012000,060750129022002,060750130003003,060750130002005,060750126022014,060750126022015,060750132001003,060750132001007,060750135002003,060750135002005,060750152003003,060750129022003,060750130002001,060750129011002,060750129011004,060750155001006,060750126022002,060750120001004,060750151001003,060750179021008,060750130001003,060750129023002,060750129023010,060750129021000,060750135001000,060750135002001,060750131011002,060750131021001,060750152002000,060750155001004,060750152001004,060750126021008,060750151001008,060750151002000,060750179021054,060750129011006,060750130001004,060750131022002,060750131022003,060750152001000,060750131011000,060750131021005,060750179021050,060750126021001,060750126021011,060750126011012,060750126022008,060750179021056,060750151001001,060750151001005,060750151002004,060750179021058,060750151001004,060750151001006,060750151002006,060750129021004,060750130001005,060750130003004,060750130002004,060750131021000,060750152002001,060750152003005,060750152001002,060750152001006,060750152001005,060750131012000,060750131012003,060750159001008,060750126021010,060750179021022,060750179021023,060750126011004,060750126011006,060750179021055,060750179021006,060750128001001,060750128001003,060750129022005,060750111001007,060750109003009,060750109003007,060750102003009,060750159001005,060750179021030,060750130003001,060750179021062,060750129023001,060750126021014,060750126021009,060750127001005,060750129011008,060750129011003,060750126021019,060750126021006,060750126021015,060750129023009,060750129023012,060750129023013,060750126022016,060750179021015,060750179021053,060750132001004,060750135001003,060750135001004,060750152003004,060750155002000,060750129012001,060750129021003,060750130004002,060750152003002,060750152002003,060750155002006,060750179021059,060750132001002,060750132001008,060750135001002,060750129012004,060750129011001,060750129011005,060750129021002,060750179021060,060750152002008,060750129012005,060750179021079,060750179021037,060750130001001,060750130003000,060750129011000,060750126022004,060750179021018,060750126021020,060750131021004,060750131022001,060750131022005,060750131011001,060750131021002,060750135002006,060750155001000,060750131012001,060750131012005,060750126022006,060750179021040,060750155001001,060750155001005,060750131011003,060750131012002,060750130001000,060750132001000,060750132001005,060750131022000,060750152002004,060750152002007,060750131011004,060750131012004,060750179021061,060750126021018,060750110003007,060750179021020,060750126021017,060750126011002,060750126011005,060750126011007,060750126011011,060750129023000,060750179021010,060750126011010,060750126021005,060750126022009,060750128001011,060750102002010,060750102003006,060750128001000,060750129023006,060750179021016,060750179021011,060750111003004,060750130004005,060750130003002,060750132001001,060750135001005,060750135002004,060750152003007,060750129012003,060750130002003,060750126011008,060750126022007,060750126011009,060750128001012,060750128001007,060750126022010,060750126021003,060750126021004,060750126011000,060750126021007,060750128001002,060750126022013,060750129023004,060750128001006,060750130004001,060750130004000,060750126021016,060750126011001,060750126021012,060750151002001,060750151002005,060750129011007,060750151001009,060750151002002,060750129023008,060750110003005,060750126022005,060750151001002,060750151001007
060750228022004,060750229031000,060750229032004,060750228012009,060750229032008,060750229032000,060750228022013,060750229032007,060750228022012,060750229032001,060750614001022,060750228022005,060750228022000,060750228032003,060750229021001,060750229021004,060750228022007,060750229031001,060750229033000,060750229032010,060750229032006,060750228012007,060750228022002,060750614001025,060750228022001,060750229033003,060750229033004,060750228022010,060750228012006,060750228012008,060750229032009,060750228033003,060750228032000,060750229031006,060750228033002,060750228033000,060750229031003,060750228022006,060750228022011,060750228032002,060750228033001,060750229022000,060750229033002,060750229031005,060750229022005,060750228032001,060750228022008,060750228022009,060750229021005,060750229031002,060750229022001,060750229022004,060750229021000,060750229031004,060750229032002,060750229033005,060750229032003,060750614001021,060750229032005,060750229033001
060750119022000,060750112001001,060750117001021,060750117002007,060750108003000,060750112002002,060750108003003,060750112002005,060750112003000,060750112001000,060750119022001,060750113002002,060750118001002,060750119021000,060750108003002,060750112001004,060750112002000,060750113001005,060750611002003,060750112001003,060750112003001,060750118001003,060750118001004,060750112002001,060750119022002,060750113002000,060750611002007,060750117001019,060750117002009,060750117001020,060750108003004,060750112001002,060750112003003,060750112003002,060750113002004,060750121002003,060750121002000,060750117002019,060750112003004,060750117001017,060750113002003,060750113001006,060750611002008,060750611002002,060750119021001,060750118001001,060750611002000,060750117001018,060750117002018,060750117002021,060750113001004,060750108003001,060750611002005,060750118001005,060750117001022,060750117002020,060750117002011,060750117002017,060750117002005,060750118001000,060750117002008,060750117001023,060750123022000,060750117002010,060750117002026,060750113002001,060750119021002,060750118001006,060750113002005,060750611002001,060750611002006,060750611002004,060750117002006,060750117002012
060750101001002,060750104003009,060750104003006,060750104001002,060750101001019,060750104001000,060750104003003,060750101001004,060750101001012,060750101001013,060750101001015,060750104002001,060750105001012,060750101001009,060750101002011,060750101001018,060750101002014,060750101002000,060750101002012,060750101002015,060750101002002,060750106003011,060750104001001,060750101001016,060750101001017,060750101002003,060750104002000,060750104002002,060750104002004,060750106003003,060750106003004,060750104001005,060750106003002,060750104003011,060750106001002,060750106003000,060750106001003,060750101001020,060750101002005,060750101001010,060750101002006,060750104001003,060750104001004,060750104002003,060750106003006,060750101001008,060750101001003,060750105001005,060750104003013,060750105001010,060750106003001,060750104002006,060750101002013,060750104003002,060750104003005,060750104003004,060750106001001,060750104002007,060750101001011,060750101001021,060750101002009,060750101002017,060750105001009,060750101002019,060750104003008,060750104003007,060750101001014,060750101002018,060750104003001,060750104003000,060750105001006,060750106001000,060750104003014,060750101002001,060750101002016,060750105001007,060750101001025,060750105001003,060750106003005,060750105001008,060750105001011,060750104003012,060750104002005,060750101001001,060750104003010,060750105001004,060750101002010,060750101002004
060750312011000,060750312012004,060750312012002,060750307002015,060750307003008,060750311003000,060750307002017,060750311003003,060750312011011,060750312022002,060750311003013,060750312022006,060750312022001,060750312011010,060750312022007,060750312011008,060750310002013,060750311004007,060750311002014,060750311003009,060750307003007,060750312022019,060750311003010,060750312011009,060750312022012,060750311003011,060750311003001,060750311004006,060750311004004,060750312022003,060750311002010,060750311002013,060750312011013,060750312022014,060750311005006,060750311004005,060750312012003,060750312012001,060750311005008,060750307002010,060750312021002,060750312022015,060750311005003,060750311002006,060750311002007,060750311003002,060750312021004,060750307002011,060750312012006,060750312012005,060750312022009,060750307002008,060750311004008,060750311004012,060750312011003,060750312021003,060750312012000,060750311004000,060750311003014,060750311002005,060750311003004,060750312022004,060750312022016,060750312022018,060750312022008,060750311003007,060750311005004,060750311004003,060750311004011,060750312011001,060750312011006,060750312021000,060750311004013,060750311005001,060750311002009,060750312022013,060750312022011,060750311002004,060750311002003,060750312022000,060750310002012,060750311005005,060750311005007,060750311004009,060750311005002,060750311005010,060750312022017,060750311003005,060750312022010,060750312021005,060750307002009,060750307002014,060750312011007,060750307003005,060750311004002,060750312021001,060750311005009,060750311002002,060750312022005,060750312011005,060750311004001,060750312011002,060750312011012,060750311003006,060750312011004,060750311003008
060750314002009,060750314003005,060750314002011,060750314002012,060750314005001,060750314004001,060750314002001,060750313021000,060750314005004,060750313023000,060750314003001,060750314003002,060750314003000,060750314001001,060750314001000,060750314002002,060750314003006,060750314002006,060750314002003,060750314002004,060750314001004,060750314001002,060750314005002,060750314004000,060750314004003,060750314004005,060750314005005,060750314005003,060750314004002,060750314001005,060750314003003,060750314002005,060750314002000,060750314001003,060750314002007,060750313021007,060750314005000,060750314004004,060750314003004,060750314002008,060750314002010
060750313023004,060750313023003,060750313022010,060750313012006,060750313022013,060750313023022,060750313023024,060750313023031,060750313022007,060750313023036,060750313023025,060750313023008,060750313023017,060750313013009,060750313013008,060750313012003,060750313012011,060750313022009,060750312014004,060750312014005,060750313012001,060750313013005,060750313013006,060750313023010,060750313022003,060750313022000,060750313021002,060750313023014,060750313023013,060750313023027,060750313012012,060750313021005,060750313012010,060750313012002,060750313021004,060750313021006,060750313012000,060750313013007,060750313023032,060750313023023,060750313012009,060750313023012,060750313023009,060750313023020,060750313023035,060750313021003,060750313022001,060750313023016,060750313023018,060750313023011,060750313023005,060750313023019,060750312014003,060750313022011,060750313023015,060750314003007,060750313012004,060750313022004,060750313022002,060750313023007,060750313021001,060750313023029,060750313023021,060750313023001,060750313012008,060750313023006,060750313023028,060750313012005,060750313022005,060750313023002,060750313023026,060750313022006,060750313022012,060750313023034
060750217002017,060750217003010,060750217002001,060750217003009,060750218004008,060750218004014,060750215003001,060750255002008,060750254011008,060750218002008,060750218002011,060750218004009,060750255001002,060750215003003,060750218001003,060750218001002,060750217002004,060750307002006,060750217003014,060750217003013,060750311001020,060750218004005,060750217003003,060750217002014,060750218004011,060750255001021,060750311001002,060750311001000,060750255001013,060750255002028,060750311001005,060750218002001,060750218002009,060750215003007,060750215004004,060750217003008,060750218002005,060750255001023,060750254031002,060750218001001,060750218002006,060750217002013,060750307002016,060750216001013,060750217002007,060750217002010,060750311001018,060750218001005,060750255001001,060750255001006,060750215003000,060750218002004,060750218004007,060750218003004,060750255002003,060750307002004,060750255001005,060750217002016,060750217002003,060750255006000,060750217003007,060750217003006,060750218004010,060750254031011,060750254013003,060750254011007,060750253003010,060750215003004,060750255003001,060750255001025,060750217002015,060750217003016,060750255002013,060750255002010,060750255002009,060750255002018,060750255001000,060750217002002,060750311001013,060750218002010,060750215004005,060750218002003,060750218004006,060750255001009,060750217003017,060750255002007,060750218003005,060750218003001,060750254031012,060750215003005,060750255001008,060750255001004,060750218002000,060750218002007,060750255002011,060750255002025,060750255002000,060750255002026,060750255001003,060750215003002,060750218001000,060750311002000,060750216001014,060750255002014,060750255001015,060750311001011,060750311001015,060750218004004,060750255003008,060750255002029,060750255006009,060750311001004,060750254031003,060750254031001,060750307002005,060750217002005,060750217002000,060750217003015,060750218004002,060750218004000,060750255001007,060750311005000,060750307002007,060750311005011,060750217002009,060750311002011,060750217003001,060750217002006,060750311001010,060750218004012,060750255002017,060750255002019,060750255002015,060750311001006,060750255002001,060750255001018,060750255001022,060750218004001,060750255002004,060750311001014,060750311002008,060750255002030,060750255001014,060750254031010,060750217003002,060750254031013,060750311001017,060750255006001,060750255002012,060750218004013,060750217003012,060750217003005,060750311001012,060750255002021,060750255002024,060750311001022,060750311002001,060750311001007,060750255002005,060750311001001,060750255002022,060750255001017,060750255001011,060750255001016,060750255002016,060750311001009,060750311001021,060750311002012,060750255002006,060750254013002,060750311001008,060750215003006,060750218001006,060750218001004,060750218002002,060750218003003,060750255002023,060750217003000,060750217003018,060750218001007,060750218003002,060750218004003,060750255001020,060750255001019,060750255002002,060750255001010,060750255001024,060750255003000,060750255002027,060750255001012,060750311001019,060750311001016,060750255002020,060750311001003,060750218003000,060750218003006
060750109003002,060750102002006,060750109002004,060750103001005,060750103001013,060750103003006,060750108001003,060750103002001,060750103003003,060750102001013,060750101001022,060750101002008,060750102002000,060750109001000,060750108001000,060750103003000,060750102001015,060750102002005,060750102002009,060750102001019,060750110001005,060750102003005,060750109001001,060750102001012,060750102001008,060750102003008,060750102002007,060750102002003,060750108002000,060750108002001,060750108002002,060750110001002,060750103001002,060750107001004,060750107002001,060750108002009,060750108002010,060750102001009,060750101001006,060750109001005,060750103001007,060750103001011,060750103003004,060750102003001,060750102002001,060750109003004,060750109001007,060750109001002,060750101001005,060750102001004,060750102003004,060750110001010,060750109003005,060750110001008,060750107001006,060750101001024,060750103001001,060750103001003,060750102001017,060750103001009,060750103002000,060750102001011,060750110001009,060750110001007,060750107002000,060750108001004,060750102001016,060750109002005,060750108001002,060750103002002,060750107001001,060750103003001,060750103002005,060750109001004,060750101001007,060750110001006,060750103003007,060750103002004,060750109002001,060750102001003,060750108002007,060750108002006,060750108001001,060750108002003,060750107001000,060750107001005,060750110001004,060750110001011,060750110001003,060750107001003,060750107002002,060750101001026,060750103001000,060750101001027,060750101002007,060750103001004,060750103001006,060750109001003,060750103003005,060750103001012,060750103001008,060750103001010,060750108001005,060750108002008,060750107001002,060750108002005,060750102003002,060750102003003,060750102001006,060750102001010,060750109003000,060750107001007,060750102001014,060750102001018,060750109003008,060750102003000,060750102003007,060750109003003,060750109003006,060750102002002,060750109002002,060750109001006,060750109002003,060750103002003,060750102001005,060750109003001,060750110001001,060750108002004,060750101001023,060750102001007,060750102002004,060750102001001,060750110001000,060750102001020,060750109002000,060750103003002
060750107003008,060750107002003,060750107004001,060750107003000,060750107003009,060750113001001,060750611003002,060750113001000,060750107003001,060750107004002,060750107003004,060750107003006,060750113001003,060750107003002,060750611003001,060750107003003,060750611003000,060750113001002,060750107003007,060750107003005,060750107004000
060750110002003,060750111001006,060750111001005,060750111002001,060750111001004,060750110003000,060750110002006,060750111002000,060750110003001,060750112001005,060750112002004,060750111001003,060750111001001,060750108002011,060750111001000,060750110003003,060750110003004,060750108003005,060750112002003,060750110002001,060750110002005,060750110002000,060750112003005,060750110003002,060750110002002,060750110003006,060750111001002,060750110002004
060750313023030,060750331003008,060750332043001,060750332041012,060750332041014,060750331004025,060750332031014,060750332041003,060750331002006,060750313023033,060750332041006,060750332041007,060750331001011,060750332011016,060750332011008,060750332011011,060750332011017,060750604001038,060750332011004,060750331004019,060750332011002,060750332043011,060750332043003,060750331004001,060750332043004,060750332011009,060750331002003,060750604001027,060750309007017,060750332011003,060750332041005,060750331002007,060750331004004,060750313022008,060750332031006,060750332032007,060750332011005,060750332031009,060750604001026,060750332031002,060750332011001,060750332041013,060750331004024,060750331004005,060750331002010,060750332032005,060750604001031,060750331001009,060750604001035,060750332011000,060750331004013,060750331004008,060750332043000,060750332043008,060750604001034,060750332043009,060750331001006,060750331004017,060750331004018,060750331004009,060750331002008,060750332032013,060750332032010,060750331002013,060750331001012,060750332043007,060750331004031,060750332011014,060750332032014,060750332041002,060750332031013,060750604001024,060750332031007,060750604001030,060750332011006,060750331001008,060750331001010,060750309006009,060750331001005,060750331002014,060750331001013,060750331001002,060750331004012,060750332031001,060750332031015,060750332032002,060750332032004,060750332041011,060750332031005,060750332032008,060750331002004,060750331002002,060750332032003,060750332032011,060750332041004,060750331001003,060750331004020,060750332043005,060750332011013,060750331004023,060750331004021,060750331004011,060750331004003,060750332042000,060750332041000,060750332032001,060750332041010,060750332031000,060750331004027,060750331004006,060750331004014,060750332031003,060750332032006,060750332031008,060750604001025,060750604001022,060750331003011,060750331002005,060750331002001,060750332041015,060750332031011,060750332041008,060750332041009,060750332041001,060750332041016,060750331004022,060750604001023,060750332011007,060750331002012,060750331004026,060750332031016,060750332043012,060750331003000,060750331002011,060750332032012,060750332032000,060750331001001,060750331004016,060750331004010,060750331002009,060750332031010,060750332043010,060750331004033,060750332043006,060750332011015,060750332031012,060750332043002,060750332032009,060750331004034,060750332031004,060750331004030,060750604001028,060750332042001,060750332011010
